[{"uri": "spotify:track:2t8KVbAZLVybye9wZJusTp", "name": "Shadow Dancing", "artist": "Andy Gibb", "popularity": 0, "danceability": 0.746, "energy": 0.593, "key": 7, "loudness": -9.636, "mode": 0, "speechiness": 0.031, "acousticness": 0.139, "instrumentalness": 0, "liveness": 0.0939, "valence": 0.958, "tempo": 101.905, "duration_ms": 273000, "time_signature": 4}, {"uri": "spotify:track:0ZFJpY6hELA21Y5d5YmdlR", "name": "Night Fever - 2009 Remastered Version", "artist": "Bee Gees", "popularity": 0, "danceability": 0.728, "energy": 0.791, "key": 1, "loudness": -7.324, "mode": 0, "speechiness": 0.0248, "acousticness": 0.0261, "instrumentalness": 0.000939, "liveness": 0.0811, "valence": 0.896, "tempo": 109.123, "duration_ms": 212267, "time_signature": 4}, {"uri": "spotify:track:7yjAL13BeIaT9BKJZBy8b1", "name": "You Light Up My Life", "artist": "Debby Boone", "popularity": 0, "danceability": 0.322, "energy": 0.282, "key": 2, "loudness": -12.516, "mode": 1, "speechiness": 0.0301, "acousticness": 0.855, "instrumentalness": 1.04e-05, "liveness": 0.163, "valence": 0.0785, "tempo": 77.47, "duration_ms": 218933, "time_signature": 3}, {"uri": "spotify:track:3LmpQiFNgFCnvAnhhvKUyI", "name": "Stayin' Alive - Remastered Version", "artist": "Bee Gees", "popularity": 0, "danceability": 0.675, "energy": 0.899, "key": 10, "loudness": -6.124, "mode": 0, "speechiness": 0.0418, "acousticness": 0.0696, "instrumentalness": 0.000139, "liveness": 0.33, "valence": 0.91, "tempo": 103.683, "duration_ms": 285200, "time_signature": 4}, {"uri": "spotify:track:22tE4KeWpg4R7REusR84eO", "name": "Kiss You All Over", "artist": "Exile", "popularity": 0, "danceability": 0.666, "energy": 0.298, "key": 0, "loudness": -16.948, "mode": 1, "speechiness": 0.0316, "acousticness": 0.0779, "instrumentalness": 0.000359, "liveness": 0.0847, "valence": 0.554, "tempo": 102.548, "duration_ms": 297333, "time_signature": 4}, {"uri": "spotify:track:1gIKd24bixkgYzuxse32oR", "name": "How Deep Is Your Love (2007 Remastered Saturday Night Fever LP Version)", "artist": "Bee Gees", "popularity": 0, "danceability": 0.63, "energy": 0.357, "key": 5, "loudness": -9.392, "mode": 0, "speechiness": 0.026, "acousticness": 0.0999, "instrumentalness": 0, "liveness": 0.128, "valence": 0.683, "tempo": 104.965, "duration_ms": 245200, "time_signature": 4}, {"uri": "spotify:track:2bwYGPDCC31QTdFca1mQRh", "name": "Baby Come Back", "artist": "Player", "popularity": 52, "danceability": 0.684, "energy": 0.563, "key": 8, "loudness": -9.244, "mode": 1, "speechiness": 0.115, "acousticness": 0.151, "instrumentalness": 0.000626, "liveness": 0.121, "valence": 0.564, "tempo": 155.145, "duration_ms": 253733, "time_signature": 4}, {"uri": "spotify:track:7h7NbGtEGRg1auT9ye7mXg", "name": "[Love Is] Thicker Than Water", "artist": "Andy Gibb", "popularity": 0, "danceability": 0.583, "energy": 0.536, "key": 6, "loudness": -7.384, "mode": 0, "speechiness": 0.0263, "acousticness": 0.333, "instrumentalness": 0.00439, "liveness": 0.0689, "valence": 0.583, "tempo": 96.646, "duration_ms": 258027, "time_signature": 4}, {"uri": "spotify:track:07NrCEN3egNvw8td2LxqJO", "name": "Boogie Oogie Oogie - Remastered 2004", "artist": "A Taste Of Honey", "popularity": 56, "danceability": 0.791, "energy": 0.569, "key": 2, "loudness": -10.372, "mode": 0, "speechiness": 0.0553, "acousticness": 0.133, "instrumentalness": 0.00035, "liveness": 0.139, "valence": 0.889, "tempo": 123.977, "duration_ms": 338320, "time_signature": 4}, {"uri": "spotify:track:6QdEjUUKxXf6jWGEQUaq8i", "name": "Three Times A Lady", "artist": "Commodores", "popularity": 12, "danceability": 0.47, "energy": 0.188, "key": 8, "loudness": -14.84, "mode": 1, "speechiness": 0.0259, "acousticness": 0.851, "instrumentalness": 0.00136, "liveness": 0.169, "valence": 0.0936, "tempo": 75.163, "duration_ms": 399627, "time_signature": 3}, {"uri": "spotify:track:74t6ZmO6Vzq553l2zRgdhs", "name": "Grease", "artist": "Frankie Valli", "popularity": 0, "danceability": 0.821, "energy": 0.365, "key": 9, "loudness": -12.118, "mode": 1, "speechiness": 0.0676, "acousticness": 0.249, "instrumentalness": 0, "liveness": 0.0883, "valence": 0.85, "tempo": 109.638, "duration_ms": 205733, "time_signature": 4}, {"uri": "spotify:track:5qZNMsjtZwB02g4oQnHXWf", "name": "I Go Crazy", "artist": "Paul Davis", "popularity": 30, "danceability": 0.516, "energy": 0.376, "key": 4, "loudness": -13.25, "mode": 0, "speechiness": 0.031, "acousticness": 0.135, "instrumentalness": 5.38e-05, "liveness": 0.166, "valence": 0.278, "tempo": 141.166, "duration_ms": 232733, "time_signature": 4}, {"uri": "spotify:track:5k611PjxiTgNqt4FVr033f", "name": "You're The One That I Want", "artist": "John Travolta", "popularity": 0, "danceability": 0.746, "energy": 0.624, "key": 0, "loudness": -11.385, "mode": 1, "speechiness": 0.0617, "acousticness": 0.189, "instrumentalness": 3.58e-05, "liveness": 0.156, "valence": 0.892, "tempo": 106.573, "duration_ms": 168893, "time_signature": 4}, {"uri": "spotify:track:4VysuZmoPFPQuym9vYK3vM", "name": "Emotion", "artist": "Samantha Sang", "popularity": 0, "danceability": 0.522, "energy": 0.335, "key": 0, "loudness": -10.315, "mode": 1, "speechiness": 0.0459, "acousticness": 0.766, "instrumentalness": 1.11e-05, "liveness": 0.113, "valence": 0.681, "tempo": 184.218, "duration_ms": 239347, "time_signature": 4}, {"uri": "spotify:track:7gATKlmWuNh3ThrDUiuWec", "name": "Lay Down Sally", "artist": "Eric Clapton", "popularity": 0, "danceability": 0.681, "energy": 0.373, "key": 9, "loudness": -21.038, "mode": 1, "speechiness": 0.0835, "acousticness": 0.625, "instrumentalness": 0.0276, "liveness": 0.108, "valence": 0.579, "tempo": 191.233, "duration_ms": 236173, "time_signature": 4}, {"uri": "spotify:track:19guNngQSHXAqoZ1iLFKZ0", "name": "Miss You", "artist": "The Rolling Stones", "popularity": 0, "danceability": 0.839, "energy": 0.602, "key": 9, "loudness": -7.599, "mode": 0, "speechiness": 0.0318, "acousticness": 0.0599, "instrumentalness": 0.00833, "liveness": 0.0498, "valence": 0.957, "tempo": 109.419, "duration_ms": 215747, "time_signature": 4}, {"uri": "spotify:track:06RdYCp0UxsBtWsonHfSZz", "name": "Just the Way You Are", "artist": "Billy Joel", "popularity": 55, "danceability": 0.589, "energy": 0.453, "key": 7, "loudness": -8.912, "mode": 1, "speechiness": 0.0397, "acousticness": 0.703, "instrumentalness": 2.54e-05, "liveness": 0.134, "valence": 0.513, "tempo": 139.148, "duration_ms": 290573, "time_signature": 4}, {"uri": "spotify:track:73JqQIGZUZxCVfY54RSpCH", "name": "With A Little Luck - Remastered 1993", "artist": "Wings", "popularity": 10, "danceability": 0.652, "energy": 0.372, "key": 6, "loudness": -15.445, "mode": 0, "speechiness": 0.0321, "acousticness": 0.069, "instrumentalness": 0.000197, "liveness": 0.0923, "valence": 0.283, "tempo": 111.984, "duration_ms": 344773, "time_signature": 4}, {"uri": "spotify:track:0QjPiq9Wka9I1b4uzWETYI", "name": "If I Can't Have You", "artist": "Yvonne Elliman", "popularity": 57, "danceability": 0.616, "energy": 0.681, "key": 11, "loudness": -10.773, "mode": 1, "speechiness": 0.0416, "acousticness": 0.102, "instrumentalness": 1.47e-06, "liveness": 0.296, "valence": 0.811, "tempo": 109.454, "duration_ms": 180160, "time_signature": 4}, {"uri": "spotify:track:1SwyDb5qUcLjukFqSCRqxy", "name": "Dance, Dance, Dance (Yowsah, Yowsah, Yowsah)", "artist": "CHIC", "popularity": 47, "danceability": 0.85, "energy": 0.665, "key": 10, "loudness": -9.404, "mode": 0, "speechiness": 0.0887, "acousticness": 0.00961, "instrumentalness": 0.483, "liveness": 0.0885, "valence": 0.718, "tempo": 123.166, "duration_ms": 501467, "time_signature": 4}, {"uri": "spotify:track:5wivDKfpKvohlwWjxAuAOn", "name": "Feels So Good", "artist": "Chuck Mangione", "popularity": 0, "danceability": 0.584, "energy": 0.586, "key": 5, "loudness": -9.522, "mode": 1, "speechiness": 0.0328, "acousticness": 0.511, "instrumentalness": 0.0684, "liveness": 0.0388, "valence": 0.54, "tempo": 103.819, "duration_ms": 582733, "time_signature": 4}, {"uri": "spotify:track:69eihm0ByPDKtOnZ2B9mA7", "name": "Hot Child In The City - (Pre-Order Exclusive)", "artist": "Nick Gilder", "popularity": 50, "danceability": 0.799, "energy": 0.71, "key": 4, "loudness": -5.099, "mode": 1, "speechiness": 0.0397, "acousticness": 0.0367, "instrumentalness": 0.000372, "liveness": 0.12, "valence": 0.767, "tempo": 110.732, "duration_ms": 214960, "time_signature": 4}, {"uri": "spotify:track:58gcsPyG1xsD4uNtDiMC4c", "name": "Love Is Like Oxygen", "artist": "Sweet", "popularity": 46, "danceability": 0.567, "energy": 0.455, "key": 9, "loudness": -9.896, "mode": 0, "speechiness": 0.0479, "acousticness": 0.242, "instrumentalness": 2.79e-06, "liveness": 0.118, "valence": 0.58, "tempo": 123.416, "duration_ms": 227533, "time_signature": 4}, {"uri": "spotify:track:1noADETgR8OFyvszD3sI0n", "name": "It's A Heartache", "artist": "Bonnie Tyler", "popularity": 0, "danceability": 0.503, "energy": 0.649, "key": 0, "loudness": -6.787, "mode": 1, "speechiness": 0.0324, "acousticness": 0.0723, "instrumentalness": 0, "liveness": 0.274, "valence": 0.551, "tempo": 118.805, "duration_ms": 208613, "time_signature": 4}, {"uri": "spotify:track:0z4ZkIPi5VXJksMtd18seX", "name": "We Will Rock You", "artist": "Queen", "popularity": 4, "danceability": 0.681, "energy": 0.414, "key": 11, "loudness": -8.77, "mode": 0, "speechiness": 0.0835, "acousticness": 0.507, "instrumentalness": 0, "liveness": 0.173, "valence": 0.557, "tempo": 81.479, "duration_ms": 122107, "time_signature": 4}, {"uri": "spotify:track:0z0gqCUMdkydEttZmKze1h", "name": "We Are The Champions", "artist": "Queen", "popularity": 0, "danceability": 0.257, "energy": 0.455, "key": 7, "loudness": -9.259, "mode": 0, "speechiness": 0.0385, "acousticness": 0.23, "instrumentalness": 0, "liveness": 0.104, "valence": 0.198, "tempo": 58.54, "duration_ms": 180627, "time_signature": 4}, {"uri": "spotify:track:5gOd6zDC8vhlYjqbQdJVWP", "name": "Baker Street", "artist": "Gerry Rafferty", "popularity": 71, "danceability": 0.497, "energy": 0.349, "key": 7, "loudness": -14.0, "mode": 1, "speechiness": 0.0297, "acousticness": 0.0929, "instrumentalness": 0.028, "liveness": 0.259, "valence": 0.421, "tempo": 113.762, "duration_ms": 365627, "time_signature": 4}, {"uri": "spotify:track:39E9wHDDmHgKJt8yWWgRjT", "name": "Can't Smile Without You", "artist": "Barry Manilow", "popularity": 39, "danceability": 0.394, "energy": 0.615, "key": 7, "loudness": -7.59, "mode": 1, "speechiness": 0.0331, "acousticness": 0.551, "instrumentalness": 1.65e-06, "liveness": 0.168, "valence": 0.49, "tempo": 97.464, "duration_ms": 192520, "time_signature": 4}, {"uri": "spotify:track:7c8tlriQMBusKSsXMg8fHm", "name": "Too Much, Too Little, Too Late (with Deniece Williams)", "artist": "Johnny Mathis", "popularity": 36, "danceability": 0.497, "energy": 0.524, "key": 5, "loudness": -10.66, "mode": 0, "speechiness": 0.063, "acousticness": 0.51, "instrumentalness": 4.76e-05, "liveness": 0.0487, "valence": 0.711, "tempo": 77.918, "duration_ms": 180347, "time_signature": 4}, {"uri": "spotify:track:2mKJOxhHIcQjr14YpmW2aj", "name": "Dance with Me", "artist": "Betty Wright & Peter Brown", "popularity": 13, "danceability": 0.943, "energy": 0.684, "key": 6, "loudness": -6.924, "mode": 1, "speechiness": 0.126, "acousticness": 0.156, "instrumentalness": 0.00359, "liveness": 0.081, "valence": 0.846, "tempo": 111.945, "duration_ms": 223440, "time_signature": 4}, {"uri": "spotify:track:0K0I8IUxoUQAdHFwCgjMEc", "name": "Two Out Of Three Ain't Bad", "artist": "Meat Loaf", "popularity": 0, "danceability": 0.59, "energy": 0.521, "key": 9, "loudness": -7.01, "mode": 1, "speechiness": 0.0239, "acousticness": 0.215, "instrumentalness": 0, "liveness": 0.0936, "valence": 0.457, "tempo": 79.939, "duration_ms": 323933, "time_signature": 4}, {"uri": "spotify:track:5KDT5BDSmomPMe2AXuGInR", "name": "Jack and Jill", "artist": "Raydio", "popularity": 44, "danceability": 0.693, "energy": 0.659, "key": 4, "loudness": -4.722, "mode": 1, "speechiness": 0.0299, "acousticness": 0.395, "instrumentalness": 0.00485, "liveness": 0.133, "valence": 0.541, "tempo": 106.247, "duration_ms": 275667, "time_signature": 4}, {"uri": "spotify:track:4qzlufbzRNF9oHcN9nDxED", "name": "Take A Chance On Me", "artist": "ABBA", "popularity": 0, "danceability": 0.69, "energy": 0.606, "key": 11, "loudness": -12.016, "mode": 1, "speechiness": 0.0267, "acousticness": 0.113, "instrumentalness": 5.24e-05, "liveness": 0.165, "valence": 0.924, "tempo": 106.713, "duration_ms": 245600, "time_signature": 4}, {"uri": "spotify:track:0qUNXZL3rzJ8cXM2DCmQcU", "name": "Sometimes When We Touch", "artist": "Dan Hill", "popularity": 0, "danceability": 0.59, "energy": 0.344, "key": 2, "loudness": -11.015, "mode": 1, "speechiness": 0.0371, "acousticness": 0.702, "instrumentalness": 1.16e-06, "liveness": 0.0843, "valence": 0.29, "tempo": 119.409, "duration_ms": 252693, "time_signature": 4}, {"uri": "spotify:track:0xBUip8pf80321XF6jDYqx", "name": "Last Dance - Single Version", "artist": "Donna Summer", "popularity": 0, "danceability": 0.53, "energy": 0.829, "key": 3, "loudness": -6.741, "mode": 1, "speechiness": 0.0558, "acousticness": 0.273, "instrumentalness": 0.000255, "liveness": 0.354, "valence": 0.285, "tempo": 125.746, "duration_ms": 198680, "time_signature": 4}, {"uri": "spotify:track:4ffryesggmTUgxvsD90msA", "name": "Hopelessly Devoted To You", "artist": "Olivia Newton-John", "popularity": 0, "danceability": 0.602, "energy": 0.334, "key": 9, "loudness": -12.449, "mode": 1, "speechiness": 0.0289, "acousticness": 0.192, "instrumentalness": 0.00136, "liveness": 0.224, "valence": 0.424, "tempo": 110.276, "duration_ms": 187467, "time_signature": 3}, {"uri": "spotify:track:6xMHglHoafdDFGXS6qfwSH", "name": "Hot Blooded", "artist": "Foreigner", "popularity": 64, "danceability": 0.705, "energy": 0.806, "key": 0, "loudness": -4.83, "mode": 1, "speechiness": 0.0814, "acousticness": 0.229, "instrumentalness": 0, "liveness": 0.0676, "valence": 0.763, "tempo": 117.945, "duration_ms": 268693, "time_signature": 4}, {"uri": "spotify:track:1lsAJKTZGQrKBhNVMZhZtq", "name": "You're in My Heart (The Final Acclaim)", "artist": "Rod Stewart", "popularity": 37, "danceability": 0.553, "energy": 0.328, "key": 9, "loudness": -10.797, "mode": 1, "speechiness": 0.0341, "acousticness": 0.643, "instrumentalness": 0, "liveness": 0.109, "valence": 0.345, "tempo": 103.472, "duration_ms": 270960, "time_signature": 4}, {"uri": "spotify:track:44jdxE3S8EX1lOAxV9vQbZ", "name": "The Closer I Get to You", "artist": "Roberta Flack", "popularity": 46, "danceability": 0.489, "energy": 0.321, "key": 9, "loudness": -13.283, "mode": 1, "speechiness": 0.0301, "acousticness": 0.712, "instrumentalness": 2.17e-06, "liveness": 0.0372, "valence": 0.224, "tempo": 121.539, "duration_ms": 280800, "time_signature": 4}, {"uri": "spotify:track:4E0lSJ6c5unoku9UIZoJSl", "name": "Dust in the Wind", "artist": "Kansas", "popularity": 59, "danceability": 0.498, "energy": 0.251, "key": 9, "loudness": -13.734, "mode": 0, "speechiness": 0.0299, "acousticness": 0.212, "instrumentalness": 1.59e-05, "liveness": 0.107, "valence": 0.419, "tempo": 93.546, "duration_ms": 205600, "time_signature": 4}, {"uri": "spotify:track:2u02gyZqCqOvemiSk8DNyk", "name": "Magnet and Steel", "artist": "Walter Egan", "popularity": 40, "danceability": 0.71, "energy": 0.419, "key": 1, "loudness": -9.545, "mode": 0, "speechiness": 0.0328, "acousticness": 0.439, "instrumentalness": 6.58e-06, "liveness": 0.0633, "valence": 0.711, "tempo": 112.866, "duration_ms": 203960, "time_signature": 3}, {"uri": "spotify:track:6emIUUgOV0lPgUYbJ1RZ7I", "name": "Short People", "artist": "Randy Newman", "popularity": 21, "danceability": 0.68, "energy": 0.617, "key": 2, "loudness": -5.849, "mode": 1, "speechiness": 0.0378, "acousticness": 0.731, "instrumentalness": 0.0674, "liveness": 0.12, "valence": 0.54, "tempo": 121.356, "duration_ms": 176933, "time_signature": 4}, {"uri": "spotify:track:7EjdrZbFpBP2lIKT5zL7gT", "name": "Use ta Be My Girl", "artist": "The O'Jays", "popularity": 0, "danceability": 0.641, "energy": 0.615, "key": 1, "loudness": -7.411, "mode": 1, "speechiness": 0.0539, "acousticness": 0.479, "instrumentalness": 0, "liveness": 0.195, "valence": 0.892, "tempo": 111.485, "duration_ms": 198707, "time_signature": 4}, {"uri": "spotify:track:6KyGeBEPvXbZ8tPRSkRdOY", "name": "Our Love", "artist": "Natalie Cole", "popularity": 14, "danceability": 0.59, "energy": 0.431, "key": 10, "loudness": -10.78, "mode": 1, "speechiness": 0.0384, "acousticness": 0.475, "instrumentalness": 6.98e-06, "liveness": 0.0656, "valence": 0.383, "tempo": 77.261, "duration_ms": 322933, "time_signature": 4}, {"uri": "spotify:track:4W6NUHZbRYc8etCGKGNLz3", "name": "Love Will Find A Way", "artist": "Pablo Cruise", "popularity": 19, "danceability": 0.788, "energy": 0.663, "key": 7, "loudness": -8.569, "mode": 1, "speechiness": 0.042, "acousticness": 0.0278, "instrumentalness": 1.24e-05, "liveness": 0.124, "valence": 0.811, "tempo": 125.069, "duration_ms": 251133, "time_signature": 4}, {"uri": "spotify:track:0vWyvJEU20cIlFzUTlGZZc", "name": "An Everlasting Love", "artist": "Andy Gibb", "popularity": 0, "danceability": 0.668, "energy": 0.681, "key": 9, "loudness": -6.546, "mode": 1, "speechiness": 0.0366, "acousticness": 0.306, "instrumentalness": 0, "liveness": 0.177, "valence": 0.918, "tempo": 125.45, "duration_ms": 247067, "time_signature": 4}, {"uri": "spotify:track:3c6vdiLeV9DUbTMWk5H3se", "name": "Goodbye Girl", "artist": "David Gates", "popularity": 61, "danceability": 0.467, "energy": 0.255, "key": 8, "loudness": -15.963, "mode": 0, "speechiness": 0.0372, "acousticness": 0.605, "instrumentalness": 0.00031, "liveness": 0.273, "valence": 0.243, "tempo": 120.174, "duration_ms": 168867, "time_signature": 4}, {"uri": "spotify:track:0zb2kpEQMnqJPiLACKMiFM", "name": "Slip Slidin' Away", "artist": "Paul Simon", "popularity": 58, "danceability": 0.641, "energy": 0.409, "key": 8, "loudness": -12.452, "mode": 1, "speechiness": 0.0348, "acousticness": 0.743, "instrumentalness": 2.58e-06, "liveness": 0.118, "valence": 0.315, "tempo": 121.165, "duration_ms": 285053, "time_signature": 4}, {"uri": "spotify:track:0QX4u1gl2VZ6HKShy7BWEn", "name": "The Groove Line", "artist": "Heatwave", "popularity": 0, "danceability": 0.712, "energy": 0.757, "key": 2, "loudness": -10.045, "mode": 1, "speechiness": 0.0352, "acousticness": 0.0543, "instrumentalness": 0.000405, "liveness": 0.201, "valence": 0.729, "tempo": 120.165, "duration_ms": 262507, "time_signature": 4}, {"uri": "spotify:track:3FkQN4NyCFlfn7fWzBkWCj", "name": "Thunder Island", "artist": "Jay Ferguson", "popularity": 56, "danceability": 0.497, "energy": 0.718, "key": 0, "loudness": -7.744, "mode": 1, "speechiness": 0.0275, "acousticness": 0.00113, "instrumentalness": 0.0606, "liveness": 0.544, "valence": 0.792, "tempo": 127.79, "duration_ms": 240693, "time_signature": 4}, {"uri": "spotify:track:1aS6ab6EJRJXctFnt55Jkb", "name": "Imaginary Lover - Rerecorded", "artist": "Atlanta Rhythm Section", "popularity": 20, "danceability": 0.577, "energy": 0.479, "key": 9, "loudness": -13.871, "mode": 0, "speechiness": 0.0259, "acousticness": 0.00357, "instrumentalness": 0.0505, "liveness": 0.117, "valence": 0.233, "tempo": 108.157, "duration_ms": 332324, "time_signature": 4}]