[{"uri": "spotify:track:4VZDv8sASBS8UruUBGTFdk", "name": "Hold On", "artist": "Wilson Phillips", "popularity": 72, "danceability": 0.679, "energy": 0.657, "key": 5, "loudness": -9.897, "mode": 1, "speechiness": 0.0255, "acousticness": 0.4, "instrumentalness": 0, "liveness": 0.0497, "valence": 0.546, "tempo": 97.8, "duration_ms": 266867, "time_signature": 4}, {"uri": "spotify:track:2julHzta3pq6E1ugxyvsbj", "name": "It Must Have Been Love", "artist": "Roxette", "popularity": 0, "danceability": 0.591, "energy": 0.7, "key": 5, "loudness": -5.606, "mode": 1, "speechiness": 0.0261, "acousticness": 0.177, "instrumentalness": 0.00027, "liveness": 0.149, "valence": 0.682, "tempo": 80.673, "duration_ms": 259867, "time_signature": 4}, {"uri": "spotify:track:4j6Hkosuk9xHcowXjtwefs", "name": "Nothing Compares 2 U", "artist": "Sin\u00e9ad O'Connor", "popularity": 0, "danceability": 0.511, "energy": 0.574, "key": 5, "loudness": -7.016, "mode": 1, "speechiness": 0.0273, "acousticness": 0.0425, "instrumentalness": 2.33e-05, "liveness": 0.105, "valence": 0.161, "tempo": 119.917, "duration_ms": 280040, "time_signature": 4}, {"uri": "spotify:track:0RnDu3eYJqbFKz6MHv2ajd", "name": "Poison", "artist": "Bell Biv DeVoe", "popularity": 48, "danceability": 0.841, "energy": 0.701, "key": 6, "loudness": -6.365, "mode": 0, "speechiness": 0.192, "acousticness": 0.00215, "instrumentalness": 0.00268, "liveness": 0.627, "valence": 0.802, "tempo": 111.857, "duration_ms": 262027, "time_signature": 4}, {"uri": "spotify:track:27QvYgBk0CHOVHthWnkuWt", "name": "Vogue", "artist": "Madonna", "popularity": 68, "danceability": 0.737, "energy": 0.88, "key": 6, "loudness": -6.449, "mode": 1, "speechiness": 0.0433, "acousticness": 0.00379, "instrumentalness": 0.00351, "liveness": 0.417, "valence": 0.329, "tempo": 115.998, "duration_ms": 316813, "time_signature": 4}, {"uri": "spotify:track:0gLQ6jhJsyYfl7PrD1RZ7X", "name": "Vision of Love", "artist": "Mariah Carey", "popularity": 60, "danceability": 0.256, "energy": 0.464, "key": 5, "loudness": -10.959, "mode": 1, "speechiness": 0.0382, "acousticness": 0.433, "instrumentalness": 0, "liveness": 0.121, "valence": 0.355, "tempo": 205.362, "duration_ms": 209293, "time_signature": 3}, {"uri": "spotify:track:3wNXqTMimmuTEj1iEPftC7", "name": "Another Day In Paradise", "artist": "Phil Collins", "popularity": 0, "danceability": 0.792, "energy": 0.411, "key": 5, "loudness": -12.384, "mode": 0, "speechiness": 0.033, "acousticness": 0.786, "instrumentalness": 0.00212, "liveness": 0.0499, "valence": 0.41, "tempo": 101.976, "duration_ms": 322173, "time_signature": 4}, {"uri": "spotify:track:6BjqF9DTiAubeE34grUKVq", "name": "Hold On", "artist": "En Vogue", "popularity": 39, "danceability": 0.727, "energy": 0.528, "key": 1, "loudness": -8.771, "mode": 1, "speechiness": 0.0585, "acousticness": 0.077, "instrumentalness": 0, "liveness": 0.344, "valence": 0.383, "tempo": 96.934, "duration_ms": 304373, "time_signature": 4}, {"uri": "spotify:track:1gmSaCrVZBjK8Na7dsThXv", "name": "Cradle Of Love - Remastered", "artist": "Billy Idol", "popularity": 39, "danceability": 0.602, "energy": 0.907, "key": 5, "loudness": -5.628, "mode": 0, "speechiness": 0.0529, "acousticness": 0.00356, "instrumentalness": 1.06e-06, "liveness": 0.0727, "valence": 0.512, "tempo": 144.034, "duration_ms": 279720, "time_signature": 4}, {"uri": "spotify:track:0vnfZAVW1Suiet6wtUMdg9", "name": "Blaze Of Glory - From \"Young Guns II\" Soundtrack", "artist": "Jon Bon Jovi", "popularity": 0, "danceability": 0.412, "energy": 0.747, "key": 7, "loudness": -4.881, "mode": 1, "speechiness": 0.041, "acousticness": 0.0263, "instrumentalness": 7.95e-06, "liveness": 0.142, "valence": 0.392, "tempo": 157.075, "duration_ms": 340067, "time_signature": 4}, {"uri": "spotify:track:3RB1O5rR8artbci5fuNK1C", "name": "Do Me!", "artist": "Bell Biv DeVoe", "popularity": 27, "danceability": 0.722, "energy": 0.867, "key": 1, "loudness": -3.323, "mode": 1, "speechiness": 0.0402, "acousticness": 0.135, "instrumentalness": 0, "liveness": 0.13, "valence": 0.651, "tempo": 107.81, "duration_ms": 273667, "time_signature": 4}, {"uri": "spotify:track:19us48grixRwQkw1oRCFbp", "name": "How Am I Supposed to Live Without You", "artist": "Michael Bolton", "popularity": 54, "danceability": 0.539, "energy": 0.592, "key": 10, "loudness": -7.198, "mode": 1, "speechiness": 0.0269, "acousticness": 0.146, "instrumentalness": 0, "liveness": 0.15, "valence": 0.177, "tempo": 140.538, "duration_ms": 253987, "time_signature": 4}, {"uri": "spotify:track:7rL33IgIVe3Wd2eHHFnFQ7", "name": "Pump Up the Jam", "artist": "Technotronic", "popularity": 0, "danceability": 0.886, "energy": 0.78, "key": 10, "loudness": -10.78, "mode": 0, "speechiness": 0.102, "acousticness": 0.0145, "instrumentalness": 2.96e-06, "liveness": 0.0453, "valence": 0.6, "tempo": 124.778, "duration_ms": 217143, "time_signature": 4}, {"uri": "spotify:track:7z38bideBRvGAgjXe2SECm", "name": "Opposites Attract", "artist": "Paula Abdul", "popularity": 57, "danceability": 0.783, "energy": 0.842, "key": 1, "loudness": -8.838, "mode": 1, "speechiness": 0.054, "acousticness": 0.0337, "instrumentalness": 2.57e-06, "liveness": 0.0519, "valence": 0.933, "tempo": 117.79, "duration_ms": 265373, "time_signature": 4}, {"uri": "spotify:track:5HAv1Ckfe50DUjv8ghwTrz", "name": "Escapade", "artist": "Janet Jackson", "popularity": 56, "danceability": 0.806, "energy": 0.954, "key": 1, "loudness": -6.741, "mode": 1, "speechiness": 0.0514, "acousticness": 0.0259, "instrumentalness": 0.000617, "liveness": 0.176, "valence": 0.701, "tempo": 115.229, "duration_ms": 283934, "time_signature": 4}, {"uri": "spotify:track:5YjKdeES9QRJ8NmF4Xc8pV", "name": "All I Wanna Do Is Make Love To You", "artist": "Heart", "popularity": 69, "danceability": 0.626, "energy": 0.746, "key": 7, "loudness": -8.832, "mode": 1, "speechiness": 0.0282, "acousticness": 0.16, "instrumentalness": 0, "liveness": 0.0618, "valence": 0.8, "tempo": 102.896, "duration_ms": 310893, "time_signature": 4}, {"uri": "spotify:track:680kMGV6szhTiZbHRr3vLi", "name": "Close To You", "artist": "Maxi Priest", "popularity": 45, "danceability": 0.762, "energy": 0.646, "key": 10, "loudness": -8.69, "mode": 0, "speechiness": 0.092, "acousticness": 0.0105, "instrumentalness": 2.14e-06, "liveness": 0.0406, "valence": 0.819, "tempo": 95.992, "duration_ms": 330080, "time_signature": 4}, {"uri": "spotify:track:1KU5EHSz04JhGg3rReGJ0N", "name": "Black Velvet", "artist": "Alannah Myles", "popularity": 73, "danceability": 0.754, "energy": 0.366, "key": 8, "loudness": -10.07, "mode": 1, "speechiness": 0.0312, "acousticness": 0.273, "instrumentalness": 9.04e-05, "liveness": 0.106, "valence": 0.469, "tempo": 91.147, "duration_ms": 287440, "time_signature": 4}, {"uri": "spotify:track:1rIy3lkFJnMsTLZpxFmYU8", "name": "Release Me", "artist": "Wilson Phillips", "popularity": 56, "danceability": 0.724, "energy": 0.471, "key": 0, "loudness": -11.143, "mode": 1, "speechiness": 0.0358, "acousticness": 0.448, "instrumentalness": 2.5e-06, "liveness": 0.218, "valence": 0.442, "tempo": 97.211, "duration_ms": 295693, "time_signature": 4}, {"uri": "spotify:track:4x9y3JSvsjBTbm4uEnBrdT", "name": "Don't Know Much (with Aaron Neville)", "artist": "Linda Ronstadt", "popularity": 45, "danceability": 0.401, "energy": 0.285, "key": 11, "loudness": -11.005, "mode": 1, "speechiness": 0.0327, "acousticness": 0.657, "instrumentalness": 1.13e-05, "liveness": 0.158, "valence": 0.267, "tempo": 130.465, "duration_ms": 211973, "time_signature": 4}, {"uri": "spotify:track:4M5ZSv6Ugp9BjQfg1aesgw", "name": "All Around the World", "artist": "Lisa Stansfield", "popularity": 0, "danceability": 0.653, "energy": 0.742, "key": 1, "loudness": -8.707, "mode": 1, "speechiness": 0.132, "acousticness": 0.229, "instrumentalness": 6.62e-06, "liveness": 0.0906, "valence": 0.62, "tempo": 100.475, "duration_ms": 261933, "time_signature": 4}, {"uri": "spotify:track:7bsjiN3YzvnxtsWLMuPvur", "name": "I Wanna Be Rich", "artist": "Calloway", "popularity": 0, "danceability": 0.721, "energy": 0.905, "key": 7, "loudness": -4.935, "mode": 1, "speechiness": 0.052, "acousticness": 0.00533, "instrumentalness": 4.45e-05, "liveness": 0.338, "valence": 0.735, "tempo": 113.983, "duration_ms": 314973, "time_signature": 4}, {"uri": "spotify:track:40xz60ciGIpsRtDqRfPKBE", "name": "Rub You The Right Way", "artist": "Johnny Gill", "popularity": 51, "danceability": 0.66, "energy": 0.873, "key": 10, "loudness": -6.952, "mode": 1, "speechiness": 0.0461, "acousticness": 0.0152, "instrumentalness": 0.00324, "liveness": 0.331, "valence": 0.864, "tempo": 111.872, "duration_ms": 332307, "time_signature": 4}, {"uri": "spotify:track:2d1RPaZmz5fTUGK3ughMo7", "name": "She Ain't Worth It", "artist": "Glenn Medeiros", "popularity": 0, "danceability": 0.782, "energy": 0.881, "key": 1, "loudness": -7.763, "mode": 1, "speechiness": 0.064, "acousticness": 0.0418, "instrumentalness": 0, "liveness": 0.125, "valence": 0.909, "tempo": 102.491, "duration_ms": 218840, "time_signature": 4}, {"uri": "spotify:track:3xKqaGFnVt1sUzWtpWNz2l", "name": "If Wishes Came True", "artist": "Sweet Sensation", "popularity": 0, "danceability": 0.491, "energy": 0.531, "key": 3, "loudness": -8.925, "mode": 1, "speechiness": 0.0248, "acousticness": 0.0505, "instrumentalness": 0.00226, "liveness": 0.144, "valence": 0.194, "tempo": 143.734, "duration_ms": 289667, "time_signature": 4}, {"uri": "spotify:track:04Mh4OWSBUBn5Vpna4DXrA", "name": "The Power", "artist": "SNAP!", "popularity": 0, "danceability": 0.752, "energy": 0.729, "key": 1, "loudness": -15.565, "mode": 1, "speechiness": 0.0443, "acousticness": 0.0814, "instrumentalness": 0.34, "liveness": 0.861, "valence": 0.572, "tempo": 108.91, "duration_ms": 344307, "time_signature": 4}, {"uri": "spotify:track:27Y9xH05ojEaS3fYCrp8PM", "name": "(Can\u2019t Live Without Your) Love And Affection", "artist": "Nelson", "popularity": 0, "danceability": 0.495, "energy": 0.97, "key": 1, "loudness": -0.917, "mode": 1, "speechiness": 0.055, "acousticness": 0.00208, "instrumentalness": 0, "liveness": 0.142, "valence": 0.599, "tempo": 121.043, "duration_ms": 233987, "time_signature": 4}, {"uri": "spotify:track:4CyvKTtdLUiKAYnmMMPNIl", "name": "Love Will Lead You Back", "artist": "Taylor Dayne", "popularity": 45, "danceability": 0.555, "energy": 0.388, "key": 1, "loudness": -11.509, "mode": 1, "speechiness": 0.0268, "acousticness": 0.213, "instrumentalness": 0, "liveness": 0.0866, "valence": 0.198, "tempo": 146.353, "duration_ms": 278533, "time_signature": 4}, {"uri": "spotify:track:6eozUVzr02EXMji1vuxgiP", "name": "Don't Wanna Fall in Love", "artist": "Jane Child", "popularity": 54, "danceability": 0.708, "energy": 0.681, "key": 1, "loudness": -11.226, "mode": 1, "speechiness": 0.0422, "acousticness": 0.0152, "instrumentalness": 3.43e-05, "liveness": 0.0373, "valence": 0.814, "tempo": 111.574, "duration_ms": 247840, "time_signature": 4}, {"uri": "spotify:track:6GS6uE1vDmtzxO8GztAR2O", "name": "Two To Make It Right", "artist": "Seduction", "popularity": 42, "danceability": 0.772, "energy": 0.598, "key": 7, "loudness": -10.857, "mode": 0, "speechiness": 0.0429, "acousticness": 0.204, "instrumentalness": 0.00345, "liveness": 0.513, "valence": 0.717, "tempo": 114.419, "duration_ms": 282267, "time_signature": 4}, {"uri": "spotify:track:6zNPPFFrxmhpTQejOn1Wm1", "name": "Sending All My Love", "artist": "Linear", "popularity": 53, "danceability": 0.703, "energy": 0.517, "key": 7, "loudness": -13.644, "mode": 1, "speechiness": 0.0529, "acousticness": 0.000407, "instrumentalness": 0.0969, "liveness": 0.0963, "valence": 0.768, "tempo": 104.833, "duration_ms": 234067, "time_signature": 4}, {"uri": "spotify:track:7ba7mwoleFlwmOiuqw8XNf", "name": "Unskinny Bop", "artist": "Poison", "popularity": 39, "danceability": 0.407, "energy": 0.926, "key": 1, "loudness": -3.093, "mode": 1, "speechiness": 0.0637, "acousticness": 0.0597, "instrumentalness": 7.69e-06, "liveness": 0.173, "valence": 0.652, "tempo": 184.606, "duration_ms": 229160, "time_signature": 4}, {"uri": "spotify:track:6J6RWKCPN5RFKHUKEUFjxS", "name": "Step by Step", "artist": "New Kids On The Block", "popularity": 64, "danceability": 0.787, "energy": 0.63, "key": 0, "loudness": -12.295, "mode": 1, "speechiness": 0.0609, "acousticness": 0.0274, "instrumentalness": 6.69e-06, "liveness": 0.161, "valence": 0.882, "tempo": 125.347, "duration_ms": 267293, "time_signature": 4}, {"uri": "spotify:track:7F7CoxV8TzZUpjUu7qiQPQ", "name": "Dangerous", "artist": "Roxette", "popularity": 26, "danceability": 0.682, "energy": 0.898, "key": 1, "loudness": -4.865, "mode": 0, "speechiness": 0.0344, "acousticness": 0.0776, "instrumentalness": 3.31e-06, "liveness": 0.083, "valence": 0.912, "tempo": 124.473, "duration_ms": 229920, "time_signature": 4}, {"uri": "spotify:track:38bDGWuyYdSdNfrFfbCiVS", "name": "We Didn't Start the Fire", "artist": "Billy Joel", "popularity": 58, "danceability": 0.711, "energy": 0.967, "key": 7, "loudness": -5.204, "mode": 1, "speechiness": 0.0474, "acousticness": 0.0849, "instrumentalness": 0, "liveness": 0.245, "valence": 0.892, "tempo": 145.024, "duration_ms": 288400, "time_signature": 4}, {"uri": "spotify:track:3PRbGCOCSu0JgVBJ8f5fMP", "name": "I Don't Have The Heart", "artist": "James Ingram", "popularity": 0, "danceability": 0.496, "energy": 0.41, "key": 2, "loudness": -7.107, "mode": 1, "speechiness": 0.0238, "acousticness": 0.544, "instrumentalness": 0, "liveness": 0.136, "valence": 0.347, "tempo": 88.912, "duration_ms": 247413, "time_signature": 4}, {"uri": "spotify:track:0c639r11FQKDFMmGfTRqOU", "name": "Downtown Train - 2008 Remaster", "artist": "Rod Stewart", "popularity": 29, "danceability": 0.527, "energy": 0.546, "key": 10, "loudness": -9.676, "mode": 1, "speechiness": 0.032, "acousticness": 0.0973, "instrumentalness": 0.000105, "liveness": 0.121, "valence": 0.271, "tempo": 114.976, "duration_ms": 279987, "time_signature": 4}, {"uri": "spotify:track:4nTYxxF8iWBq54LO3dBUie", "name": "Rhythm Nation", "artist": "Janet Jackson", "popularity": 54, "danceability": 0.633, "energy": 0.931, "key": 1, "loudness": -7.752, "mode": 1, "speechiness": 0.0686, "acousticness": 0.0504, "instrumentalness": 0.109, "liveness": 0.375, "valence": 0.676, "tempo": 109.116, "duration_ms": 330933, "time_signature": 4}, {"uri": "spotify:track:41ZZIBDKGqoArKaYgrqGPe", "name": "I'll Be Your Everything", "artist": "Tommy Page", "popularity": 0, "danceability": 0.499, "energy": 0.517, "key": 5, "loudness": -9.044, "mode": 1, "speechiness": 0.0287, "acousticness": 0.338, "instrumentalness": 0, "liveness": 0.236, "valence": 0.281, "tempo": 144.138, "duration_ms": 244840, "time_signature": 4}, {"uri": "spotify:track:5fqcIHU6DhQtFKVO5XSdQs", "name": "Roam", "artist": "The B-52's", "popularity": 60, "danceability": 0.636, "energy": 0.939, "key": 9, "loudness": -5.551, "mode": 1, "speechiness": 0.0837, "acousticness": 0.0485, "instrumentalness": 6.69e-06, "liveness": 0.271, "valence": 0.694, "tempo": 134.937, "duration_ms": 295133, "time_signature": 4}, {"uri": "spotify:track:6Bv2bQvYZDJLVlMPbmuFQm", "name": "Everything", "artist": "Jody Watley", "popularity": 24, "danceability": 0.583, "energy": 0.686, "key": 0, "loudness": -8.834, "mode": 1, "speechiness": 0.0304, "acousticness": 0.336, "instrumentalness": 0.00111, "liveness": 0.299, "valence": 0.574, "tempo": 164.019, "duration_ms": 256507, "time_signature": 4}, {"uri": "spotify:track:7ELuWpsuVCRBnOR9ZAZKDp", "name": "Back To Life (However Do You Want Me)", "artist": "Soul II Soul", "popularity": 53, "danceability": 0.819, "energy": 0.611, "key": 7, "loudness": -7.428, "mode": 1, "speechiness": 0.129, "acousticness": 0.0673, "instrumentalness": 7.7e-05, "liveness": 0.0477, "valence": 0.653, "tempo": 101.001, "duration_ms": 232133, "time_signature": 4}, {"uri": "spotify:track:3FjTPS2GIgZOBMRNQCVRMG", "name": "Here And Now", "artist": "Luther Vandross", "popularity": 0, "danceability": 0.579, "energy": 0.399, "key": 7, "loudness": -9.14, "mode": 1, "speechiness": 0.0254, "acousticness": 0.513, "instrumentalness": 0, "liveness": 0.0809, "valence": 0.246, "tempo": 75.001, "duration_ms": 323333, "time_signature": 4}, {"uri": "spotify:track:63W4sfeRTTiNKFLAzUJHFe", "name": "Alright", "artist": "Janet Jackson", "popularity": 41, "danceability": 0.667, "energy": 0.893, "key": 11, "loudness": -7.083, "mode": 1, "speechiness": 0.0364, "acousticness": 0.1, "instrumentalness": 0.592, "liveness": 0.55, "valence": 0.963, "tempo": 111.705, "duration_ms": 386533, "time_signature": 4}, {"uri": "spotify:track:3XVozq1aeqsJwpXrEZrDJ9", "name": "Ice Ice Baby", "artist": "Vanilla Ice", "popularity": 72, "danceability": 0.979, "energy": 0.792, "key": 2, "loudness": -2.784, "mode": 1, "speechiness": 0.0388, "acousticness": 0.0025, "instrumentalness": 7.71e-06, "liveness": 0.102, "valence": 0.583, "tempo": 116.012, "duration_ms": 254467, "time_signature": 4}, {"uri": "spotify:track:3UUmtkxF3B55hS864zZDsD", "name": "Blame It on the Rain", "artist": "Milli Vanilli", "popularity": 0, "danceability": 0.771, "energy": 0.678, "key": 4, "loudness": -7.141, "mode": 0, "speechiness": 0.0859, "acousticness": 0.00337, "instrumentalness": 7.16e-05, "liveness": 0.0538, "valence": 0.738, "tempo": 96.604, "duration_ms": 232130, "time_signature": 4}, {"uri": "spotify:track:2lvk6CUSHz4j8huQ25gH54", "name": "Have You Seen Her", "artist": "MC Hammer", "popularity": 48, "danceability": 0.775, "energy": 0.378, "key": 6, "loudness": -14.892, "mode": 0, "speechiness": 0.102, "acousticness": 0.207, "instrumentalness": 5.3e-06, "liveness": 0.107, "valence": 0.86, "tempo": 144.16, "duration_ms": 282800, "time_signature": 4}, {"uri": "spotify:track:6yhwKpKqhBHaP2EC7Q277N", "name": "With Every Beat of My Heart", "artist": "Taylor Dayne", "popularity": 0, "danceability": 0.761, "energy": 0.765, "key": 5, "loudness": -9.893, "mode": 1, "speechiness": 0.0329, "acousticness": 0.0674, "instrumentalness": 1.19e-05, "liveness": 0.0881, "valence": 0.976, "tempo": 121.398, "duration_ms": 262827, "time_signature": 4}, {"uri": "spotify:track:0NSSqYISjnav81CEn6EgBY", "name": "Come Back To Me", "artist": "Janet Jackson", "popularity": 47, "danceability": 0.428, "energy": 0.409, "key": 5, "loudness": -12.346, "mode": 0, "speechiness": 0.0271, "acousticness": 0.626, "instrumentalness": 0.00961, "liveness": 0.138, "valence": 0.0611, "tempo": 77.906, "duration_ms": 332742, "time_signature": 4}, {"uri": "spotify:track:1Oz5bcZyzhiaEa3F06EiPY", "name": "No More Lies", "artist": "Michel'le", "popularity": 41, "danceability": 0.834, "energy": 0.871, "key": 10, "loudness": -6.972, "mode": 0, "speechiness": 0.0821, "acousticness": 0.15, "instrumentalness": 0.0721, "liveness": 0.287, "valence": 0.835, "tempo": 110.294, "duration_ms": 225840, "time_signature": 4}]