[{"uri": "spotify:track:51LJmGVbrbxPP04Kog24Ul", "name": "Cautionary Tale", "artist": "Dylan LeBlanc", "popularity": 0, "danceability": 0.677, "energy": 0.567, "key": 0, "loudness": -7.464, "mode": 1, "speechiness": 0.0269, "acousticness": 0.306, "instrumentalness": 0.00259, "liveness": 0.115, "valence": 0.755, "tempo": 117.138, "duration_ms": 222920, "time_signature": 4}, {"uri": "spotify:track:4TcTtWG8wSrxRmKWHNYHK8", "name": "Wildfire", "artist": "Mandolin Orange", "popularity": 0, "danceability": 0.648, "energy": 0.352, "key": 4, "loudness": -10.11, "mode": 1, "speechiness": 0.0278, "acousticness": 0.692, "instrumentalness": 0.266, "liveness": 0.106, "valence": 0.173, "tempo": 121.459, "duration_ms": 329893, "time_signature": 4}, {"uri": "spotify:track:62EuvgIqhc9o5DPqKse952", "name": "Heaven's Gate", "artist": "Dawn Landes", "popularity": 40, "danceability": 0.667, "energy": 0.318, "key": 1, "loudness": -12.666, "mode": 0, "speechiness": 0.0375, "acousticness": 0.849, "instrumentalness": 0.00813, "liveness": 0.111, "valence": 0.45, "tempo": 147.851, "duration_ms": 189366, "time_signature": 4}, {"uri": "spotify:track:2Yf3wwS48rkAoBRXNJ34kz", "name": "Hades Pleads", "artist": "Parker Millsap", "popularity": 50, "danceability": 0.568, "energy": 0.632, "key": 9, "loudness": -6.958, "mode": 1, "speechiness": 0.161, "acousticness": 0.0245, "instrumentalness": 0.000246, "liveness": 0.401, "valence": 0.711, "tempo": 164.823, "duration_ms": 156107, "time_signature": 4}, {"uri": "spotify:track:1J8XsaDbekfEP0vmyLcu7w", "name": "Dusty Trails", "artist": "Lucius", "popularity": 0, "danceability": 0.512, "energy": 0.439, "key": 4, "loudness": -8.816, "mode": 1, "speechiness": 0.028, "acousticness": 0.48, "instrumentalness": 1.07e-05, "liveness": 0.109, "valence": 0.364, "tempo": 139.824, "duration_ms": 264040, "time_signature": 3}, {"uri": "spotify:track:1I6hI9D2b1UXZUGoP8ixM0", "name": "Top to Toe", "artist": "Fenne Lily", "popularity": 0, "danceability": 0.569, "energy": 0.184, "key": 1, "loudness": -12.842, "mode": 1, "speechiness": 0.0584, "acousticness": 0.908, "instrumentalness": 0, "liveness": 0.114, "valence": 0.309, "tempo": 110.916, "duration_ms": 216416, "time_signature": 4}, {"uri": "spotify:track:3XzLC1TU451F0nPiJitk49", "name": "After Rain", "artist": "Dermot Kennedy", "popularity": 0, "danceability": 0.48, "energy": 0.418, "key": 11, "loudness": -9.622, "mode": 0, "speechiness": 0.0312, "acousticness": 0.505, "instrumentalness": 0.00416, "liveness": 0.11, "valence": 0.319, "tempo": 132.404, "duration_ms": 294000, "time_signature": 4}, {"uri": "spotify:track:3fUle3MRHVnEspDxGMrvNQ", "name": "Porch Light", "artist": "Aoife O'Donovan", "popularity": 0, "danceability": 0.359, "energy": 0.538, "key": 1, "loudness": -8.487, "mode": 1, "speechiness": 0.0302, "acousticness": 0.717, "instrumentalness": 0.000489, "liveness": 0.228, "valence": 0.568, "tempo": 95.123, "duration_ms": 197467, "time_signature": 3}, {"uri": "spotify:track:36hGMGCuTWVGsKcN2VuM8O", "name": "Dark Child", "artist": "Marlon Williams", "popularity": 2, "danceability": 0.362, "energy": 0.41, "key": 8, "loudness": -9.194, "mode": 0, "speechiness": 0.0294, "acousticness": 0.0687, "instrumentalness": 0.147, "liveness": 0.246, "valence": 0.223, "tempo": 82.442, "duration_ms": 323080, "time_signature": 4}, {"uri": "spotify:track:1G7COoZddkxeS4J9wp3aWM", "name": "Mama Said", "artist": "Cat Clyde", "popularity": 0, "danceability": 0.588, "energy": 0.467, "key": 1, "loudness": -6.903, "mode": 1, "speechiness": 0.0317, "acousticness": 0.814, "instrumentalness": 0.000825, "liveness": 0.167, "valence": 0.274, "tempo": 139.438, "duration_ms": 213867, "time_signature": 4}, {"uri": "spotify:track:1cRc03E5Ps0fwe4l8fz2J0", "name": "Brace for Impact (Live a Little)", "artist": "Sturgill Simpson", "popularity": 51, "danceability": 0.616, "energy": 0.706, "key": 0, "loudness": -6.846, "mode": 1, "speechiness": 0.0233, "acousticness": 0.00969, "instrumentalness": 0.313, "liveness": 0.111, "valence": 0.655, "tempo": 89.998, "duration_ms": 349267, "time_signature": 4}, {"uri": "spotify:track:2uPOZyK2BNp4Genm429Qca", "name": "House Of Mercy", "artist": "Sarah Jarosz", "popularity": 43, "danceability": 0.577, "energy": 0.352, "key": 0, "loudness": -9.668, "mode": 1, "speechiness": 0.0297, "acousticness": 0.404, "instrumentalness": 9.94e-05, "liveness": 0.0916, "valence": 0.311, "tempo": 125.607, "duration_ms": 278027, "time_signature": 4}, {"uri": "spotify:track:1torCG1rbtUN5ja5lnv7rX", "name": "Move Me", "artist": "Sara Watkins", "popularity": 35, "danceability": 0.488, "energy": 0.537, "key": 0, "loudness": -8.375, "mode": 0, "speechiness": 0.0265, "acousticness": 0.261, "instrumentalness": 0.00683, "liveness": 0.101, "valence": 0.467, "tempo": 79.545, "duration_ms": 346507, "time_signature": 4}, {"uri": "spotify:track:1WbZp0e357OaJhRhCbe13n", "name": "Hands of Time", "artist": "Margo Price", "popularity": 0, "danceability": 0.676, "energy": 0.45, "key": 2, "loudness": -8.48, "mode": 1, "speechiness": 0.0334, "acousticness": 0.0692, "instrumentalness": 8.59e-05, "liveness": 0.0899, "valence": 0.721, "tempo": 151.934, "duration_ms": 369347, "time_signature": 4}, {"uri": "spotify:track:1CFqZk3eAQk2NCVwsQrWra", "name": "You Don't Care Enough for Me to Cry (Live from Spotify House SXSW '16)", "artist": "John Moreland", "popularity": 38, "danceability": 0.406, "energy": 0.265, "key": 2, "loudness": -13.705, "mode": 1, "speechiness": 0.0386, "acousticness": 0.668, "instrumentalness": 0, "liveness": 0.946, "valence": 0.308, "tempo": 170.059, "duration_ms": 233741, "time_signature": 4}, {"uri": "spotify:track:2Rd6MWkSlWiZdmdBYAOQgP", "name": "You Say", "artist": "Dori Freeman", "popularity": 0, "danceability": 0.662, "energy": 0.25, "key": 2, "loudness": -8.909, "mode": 1, "speechiness": 0.0267, "acousticness": 0.694, "instrumentalness": 0, "liveness": 0.183, "valence": 0.626, "tempo": 81.755, "duration_ms": 174018, "time_signature": 4}, {"uri": "spotify:track:1n0UUVUi4OzfjJEtuBKWfL", "name": "Whippoorwill", "artist": "Darlingside", "popularity": 38, "danceability": 0.641, "energy": 0.582, "key": 11, "loudness": -9.085, "mode": 1, "speechiness": 0.0335, "acousticness": 0.642, "instrumentalness": 0.0393, "liveness": 0.0876, "valence": 0.384, "tempo": 96.415, "duration_ms": 278848, "time_signature": 4}, {"uri": "spotify:track:3rUw4cRDeYVZhjkUXBnFUQ", "name": "She Burns", "artist": "Foy Vance", "popularity": 56, "danceability": 0.73, "energy": 0.403, "key": 4, "loudness": -10.146, "mode": 1, "speechiness": 0.0483, "acousticness": 0.718, "instrumentalness": 0.00242, "liveness": 0.0985, "valence": 0.502, "tempo": 124.901, "duration_ms": 229227, "time_signature": 4}, {"uri": "spotify:track:06jJfYw2P2psjtX6Psf8eS", "name": "Black Leaf", "artist": "John Paul White", "popularity": 0, "danceability": 0.494, "energy": 0.2, "key": 3, "loudness": -13.245, "mode": 0, "speechiness": 0.0304, "acousticness": 0.864, "instrumentalness": 2.12e-05, "liveness": 0.113, "valence": 0.273, "tempo": 148.299, "duration_ms": 179262, "time_signature": 4}, {"uri": "spotify:track:5USnlTd40L2fKioMeNMOBJ", "name": "Elijah - Acoustic Version", "artist": "Matthew And The Atlas", "popularity": 0, "danceability": 0.334, "energy": 0.165, "key": 6, "loudness": -13.99, "mode": 1, "speechiness": 0.0322, "acousticness": 0.974, "instrumentalness": 0.0113, "liveness": 0.101, "valence": 0.179, "tempo": 94.201, "duration_ms": 279680, "time_signature": 4}, {"uri": "spotify:track:1BrJoC8XIEtWX1EK9sMajL", "name": "California", "artist": "Robert Ellis", "popularity": 38, "danceability": 0.464, "energy": 0.451, "key": 8, "loudness": -8.818, "mode": 0, "speechiness": 0.0799, "acousticness": 0.86, "instrumentalness": 0.00389, "liveness": 0.11, "valence": 0.586, "tempo": 119.906, "duration_ms": 230627, "time_signature": 4}, {"uri": "spotify:track:5yeM63cXgGvSN2VrcHbv6x", "name": "Thousand Mile Night", "artist": "Jonah Tolchin", "popularity": 0, "danceability": 0.584, "energy": 0.35, "key": 2, "loudness": -13.942, "mode": 1, "speechiness": 0.0471, "acousticness": 0.228, "instrumentalness": 0.0719, "liveness": 0.0944, "valence": 0.498, "tempo": 140.652, "duration_ms": 235173, "time_signature": 4}, {"uri": "spotify:track:1m1UoOzaE3rA7CtipV5nyt", "name": "Forever Cold", "artist": "Smooth Hound Smith", "popularity": 29, "danceability": 0.728, "energy": 0.576, "key": 2, "loudness": -6.975, "mode": 0, "speechiness": 0.0324, "acousticness": 0.439, "instrumentalness": 0.00448, "liveness": 0.147, "valence": 0.313, "tempo": 116.0, "duration_ms": 263093, "time_signature": 4}, {"uri": "spotify:track:3g550sDrwLMLMRgYdhjFDa", "name": "Rican Beach", "artist": "Hurray For The Riff Raff", "popularity": 0, "danceability": 0.703, "energy": 0.857, "key": 10, "loudness": -6.963, "mode": 0, "speechiness": 0.0484, "acousticness": 0.507, "instrumentalness": 0.0048, "liveness": 0.303, "valence": 0.447, "tempo": 115.978, "duration_ms": 212133, "time_signature": 4}, {"uri": "spotify:track:58iNOU7kWvswB9qImh4rT1", "name": "Okkervil River", "artist": "Ciaran Lavery", "popularity": 30, "danceability": 0.462, "energy": 0.568, "key": 1, "loudness": -8.393, "mode": 0, "speechiness": 0.055, "acousticness": 0.0465, "instrumentalness": 0.00202, "liveness": 0.176, "valence": 0.3, "tempo": 78.015, "duration_ms": 200373, "time_signature": 4}, {"uri": "spotify:track:45c0mWD8NzAIUbLwAd03Gj", "name": "The River Will", "artist": "The Lowest Pair", "popularity": 0, "danceability": 0.47, "energy": 0.384, "key": 10, "loudness": -12.097, "mode": 0, "speechiness": 0.0348, "acousticness": 0.909, "instrumentalness": 0.00166, "liveness": 0.177, "valence": 0.722, "tempo": 94.008, "duration_ms": 297307, "time_signature": 4}, {"uri": "spotify:track:1YWBgzh7cbxhJlvWMB2erZ", "name": "We Can Never Go Back (Acoustic)", "artist": "Joy Williams", "popularity": 24, "danceability": 0.617, "energy": 0.238, "key": 6, "loudness": -9.281, "mode": 1, "speechiness": 0.0314, "acousticness": 0.811, "instrumentalness": 7.77e-05, "liveness": 0.126, "valence": 0.185, "tempo": 127.979, "duration_ms": 249973, "time_signature": 4}, {"uri": "spotify:track:2yERH02YKybagXQYIFKqfD", "name": "Songbird", "artist": "Haroula Rose", "popularity": 26, "danceability": 0.519, "energy": 0.368, "key": 9, "loudness": -9.958, "mode": 1, "speechiness": 0.0258, "acousticness": 0.177, "instrumentalness": 0.169, "liveness": 0.0826, "valence": 0.0796, "tempo": 78.02, "duration_ms": 242347, "time_signature": 4}, {"uri": "spotify:track:1LBAyPeZeEy6Q3UqNZoEN1", "name": "Playing Old Games", "artist": "Erin Rae and the Meanwhiles", "popularity": 29, "danceability": 0.583, "energy": 0.424, "key": 0, "loudness": -8.274, "mode": 1, "speechiness": 0.0296, "acousticness": 0.792, "instrumentalness": 1.97e-05, "liveness": 0.109, "valence": 0.245, "tempo": 141.625, "duration_ms": 209880, "time_signature": 4}, {"uri": "spotify:track:4HjEsfSpWo8gvZMr9SA3a1", "name": "Library Magic", "artist": "The Head And The Heart", "popularity": 51, "danceability": 0.425, "energy": 0.616, "key": 4, "loudness": -7.585, "mode": 1, "speechiness": 0.0381, "acousticness": 0.248, "instrumentalness": 0, "liveness": 0.0978, "valence": 0.532, "tempo": 89.705, "duration_ms": 193787, "time_signature": 4}, {"uri": "spotify:track:0FHSOOb34ctc7agp7nqioE", "name": "The 4:19", "artist": "Lewis & Leigh", "popularity": 0, "danceability": 0.511, "energy": 0.245, "key": 3, "loudness": -12.844, "mode": 1, "speechiness": 0.0277, "acousticness": 0.642, "instrumentalness": 0, "liveness": 0.12, "valence": 0.221, "tempo": 107.542, "duration_ms": 213581, "time_signature": 4}, {"uri": "spotify:track:03DZkKIhcVC15HLLetNtSJ", "name": "Seasons of Love", "artist": "Molly Parden", "popularity": 26, "danceability": 0.632, "energy": 0.557, "key": 9, "loudness": -9.936, "mode": 0, "speechiness": 0.0276, "acousticness": 0.208, "instrumentalness": 0.067, "liveness": 0.109, "valence": 0.296, "tempo": 119.038, "duration_ms": 284370, "time_signature": 4}, {"uri": "spotify:track:23Q4sMxgEKRXDMi62xPP5R", "name": "When The Tequila Runs Out", "artist": "Dawes", "popularity": 43, "danceability": 0.682, "energy": 0.759, "key": 0, "loudness": -6.225, "mode": 1, "speechiness": 0.041, "acousticness": 0.0438, "instrumentalness": 0.000309, "liveness": 0.367, "valence": 0.863, "tempo": 155.993, "duration_ms": 284720, "time_signature": 4}, {"uri": "spotify:track:1w4pCNSU7FTmDXY8j0nYzx", "name": "Little Rain", "artist": "Hiss Golden Messenger", "popularity": 0, "danceability": 0.651, "energy": 0.159, "key": 5, "loudness": -15.581, "mode": 1, "speechiness": 0.0373, "acousticness": 0.697, "instrumentalness": 0.238, "liveness": 0.335, "valence": 0.301, "tempo": 111.051, "duration_ms": 232750, "time_signature": 3}, {"uri": "spotify:track:5XzOc450ipHJN7R5Xaxwyg", "name": "The Sweetest Tune", "artist": "Darling West", "popularity": 0, "danceability": 0.617, "energy": 0.519, "key": 1, "loudness": -8.139, "mode": 0, "speechiness": 0.0231, "acousticness": 0.582, "instrumentalness": 6.22e-06, "liveness": 0.0978, "valence": 0.696, "tempo": 91.071, "duration_ms": 219413, "time_signature": 4}, {"uri": "spotify:track:01JkrDSrakX5UO5knhpKNA", "name": "I'll Be the One", "artist": "Paul Cauthen", "popularity": 43, "danceability": 0.63, "energy": 0.656, "key": 0, "loudness": -6.423, "mode": 0, "speechiness": 0.0276, "acousticness": 0.0787, "instrumentalness": 0.000906, "liveness": 0.0953, "valence": 0.432, "tempo": 133.012, "duration_ms": 261731, "time_signature": 4}, {"uri": "spotify:track:1KzwuAW6S1kSBDB6gmKmr2", "name": "No", "artist": "Marit Larsen", "popularity": 0, "danceability": 0.664, "energy": 0.512, "key": 5, "loudness": -7.119, "mode": 1, "speechiness": 0.029, "acousticness": 0.881, "instrumentalness": 3.13e-05, "liveness": 0.136, "valence": 0.4, "tempo": 99.989, "duration_ms": 203631, "time_signature": 4}, {"uri": "spotify:track:4tvSPtaLwGUxYyErISzRyk", "name": "Everything Looks Better (In Hindsight)", "artist": "The Wild Reeds", "popularity": 26, "danceability": 0.541, "energy": 0.47, "key": 9, "loudness": -6.484, "mode": 0, "speechiness": 0.026, "acousticness": 0.0613, "instrumentalness": 0.000191, "liveness": 0.112, "valence": 0.0496, "tempo": 104.966, "duration_ms": 320897, "time_signature": 3}, {"uri": "spotify:track:0PpZijLwoROXHsCgvBoNcf", "name": "Every Songbird Says", "artist": "Sam Beam", "popularity": 0, "danceability": 0.522, "energy": 0.44, "key": 6, "loudness": -10.897, "mode": 1, "speechiness": 0.0436, "acousticness": 0.773, "instrumentalness": 1.54e-06, "liveness": 0.0969, "valence": 0.688, "tempo": 88.188, "duration_ms": 203784, "time_signature": 3}, {"uri": "spotify:track:47KDDZgFiX1w6RFOuLXsSn", "name": "Tomorrow", "artist": "Shakey Graves", "popularity": 69, "danceability": 0.564, "energy": 0.354, "key": 7, "loudness": -10.85, "mode": 1, "speechiness": 0.0334, "acousticness": 0.73, "instrumentalness": 3.43e-06, "liveness": 0.208, "valence": 0.423, "tempo": 98.075, "duration_ms": 240587, "time_signature": 3}, {"uri": "spotify:track:7aClLac5pVagDjMCBlYCPk", "name": "I Know", "artist": "Shovels & Rope", "popularity": 40, "danceability": 0.545, "energy": 0.908, "key": 0, "loudness": -6.548, "mode": 1, "speechiness": 0.0512, "acousticness": 0.115, "instrumentalness": 0, "liveness": 0.0877, "valence": 0.391, "tempo": 120.155, "duration_ms": 218778, "time_signature": 4}, {"uri": "spotify:track:7KvtfHiJ6Egxz27DYaOO59", "name": "Siren", "artist": "Monica Heldal", "popularity": 32, "danceability": 0.279, "energy": 0.788, "key": 0, "loudness": -8.522, "mode": 1, "speechiness": 0.0625, "acousticness": 0.0069, "instrumentalness": 0.048, "liveness": 0.196, "valence": 0.381, "tempo": 98.195, "duration_ms": 324139, "time_signature": 4}, {"uri": "spotify:track:2ODxTvt85nHNEixwCF4gLw", "name": "Precita", "artist": "Mount Moriah", "popularity": 0, "danceability": 0.665, "energy": 0.46, "key": 9, "loudness": -8.575, "mode": 1, "speechiness": 0.0254, "acousticness": 0.108, "instrumentalness": 0, "liveness": 0.106, "valence": 0.765, "tempo": 81.063, "duration_ms": 167399, "time_signature": 4}, {"uri": "spotify:track:1Ee33iUeDRUA5sGshbsOWM", "name": "Wreck You", "artist": "Lori McKenna", "popularity": 42, "danceability": 0.479, "energy": 0.229, "key": 9, "loudness": -13.581, "mode": 1, "speechiness": 0.03, "acousticness": 0.18, "instrumentalness": 0.000173, "liveness": 0.442, "valence": 0.333, "tempo": 134.307, "duration_ms": 198187, "time_signature": 4}, {"uri": "spotify:track:5WXoxLVNn7Bxrn0Q2RHfka", "name": "One More Chance", "artist": "Ira Wolf", "popularity": 38, "danceability": 0.439, "energy": 0.183, "key": 11, "loudness": -12.133, "mode": 1, "speechiness": 0.0305, "acousticness": 0.733, "instrumentalness": 0.00302, "liveness": 0.132, "valence": 0.225, "tempo": 132.46, "duration_ms": 253947, "time_signature": 3}, {"uri": "spotify:track:2qFwtxXZXej7jejj8Dldf0", "name": "Astral Plane", "artist": "Valerie June", "popularity": 0, "danceability": 0.498, "energy": 0.252, "key": 9, "loudness": -10.819, "mode": 1, "speechiness": 0.0334, "acousticness": 0.8, "instrumentalness": 0.0945, "liveness": 0.0648, "valence": 0.206, "tempo": 86.786, "duration_ms": 218640, "time_signature": 4}, {"uri": "spotify:track:5Wvf91821sBE8aErRtpfRN", "name": "The Rains", "artist": "Henry Jamison", "popularity": 0, "danceability": 0.689, "energy": 0.399, "key": 6, "loudness": -10.906, "mode": 1, "speechiness": 0.028, "acousticness": 0.648, "instrumentalness": 0.0167, "liveness": 0.0704, "valence": 0.432, "tempo": 117.027, "duration_ms": 211795, "time_signature": 4}, {"uri": "spotify:track:2Sqv9Ne6ibOZsKxY7o0t6t", "name": "All the Pretty Girls - Recorded at Spotify Studios NYC", "artist": "KALEO", "popularity": 53, "danceability": 0.471, "energy": 0.273, "key": 1, "loudness": -10.072, "mode": 1, "speechiness": 0.0324, "acousticness": 0.845, "instrumentalness": 0, "liveness": 0.12, "valence": 0.188, "tempo": 138.683, "duration_ms": 307173, "time_signature": 4}, {"uri": "spotify:track:5ZmzCsLLu605RHTFqeKmop", "name": "Canyon", "artist": "JOSEPH", "popularity": 0, "danceability": 0.401, "energy": 0.783, "key": 6, "loudness": -4.435, "mode": 1, "speechiness": 0.0456, "acousticness": 0.0111, "instrumentalness": 0.163, "liveness": 0.144, "valence": 0.533, "tempo": 166.138, "duration_ms": 175067, "time_signature": 4}, {"uri": "spotify:track:1vG6jMgSoqT3zG9tuDrL2E", "name": "Spirit Cold", "artist": "Tall Heights", "popularity": 60, "danceability": 0.411, "energy": 0.662, "key": 11, "loudness": -6.158, "mode": 1, "speechiness": 0.032, "acousticness": 0.211, "instrumentalness": 0.0067, "liveness": 0.176, "valence": 0.356, "tempo": 155.858, "duration_ms": 222293, "time_signature": 4}, {"uri": "spotify:track:3JUhuDlfLuihHDZODrYTVk", "name": "Brighter Than the Sun", "artist": "Dustin Tebbutt", "popularity": 31, "danceability": 0.515, "energy": 0.469, "key": 6, "loudness": -11.769, "mode": 1, "speechiness": 0.0349, "acousticness": 0.598, "instrumentalness": 0.276, "liveness": 0.146, "valence": 0.134, "tempo": 87.987, "duration_ms": 290195, "time_signature": 3}, {"uri": "spotify:track:6HMHm0lHF1pe5hFsEgcZ3V", "name": "Catch the Wind (Northeast Kingdom Remix)", "artist": "High Highs", "popularity": 0, "danceability": 0.424, "energy": 0.239, "key": 1, "loudness": -17.089, "mode": 1, "speechiness": 0.0319, "acousticness": 0.818, "instrumentalness": 0.000768, "liveness": 0.0914, "valence": 0.51, "tempo": 82.884, "duration_ms": 199638, "time_signature": 4}, {"uri": "spotify:track:6dA9wLJzLDS3Vfk7m3qIPI", "name": "Atomic Number", "artist": "Neko Case", "popularity": 42, "danceability": 0.481, "energy": 0.627, "key": 5, "loudness": -9.27, "mode": 0, "speechiness": 0.0388, "acousticness": 0.478, "instrumentalness": 0.0654, "liveness": 0.11, "valence": 0.235, "tempo": 140.25, "duration_ms": 177803, "time_signature": 4}, {"uri": "spotify:track:3d8y0t70g7hw2FOWl9Z4Fm", "name": "Ophelia", "artist": "The Lumineers", "popularity": 77, "danceability": 0.664, "energy": 0.573, "key": 5, "loudness": -6.519, "mode": 1, "speechiness": 0.0277, "acousticness": 0.613, "instrumentalness": 0.000363, "liveness": 0.0857, "valence": 0.566, "tempo": 76.023, "duration_ms": 160097, "time_signature": 4}, {"uri": "spotify:track:5P2bdFon08MYGVWkfCZKyJ", "name": "All by Myself", "artist": "Kelsey Waldon", "popularity": 27, "danceability": 0.43, "energy": 0.436, "key": 4, "loudness": -8.572, "mode": 1, "speechiness": 0.0311, "acousticness": 0.0512, "instrumentalness": 0.00307, "liveness": 0.0893, "valence": 0.405, "tempo": 82.436, "duration_ms": 199600, "time_signature": 4}, {"uri": "spotify:track:2Cb03LHISkpy4EgOBQSpVs", "name": "Harmless", "artist": "Amanda Shires", "popularity": 20, "danceability": 0.565, "energy": 0.0857, "key": 0, "loudness": -15.79, "mode": 1, "speechiness": 0.0406, "acousticness": 0.866, "instrumentalness": 1.56e-05, "liveness": 0.337, "valence": 0.207, "tempo": 103.714, "duration_ms": 233213, "time_signature": 4}, {"uri": "spotify:track:7zVCsUqv1axiLwZ4YSDksc", "name": "Shining in the Distance", "artist": "The Stray Birds", "popularity": 0, "danceability": 0.45, "energy": 0.652, "key": 0, "loudness": -5.821, "mode": 1, "speechiness": 0.0292, "acousticness": 0.221, "instrumentalness": 1.81e-06, "liveness": 0.134, "valence": 0.243, "tempo": 143.627, "duration_ms": 265561, "time_signature": 4}, {"uri": "spotify:track:2HTv7lAsxxZmYCfazlZve0", "name": "Fly Away", "artist": "Yola", "popularity": 0, "danceability": 0.41, "energy": 0.659, "key": 4, "loudness": -3.289, "mode": 1, "speechiness": 0.0308, "acousticness": 0.728, "instrumentalness": 4.58e-05, "liveness": 0.279, "valence": 0.608, "tempo": 72.329, "duration_ms": 338814, "time_signature": 4}, {"uri": "spotify:track:7GNIQFh5cE3zGSAg4Sulgh", "name": "Pretty Polly - Bluegrass", "artist": "Michael Daves", "popularity": 30, "danceability": 0.363, "energy": 0.649, "key": 11, "loudness": -6.472, "mode": 1, "speechiness": 0.0306, "acousticness": 0.22, "instrumentalness": 0.00171, "liveness": 0.345, "valence": 0.421, "tempo": 139.995, "duration_ms": 273267, "time_signature": 4}, {"uri": "spotify:track:6n2H3jy9SDo5k22pIyMCU0", "name": "Little Sparrow", "artist": "Leyla McCalla", "popularity": 23, "danceability": 0.414, "energy": 0.17, "key": 4, "loudness": -13.778, "mode": 0, "speechiness": 0.0306, "acousticness": 0.592, "instrumentalness": 0.00454, "liveness": 0.106, "valence": 0.331, "tempo": 129.774, "duration_ms": 196557, "time_signature": 4}, {"uri": "spotify:track:35zBznO8aS7Z3SXLpWqKld", "name": "Love Soldiers On", "artist": "Tift Merritt", "popularity": 0, "danceability": 0.622, "energy": 0.47, "key": 11, "loudness": -7.789, "mode": 1, "speechiness": 0.0295, "acousticness": 0.559, "instrumentalness": 0.000153, "liveness": 0.123, "valence": 0.41, "tempo": 99.163, "duration_ms": 179307, "time_signature": 4}, {"uri": "spotify:track:04mAOoQNsXmDJlyupJwmkO", "name": "Waiting Room", "artist": "Phoebe Bridgers", "popularity": 63, "danceability": 0.531, "energy": 0.289, "key": 2, "loudness": -10.065, "mode": 1, "speechiness": 0.0286, "acousticness": 0.339, "instrumentalness": 0.000376, "liveness": 0.134, "valence": 0.119, "tempo": 129.747, "duration_ms": 393962, "time_signature": 4}, {"uri": "spotify:track:22eir1Hfkwn0fYNgJXEti3", "name": "Dead Eyes", "artist": "Adia Victoria", "popularity": 27, "danceability": 0.28, "energy": 0.635, "key": 9, "loudness": -8.271, "mode": 1, "speechiness": 0.056, "acousticness": 0.0685, "instrumentalness": 0.121, "liveness": 0.107, "valence": 0.375, "tempo": 193.756, "duration_ms": 141800, "time_signature": 4}, {"uri": "spotify:track:3fLPjKrVmiVGyaPtb0uoq0", "name": "Sleeping in a Car", "artist": "The Staves", "popularity": 28, "danceability": 0.478, "energy": 0.275, "key": 0, "loudness": -11.366, "mode": 1, "speechiness": 0.0324, "acousticness": 0.815, "instrumentalness": 0.583, "liveness": 0.111, "valence": 0.157, "tempo": 122.945, "duration_ms": 217446, "time_signature": 3}, {"uri": "spotify:track:4w539nhl7KGUajmyrX5GNq", "name": "Gypsy In Me", "artist": "Bonnie Raitt", "popularity": 37, "danceability": 0.571, "energy": 0.851, "key": 10, "loudness": -5.891, "mode": 0, "speechiness": 0.0488, "acousticness": 0.286, "instrumentalness": 0, "liveness": 0.0653, "valence": 0.631, "tempo": 90.522, "duration_ms": 249093, "time_signature": 4}, {"uri": "spotify:track:1vTWzNTfAYv1zkU4vfYxfE", "name": "In the Pines", "artist": "Loretta Lynn", "popularity": 29, "danceability": 0.647, "energy": 0.253, "key": 0, "loudness": -11.854, "mode": 1, "speechiness": 0.0378, "acousticness": 0.837, "instrumentalness": 2.2e-05, "liveness": 0.129, "valence": 0.439, "tempo": 123.515, "duration_ms": 187400, "time_signature": 3}, {"uri": "spotify:track:5NFV5HquTXQXR3q384YMhc", "name": "Take Me Down", "artist": "Gary Clark Jr.", "popularity": 40, "danceability": 0.404, "energy": 0.398, "key": 7, "loudness": -9.907, "mode": 1, "speechiness": 0.0289, "acousticness": 0.205, "instrumentalness": 0.0125, "liveness": 0.0917, "valence": 0.251, "tempo": 75.867, "duration_ms": 287484, "time_signature": 4}, {"uri": "spotify:track:3b9xTm2eiaCRTGqUEWuzxc", "name": "I'm Glad Trouble Don't Last Always", "artist": "Luke Winslow-King", "popularity": 47, "danceability": 0.579, "energy": 0.522, "key": 2, "loudness": -7.124, "mode": 1, "speechiness": 0.0232, "acousticness": 0.000545, "instrumentalness": 0.00811, "liveness": 0.0914, "valence": 0.286, "tempo": 81.969, "duration_ms": 257587, "time_signature": 4}, {"uri": "spotify:track:3izRf9rlci9WN1mSQCze9a", "name": "Working Poor", "artist": "Fantastic Negrito", "popularity": 0, "danceability": 0.77, "energy": 0.396, "key": 4, "loudness": -17.04, "mode": 0, "speechiness": 0.0485, "acousticness": 0.0588, "instrumentalness": 0.000164, "liveness": 0.313, "valence": 0.567, "tempo": 83.516, "duration_ms": 239966, "time_signature": 4}, {"uri": "spotify:track:4z0wfXLJT9YMplnRBzs2Rv", "name": "On Our Own", "artist": "The Suitcase Junket", "popularity": 0, "danceability": 0.509, "energy": 0.504, "key": 1, "loudness": -6.789, "mode": 1, "speechiness": 0.0267, "acousticness": 0.351, "instrumentalness": 0.15, "liveness": 0.31, "valence": 0.327, "tempo": 104.755, "duration_ms": 161320, "time_signature": 4}, {"uri": "spotify:track:5DFELITzxqOwPROrMfCXNc", "name": "Good Evening", "artist": "Quaker City Night Hawks", "popularity": 41, "danceability": 0.527, "energy": 0.606, "key": 5, "loudness": -6.799, "mode": 1, "speechiness": 0.0305, "acousticness": 0.0134, "instrumentalness": 0.00029, "liveness": 0.418, "valence": 0.267, "tempo": 105.509, "duration_ms": 279107, "time_signature": 4}, {"uri": "spotify:track:6igxt5luYEmrE5bYLMLngs", "name": "Sometimes I Worry", "artist": "The Delta Saints", "popularity": 28, "danceability": 0.418, "energy": 0.721, "key": 5, "loudness": -8.196, "mode": 1, "speechiness": 0.0461, "acousticness": 0.00407, "instrumentalness": 0.025, "liveness": 0.106, "valence": 0.341, "tempo": 138.486, "duration_ms": 227680, "time_signature": 4}, {"uri": "spotify:track:0XEUKN8CnHAKNmWmK1FG0d", "name": "The Heat", "artist": "The Bones of J.R. Jones", "popularity": 49, "danceability": 0.588, "energy": 0.841, "key": 2, "loudness": -4.374, "mode": 1, "speechiness": 0.0802, "acousticness": 0.144, "instrumentalness": 0.000511, "liveness": 0.0369, "valence": 0.682, "tempo": 92.992, "duration_ms": 194332, "time_signature": 4}, {"uri": "spotify:track:0PcyGgEAKYaVpND2efXlar", "name": "Didn't He Ramble", "artist": "Glen Hansard", "popularity": 34, "danceability": 0.257, "energy": 0.764, "key": 11, "loudness": -6.904, "mode": 0, "speechiness": 0.0563, "acousticness": 0.02, "instrumentalness": 0.000685, "liveness": 0.296, "valence": 0.446, "tempo": 180.135, "duration_ms": 292307, "time_signature": 4}, {"uri": "spotify:track:5DVKKqwLGjvK9ojz3zLjB7", "name": "There Will Be Time", "artist": "Mumford & Sons", "popularity": 0, "danceability": 0.481, "energy": 0.703, "key": 1, "loudness": -8.344, "mode": 0, "speechiness": 0.0466, "acousticness": 0.0137, "instrumentalness": 0, "liveness": 0.0879, "valence": 0.225, "tempo": 149.951, "duration_ms": 267947, "time_signature": 4}, {"uri": "spotify:track:0SyQkD4oa1NU3XeEXb7DGI", "name": "Choke", "artist": "King Charles", "popularity": 35, "danceability": 0.237, "energy": 0.594, "key": 7, "loudness": -4.883, "mode": 1, "speechiness": 0.036, "acousticness": 0.353, "instrumentalness": 0.000159, "liveness": 0.0953, "valence": 0.189, "tempo": 180.27, "duration_ms": 223840, "time_signature": 4}, {"uri": "spotify:track:4YNW5ViGjuHT5dkqrT7DAS", "name": "Try", "artist": "Escondido", "popularity": 36, "danceability": 0.282, "energy": 0.456, "key": 0, "loudness": -10.705, "mode": 1, "speechiness": 0.0333, "acousticness": 0.773, "instrumentalness": 0.00557, "liveness": 0.11, "valence": 0.169, "tempo": 127.975, "duration_ms": 217674, "time_signature": 4}, {"uri": "spotify:track:1jzo5QmpKa8eLSF3NOJzPe", "name": "Heavy", "artist": "Birdtalker", "popularity": 44, "danceability": 0.614, "energy": 0.549, "key": 5, "loudness": -6.986, "mode": 1, "speechiness": 0.0516, "acousticness": 0.286, "instrumentalness": 2.64e-06, "liveness": 0.142, "valence": 0.258, "tempo": 77.926, "duration_ms": 264151, "time_signature": 4}, {"uri": "spotify:track:4HNNIy6cbG9ThQFGJu2KWN", "name": "Highway Queen", "artist": "Nikki Lane", "popularity": 15, "danceability": 0.542, "energy": 0.759, "key": 0, "loudness": -6.274, "mode": 1, "speechiness": 0.0487, "acousticness": 0.0282, "instrumentalness": 1.9e-06, "liveness": 0.134, "valence": 0.315, "tempo": 88.479, "duration_ms": 231813, "time_signature": 4}, {"uri": "spotify:track:4fXAXT3HJX7eFxEmozfNHc", "name": "Holding Out", "artist": "Anna Ash", "popularity": 15, "danceability": 0.698, "energy": 0.441, "key": 2, "loudness": -10.082, "mode": 1, "speechiness": 0.047, "acousticness": 0.59, "instrumentalness": 0.00775, "liveness": 0.0786, "valence": 0.353, "tempo": 111.638, "duration_ms": 192867, "time_signature": 4}, {"uri": "spotify:track:6bamFKyxmUKFQYuiYoutWS", "name": "Lullaby Love (Single Version)", "artist": "Roo Panes", "popularity": 0, "danceability": 0.537, "energy": 0.415, "key": 9, "loudness": -8.038, "mode": 0, "speechiness": 0.0291, "acousticness": 0.511, "instrumentalness": 0.0012, "liveness": 0.115, "valence": 0.357, "tempo": 148.197, "duration_ms": 224138, "time_signature": 4}, {"uri": "spotify:track:6b4mWoXrscyajbLOB2qwfG", "name": "Drunks", "artist": "Johnnyswim", "popularity": 33, "danceability": 0.399, "energy": 0.461, "key": 3, "loudness": -10.694, "mode": 1, "speechiness": 0.0411, "acousticness": 0.157, "instrumentalness": 5.52e-05, "liveness": 0.116, "valence": 0.205, "tempo": 96.591, "duration_ms": 279068, "time_signature": 4}, {"uri": "spotify:track:2YdU9FRM7fYiZ9B2KOUIpl", "name": "The Flood", "artist": "Joshua Hyslop", "popularity": 60, "danceability": 0.577, "energy": 0.446, "key": 6, "loudness": -11.343, "mode": 1, "speechiness": 0.0313, "acousticness": 0.554, "instrumentalness": 0.0782, "liveness": 0.116, "valence": 0.262, "tempo": 81.005, "duration_ms": 261640, "time_signature": 4}, {"uri": "spotify:track:3iK2TtvEnhBXHqm0e98dCA", "name": "Home", "artist": "Hollow Coves", "popularity": 0, "danceability": 0.51, "energy": 0.487, "key": 1, "loudness": -11.799, "mode": 1, "speechiness": 0.0251, "acousticness": 0.864, "instrumentalness": 0.00352, "liveness": 0.117, "valence": 0.274, "tempo": 85.01, "duration_ms": 202441, "time_signature": 4}, {"uri": "spotify:track:0qFFiR3SiXqgnQvX6Q1WOO", "name": "Whale Song", "artist": "Corey Kilgannon", "popularity": 45, "danceability": 0.354, "energy": 0.262, "key": 5, "loudness": -11.502, "mode": 1, "speechiness": 0.0301, "acousticness": 0.926, "instrumentalness": 0.000415, "liveness": 0.153, "valence": 0.569, "tempo": 179.234, "duration_ms": 158387, "time_signature": 4}, {"uri": "spotify:track:45wGhAr9756RWGrSs35r56", "name": "Absolute Loser", "artist": "Fruit Bats", "popularity": 45, "danceability": 0.517, "energy": 0.512, "key": 7, "loudness": -10.392, "mode": 1, "speechiness": 0.0288, "acousticness": 0.329, "instrumentalness": 0.0845, "liveness": 0.118, "valence": 0.398, "tempo": 89.953, "duration_ms": 231800, "time_signature": 4}, {"uri": "spotify:track:16D7vwG8vCEWferlmVZbEP", "name": "Things That I Lean On", "artist": "Wynonna", "popularity": 37, "danceability": 0.612, "energy": 0.379, "key": 11, "loudness": -8.756, "mode": 1, "speechiness": 0.0328, "acousticness": 0.798, "instrumentalness": 2.05e-05, "liveness": 0.105, "valence": 0.341, "tempo": 75.589, "duration_ms": 220653, "time_signature": 4}, {"uri": "spotify:track:6AVU8RT7YGPXdtPri2oBkY", "name": "Just to Be with You", "artist": "Aubrie Sellers", "popularity": 21, "danceability": 0.336, "energy": 0.739, "key": 0, "loudness": -5.394, "mode": 0, "speechiness": 0.0481, "acousticness": 0.0325, "instrumentalness": 5.9e-05, "liveness": 0.137, "valence": 0.578, "tempo": 169.932, "duration_ms": 203653, "time_signature": 4}, {"uri": "spotify:track:0Sox7tv3MK5h6AkFLUPHtY", "name": "Mistakes", "artist": "Lake Street Dive", "popularity": 55, "danceability": 0.753, "energy": 0.39, "key": 6, "loudness": -7.294, "mode": 0, "speechiness": 0.0403, "acousticness": 0.371, "instrumentalness": 0.000815, "liveness": 0.125, "valence": 0.374, "tempo": 136.747, "duration_ms": 248387, "time_signature": 4}, {"uri": "spotify:track:6f8wMPrnGpIF6qU6afkOIZ", "name": "Black Crow", "artist": "Brent Cobb", "popularity": 38, "danceability": 0.706, "energy": 0.327, "key": 5, "loudness": -11.603, "mode": 1, "speechiness": 0.0687, "acousticness": 0.717, "instrumentalness": 0.0192, "liveness": 0.0958, "valence": 0.632, "tempo": 131.312, "duration_ms": 270413, "time_signature": 4}, {"uri": "spotify:track:3Jbd5U1FVfKBQzv6jVUT8T", "name": "What It Means", "artist": "Drive-By Truckers", "popularity": 0, "danceability": 0.432, "energy": 0.578, "key": 2, "loudness": -7.014, "mode": 1, "speechiness": 0.0261, "acousticness": 0.204, "instrumentalness": 0.000171, "liveness": 0.0969, "valence": 0.372, "tempo": 86.827, "duration_ms": 385133, "time_signature": 4}, {"uri": "spotify:track:3j4kcoBVfe6rGY2517OJ9f", "name": "Nobody Dies", "artist": "Thao", "popularity": 37, "danceability": 0.64, "energy": 0.73, "key": 1, "loudness": -5.888, "mode": 1, "speechiness": 0.0343, "acousticness": 0.0224, "instrumentalness": 0.0171, "liveness": 0.102, "valence": 0.775, "tempo": 88.601, "duration_ms": 228114, "time_signature": 4}, {"uri": "spotify:track:5uZLsGY9fknBd5Rxr7AIss", "name": "Shut Up Kiss Me", "artist": "Angel Olsen", "popularity": 16, "danceability": 0.373, "energy": 0.63, "key": 7, "loudness": -5.131, "mode": 1, "speechiness": 0.0461, "acousticness": 0.0552, "instrumentalness": 0, "liveness": 0.107, "valence": 0.352, "tempo": 115.942, "duration_ms": 202200, "time_signature": 4}, {"uri": "spotify:track:1FP7dnQeCYggKHjtdxgxri", "name": "Memphis Rain", "artist": "Aaron Lee Tasjan", "popularity": 9, "danceability": 0.508, "energy": 0.613, "key": 7, "loudness": -6.067, "mode": 1, "speechiness": 0.0284, "acousticness": 0.16, "instrumentalness": 0.189, "liveness": 0.175, "valence": 0.839, "tempo": 201.343, "duration_ms": 218641, "time_signature": 4}]