[{"uri": "spotify:track:2FD2wb4aU4IFn2R1Y15062", "name": "Honky Tonkin' - Single Version", "artist": "Hank Williams", "popularity": 0, "danceability": 0.534, "energy": 0.409, "key": 4, "loudness": -10.015, "mode": 1, "speechiness": 0.0328, "acousticness": 0.83, "instrumentalness": 0, "liveness": 0.115, "valence": 0.875, "tempo": 164.461, "duration_ms": 164827, "time_signature": 4}, {"uri": "spotify:track:3N0jGYbGjlfxAPPOQ3m1x5", "name": "If You've Got the Money I've Got the Time", "artist": "Lefty Frizzell", "popularity": 36, "danceability": 0.819, "energy": 0.439, "key": 7, "loudness": -11.729, "mode": 1, "speechiness": 0.0358, "acousticness": 0.737, "instrumentalness": 0.000522, "liveness": 0.102, "valence": 0.909, "tempo": 105.082, "duration_ms": 173933, "time_signature": 4}, {"uri": "spotify:track:39AxeDwNIyjPKgI7g9H2Jg", "name": "The Wild Side Of Life", "artist": "Hank Thompson", "popularity": 49, "danceability": 0.596, "energy": 0.144, "key": 2, "loudness": -10.307, "mode": 1, "speechiness": 0.0298, "acousticness": 0.924, "instrumentalness": 0, "liveness": 0.219, "valence": 0.451, "tempo": 115.681, "duration_ms": 164520, "time_signature": 4}, {"uri": "spotify:track:0VxX3RBKO46Ky6XgvN0bME", "name": "There Stands The Glass", "artist": "Webb Pierce", "popularity": 47, "danceability": 0.522, "energy": 0.256, "key": 3, "loudness": -7.39, "mode": 1, "speechiness": 0.0309, "acousticness": 0.923, "instrumentalness": 0, "liveness": 0.359, "valence": 0.64, "tempo": 114.96, "duration_ms": 146667, "time_signature": 4}, {"uri": "spotify:track:2FjF4NEH5vw69RjnPKCnM0", "name": "Honky Tonk Man", "artist": "Johnny Horton", "popularity": 29, "danceability": 0.467, "energy": 0.531, "key": 4, "loudness": -14.288, "mode": 1, "speechiness": 0.0387, "acousticness": 0.448, "instrumentalness": 0, "liveness": 0.358, "valence": 0.954, "tempo": 136.154, "duration_ms": 131800, "time_signature": 4}, {"uri": "spotify:track:0U68NlRFhZpak0GEL2jBMZ", "name": "Pass The Booze", "artist": "Ernest Tubb", "popularity": 0, "danceability": 0.618, "energy": 0.377, "key": 10, "loudness": -13.059, "mode": 1, "speechiness": 0.0378, "acousticness": 0.727, "instrumentalness": 5.56e-06, "liveness": 0.07, "valence": 0.888, "tempo": 163.611, "duration_ms": 163360, "time_signature": 4}, {"uri": "spotify:track:1eLuPIA4KPWuEL16owyqCS", "name": "One By One", "artist": "Kitty Wells", "popularity": 0, "danceability": 0.463, "energy": 0.274, "key": 3, "loudness": -10.357, "mode": 1, "speechiness": 0.0326, "acousticness": 0.931, "instrumentalness": 0, "liveness": 0.0927, "valence": 0.535, "tempo": 143.897, "duration_ms": 176493, "time_signature": 4}, {"uri": "spotify:track:3yJvlCiSh1pBXgW2GLRSNF", "name": "I Can't Go Home Like This", "artist": "Ray Price", "popularity": 18, "danceability": 0.668, "energy": 0.405, "key": 5, "loudness": -9.107, "mode": 1, "speechiness": 0.0364, "acousticness": 0.788, "instrumentalness": 0, "liveness": 0.246, "valence": 0.895, "tempo": 148.097, "duration_ms": 131773, "time_signature": 4}, {"uri": "spotify:track:3HAaEJKZPKHJY4YqYRvDas", "name": "I'm Moving On", "artist": "Hank Snow", "popularity": 0, "danceability": 0.524, "energy": 0.602, "key": 2, "loudness": -10.544, "mode": 1, "speechiness": 0.0327, "acousticness": 0.876, "instrumentalness": 0.0034, "liveness": 0.133, "valence": 0.909, "tempo": 97.484, "duration_ms": 174559, "time_signature": 4}, {"uri": "spotify:track:6hTv5WcTse1Wjeq1DbSiRQ", "name": "Why Baby Why", "artist": "George Jones", "popularity": 0, "danceability": 0.664, "energy": 0.597, "key": 7, "loudness": -6.555, "mode": 1, "speechiness": 0.0457, "acousticness": 0.65, "instrumentalness": 1.18e-05, "liveness": 0.0754, "valence": 0.889, "tempo": 79.345, "duration_ms": 138787, "time_signature": 4}, {"uri": "spotify:track:2swYtnyHHVRdiWvNvXWBsp", "name": "Smokin' Cigarettes And Drinkin' Coffee Blues", "artist": "Marty Robbins", "popularity": 38, "danceability": 0.731, "energy": 0.356, "key": 5, "loudness": -9.261, "mode": 1, "speechiness": 0.031, "acousticness": 0.944, "instrumentalness": 2.77e-05, "liveness": 0.109, "valence": 0.613, "tempo": 123.924, "duration_ms": 161200, "time_signature": 4}, {"uri": "spotify:track:7jqiC1labtznFDj3XZPZ7T", "name": "Drinking Tequila", "artist": "Jim Reeves", "popularity": 23, "danceability": 0.819, "energy": 0.35, "key": 2, "loudness": -10.641, "mode": 1, "speechiness": 0.0379, "acousticness": 0.738, "instrumentalness": 0, "liveness": 0.259, "valence": 0.748, "tempo": 116.743, "duration_ms": 163840, "time_signature": 4}, {"uri": "spotify:track:51piaTRq9ywWeNHokbyQzw", "name": "Pick Me Up On Your Way Down - Single Version", "artist": "Charlie Walker", "popularity": 33, "danceability": 0.52, "energy": 0.317, "key": 6, "loudness": -10.669, "mode": 1, "speechiness": 0.0285, "acousticness": 0.794, "instrumentalness": 0, "liveness": 0.112, "valence": 0.932, "tempo": 153.015, "duration_ms": 145227, "time_signature": 4}, {"uri": "spotify:track:0fHYyVoxbntVjwrO5smJ8L", "name": "Swinging Doors", "artist": "Merle Haggard", "popularity": 25, "danceability": 0.8, "energy": 0.461, "key": 5, "loudness": -10.388, "mode": 1, "speechiness": 0.0311, "acousticness": 0.0581, "instrumentalness": 0.000295, "liveness": 0.306, "valence": 0.652, "tempo": 122.733, "duration_ms": 168667, "time_signature": 4}, {"uri": "spotify:track:56T6SLV4u9kn88LqXhNTVD", "name": "Don't Be Angry", "artist": "Stonewall Jackson", "popularity": 32, "danceability": 0.651, "energy": 0.246, "key": 4, "loudness": -12.439, "mode": 1, "speechiness": 0.0286, "acousticness": 0.885, "instrumentalness": 0, "liveness": 0.301, "valence": 0.502, "tempo": 105.101, "duration_ms": 178267, "time_signature": 4}, {"uri": "spotify:track:7AV6VFdNlTRUM5SlZJcZUt", "name": "Hey, Good Lookin'", "artist": "Hank Williams", "popularity": 0, "danceability": 0.793, "energy": 0.367, "key": 7, "loudness": -9.823, "mode": 1, "speechiness": 0.0377, "acousticness": 0.8, "instrumentalness": 0, "liveness": 0.0694, "valence": 0.899, "tempo": 141.241, "duration_ms": 174293, "time_signature": 4}, {"uri": "spotify:track:0K1kj3JopBRYRkLXRIs41O", "name": "Wine Me Up", "artist": "Faron Young", "popularity": 22, "danceability": 0.651, "energy": 0.272, "key": 9, "loudness": -14.458, "mode": 1, "speechiness": 0.0328, "acousticness": 0.288, "instrumentalness": 0, "liveness": 0.0779, "valence": 0.918, "tempo": 139.265, "duration_ms": 146733, "time_signature": 4}, {"uri": "spotify:track:0dc0eU5THc1uE0Q0KV73XN", "name": "Please Help Me, I'm Falling", "artist": "Hank Locklin", "popularity": 50, "danceability": 0.552, "energy": 0.336, "key": 7, "loudness": -10.712, "mode": 1, "speechiness": 0.0311, "acousticness": 0.828, "instrumentalness": 0, "liveness": 0.324, "valence": 0.553, "tempo": 105.479, "duration_ms": 141467, "time_signature": 4}, {"uri": "spotify:track:7kWfvwaPMWHf6q5U4NEv9q", "name": "Slippin' Around", "artist": "Floyd Tillman", "popularity": 7, "danceability": 0.442, "energy": 0.415, "key": 9, "loudness": -15.929, "mode": 1, "speechiness": 0.0416, "acousticness": 0.706, "instrumentalness": 0.00197, "liveness": 0.0598, "valence": 0.783, "tempo": 146.585, "duration_ms": 127187, "time_signature": 3}, {"uri": "spotify:track:1F6Qnls98A4ZAz60lMKdNn", "name": "Born To Lose - 78rpm Version", "artist": "Ted Daffan's Texans", "popularity": 8, "danceability": 0.573, "energy": 0.323, "key": 0, "loudness": -8.061, "mode": 1, "speechiness": 0.0315, "acousticness": 0.901, "instrumentalness": 0.00823, "liveness": 0.225, "valence": 0.651, "tempo": 145.445, "duration_ms": 162400, "time_signature": 4}, {"uri": "spotify:track:7lhuLFbI89Csjocf6t9psn", "name": "In The Jailhouse Now", "artist": "Webb Pierce", "popularity": 0, "danceability": 0.574, "energy": 0.495, "key": 4, "loudness": -11.831, "mode": 1, "speechiness": 0.057, "acousticness": 0.705, "instrumentalness": 0, "liveness": 0.0882, "valence": 0.82, "tempo": 169.47, "duration_ms": 107987, "time_signature": 4}, {"uri": "spotify:track:4M8z4TSbSekrYDw7I3iOYy", "name": "Walking The Floor Over You - 1941 Single Version", "artist": "Ernest Tubb", "popularity": 0, "danceability": 0.882, "energy": 0.229, "key": 0, "loudness": -12.641, "mode": 1, "speechiness": 0.0559, "acousticness": 0.89, "instrumentalness": 1.45e-05, "liveness": 0.0832, "valence": 0.891, "tempo": 114.531, "duration_ms": 155293, "time_signature": 4}, {"uri": "spotify:track:6uMB2D7bytHE904AGNekNB", "name": "It Wasn't God Who Made Honky Tonk Angels", "artist": "Kitty Wells", "popularity": 0, "danceability": 0.565, "energy": 0.23, "key": 9, "loudness": -9.772, "mode": 1, "speechiness": 0.0284, "acousticness": 0.701, "instrumentalness": 0, "liveness": 0.346, "valence": 0.792, "tempo": 137.81, "duration_ms": 150933, "time_signature": 4}, {"uri": "spotify:track:1jTk5rndbrJIfBPN9XuvsB", "name": "Honky Tonkitis", "artist": "Carl Butler", "popularity": 16, "danceability": 0.461, "energy": 0.281, "key": 8, "loudness": -10.644, "mode": 1, "speechiness": 0.0309, "acousticness": 0.893, "instrumentalness": 1.74e-06, "liveness": 0.107, "valence": 0.605, "tempo": 125.878, "duration_ms": 164547, "time_signature": 4}, {"uri": "spotify:track:7MVkdV4LpOlI31hUrlnG3t", "name": "Honky-Tonk Hardwood Floor", "artist": "Johnny Horton", "popularity": 27, "danceability": 0.644, "energy": 0.918, "key": 9, "loudness": -10.585, "mode": 1, "speechiness": 0.0447, "acousticness": 0.735, "instrumentalness": 1.85e-05, "liveness": 0.203, "valence": 0.865, "tempo": 81.958, "duration_ms": 138200, "time_signature": 3}, {"uri": "spotify:track:5yiBMRROFq27FDiFdgSOil", "name": "Hillbilly Fever", "artist": "Little Jimmy Dickens", "popularity": 21, "danceability": 0.813, "energy": 0.49, "key": 9, "loudness": -8.627, "mode": 1, "speechiness": 0.0302, "acousticness": 0.819, "instrumentalness": 0, "liveness": 0.192, "valence": 0.667, "tempo": 108.252, "duration_ms": 173867, "time_signature": 4}, {"uri": "spotify:track:2xe74jATEUyGEVrNRTYJms", "name": "Are You Teasing Me", "artist": "Carl Smith", "popularity": 0, "danceability": 0.506, "energy": 0.291, "key": 4, "loudness": -11.18, "mode": 1, "speechiness": 0.0294, "acousticness": 0.866, "instrumentalness": 3.2e-05, "liveness": 0.183, "valence": 0.552, "tempo": 133.289, "duration_ms": 154760, "time_signature": 4}, {"uri": "spotify:track:5Uvzm5SgQL2mts6XkiHlkn", "name": "Who Will Buy The Wine - Single Version", "artist": "Charlie Walker", "popularity": 21, "danceability": 0.596, "energy": 0.286, "key": 6, "loudness": -11.447, "mode": 1, "speechiness": 0.0373, "acousticness": 0.908, "instrumentalness": 2.68e-05, "liveness": 0.0693, "valence": 0.672, "tempo": 64.005, "duration_ms": 155600, "time_signature": 4}, {"uri": "spotify:track:3mfvV22EDpvFpq4uEmSVA9", "name": "Live Fast, Love Hard, Die Young", "artist": "Faron Young", "popularity": 37, "danceability": 0.583, "energy": 0.567, "key": 4, "loudness": -9.705, "mode": 1, "speechiness": 0.038, "acousticness": 0.661, "instrumentalness": 0, "liveness": 0.0648, "valence": 0.957, "tempo": 162.556, "duration_ms": 138960, "time_signature": 4}, {"uri": "spotify:track:6zsCRLZhqkwMF64sybf7nm", "name": "Invitation To The Blues", "artist": "Roger Miller", "popularity": 0, "danceability": 0.572, "energy": 0.33, "key": 2, "loudness": -12.132, "mode": 1, "speechiness": 0.0311, "acousticness": 0.526, "instrumentalness": 1.08e-05, "liveness": 0.0887, "valence": 0.823, "tempo": 122.908, "duration_ms": 157733, "time_signature": 4}, {"uri": "spotify:track:4bDPD4xa2Ex1sbvso1v8RY", "name": "Drivin Nails In My Coffin", "artist": "Ernest Tubb", "popularity": 0, "danceability": 0.644, "energy": 0.403, "key": 0, "loudness": -11.479, "mode": 1, "speechiness": 0.0293, "acousticness": 0.911, "instrumentalness": 0, "liveness": 0.138, "valence": 0.716, "tempo": 111.961, "duration_ms": 178147, "time_signature": 4}, {"uri": "spotify:track:21KDAAaMjeO9wElJynNYhW", "name": "This Cold War With You", "artist": "Floyd Tillman", "popularity": 7, "danceability": 0.53, "energy": 0.282, "key": 3, "loudness": -12.21, "mode": 1, "speechiness": 0.0307, "acousticness": 0.743, "instrumentalness": 0.000394, "liveness": 0.134, "valence": 0.347, "tempo": 95.555, "duration_ms": 171886, "time_signature": 4}, {"uri": "spotify:track:6Z6bycK4qORoW6VGp8YrUY", "name": "Born to Lose", "artist": "Ted Daffan's Texans", "popularity": 16, "danceability": 0.581, "energy": 0.141, "key": 0, "loudness": -17.481, "mode": 1, "speechiness": 0.0318, "acousticness": 0.978, "instrumentalness": 0.345, "liveness": 0.122, "valence": 0.649, "tempo": 73.131, "duration_ms": 159800, "time_signature": 4}, {"uri": "spotify:track:1jyiN9VttLaV0zma246f42", "name": "Country Boy", "artist": "Little Jimmy Dickens", "popularity": 26, "danceability": 0.583, "energy": 0.381, "key": 5, "loudness": -10.037, "mode": 1, "speechiness": 0.0761, "acousticness": 0.862, "instrumentalness": 0, "liveness": 0.114, "valence": 0.957, "tempo": 187.358, "duration_ms": 172293, "time_signature": 4}, {"uri": "spotify:track:0LPVjkmR8BpGr2yz6UduBE", "name": "You're Still On My Mind", "artist": "George Jones", "popularity": 0, "danceability": 0.78, "energy": 0.49, "key": 10, "loudness": -9.468, "mode": 1, "speechiness": 0.0406, "acousticness": 0.779, "instrumentalness": 0.059, "liveness": 0.242, "valence": 0.783, "tempo": 96.134, "duration_ms": 158693, "time_signature": 4}, {"uri": "spotify:track:2pVNdCTGqrM941550NOBqG", "name": "Life to Go", "artist": "Stonewall Jackson", "popularity": 10, "danceability": 0.656, "energy": 0.391, "key": 4, "loudness": -8.509, "mode": 1, "speechiness": 0.0326, "acousticness": 0.747, "instrumentalness": 0, "liveness": 0.0697, "valence": 0.593, "tempo": 129.929, "duration_ms": 151933, "time_signature": 4}, {"uri": "spotify:track:1ZNDtli4TjhuoBnWplaePI", "name": "Don't Let Me Cross Over", "artist": "Carl Butler", "popularity": 48, "danceability": 0.59, "energy": 0.188, "key": 7, "loudness": -12.253, "mode": 1, "speechiness": 0.0302, "acousticness": 0.871, "instrumentalness": 0, "liveness": 0.0877, "valence": 0.521, "tempo": 113.907, "duration_ms": 177107, "time_signature": 3}, {"uri": "spotify:track:5LQn0biVszyMaj9p4f0Dpt", "name": "Blues Plus Booze (Means I Lose)", "artist": "Stonewall Jackson", "popularity": 19, "danceability": 0.708, "energy": 0.575, "key": 4, "loudness": -8.735, "mode": 1, "speechiness": 0.0288, "acousticness": 0.536, "instrumentalness": 4.68e-05, "liveness": 0.0859, "valence": 0.667, "tempo": 113.0, "duration_ms": 167707, "time_signature": 4}, {"uri": "spotify:track:0L76ublFVvwRsA7QdZJbOt", "name": "Down To My Last Cigarette - Single Version", "artist": "Billy Walker", "popularity": 34, "danceability": 0.547, "energy": 0.265, "key": 4, "loudness": -14.087, "mode": 1, "speechiness": 0.0311, "acousticness": 0.643, "instrumentalness": 0, "liveness": 0.146, "valence": 0.707, "tempo": 127.572, "duration_ms": 149067, "time_signature": 4}, {"uri": "spotify:track:4UtDrwAkSbrZgAUQSWKcti", "name": "Hangover Heart", "artist": "Hank Thompson", "popularity": 38, "danceability": 0.552, "energy": 0.229, "key": 9, "loudness": -12.242, "mode": 1, "speechiness": 0.0309, "acousticness": 0.802, "instrumentalness": 0, "liveness": 0.125, "valence": 0.442, "tempo": 122.789, "duration_ms": 184107, "time_signature": 4}, {"uri": "spotify:track:5RKPe1oN9lGayUCKn00fYi", "name": "Wabash Cannonball", "artist": "Roy Acuff", "popularity": 42, "danceability": 0.717, "energy": 0.37, "key": 9, "loudness": -10.119, "mode": 1, "speechiness": 0.0365, "acousticness": 0.763, "instrumentalness": 0, "liveness": 0.424, "valence": 0.881, "tempo": 99.425, "duration_ms": 155388, "time_signature": 4}, {"uri": "spotify:track:2nVk6F1c0e81AevgTJtqfQ", "name": "If Teardrops Were Pennies", "artist": "Carl Smith", "popularity": 0, "danceability": 0.622, "energy": 0.204, "key": 4, "loudness": -13.325, "mode": 1, "speechiness": 0.032, "acousticness": 0.89, "instrumentalness": 7.1e-06, "liveness": 0.398, "valence": 0.574, "tempo": 129.283, "duration_ms": 180493, "time_signature": 4}, {"uri": "spotify:track:6IZnK7vJzV3bNBm0Q2djJs", "name": "Little Ole Wine Drinker Me", "artist": "Charlie Walker", "popularity": 0, "danceability": 0.523, "energy": 0.392, "key": 7, "loudness": -11.424, "mode": 1, "speechiness": 0.0305, "acousticness": 0.648, "instrumentalness": 9.68e-06, "liveness": 0.307, "valence": 0.785, "tempo": 159.555, "duration_ms": 126588, "time_signature": 4}, {"uri": "spotify:track:4kuhdureuYoHJ2B3rnqPf4", "name": "I Just Came to Get My Baby", "artist": "Faron Young", "popularity": 19, "danceability": 0.59, "energy": 0.495, "key": 5, "loudness": -10.319, "mode": 1, "speechiness": 0.0451, "acousticness": 0.462, "instrumentalness": 3.08e-06, "liveness": 0.743, "valence": 0.617, "tempo": 132.001, "duration_ms": 147270, "time_signature": 4}, {"uri": "spotify:track:5JZavXbwqavv9kLEtiSyBx", "name": "Rednecks, White Socks And Blue Ribbon Beer", "artist": "Johnny Russell", "popularity": 20, "danceability": 0.471, "energy": 0.384, "key": 4, "loudness": -12.806, "mode": 1, "speechiness": 0.0367, "acousticness": 0.428, "instrumentalness": 7.03e-05, "liveness": 0.35, "valence": 0.672, "tempo": 165.328, "duration_ms": 161587, "time_signature": 4}, {"uri": "spotify:track:4XbLkEznk90XC4r3oU6lu9", "name": "I Cheated On You", "artist": "Floyd Tillman", "popularity": 3, "danceability": 0.454, "energy": 0.272, "key": 2, "loudness": -14.258, "mode": 1, "speechiness": 0.0324, "acousticness": 0.749, "instrumentalness": 0, "liveness": 0.0781, "valence": 0.592, "tempo": 109.626, "duration_ms": 148760, "time_signature": 4}, {"uri": "spotify:track:5OFtWlXD1Ze4bKV2sz67Kl", "name": "I Like Beer", "artist": "Tom T. Hall", "popularity": 0, "danceability": 0.655, "energy": 0.589, "key": 4, "loudness": -9.476, "mode": 1, "speechiness": 0.0298, "acousticness": 0.886, "instrumentalness": 0, "liveness": 0.225, "valence": 0.817, "tempo": 85.883, "duration_ms": 173533, "time_signature": 4}, {"uri": "spotify:track:27bTwyY8RKwaliVVNL5gJP", "name": "White Lightning", "artist": "George Jones", "popularity": 0, "danceability": 0.66, "energy": 0.794, "key": 5, "loudness": -9.533, "mode": 0, "speechiness": 0.0787, "acousticness": 0.705, "instrumentalness": 2.01e-06, "liveness": 0.118, "valence": 0.955, "tempo": 74.694, "duration_ms": 168067, "time_signature": 4}, {"uri": "spotify:track:4imYTftUBGtMP4DKfJRYyf", "name": "Heartaches By the Number", "artist": "Ray Price", "popularity": 32, "danceability": 0.491, "energy": 0.512, "key": 10, "loudness": -9.109, "mode": 1, "speechiness": 0.0352, "acousticness": 0.752, "instrumentalness": 6.73e-06, "liveness": 0.0925, "valence": 0.839, "tempo": 126.753, "duration_ms": 177308, "time_signature": 4}, {"uri": "spotify:track:31ogzMddHY8kXi5lanJqBs", "name": "The Storm Within My Heart - Single Version", "artist": "Billy Walker", "popularity": 18, "danceability": 0.578, "energy": 0.187, "key": 0, "loudness": -14.793, "mode": 1, "speechiness": 0.0315, "acousticness": 0.806, "instrumentalness": 0, "liveness": 0.286, "valence": 0.748, "tempo": 130.241, "duration_ms": 144520, "time_signature": 4}]