[{"uri": "spotify:track:5rYvoJOJ0y8AYodTdf3Wxi", "name": "Bad Day", "artist": "Daniel Powter", "popularity": 30, "danceability": 0.599, "energy": 0.785, "key": 3, "loudness": -4.013, "mode": 1, "speechiness": 0.0309, "acousticness": 0.448, "instrumentalness": 0.00336, "liveness": 0.151, "valence": 0.52, "tempo": 140.046, "duration_ms": 233640, "time_signature": 4}, {"uri": "spotify:track:0j4wZ17xz0Xv4lIFvtZI48", "name": "Temperature", "artist": "Sean Paul", "popularity": 0, "danceability": 0.951, "energy": 0.597, "key": 0, "loudness": -4.651, "mode": 0, "speechiness": 0.0669, "acousticness": 0.104, "instrumentalness": 0, "liveness": 0.0718, "valence": 0.819, "tempo": 125.024, "duration_ms": 216467, "time_signature": 4}, {"uri": "spotify:track:7cUhxtLxcNZXV6Qdpi8PTO", "name": "Promiscuous", "artist": "Nelly Furtado", "popularity": 0, "danceability": 0.818, "energy": 0.972, "key": 10, "loudness": -6.032, "mode": 0, "speechiness": 0.0502, "acousticness": 0.0521, "instrumentalness": 4.7e-05, "liveness": 0.168, "valence": 0.891, "tempo": 114.315, "duration_ms": 242373, "time_signature": 4}, {"uri": "spotify:track:5pbajJXEPdcoXQPXoAVR1t", "name": "You're Beautiful", "artist": "James Blunt", "popularity": 66, "danceability": 0.675, "energy": 0.479, "key": 0, "loudness": -9.87, "mode": 0, "speechiness": 0.0278, "acousticness": 0.633, "instrumentalness": 1.76e-05, "liveness": 0.088, "valence": 0.454, "tempo": 81.998, "duration_ms": 209493, "time_signature": 4}, {"uri": "spotify:track:3ZFTkvIE7kyPt6Nu3PEa7V", "name": "Hips Don't Lie (feat. Wyclef Jean)", "artist": "Shakira", "popularity": 84, "danceability": 0.778, "energy": 0.824, "key": 10, "loudness": -5.892, "mode": 0, "speechiness": 0.0707, "acousticness": 0.284, "instrumentalness": 0, "liveness": 0.405, "valence": 0.758, "tempo": 100.024, "duration_ms": 218093, "time_signature": 4}, {"uri": "spotify:track:4yMoRDq0mtu2QfTiAsOaP5", "name": "Unwritten", "artist": "Natasha Bedingfield", "popularity": 0, "danceability": 0.752, "energy": 0.794, "key": 7, "loudness": -5.74, "mode": 0, "speechiness": 0.0589, "acousticness": 0.00408, "instrumentalness": 0, "liveness": 0.0513, "valence": 0.758, "tempo": 99.966, "duration_ms": 255000, "time_signature": 4}, {"uri": "spotify:track:6FlAGda9qkDhTU7ctFM4uG", "name": "Crazy - Single Version", "artist": "Gnarls Barkley", "popularity": 54, "danceability": 0.864, "energy": 0.474, "key": 0, "loudness": -8.41, "mode": 0, "speechiness": 0.0367, "acousticness": 0.0259, "instrumentalness": 0.0487, "liveness": 0.0906, "valence": 0.602, "tempo": 111.952, "duration_ms": 180787, "time_signature": 4}, {"uri": "spotify:track:2cq69jrDBC5gqKh6HvzwUG", "name": "Ridin' Dirty (feat. Chamillionaire)", "artist": "Chamillionaire", "popularity": 0, "danceability": 0.677, "energy": 0.911, "key": 8, "loudness": -3.158, "mode": 0, "speechiness": 0.22, "acousticness": 0.141, "instrumentalness": 0, "liveness": 0.0582, "valence": 0.85, "tempo": 143.047, "duration_ms": 244062, "time_signature": 4}, {"uri": "spotify:track:40VAYnnGBDLQVXD8D1ager", "name": "SexyBack", "artist": "Justin Timberlake", "popularity": 0, "danceability": 0.967, "energy": 0.583, "key": 7, "loudness": -5.562, "mode": 0, "speechiness": 0.0789, "acousticness": 0.0584, "instrumentalness": 0, "liveness": 0.0519, "valence": 0.964, "tempo": 117.0, "duration_ms": 242733, "time_signature": 4}, {"uri": "spotify:track:3fGbA610AWjHqYuuFIgnHL", "name": "Check On It (feat. Slim Thug)", "artist": "Beyonc\u00e9", "popularity": 44, "danceability": 0.702, "energy": 0.89, "key": 7, "loudness": -3.794, "mode": 1, "speechiness": 0.214, "acousticness": 0.0701, "instrumentalness": 0, "liveness": 0.385, "valence": 0.887, "tempo": 166.115, "duration_ms": 210427, "time_signature": 4}, {"uri": "spotify:track:7xXRMilJGsz7owl85rET4E", "name": "Be Without You - Live", "artist": "Mary J. Blige", "popularity": 7, "danceability": 0.605, "energy": 0.528, "key": 0, "loudness": -6.993, "mode": 1, "speechiness": 0.0573, "acousticness": 0.0307, "instrumentalness": 0, "liveness": 0.117, "valence": 0.55, "tempo": 147.135, "duration_ms": 272627, "time_signature": 4}, {"uri": "spotify:track:7fnY0ec4B3SbcsJoaIIXIa", "name": "Grillz", "artist": "Nelly", "popularity": 48, "danceability": 0.864, "energy": 0.499, "key": 7, "loudness": -7.783, "mode": 1, "speechiness": 0.249, "acousticness": 0.0361, "instrumentalness": 0, "liveness": 0.199, "valence": 0.844, "tempo": 82.994, "duration_ms": 272547, "time_signature": 4}, {"uri": "spotify:track:6c8QH9FMFKj0ZgNeiyOx4v", "name": "Over My Head (Cable Car)", "artist": "The Fray", "popularity": 53, "danceability": 0.591, "energy": 0.699, "key": 8, "loudness": -5.221, "mode": 1, "speechiness": 0.0449, "acousticness": 0.0204, "instrumentalness": 0, "liveness": 0.0614, "valence": 0.733, "tempo": 116.029, "duration_ms": 236373, "time_signature": 4}, {"uri": "spotify:track:7k6IzwMGpxnRghE7YosnXT", "name": "Me & U", "artist": "Cassie", "popularity": 75, "danceability": 0.803, "energy": 0.454, "key": 8, "loudness": -4.802, "mode": 0, "speechiness": 0.0294, "acousticness": 0.352, "instrumentalness": 0, "liveness": 0.0655, "valence": 0.739, "tempo": 99.99, "duration_ms": 192213, "time_signature": 4}, {"uri": "spotify:track:1lWHrTcVpuvv6i5yPioXa4", "name": "Buttons", "artist": "The Pussycat Dolls", "popularity": 37, "danceability": 0.549, "energy": 0.748, "key": 2, "loudness": -6.821, "mode": 1, "speechiness": 0.304, "acousticness": 0.186, "instrumentalness": 0, "liveness": 0.287, "valence": 0.452, "tempo": 210.883, "duration_ms": 225907, "time_signature": 4}, {"uri": "spotify:track:4Zq1qPSAWT4lUvhPyf8wC4", "name": "Run It! (feat. Juelz Santana)", "artist": "Chris Brown", "popularity": 0, "danceability": 0.846, "energy": 0.482, "key": 1, "loudness": -6.721, "mode": 0, "speechiness": 0.129, "acousticness": 0.0246, "instrumentalness": 0, "liveness": 0.393, "valence": 0.212, "tempo": 100.969, "duration_ms": 229867, "time_signature": 4}, {"uri": "spotify:track:5203pcq3cNteJuOVhIEnt6", "name": "So Sick", "artist": "Ne-Yo", "popularity": 61, "danceability": 0.572, "energy": 0.572, "key": 6, "loudness": -8.324, "mode": 1, "speechiness": 0.3, "acousticness": 0.254, "instrumentalness": 0, "liveness": 0.191, "valence": 0.61, "tempo": 94.897, "duration_ms": 207187, "time_signature": 4}, {"uri": "spotify:track:05Sgj1Hx03ZXc57gsV1kfX", "name": "It's Goin' Down (feat. Nitti)", "artist": "Yung Joc", "popularity": 67, "danceability": 0.888, "energy": 0.577, "key": 1, "loudness": -7.702, "mode": 0, "speechiness": 0.0612, "acousticness": 0.0986, "instrumentalness": 0, "liveness": 0.131, "valence": 0.609, "tempo": 84.003, "duration_ms": 241840, "time_signature": 4}, {"uri": "spotify:track:6ltq29OgidB834EwoAvIBN", "name": "SOS", "artist": "Rihanna", "popularity": 0, "danceability": 0.678, "energy": 0.671, "key": 7, "loudness": -4.905, "mode": 1, "speechiness": 0.0364, "acousticness": 0.004, "instrumentalness": 5.07e-05, "liveness": 0.442, "valence": 0.527, "tempo": 137.05, "duration_ms": 238750, "time_signature": 4}, {"uri": "spotify:track:5cY8y2XgOfkAh4kSWLFKkz", "name": "I Write Sins Not Tragedies", "artist": "Panic! At The Disco", "popularity": 73, "danceability": 0.566, "energy": 0.815, "key": 9, "loudness": -4.481, "mode": 0, "speechiness": 0.14, "acousticness": 0.0737, "instrumentalness": 0, "liveness": 0.12, "valence": 0.672, "tempo": 169.961, "duration_ms": 185587, "time_signature": 4}, {"uri": "spotify:track:58HpsDKeYoLtNhXFQyQmz5", "name": "Move Along", "artist": "The All-American Rejects", "popularity": 61, "danceability": 0.526, "energy": 0.92, "key": 3, "loudness": -3.866, "mode": 1, "speechiness": 0.0472, "acousticness": 0.000124, "instrumentalness": 0, "liveness": 0.371, "valence": 0.615, "tempo": 109.86, "duration_ms": 238880, "time_signature": 4}, {"uri": "spotify:track:5QXNSOnNrfKP6cisF0rpxV", "name": "London Bridge", "artist": "Fergie", "popularity": 0, "danceability": 0.769, "energy": 0.609, "key": 1, "loudness": -5.894, "mode": 1, "speechiness": 0.357, "acousticness": 0.216, "instrumentalness": 0, "liveness": 0.166, "valence": 0.633, "tempo": 90.951, "duration_ms": 241307, "time_signature": 4}, {"uri": "spotify:track:10Nmj3JCNoMeBQ87uw5j8k", "name": "Dani California", "artist": "Red Hot Chili Peppers", "popularity": 78, "danceability": 0.556, "energy": 0.913, "key": 0, "loudness": -2.36, "mode": 1, "speechiness": 0.0437, "acousticness": 0.0193, "instrumentalness": 8.59e-06, "liveness": 0.346, "valence": 0.73, "tempo": 96.184, "duration_ms": 282160, "time_signature": 4}, {"uri": "spotify:track:6o3s08kk2fQI37vxGZDrJ1", "name": "Snap Yo Fingers", "artist": "Lil Jon", "popularity": 70, "danceability": 0.835, "energy": 0.757, "key": 8, "loudness": -5.029, "mode": 0, "speechiness": 0.23, "acousticness": 0.00647, "instrumentalness": 0, "liveness": 0.29, "valence": 0.626, "tempo": 82.038, "duration_ms": 274387, "time_signature": 4}, {"uri": "spotify:track:0YsNWdVVmu2fTq8iRNIePT", "name": "Lean Wit It, Rock Wit It - feat. Peanut & Charlay", "artist": "Dem Franchize Boyz", "popularity": 0, "danceability": 0.886, "energy": 0.618, "key": 0, "loudness": -5.734, "mode": 1, "speechiness": 0.301, "acousticness": 0.0847, "instrumentalness": 0, "liveness": 0.101, "valence": 0.643, "tempo": 76.019, "duration_ms": 230960, "time_signature": 4}, {"uri": "spotify:track:6Qgva9AMxlkf7MWkLUkdFH", "name": "What Hurts The Most", "artist": "Rascal Flatts", "popularity": 45, "danceability": 0.539, "energy": 0.683, "key": 5, "loudness": -5.157, "mode": 0, "speechiness": 0.0276, "acousticness": 0.00962, "instrumentalness": 0, "liveness": 0.284, "valence": 0.331, "tempo": 136.032, "duration_ms": 214107, "time_signature": 4}, {"uri": "spotify:track:5fVZC9GiM4e8vu99W0Xf6J", "name": "How to Save a Life", "artist": "The Fray", "popularity": 82, "danceability": 0.64, "energy": 0.743, "key": 10, "loudness": -4.08, "mode": 1, "speechiness": 0.0379, "acousticness": 0.269, "instrumentalness": 0, "liveness": 0.101, "valence": 0.361, "tempo": 122.035, "duration_ms": 262533, "time_signature": 4}, {"uri": "spotify:track:4lwLYO44TTwj9GrjYvcIov", "name": "Unfaithful", "artist": "Rihanna", "popularity": 0, "danceability": 0.582, "energy": 0.528, "key": 0, "loudness": -3.953, "mode": 0, "speechiness": 0.0324, "acousticness": 0.843, "instrumentalness": 0, "liveness": 0.211, "valence": 0.325, "tempo": 144.147, "duration_ms": 227120, "time_signature": 4}, {"uri": "spotify:track:0rpIH5otu7ykvZPdcQuRPh", "name": "Chasing Cars", "artist": "Snow Patrol", "popularity": 62, "danceability": 0.556, "energy": 0.595, "key": 9, "loudness": -4.51, "mode": 1, "speechiness": 0.0275, "acousticness": 0.214, "instrumentalness": 8.33e-05, "liveness": 0.125, "valence": 0.144, "tempo": 104.001, "duration_ms": 266347, "time_signature": 4}, {"uri": "spotify:track:0MZE9mU5RSjr3gAILc1oVX", "name": "Lips Of An Angel", "artist": "Hinder", "popularity": 17, "danceability": 0.473, "energy": 0.728, "key": 2, "loudness": -5.832, "mode": 1, "speechiness": 0.0337, "acousticness": 0.0258, "instrumentalness": 0, "liveness": 0.191, "valence": 0.229, "tempo": 128.975, "duration_ms": 261853, "time_signature": 4}, {"uri": "spotify:track:6MjljecHzHelUDismyKkba", "name": "Everytime We Touch - Radio Edit", "artist": "Cascada", "popularity": 0, "danceability": 0.624, "energy": 0.976, "key": 8, "loudness": -5.355, "mode": 1, "speechiness": 0.0494, "acousticness": 0.004, "instrumentalness": 1.18e-05, "liveness": 0.376, "valence": 0.514, "tempo": 142.008, "duration_ms": 199120, "time_signature": 4}, {"uri": "spotify:track:6FCekHIwxq4jn9n0lQ1eXD", "name": "Ain't No Other Man", "artist": "Christina Aguilera", "popularity": 0, "danceability": 0.862, "energy": 0.742, "key": 7, "loudness": -4.722, "mode": 1, "speechiness": 0.222, "acousticness": 0.00376, "instrumentalness": 0.00855, "liveness": 0.103, "valence": 0.511, "tempo": 127.91, "duration_ms": 228907, "time_signature": 4}, {"uri": "spotify:track:4QIAVbGpeb5RdAGW66kY2h", "name": "Dance, Dance", "artist": "Fall Out Boy", "popularity": 0, "danceability": 0.62, "energy": 0.961, "key": 11, "loudness": -3.198, "mode": 0, "speechiness": 0.154, "acousticness": 0.00523, "instrumentalness": 0, "liveness": 0.0854, "valence": 0.449, "tempo": 114.448, "duration_ms": 180267, "time_signature": 4}, {"uri": "spotify:track:5XJJdNPkwmbUwE79gv0NxK", "name": "Gold Digger", "artist": "Kanye West", "popularity": 1, "danceability": 0.646, "energy": 0.696, "key": 1, "loudness": -5.572, "mode": 0, "speechiness": 0.342, "acousticness": 0.0192, "instrumentalness": 0, "liveness": 0.0762, "valence": 0.625, "tempo": 92.88, "duration_ms": 207401, "time_signature": 4}, {"uri": "spotify:track:1bTqY43CvfJHPiPN0PTv7i", "name": "Money Maker", "artist": "Ludacris", "popularity": 0, "danceability": 0.464, "energy": 0.598, "key": 1, "loudness": -6.79, "mode": 1, "speechiness": 0.27, "acousticness": 0.149, "instrumentalness": 0, "liveness": 0.299, "valence": 0.612, "tempo": 79.732, "duration_ms": 230613, "time_signature": 4}, {"uri": "spotify:track:0k6HUzaRHpQ3eEWr1C7Esh", "name": "Ms. New Booty", "artist": "Bubba Sparxxx", "popularity": 64, "danceability": 0.64, "energy": 0.62, "key": 1, "loudness": -5.931, "mode": 1, "speechiness": 0.416, "acousticness": 0.016, "instrumentalness": 0, "liveness": 0.0831, "valence": 0.609, "tempo": 129.37, "duration_ms": 252653, "time_signature": 5}, {"uri": "spotify:track:7dGjNMCuqquUPJcOb3oh3m", "name": "Give It Up to Me - Radio Edit", "artist": "Sean Paul", "popularity": 51, "danceability": 0.867, "energy": 0.606, "key": 8, "loudness": -5.698, "mode": 1, "speechiness": 0.319, "acousticness": 0.177, "instrumentalness": 0, "liveness": 0.0651, "valence": 0.614, "tempo": 96.174, "duration_ms": 254147, "time_signature": 4}, {"uri": "spotify:track:2tD8PDBMlo9xTo3JC8kz90", "name": "Photograph", "artist": "Nickelback", "popularity": 51, "danceability": 0.515, "energy": 0.876, "key": 8, "loudness": -3.756, "mode": 1, "speechiness": 0.0292, "acousticness": 0.000932, "instrumentalness": 0.000166, "liveness": 0.136, "valence": 0.385, "tempo": 145.916, "duration_ms": 258920, "time_signature": 4}, {"uri": "spotify:track:3PHYPaguCDKLK1a9cp3uXZ", "name": "Because of You", "artist": "Kelly Clarkson", "popularity": 0, "danceability": 0.584, "energy": 0.583, "key": 5, "loudness": -5.284, "mode": 0, "speechiness": 0.0313, "acousticness": 0.248, "instrumentalness": 0, "liveness": 0.124, "valence": 0.15, "tempo": 139.93, "duration_ms": 219493, "time_signature": 4}, {"uri": "spotify:track:7hlFPAa85yeyBpypKdZozI", "name": "Stickwitu", "artist": "The Pussycat Dolls", "popularity": 14, "danceability": 0.658, "energy": 0.498, "key": 9, "loudness": -8.178, "mode": 1, "speechiness": 0.0449, "acousticness": 0.289, "instrumentalness": 0, "liveness": 0.0588, "valence": 0.443, "tempo": 79.997, "duration_ms": 207907, "time_signature": 4}, {"uri": "spotify:track:1lih9AUGlOI2qbAkptdBsr", "name": "I'm N Luv (Wit a Stripper) (feat. Mike Jones)", "artist": "T-Pain", "popularity": 2, "danceability": 0.731, "energy": 0.368, "key": 8, "loudness": -10.38, "mode": 1, "speechiness": 0.0688, "acousticness": 0.00544, "instrumentalness": 0, "liveness": 0.193, "valence": 0.512, "tempo": 145.171, "duration_ms": 265333, "time_signature": 4}, {"uri": "spotify:track:2tVouQintSo2ffjVgnv6Sh", "name": "My Humps", "artist": "Black Eyed Peas", "popularity": 0, "danceability": 0.802, "energy": 0.682, "key": 1, "loudness": -5.924, "mode": 0, "speechiness": 0.222, "acousticness": 0.111, "instrumentalness": 1.39e-05, "liveness": 0.109, "valence": 0.586, "tempo": 123.95, "duration_ms": 326960, "time_signature": 4}, {"uri": "spotify:track:27jV5NRauLKolguzqXHcnH", "name": "Where'd You Go (feat. Holly Brook & Jonah Matranga)", "artist": "Fort Minor", "popularity": 0, "danceability": 0.751, "energy": 0.807, "key": 1, "loudness": -3.698, "mode": 0, "speechiness": 0.151, "acousticness": 0.265, "instrumentalness": 0.00331, "liveness": 0.11, "valence": 0.235, "tempo": 89.996, "duration_ms": 231867, "time_signature": 4}, {"uri": "spotify:track:60elrmyXf6vtMqxHKSTjdn", "name": "Yo (Excuse Me Miss)", "artist": "Chris Brown", "popularity": 0, "danceability": 0.536, "energy": 0.612, "key": 4, "loudness": -5.847, "mode": 1, "speechiness": 0.272, "acousticness": 0.119, "instrumentalness": 0, "liveness": 0.209, "valence": 0.57, "tempo": 86.768, "duration_ms": 229040, "time_signature": 4}, {"uri": "spotify:track:7rlWcri95AyLkkKHa2sCib", "name": "Walk Away", "artist": "Kelly Clarkson", "popularity": 29, "danceability": 0.747, "energy": 0.898, "key": 0, "loudness": -4.51, "mode": 1, "speechiness": 0.0427, "acousticness": 0.0156, "instrumentalness": 0, "liveness": 0.136, "valence": 0.928, "tempo": 115.986, "duration_ms": 188987, "time_signature": 4}, {"uri": "spotify:track:2ajhenDRiiAnCHHjsIOHhJ", "name": "Laffy Taffy", "artist": "D4L", "popularity": 66, "danceability": 0.891, "energy": 0.439, "key": 7, "loudness": -7.994, "mode": 0, "speechiness": 0.428, "acousticness": 0.0351, "instrumentalness": 0, "liveness": 0.0932, "valence": 0.622, "tempo": 77.499, "duration_ms": 224253, "time_signature": 4}, {"uri": "spotify:track:6A71EmfdTryZxflaVpuXy6", "name": "What You Know", "artist": "T.I.", "popularity": 0, "danceability": 0.548, "energy": 0.815, "key": 3, "loudness": -4.389, "mode": 0, "speechiness": 0.0376, "acousticness": 0.0154, "instrumentalness": 0, "liveness": 0.12, "valence": 0.345, "tempo": 146.934, "duration_ms": 273733, "time_signature": 4}, {"uri": "spotify:track:5ZdzNVOmCSp5HFLk0EgvJS", "name": "Dirty Little Secret", "artist": "The All-American Rejects", "popularity": 67, "danceability": 0.469, "energy": 0.955, "key": 10, "loudness": -4.253, "mode": 1, "speechiness": 0.0432, "acousticness": 0.000343, "instrumentalness": 1.35e-06, "liveness": 0.548, "valence": 0.462, "tempo": 143.853, "duration_ms": 193653, "time_signature": 4}, {"uri": "spotify:track:5E5AG0JXjvm0gahzh9Q7T1", "name": "Savin' Me", "artist": "Nickelback", "popularity": 46, "danceability": 0.441, "energy": 0.815, "key": 3, "loudness": -4.088, "mode": 1, "speechiness": 0.0276, "acousticness": 0.000731, "instrumentalness": 0, "liveness": 0.414, "valence": 0.522, "tempo": 164.007, "duration_ms": 219320, "time_signature": 4}, {"uri": "spotify:track:4eHMRKYFZvDyznWMoToX2J", "name": "Don't Forget About Us - Radio Edit", "artist": "Mariah Carey", "popularity": 37, "danceability": 0.697, "energy": 0.534, "key": 5, "loudness": -7.002, "mode": 1, "speechiness": 0.0412, "acousticness": 0.0552, "instrumentalness": 0, "liveness": 0.102, "valence": 0.397, "tempo": 143.665, "duration_ms": 233133, "time_signature": 4}]