[{"uri": "spotify:track:1DFf22wAhURrEt5boeKYkf", "name": "This Time", "artist": "The New Mendicants", "popularity": 0, "danceability": 0.585, "energy": 0.321, "key": 2, "loudness": -17.109, "mode": 1, "speechiness": 0.0326, "acousticness": 0.0138, "instrumentalness": 5.05e-06, "liveness": 0.0861, "valence": 0.324, "tempo": 142.546, "duration_ms": 180295, "time_signature": 4}, {"uri": "spotify:track:4KSWqcLeYmnbzHjTCe39NK", "name": "The Lion", "artist": "The Migrant", "popularity": 0, "danceability": 0.256, "energy": 0.3, "key": 10, "loudness": -10.096, "mode": 0, "speechiness": 0.0345, "acousticness": 0.756, "instrumentalness": 0.00769, "liveness": 0.119, "valence": 0.201, "tempo": 146.824, "duration_ms": 336653, "time_signature": 4}, {"uri": "spotify:track:14F0wusOUa115ZKxzDSExM", "name": "Good Man", "artist": "Glimmermen", "popularity": 0, "danceability": 0.39, "energy": 0.673, "key": 2, "loudness": -6.791, "mode": 1, "speechiness": 0.0609, "acousticness": 0.114, "instrumentalness": 0.000198, "liveness": 0.102, "valence": 0.361, "tempo": 176.194, "duration_ms": 270256, "time_signature": 3}, {"uri": "spotify:track:0ycyU8f8WI928fIWSqLKlg", "name": "Ache", "artist": "Thirty Spokes", "popularity": 0, "danceability": 0.381, "energy": 0.479, "key": 0, "loudness": -7.798, "mode": 1, "speechiness": 0.0271, "acousticness": 0.191, "instrumentalness": 0.00168, "liveness": 0.11, "valence": 0.478, "tempo": 157.941, "duration_ms": 250427, "time_signature": 3}, {"uri": "spotify:track:6OGRM4MAOlyOdhHuX0OJ6P", "name": "A New Error", "artist": "Moderat", "popularity": 0, "danceability": 0.719, "energy": 0.461, "key": 11, "loudness": -11.338, "mode": 0, "speechiness": 0.037, "acousticness": 0.0298, "instrumentalness": 0.801, "liveness": 0.0634, "valence": 0.104, "tempo": 110.991, "duration_ms": 367307, "time_signature": 4}, {"uri": "spotify:track:2NKefbyaKdUVCYJLAlaw50", "name": "Careless Woman", "artist": "Tythe", "popularity": 0, "danceability": 0.697, "energy": 0.913, "key": 5, "loudness": -7.775, "mode": 0, "speechiness": 0.0385, "acousticness": 0.00675, "instrumentalness": 0.862, "liveness": 0.331, "valence": 0.484, "tempo": 113.988, "duration_ms": 318214, "time_signature": 4}, {"uri": "spotify:track:3h5mswXA3LSBIybgL30uYA", "name": "Pendulum", "artist": "Pure Bathing Culture", "popularity": 0, "danceability": 0.582, "energy": 0.73, "key": 3, "loudness": -6.555, "mode": 1, "speechiness": 0.0256, "acousticness": 0.275, "instrumentalness": 0.842, "liveness": 0.106, "valence": 0.61, "tempo": 107.996, "duration_ms": 237583, "time_signature": 4}, {"uri": "spotify:track:1n5Vpe4BjOXdjJExGBfzsL", "name": "Staying Alive", "artist": "The Whigs", "popularity": 0, "danceability": 0.277, "energy": 0.851, "key": 8, "loudness": -6.688, "mode": 1, "speechiness": 0.0707, "acousticness": 0.0195, "instrumentalness": 0.0812, "liveness": 0.144, "valence": 0.248, "tempo": 112.236, "duration_ms": 495587, "time_signature": 4}, {"uri": "spotify:track:5zidCUXDcTKvhZ1rP4kXxB", "name": "Walk Like a Man", "artist": "Ruen Brothers", "popularity": 0, "danceability": 0.538, "energy": 0.961, "key": 9, "loudness": -3.79, "mode": 0, "speechiness": 0.18, "acousticness": 0.302, "instrumentalness": 1.53e-05, "liveness": 0.0717, "valence": 0.251, "tempo": 110.028, "duration_ms": 176975, "time_signature": 4}, {"uri": "spotify:track:2PLrNMZfxoe799PYCMir7u", "name": "Altered Ego", "artist": "Floorplan", "popularity": 6, "danceability": 0.743, "energy": 0.91, "key": 11, "loudness": -8.787, "mode": 0, "speechiness": 0.0665, "acousticness": 0.00322, "instrumentalness": 0.9, "liveness": 0.0711, "valence": 0.206, "tempo": 130.0, "duration_ms": 440000, "time_signature": 4}, {"uri": "spotify:track:48nTLbUtQ0Csvyr6Rscyt2", "name": "Destroyer", "artist": "The Rumour Said Fire", "popularity": 5, "danceability": 0.459, "energy": 0.892, "key": 11, "loudness": -2.0, "mode": 0, "speechiness": 0.037, "acousticness": 0.0442, "instrumentalness": 0.00226, "liveness": 0.141, "valence": 0.374, "tempo": 129.969, "duration_ms": 335453, "time_signature": 4}, {"uri": "spotify:track:2JZvDnlpgaX5cGT0Vkudxm", "name": "Voyager", "artist": "The Rumour Said Fire", "popularity": 19, "danceability": 0.506, "energy": 0.93, "key": 11, "loudness": -2.136, "mode": 1, "speechiness": 0.0465, "acousticness": 0.0333, "instrumentalness": 0.00768, "liveness": 0.636, "valence": 0.458, "tempo": 122.007, "duration_ms": 260120, "time_signature": 4}, {"uri": "spotify:track:0rg3MVdNOsWrT4lzbhKaYl", "name": "Moon Stream", "artist": "The Rumour Said Fire", "popularity": 4, "danceability": 0.336, "energy": 0.882, "key": 11, "loudness": -1.597, "mode": 1, "speechiness": 0.0437, "acousticness": 0.0375, "instrumentalness": 4.99e-06, "liveness": 0.127, "valence": 0.547, "tempo": 138.255, "duration_ms": 231200, "time_signature": 4}, {"uri": "spotify:track:5RvRLNEVyYXEvKPsHsnf51", "name": "S\u00e9ance", "artist": "The Rumour Said Fire", "popularity": 4, "danceability": 0.228, "energy": 0.633, "key": 9, "loudness": -2.332, "mode": 0, "speechiness": 0.0327, "acousticness": 0.177, "instrumentalness": 0.00171, "liveness": 0.157, "valence": 0.0636, "tempo": 112.78, "duration_ms": 238693, "time_signature": 4}, {"uri": "spotify:track:7tKvXqCJAtNlwVXuj9hnac", "name": "Lies", "artist": "Deap Vally", "popularity": 0, "danceability": 0.302, "energy": 0.974, "key": 9, "loudness": -4.056, "mode": 1, "speechiness": 0.483, "acousticness": 0.0104, "instrumentalness": 0.00012, "liveness": 0.237, "valence": 0.388, "tempo": 107.943, "duration_ms": 184813, "time_signature": 5}, {"uri": "spotify:track:51Iu8MoVeHIbGv69yk7vha", "name": "Gonna Make My Own Money", "artist": "Deap Vally", "popularity": 0, "danceability": 0.366, "energy": 0.937, "key": 7, "loudness": -5.25, "mode": 1, "speechiness": 0.206, "acousticness": 0.0204, "instrumentalness": 0.0151, "liveness": 0.12, "valence": 0.483, "tempo": 112.715, "duration_ms": 153937, "time_signature": 3}, {"uri": "spotify:track:7xJVgULr1O0ZESSP7Mtz4l", "name": "End Of The World", "artist": "Deap Vally", "popularity": 0, "danceability": 0.428, "energy": 0.863, "key": 11, "loudness": -4.309, "mode": 1, "speechiness": 0.171, "acousticness": 0.073, "instrumentalness": 0.000603, "liveness": 0.152, "valence": 0.469, "tempo": 76.337, "duration_ms": 272187, "time_signature": 4}, {"uri": "spotify:track:5HGGY6h7dPTx7377cpsOZy", "name": "Ain't Fair", "artist": "Deap Vally", "popularity": 1, "danceability": 0.376, "energy": 0.856, "key": 0, "loudness": -5.597, "mode": 1, "speechiness": 0.062, "acousticness": 0.0165, "instrumentalness": 0.000266, "liveness": 0.0935, "valence": 0.527, "tempo": 142.859, "duration_ms": 176573, "time_signature": 4}, {"uri": "spotify:track:682Yji3o5swGYXNUOIl5Ah", "name": "Full Circle", "artist": "Half Moon Run", "popularity": 0, "danceability": 0.586, "energy": 0.641, "key": 2, "loudness": -9.912, "mode": 0, "speechiness": 0.0301, "acousticness": 0.273, "instrumentalness": 0.0135, "liveness": 0.107, "valence": 0.148, "tempo": 89.014, "duration_ms": 182240, "time_signature": 4}, {"uri": "spotify:track:6MYM316fEnoXjG93Ga3l1L", "name": "Call Me in the Afternoon", "artist": "Half Moon Run", "popularity": 0, "danceability": 0.483, "energy": 0.883, "key": 1, "loudness": -7.767, "mode": 1, "speechiness": 0.0459, "acousticness": 0.286, "instrumentalness": 0.000452, "liveness": 0.162, "valence": 0.655, "tempo": 177.313, "duration_ms": 183907, "time_signature": 4}, {"uri": "spotify:track:30JU9jFQmoLzoiCNxoTAeE", "name": "No More Losing the War", "artist": "Half Moon Run", "popularity": 0, "danceability": 0.309, "energy": 0.325, "key": 5, "loudness": -12.274, "mode": 0, "speechiness": 0.0304, "acousticness": 0.719, "instrumentalness": 0.0726, "liveness": 0.117, "valence": 0.148, "tempo": 106.521, "duration_ms": 237147, "time_signature": 4}, {"uri": "spotify:track:67yKn8Ouxo6nVQND5CyIJe", "name": "She Wants to Know", "artist": "Half Moon Run", "popularity": 0, "danceability": 0.571, "energy": 0.658, "key": 11, "loudness": -8.338, "mode": 0, "speechiness": 0.0342, "acousticness": 0.0574, "instrumentalness": 0.0139, "liveness": 0.0478, "valence": 0.348, "tempo": 96.002, "duration_ms": 251667, "time_signature": 4}, {"uri": "spotify:track:7ztgoEN6prk2CRZcZ8fACR", "name": "Build Me Up", "artist": "Raffertie", "popularity": 5, "danceability": 0.767, "energy": 0.309, "key": 5, "loudness": -10.256, "mode": 1, "speechiness": 0.0652, "acousticness": 0.161, "instrumentalness": 0.288, "liveness": 0.099, "valence": 0.331, "tempo": 96.976, "duration_ms": 185000, "time_signature": 4}, {"uri": "spotify:track:1fQcNoxSkB8jZn3fbSZd24", "name": "Benediction", "artist": "Raffertie", "popularity": 17, "danceability": 0.612, "energy": 0.327, "key": 9, "loudness": -16.609, "mode": 0, "speechiness": 0.427, "acousticness": 0.705, "instrumentalness": 0.909, "liveness": 0.112, "valence": 0.152, "tempo": 94.033, "duration_ms": 215008, "time_signature": 4}, {"uri": "spotify:track:28NH3wEdeOhOdujr4Rk2EL", "name": "One Track Mind", "artist": "Raffertie", "popularity": 9, "danceability": 0.738, "energy": 0.71, "key": 8, "loudness": -9.715, "mode": 1, "speechiness": 0.0592, "acousticness": 0.00543, "instrumentalness": 0.0657, "liveness": 0.124, "valence": 0.114, "tempo": 122.022, "duration_ms": 621659, "time_signature": 4}, {"uri": "spotify:track:1iTi7DFpSstJ5nRB66FAni", "name": "Trust", "artist": "Raffertie", "popularity": 2, "danceability": 0.34, "energy": 0.436, "key": 9, "loudness": -11.315, "mode": 0, "speechiness": 0.0678, "acousticness": 0.523, "instrumentalness": 0, "liveness": 0.1, "valence": 0.0705, "tempo": 86.857, "duration_ms": 171729, "time_signature": 5}, {"uri": "spotify:track:39stxXWaixIA5u3jFDLVox", "name": "King of the Skies", "artist": "Zervas & Pepper", "popularity": 0, "danceability": 0.339, "energy": 0.488, "key": 7, "loudness": -10.539, "mode": 1, "speechiness": 0.0262, "acousticness": 0.356, "instrumentalness": 0.0103, "liveness": 0.129, "valence": 0.294, "tempo": 169.215, "duration_ms": 241840, "time_signature": 4}, {"uri": "spotify:track:57B5lp7kSs3ygoD4MYnkS2", "name": "True Hearts", "artist": "Foam Lake", "popularity": 0, "danceability": 0.368, "energy": 0.924, "key": 4, "loudness": -6.298, "mode": 1, "speechiness": 0.04, "acousticness": 0.0013, "instrumentalness": 0.117, "liveness": 0.34, "valence": 0.908, "tempo": 159.919, "duration_ms": 220880, "time_signature": 4}, {"uri": "spotify:track:1TlLslThkHEYRv0El6yJgS", "name": "Force and Matter", "artist": "Foam Lake", "popularity": 0, "danceability": 0.496, "energy": 0.803, "key": 2, "loudness": -6.714, "mode": 1, "speechiness": 0.0433, "acousticness": 0.0257, "instrumentalness": 0.000463, "liveness": 0.0699, "valence": 0.415, "tempo": 126.141, "duration_ms": 199213, "time_signature": 4}, {"uri": "spotify:track:2CdKvgNRJNJW9GUNnYJjUm", "name": "Die Fighting", "artist": "Foam Lake", "popularity": 0, "danceability": 0.541, "energy": 0.684, "key": 2, "loudness": -8.05, "mode": 1, "speechiness": 0.0309, "acousticness": 0.000819, "instrumentalness": 0, "liveness": 0.0916, "valence": 0.0835, "tempo": 119.939, "duration_ms": 197227, "time_signature": 3}, {"uri": "spotify:track:4r2ICJBwicAMvjWVzaRa2B", "name": "Lucky Radio", "artist": "Samuel Purdey", "popularity": 0, "danceability": 0.624, "energy": 0.708, "key": 2, "loudness": -10.91, "mode": 0, "speechiness": 0.0427, "acousticness": 0.0858, "instrumentalness": 0.00702, "liveness": 0.0734, "valence": 0.534, "tempo": 108.312, "duration_ms": 236427, "time_signature": 4}, {"uri": "spotify:track:7Dtl25EYWPTXeRDUvEOJUP", "name": "Festival - Radio Edit", "artist": "Victoria and Jacob", "popularity": 0, "danceability": 0.577, "energy": 0.77, "key": 11, "loudness": -7.72, "mode": 0, "speechiness": 0.0837, "acousticness": 0.00886, "instrumentalness": 0, "liveness": 0.0937, "valence": 0.532, "tempo": 125.112, "duration_ms": 202619, "time_signature": 4}, {"uri": "spotify:track:0dE6U4E1rjuEWsLKDDvnzO", "name": "Under the Milky Way", "artist": "Victoria and Jacob", "popularity": 0, "danceability": 0.541, "energy": 0.442, "key": 9, "loudness": -11.046, "mode": 0, "speechiness": 0.0336, "acousticness": 0.382, "instrumentalness": 0.605, "liveness": 0.135, "valence": 0.366, "tempo": 140.034, "duration_ms": 298091, "time_signature": 4}, {"uri": "spotify:track:626LHjvlbmTNrpwS9wcyLa", "name": "The Load", "artist": "Barbarossa", "popularity": 0, "danceability": 0.63, "energy": 0.57, "key": 9, "loudness": -6.174, "mode": 0, "speechiness": 0.0259, "acousticness": 0.507, "instrumentalness": 0.071, "liveness": 0.0525, "valence": 0.423, "tempo": 82.238, "duration_ms": 220675, "time_signature": 4}, {"uri": "spotify:track:6XO0Irn7ugSSj1DxnHaOkS", "name": "Turbine", "artist": "Barbarossa", "popularity": 0, "danceability": 0.774, "energy": 0.568, "key": 7, "loudness": -4.915, "mode": 1, "speechiness": 0.059, "acousticness": 0.0515, "instrumentalness": 0.0038, "liveness": 0.0325, "valence": 0.44, "tempo": 107.947, "duration_ms": 148013, "time_signature": 4}, {"uri": "spotify:track:5NM5JuRUbMH5pNf82o6UZ7", "name": "Colours to Life", "artist": "Temples", "popularity": 0, "danceability": 0.402, "energy": 0.701, "key": 10, "loudness": -6.664, "mode": 0, "speechiness": 0.0316, "acousticness": 7.12e-05, "instrumentalness": 0.642, "liveness": 0.112, "valence": 0.37, "tempo": 133.896, "duration_ms": 316112, "time_signature": 4}, {"uri": "spotify:track:5NM5JuRUbMH5pNf82o6UZ7", "name": "Colours to Life", "artist": "Temples", "popularity": 0, "danceability": 0.402, "energy": 0.701, "key": 10, "loudness": -6.664, "mode": 0, "speechiness": 0.0316, "acousticness": 7.12e-05, "instrumentalness": 0.642, "liveness": 0.112, "valence": 0.37, "tempo": 133.896, "duration_ms": 316112, "time_signature": 4}, {"uri": "spotify:track:3mWtzp2d7ziEVnfVikhiTg", "name": "Where You Stand", "artist": "Travis", "popularity": 11, "danceability": 0.604, "energy": 0.709, "key": 5, "loudness": -7.376, "mode": 1, "speechiness": 0.0257, "acousticness": 0.349, "instrumentalness": 0, "liveness": 0.0996, "valence": 0.539, "tempo": 114.97, "duration_ms": 219602, "time_signature": 3}, {"uri": "spotify:track:0OCXV3HaicYzlJnkynMnon", "name": "Stromness", "artist": "The Magnetic North", "popularity": 0, "danceability": 0.177, "energy": 0.0584, "key": 5, "loudness": -17.086, "mode": 0, "speechiness": 0.0363, "acousticness": 0.972, "instrumentalness": 0.179, "liveness": 0.113, "valence": 0.0387, "tempo": 80.73, "duration_ms": 76653, "time_signature": 4}, {"uri": "spotify:track:1wU8wVNHj6dLThLtzF0B90", "name": "Bay Of Skaill", "artist": "The Magnetic North", "popularity": 0, "danceability": 0.555, "energy": 0.443, "key": 9, "loudness": -9.928, "mode": 0, "speechiness": 0.028, "acousticness": 0.756, "instrumentalness": 0.768, "liveness": 0.105, "valence": 0.607, "tempo": 135.915, "duration_ms": 289147, "time_signature": 4}, {"uri": "spotify:track:3HOeCVPb0C9jRCvSNa1ZS7", "name": "Hi Life", "artist": "The Magnetic North", "popularity": 0, "danceability": 0.497, "energy": 0.74, "key": 4, "loudness": -7.61, "mode": 0, "speechiness": 0.0308, "acousticness": 0.506, "instrumentalness": 0.0945, "liveness": 0.175, "valence": 0.259, "tempo": 109.967, "duration_ms": 268147, "time_signature": 4}, {"uri": "spotify:track:2hqlTy6qjYfIyEav2Bts5C", "name": "Betty Corrigall", "artist": "The Magnetic North", "popularity": 0, "danceability": 0.548, "energy": 0.34, "key": 8, "loudness": -12.442, "mode": 1, "speechiness": 0.0329, "acousticness": 0.856, "instrumentalness": 0.544, "liveness": 0.154, "valence": 0.345, "tempo": 106.056, "duration_ms": 188467, "time_signature": 4}]