[{"uri": "spotify:track:4srpHYFHKjVGRDNHqRpWxi", "name": "TiK ToK", "artist": "Kesha", "popularity": 0, "danceability": 0.755, "energy": 0.832, "key": 2, "loudness": -2.741, "mode": 0, "speechiness": 0.116, "acousticness": 0.0746, "instrumentalness": 1.27e-06, "liveness": 0.291, "valence": 0.735, "tempo": 120.032, "duration_ms": 199693, "time_signature": 4}, {"uri": "spotify:track:11EX5yhxr9Ihl3IN1asrfK", "name": "Need You Now", "artist": "Lady A", "popularity": 74, "danceability": 0.587, "energy": 0.622, "key": 4, "loudness": -5.535, "mode": 1, "speechiness": 0.0303, "acousticness": 0.0927, "instrumentalness": 0.000636, "liveness": 0.2, "valence": 0.231, "tempo": 107.943, "duration_ms": 277573, "time_signature": 4}, {"uri": "spotify:track:0KpfYajJVVGgQ32Dby7e9i", "name": "Hey, Soul Sister", "artist": "Train", "popularity": 1, "danceability": 0.675, "energy": 0.885, "key": 1, "loudness": -4.432, "mode": 0, "speechiness": 0.0436, "acousticness": 0.217, "instrumentalness": 0, "liveness": 0.086, "valence": 0.768, "tempo": 97.03, "duration_ms": 216667, "time_signature": 4}, {"uri": "spotify:track:0uslfroVWg7qGWhdduwC0K", "name": "California Gurls - feat. Snoop Dogg", "artist": "Katy Perry", "popularity": 0, "danceability": 0.791, "energy": 0.76, "key": 0, "loudness": -3.785, "mode": 1, "speechiness": 0.0503, "acousticness": 0.00455, "instrumentalness": 0, "liveness": 0.127, "valence": 0.444, "tempo": 125.04, "duration_ms": 236253, "time_signature": 4}, {"uri": "spotify:track:3r04p85xiJh9Wqk59YDYdc", "name": "OMG", "artist": "Usher", "popularity": 0, "danceability": 0.781, "energy": 0.745, "key": 4, "loudness": -5.81, "mode": 0, "speechiness": 0.0332, "acousticness": 0.198, "instrumentalness": 1.14e-05, "liveness": 0.36, "valence": 0.326, "tempo": 129.998, "duration_ms": 269493, "time_signature": 4}, {"uri": "spotify:track:12rVL9zxkLUrInr6sg8gwX", "name": "Airplanes (feat. Hayley Williams of Paramore)", "artist": "B.o.B", "popularity": 44, "danceability": 0.66, "energy": 0.846, "key": 6, "loudness": -5.252, "mode": 0, "speechiness": 0.124, "acousticness": 0.113, "instrumentalness": 0, "liveness": 0.0459, "valence": 0.417, "tempo": 93.026, "duration_ms": 179800, "time_signature": 4}, {"uri": "spotify:track:15JINEqzVMv3SvJTAXAKED", "name": "Love The Way You Lie", "artist": "Eminem", "popularity": 83, "danceability": 0.749, "energy": 0.925, "key": 10, "loudness": -5.034, "mode": 1, "speechiness": 0.227, "acousticness": 0.241, "instrumentalness": 0, "liveness": 0.52, "valence": 0.641, "tempo": 86.989, "duration_ms": 263373, "time_signature": 4}, {"uri": "spotify:track:34dAuFhftSbjLWksf8c73i", "name": "Bad Romance", "artist": "Lady Gaga", "popularity": 0, "danceability": 0.694, "energy": 0.924, "key": 0, "loudness": -3.764, "mode": 1, "speechiness": 0.0405, "acousticness": 0.00309, "instrumentalness": 3.89e-05, "liveness": 0.121, "valence": 0.72, "tempo": 118.988, "duration_ms": 294467, "time_signature": 4}, {"uri": "spotify:track:1DqdF42leyFIzqNDv9CjId", "name": "Dynamite", "artist": "Taio Cruz", "popularity": 67, "danceability": 0.754, "energy": 0.804, "key": 4, "loudness": -3.177, "mode": 1, "speechiness": 0.0853, "acousticness": 0.00332, "instrumentalness": 0, "liveness": 0.0329, "valence": 0.818, "tempo": 119.968, "duration_ms": 203867, "time_signature": 4}, {"uri": "spotify:track:1CdqVF1ywD0ZO1zXtB9yWa", "name": "Break Your Heart", "artist": "Taio Cruz", "popularity": 63, "danceability": 0.666, "energy": 0.899, "key": 8, "loudness": -4.676, "mode": 1, "speechiness": 0.028, "acousticness": 0.00155, "instrumentalness": 0, "liveness": 0.0677, "valence": 0.629, "tempo": 122.05, "duration_ms": 186267, "time_signature": 4}, {"uri": "spotify:track:59dLtGBS26x7kc0rHbaPrq", "name": "Nothin' on You (feat. Bruno Mars)", "artist": "B.o.B", "popularity": 76, "danceability": 0.688, "energy": 0.853, "key": 10, "loudness": -5.814, "mode": 1, "speechiness": 0.0493, "acousticness": 0.386, "instrumentalness": 0, "liveness": 0.0862, "valence": 0.743, "tempo": 103.993, "duration_ms": 268320, "time_signature": 4}, {"uri": "spotify:track:4nVyHATevhl5RC6Qmoko5H", "name": "I Like It", "artist": "Enrique Iglesias", "popularity": 68, "danceability": 0.646, "energy": 0.94, "key": 10, "loudness": -2.856, "mode": 0, "speechiness": 0.0838, "acousticness": 0.0209, "instrumentalness": 0, "liveness": 0.0691, "valence": 0.704, "tempo": 129.011, "duration_ms": 231787, "time_signature": 4}, {"uri": "spotify:track:3iL2l5gUqyPS6vDwJFgJTR", "name": "BedRock", "artist": "Young Money", "popularity": 73, "danceability": 0.733, "energy": 0.664, "key": 8, "loudness": -6.163, "mode": 1, "speechiness": 0.295, "acousticness": 0.102, "instrumentalness": 0, "liveness": 0.191, "valence": 0.557, "tempo": 148.005, "duration_ms": 288133, "time_signature": 4}, {"uri": "spotify:track:0TyOpxlWwDx98bjkIVHUgY", "name": "In My Head", "artist": "Jason Derulo", "popularity": 57, "danceability": 0.762, "energy": 0.739, "key": 0, "loudness": -4.178, "mode": 0, "speechiness": 0.0328, "acousticness": 0.0269, "instrumentalness": 0, "liveness": 0.498, "valence": 0.852, "tempo": 110.002, "duration_ms": 198960, "time_signature": 4}, {"uri": "spotify:track:4pvLiHkcQ3CSNFKT7HGSGM", "name": "Rude Boy", "artist": "Rihanna", "popularity": 47, "danceability": 0.561, "energy": 0.747, "key": 3, "loudness": -4.471, "mode": 0, "speechiness": 0.171, "acousticness": 0.118, "instrumentalness": 0, "liveness": 0.0682, "valence": 0.774, "tempo": 173.917, "duration_ms": 222987, "time_signature": 4}, {"uri": "spotify:track:0f4eVOXklyLvjcvHkcjRYq", "name": "Telephone", "artist": "Lady Gaga", "popularity": 0, "danceability": 0.824, "energy": 0.83, "key": 3, "loudness": -5.803, "mode": 1, "speechiness": 0.0416, "acousticness": 0.00523, "instrumentalness": 0.000282, "liveness": 0.111, "valence": 0.729, "tempo": 122.031, "duration_ms": 220640, "time_signature": 4}, {"uri": "spotify:track:55qBw1900pZKfXJ6Q9A2Lc", "name": "Teenage Dream", "artist": "Katy Perry", "popularity": 74, "danceability": 0.719, "energy": 0.804, "key": 10, "loudness": -4.581, "mode": 1, "speechiness": 0.0355, "acousticness": 0.0132, "instrumentalness": 3.02e-06, "liveness": 0.139, "valence": 0.605, "tempo": 119.999, "duration_ms": 227760, "time_signature": 4}, {"uri": "spotify:track:24lMtPOCzP5g4hrg3NklLa", "name": "Just The Way You Are", "artist": "Bruno Mars", "popularity": 0, "danceability": 0.637, "energy": 0.843, "key": 5, "loudness": -5.413, "mode": 1, "speechiness": 0.0432, "acousticness": 0.0151, "instrumentalness": 0, "liveness": 0.0876, "valence": 0.434, "tempo": 109.012, "duration_ms": 220733, "time_signature": 4}, {"uri": "spotify:track:2DPYlWl50ydYsnnuryL5aX", "name": "Cooler Than Me (feat. Big Sean)", "artist": "Mike Posner", "popularity": 71, "danceability": 0.837, "energy": 0.515, "key": 7, "loudness": -4.065, "mode": 0, "speechiness": 0.0793, "acousticness": 0.103, "instrumentalness": 0, "liveness": 0.233, "valence": 0.769, "tempo": 129.001, "duration_ms": 227840, "time_signature": 4}, {"uri": "spotify:track:5OiLJ8tjUPFiPX2gVM8fxJ", "name": "Imma Be", "artist": "Black Eyed Peas", "popularity": 68, "danceability": 0.597, "energy": 0.517, "key": 0, "loudness": -6.963, "mode": 1, "speechiness": 0.365, "acousticness": 0.179, "instrumentalness": 0, "liveness": 0.307, "valence": 0.412, "tempo": 92.035, "duration_ms": 257560, "time_signature": 4}, {"uri": "spotify:track:69yVxyuRahEzs2taFMVVoO", "name": "Empire State Of Mind [Jay-Z + Alicia Keys]", "artist": "JAY-Z", "popularity": 0, "danceability": 0.495, "energy": 0.933, "key": 11, "loudness": -3.977, "mode": 1, "speechiness": 0.395, "acousticness": 0.0294, "instrumentalness": 0, "liveness": 0.503, "valence": 0.815, "tempo": 173.414, "duration_ms": 277400, "time_signature": 4}, {"uri": "spotify:track:5tXyNhNcsnn7HbcABntOSf", "name": "DJ Got Us Fallin' In Love", "artist": "Usher", "popularity": 0, "danceability": 0.666, "energy": 0.878, "key": 7, "loudness": -2.85, "mode": 0, "speechiness": 0.0973, "acousticness": 0.03, "instrumentalness": 0, "liveness": 0.0828, "valence": 0.669, "tempo": 119.932, "duration_ms": 222160, "time_signature": 4}, {"uri": "spotify:track:2M9ULmQwTaTGmAdXaXpfz5", "name": "Billionaire (feat. Bruno Mars)", "artist": "Travie McCoy", "popularity": 74, "danceability": 0.633, "energy": 0.673, "key": 6, "loudness": -6.403, "mode": 0, "speechiness": 0.258, "acousticness": 0.297, "instrumentalness": 0, "liveness": 0.206, "valence": 0.659, "tempo": 86.776, "duration_ms": 211160, "time_signature": 4}, {"uri": "spotify:track:7Ie9W94M7OjPoZVV216Xus", "name": "Not Afraid", "artist": "Eminem", "popularity": 81, "danceability": 0.855, "energy": 0.954, "key": 0, "loudness": -1.19, "mode": 0, "speechiness": 0.264, "acousticness": 0.529, "instrumentalness": 0, "liveness": 0.205, "valence": 0.668, "tempo": 114.635, "duration_ms": 248133, "time_signature": 5}, {"uri": "spotify:track:5vlEg2fT4cFWAqU5QptIpQ", "name": "Replay", "artist": "Iyaz", "popularity": 74, "danceability": 0.706, "energy": 0.751, "key": 9, "loudness": -6.323, "mode": 1, "speechiness": 0.0708, "acousticness": 0.173, "instrumentalness": 0, "liveness": 0.168, "valence": 0.195, "tempo": 91.031, "duration_ms": 182307, "time_signature": 4}, {"uri": "spotify:track:0uXO2GrNiIb1xHT9LUdxZE", "name": "Sexy Bitch (feat. Akon)", "artist": "David Guetta", "popularity": 67, "danceability": 0.813, "energy": 0.627, "key": 11, "loudness": -5.018, "mode": 0, "speechiness": 0.0486, "acousticness": 0.0771, "instrumentalness": 0.000616, "liveness": 0.131, "valence": 0.801, "tempo": 130.011, "duration_ms": 195853, "time_signature": 4}, {"uri": "spotify:track:38xWaVFKaxZlMFvzNff2aW", "name": "Breakeven", "artist": "The Script", "popularity": 71, "danceability": 0.627, "energy": 0.699, "key": 10, "loudness": -4.504, "mode": 1, "speechiness": 0.0244, "acousticness": 0.174, "instrumentalness": 0, "liveness": 0.0789, "valence": 0.535, "tempo": 94.003, "duration_ms": 261427, "time_signature": 4}, {"uri": "spotify:track:6sePPH7boWyJDI8spzwfBJ", "name": "Your Love Is My Drug", "artist": "Kesha", "popularity": 0, "danceability": 0.829, "energy": 0.607, "key": 1, "loudness": -3.876, "mode": 1, "speechiness": 0.0897, "acousticness": 0.0049, "instrumentalness": 0, "liveness": 0.0986, "valence": 0.766, "tempo": 120.044, "duration_ms": 187067, "time_signature": 4}, {"uri": "spotify:track:4vp2J1l5RD4gMZwGFLfRAu", "name": "I Gotta Feeling", "artist": "Black Eyed Peas", "popularity": 74, "danceability": 0.743, "energy": 0.766, "key": 0, "loudness": -6.375, "mode": 1, "speechiness": 0.0265, "acousticness": 0.0873, "instrumentalness": 0, "liveness": 0.509, "valence": 0.61, "tempo": 127.96, "duration_ms": 289133, "time_signature": 4}, {"uri": "spotify:track:3DamFFqW32WihKkTVlwTYQ", "name": "Fireflies", "artist": "Owl City", "popularity": 81, "danceability": 0.512, "energy": 0.662, "key": 3, "loudness": -6.797, "mode": 1, "speechiness": 0.0439, "acousticness": 0.0275, "instrumentalness": 0, "liveness": 0.118, "valence": 0.472, "tempo": 180.114, "duration_ms": 228347, "time_signature": 4}, {"uri": "spotify:track:4zVl2Hv9qesl5GkdaThyKl", "name": "Say Aah (feat. Fabolous)", "artist": "Trey Songz", "popularity": 0, "danceability": 0.724, "energy": 0.87, "key": 1, "loudness": -3.614, "mode": 0, "speechiness": 0.113, "acousticness": 0.00453, "instrumentalness": 0, "liveness": 0.833, "valence": 0.81, "tempo": 93.01, "duration_ms": 207547, "time_signature": 4}, {"uri": "spotify:track:4BycRneKmOs6MhYG9THsuX", "name": "Find Your Love", "artist": "Drake", "popularity": 67, "danceability": 0.627, "energy": 0.614, "key": 6, "loudness": -6.006, "mode": 0, "speechiness": 0.17, "acousticness": 0.0211, "instrumentalness": 0, "liveness": 0.0286, "valence": 0.758, "tempo": 96.038, "duration_ms": 208947, "time_signature": 4}, {"uri": "spotify:track:15pu8u4n3q4BKl4tF20c5v", "name": "Alejandro", "artist": "Lady Gaga", "popularity": 0, "danceability": 0.632, "energy": 0.789, "key": 11, "loudness": -6.61, "mode": 0, "speechiness": 0.0557, "acousticness": 0.00043, "instrumentalness": 0.00144, "liveness": 0.356, "valence": 0.35, "tempo": 98.986, "duration_ms": 274213, "time_signature": 4}, {"uri": "spotify:track:7ksYJ95P5vP87A0GH34CIk", "name": "Ridin' Solo", "artist": "Jason Derulo", "popularity": 58, "danceability": 0.442, "energy": 0.83, "key": 9, "loudness": -4.02, "mode": 1, "speechiness": 0.146, "acousticness": 0.128, "instrumentalness": 0, "liveness": 0.129, "valence": 0.578, "tempo": 89.338, "duration_ms": 215747, "time_signature": 4}, {"uri": "spotify:track:3PfeAZbfD134dO6OiLDA2Y", "name": "Just A Dream", "artist": "Nelly", "popularity": 45, "danceability": 0.461, "energy": 0.748, "key": 1, "loudness": -6.122, "mode": 1, "speechiness": 0.033, "acousticness": 0.0444, "instrumentalness": 0, "liveness": 0.125, "valence": 0.115, "tempo": 180.063, "duration_ms": 237987, "time_signature": 4}, {"uri": "spotify:track:1WtTLtofvcjQM3sXSMkDdX", "name": "How Low", "artist": "Ludacris", "popularity": 65, "danceability": 0.785, "energy": 0.498, "key": 1, "loudness": -6.977, "mode": 1, "speechiness": 0.0533, "acousticness": 0.00248, "instrumentalness": 1.23e-06, "liveness": 0.224, "valence": 0.418, "tempo": 143.96, "duration_ms": 201587, "time_signature": 4}, {"uri": "spotify:track:4DvhkX2ic4zWkQeWMwQ2qf", "name": "Like A G6", "artist": "Far East Movement", "popularity": 71, "danceability": 0.435, "energy": 0.837, "key": 3, "loudness": -8.126, "mode": 1, "speechiness": 0.449, "acousticness": 0.00676, "instrumentalness": 0, "liveness": 0.117, "valence": 0.778, "tempo": 124.913, "duration_ms": 216893, "time_signature": 4}, {"uri": "spotify:track:2DHc2e5bBn4UzY0ENVFrUl", "name": "Carry Out (Featuring Justin Timberlake)", "artist": "Timbaland", "popularity": 67, "danceability": 0.531, "energy": 0.574, "key": 10, "loudness": -6.693, "mode": 0, "speechiness": 0.113, "acousticness": 0.114, "instrumentalness": 0.0308, "liveness": 0.256, "valence": 0.272, "tempo": 115.68, "duration_ms": 232467, "time_signature": 5}, {"uri": "spotify:track:0VIiyb6ebpMipzEGMbjqKG", "name": "Haven't Met You Yet", "artist": "Michael Bubl\u00e9", "popularity": 37, "danceability": 0.615, "energy": 0.733, "key": 8, "loudness": -4.808, "mode": 1, "speechiness": 0.0335, "acousticness": 0.152, "instrumentalness": 0, "liveness": 0.109, "valence": 0.796, "tempo": 122.58, "duration_ms": 244587, "time_signature": 4}, {"uri": "spotify:track:0xcl9XT60Siji6CSG4y6nb", "name": "Club Can't Handle Me (feat. David Guetta) - From the Step Up 3D Soundtrack", "artist": "Flo Rida", "popularity": 61, "danceability": 0.623, "energy": 0.882, "key": 0, "loudness": -2.574, "mode": 1, "speechiness": 0.0322, "acousticness": 0.0205, "instrumentalness": 0, "liveness": 0.194, "valence": 0.525, "tempo": 127.98, "duration_ms": 232616, "time_signature": 4}, {"uri": "spotify:track:7LP4Es66zdY7CyjepqmvAg", "name": "Down", "artist": "Jay Sean", "popularity": 6, "danceability": 0.657, "energy": 0.695, "key": 2, "loudness": -4.493, "mode": 1, "speechiness": 0.0321, "acousticness": 0.0108, "instrumentalness": 0, "liveness": 0.0822, "valence": 0.683, "tempo": 65.997, "duration_ms": 212107, "time_signature": 4}, {"uri": "spotify:track:6lUY6MoqGgPnA27PHYxem5", "name": "Bulletproof", "artist": "La Roux", "popularity": 1, "danceability": 0.674, "energy": 0.882, "key": 3, "loudness": -2.771, "mode": 0, "speechiness": 0.0477, "acousticness": 0.000441, "instrumentalness": 6.47e-05, "liveness": 0.068, "valence": 0.682, "tempo": 123.016, "duration_ms": 205733, "time_signature": 4}, {"uri": "spotify:track:2zJZwWF7BTGIIvrAlgzJEx", "name": "Whatcha Say", "artist": "Jason Derulo", "popularity": 60, "danceability": 0.615, "energy": 0.711, "key": 11, "loudness": -5.507, "mode": 1, "speechiness": 0.0779, "acousticness": 0.0444, "instrumentalness": 0, "liveness": 0.145, "valence": 0.711, "tempo": 144.036, "duration_ms": 221253, "time_signature": 4}, {"uri": "spotify:track:6epn3r7S14KUqlReYr77hA", "name": "Baby", "artist": "Justin Bieber", "popularity": 82, "danceability": 0.728, "energy": 0.859, "key": 5, "loudness": -5.237, "mode": 0, "speechiness": 0.137, "acousticness": 0.0401, "instrumentalness": 0, "liveness": 0.111, "valence": 0.535, "tempo": 65.043, "duration_ms": 214240, "time_signature": 4}, {"uri": "spotify:track:2rDwdvBma1O1eLzo29p2cr", "name": "Whataya Want from Me", "artist": "Adam Lambert", "popularity": 65, "danceability": 0.44, "energy": 0.683, "key": 11, "loudness": -4.732, "mode": 0, "speechiness": 0.0489, "acousticness": 0.00706, "instrumentalness": 0, "liveness": 0.0593, "valence": 0.445, "tempo": 185.948, "duration_ms": 227320, "time_signature": 4}, {"uri": "spotify:track:0dBW6ZsW8skfvoRfgeerBF", "name": "Mine", "artist": "Taylor Swift", "popularity": 68, "danceability": 0.624, "energy": 0.757, "key": 7, "loudness": -2.94, "mode": 1, "speechiness": 0.0296, "acousticness": 0.00265, "instrumentalness": 1.87e-06, "liveness": 0.189, "valence": 0.658, "tempo": 121.07, "duration_ms": 230707, "time_signature": 4}, {"uri": "spotify:track:6jAsmDJI8iPhGWtS27kZ67", "name": "Only Girl (In The World)", "artist": "Rihanna", "popularity": 57, "danceability": 0.786, "energy": 0.716, "key": 11, "loudness": -4.253, "mode": 0, "speechiness": 0.0409, "acousticness": 0.102, "instrumentalness": 1.72e-05, "liveness": 0.0557, "valence": 0.595, "tempo": 125.921, "duration_ms": 235520, "time_signature": 4}, {"uri": "spotify:track:51YhN4y2tOvfI0Sv1hoBRo", "name": "Live Like We're Dying", "artist": "Kris Allen", "popularity": 42, "danceability": 0.578, "energy": 0.9, "key": 0, "loudness": -2.501, "mode": 1, "speechiness": 0.0443, "acousticness": 0.0267, "instrumentalness": 0, "liveness": 0.287, "valence": 0.934, "tempo": 92.011, "duration_ms": 212747, "time_signature": 4}, {"uri": "spotify:track:3XcCfweqtfMbZNbM7Mq0gg", "name": "Hard", "artist": "Rihanna", "popularity": 35, "danceability": 0.561, "energy": 0.75, "key": 1, "loudness": -3.588, "mode": 1, "speechiness": 0.0415, "acousticness": 0.0117, "instrumentalness": 0, "liveness": 0.671, "valence": 0.154, "tempo": 90.994, "duration_ms": 250600, "time_signature": 4}, {"uri": "spotify:track:7nmArpOotJ431XYlJXI1vy", "name": "Young Forever [Jay-Z + Mr Hudson]", "artist": "JAY-Z", "popularity": 0, "danceability": 0.622, "energy": 0.684, "key": 9, "loudness": -3.253, "mode": 0, "speechiness": 0.0906, "acousticness": 0.403, "instrumentalness": 0, "liveness": 0.214, "valence": 0.0795, "tempo": 140.286, "duration_ms": 253907, "time_signature": 4}]