[{"uri": "spotify:track:4jLEVhTO5xD2GjidMqXOlS", "name": "Factory", "artist": "Golden Features", "popularity": 22, "danceability": 0.313, "energy": 0.618, "key": 5, "loudness": -7.918, "mode": 0, "speechiness": 0.0976, "acousticness": 0.326, "instrumentalness": 0.52, "liveness": 0.199, "valence": 0.328, "tempo": 143.577, "duration_ms": 243805, "time_signature": 4}, {"uri": "spotify:track:2A7Y6Q3EkKEz9Eq8ccMMPy", "name": "The Great Divide - Seven Lions Remix", "artist": "Velvetine", "popularity": 42, "danceability": 0.46, "energy": 0.785, "key": 1, "loudness": -6.361, "mode": 0, "speechiness": 0.0596, "acousticness": 0.00134, "instrumentalness": 0.000313, "liveness": 0.612, "valence": 0.152, "tempo": 140.087, "duration_ms": 301714, "time_signature": 4}, {"uri": "spotify:track:6KFZx7giraICU4lLtxlKqD", "name": "Paralyzed", "artist": "Kill FM", "popularity": 24, "danceability": 0.619, "energy": 0.839, "key": 7, "loudness": -4.478, "mode": 1, "speechiness": 0.0631, "acousticness": 0.0163, "instrumentalness": 0.000189, "liveness": 0.168, "valence": 0.283, "tempo": 106.016, "duration_ms": 196227, "time_signature": 4}, {"uri": "spotify:track:7g2zJC8JmpZF2vcXjZOHOe", "name": "Lost - William Black Remix", "artist": "Gareth Emery", "popularity": 36, "danceability": 0.594, "energy": 0.806, "key": 8, "loudness": -8.878, "mode": 0, "speechiness": 0.276, "acousticness": 0.0738, "instrumentalness": 0.000909, "liveness": 0.115, "valence": 0.259, "tempo": 144.891, "duration_ms": 185379, "time_signature": 4}, {"uri": "spotify:track:4LVN2wlgFgLFGUaBlorB0N", "name": "Felt This Good (feat. M. Bronx)", "artist": "Kap Slap", "popularity": 9, "danceability": 0.635, "energy": 0.875, "key": 7, "loudness": -2.939, "mode": 0, "speechiness": 0.244, "acousticness": 0.00374, "instrumentalness": 2.04e-05, "liveness": 0.731, "valence": 0.371, "tempo": 126.01, "duration_ms": 219048, "time_signature": 4}, {"uri": "spotify:track:2X2nbPin5AMu13vCimT4o1", "name": "Heroes (we could be) - Grandtheft Remix", "artist": "Alesso", "popularity": 0, "danceability": 0.62, "energy": 0.93, "key": 9, "loudness": -3.235, "mode": 0, "speechiness": 0.1, "acousticness": 0.107, "instrumentalness": 0.00708, "liveness": 0.0842, "valence": 0.451, "tempo": 144.055, "duration_ms": 238120, "time_signature": 4}, {"uri": "spotify:track:1GTR4DAQ8uTNivntonrPE9", "name": "All Falls Down - Dualistic Remix", "artist": "Jus Jack", "popularity": 20, "danceability": 0.545, "energy": 0.916, "key": 10, "loudness": -3.313, "mode": 1, "speechiness": 0.0549, "acousticness": 0.0077, "instrumentalness": 0.00986, "liveness": 0.31, "valence": 0.122, "tempo": 173.972, "duration_ms": 306207, "time_signature": 4}, {"uri": "spotify:track:6wDPn9E6hYBsMiCNkE4Wuo", "name": "Shadow of the Sun - Mako Remix", "artist": "Max Elto", "popularity": 41, "danceability": 0.667, "energy": 0.773, "key": 2, "loudness": -2.263, "mode": 1, "speechiness": 0.0505, "acousticness": 0.00462, "instrumentalness": 2.64e-05, "liveness": 0.15, "valence": 0.285, "tempo": 125.973, "duration_ms": 348571, "time_signature": 4}, {"uri": "spotify:track:56N2B8xeDutHrwEptOuedG", "name": "Into the Sunset - Headhunterz Radio Edit", "artist": "Crystal Lake", "popularity": 0, "danceability": 0.483, "energy": 0.838, "key": 0, "loudness": -2.174, "mode": 0, "speechiness": 0.0587, "acousticness": 0.00495, "instrumentalness": 0, "liveness": 0.386, "valence": 0.429, "tempo": 127.964, "duration_ms": 192187, "time_signature": 4}, {"uri": "spotify:track:1JcC5Zu7vrdMGDjJkw6Z3Q", "name": "Faded - Slushii Remix", "artist": "Alan Walker", "popularity": 0, "danceability": 0.68, "energy": 0.725, "key": 6, "loudness": -3.92, "mode": 1, "speechiness": 0.0611, "acousticness": 0.0316, "instrumentalness": 1.81e-05, "liveness": 0.112, "valence": 0.264, "tempo": 140.048, "duration_ms": 211853, "time_signature": 4}, {"uri": "spotify:track:6sjZtfAZn5GcUf0mrCTk0h", "name": "Worlds Collide - Album Edit", "artist": "Shockwave", "popularity": 13, "danceability": 0.468, "energy": 0.973, "key": 0, "loudness": -2.925, "mode": 1, "speechiness": 0.0651, "acousticness": 0.00417, "instrumentalness": 0.000469, "liveness": 0.475, "valence": 0.29, "tempo": 149.99, "duration_ms": 278678, "time_signature": 4}, {"uri": "spotify:track:00xpBArBCoGR7PEyyyuhwt", "name": "Galaxy - Original Edit", "artist": "Rebourne", "popularity": 21, "danceability": 0.448, "energy": 0.959, "key": 6, "loudness": -3.202, "mode": 0, "speechiness": 0.047, "acousticness": 0.0273, "instrumentalness": 0.682, "liveness": 0.134, "valence": 0.314, "tempo": 148.012, "duration_ms": 231896, "time_signature": 4}, {"uri": "spotify:track:0TzTVwap1OZh6LbI0EYGmz", "name": "TBA 2 (One More Time)", "artist": "Frontliner", "popularity": 0, "danceability": 0.463, "energy": 0.934, "key": 7, "loudness": -3.7, "mode": 1, "speechiness": 0.0376, "acousticness": 0.00785, "instrumentalness": 0.226, "liveness": 0.315, "valence": 0.204, "tempo": 150.02, "duration_ms": 261932, "time_signature": 4}, {"uri": "spotify:track:1G9p6mKSPJeYwcxZzsdJ30", "name": "One In A Million - Paris Blohm Remix", "artist": "Andrew Rayel", "popularity": 20, "danceability": 0.413, "energy": 0.832, "key": 7, "loudness": -4.456, "mode": 1, "speechiness": 0.0431, "acousticness": 0.000396, "instrumentalness": 0, "liveness": 0.671, "valence": 0.179, "tempo": 127.878, "duration_ms": 228765, "time_signature": 4}, {"uri": "spotify:track:54AP6Ln6soNHgGb8R8es1C", "name": "Times Gettin' Hard - Album Intro Version", "artist": "Coone", "popularity": 31, "danceability": 0.604, "energy": 0.778, "key": 6, "loudness": -6.378, "mode": 1, "speechiness": 0.148, "acousticness": 0.152, "instrumentalness": 6.61e-06, "liveness": 0.11, "valence": 0.614, "tempo": 74.953, "duration_ms": 228650, "time_signature": 4}, {"uri": "spotify:track:37kk2Dq4AGiU4dPHcNe5eJ", "name": "Lost In Paradise - Short Edit", "artist": "Max Enforcer", "popularity": 0, "danceability": 0.478, "energy": 0.957, "key": 0, "loudness": -2.994, "mode": 0, "speechiness": 0.0451, "acousticness": 0.0148, "instrumentalness": 0.000351, "liveness": 0.309, "valence": 0.278, "tempo": 149.992, "duration_ms": 192000, "time_signature": 4}, {"uri": "spotify:track:0GcC4Wz93dRVsuiydbDObO", "name": "Can't Stop Playing (Makes Me High) - Oliver Heldens & Gregor Salto Vocal Mix Edit", "artist": "DR. KUCHO!", "popularity": 0, "danceability": 0.708, "energy": 0.904, "key": 6, "loudness": -4.899, "mode": 1, "speechiness": 0.0407, "acousticness": 0.0863, "instrumentalness": 0.000179, "liveness": 0.174, "valence": 0.75, "tempo": 125.003, "duration_ms": 157466, "time_signature": 4}, {"uri": "spotify:track:6R4c9KUUlb16SaanafvX4n", "name": "Memories (Markus Schulz Remix)", "artist": "New World Punx", "popularity": 0, "danceability": 0.704, "energy": 0.855, "key": 9, "loudness": -4.831, "mode": 0, "speechiness": 0.0459, "acousticness": 0.00062, "instrumentalness": 0.0341, "liveness": 0.146, "valence": 0.0516, "tempo": 129.962, "duration_ms": 374936, "time_signature": 4}, {"uri": "spotify:track:01J6iy59nDgDoEd0nhqgcu", "name": "Time Is On Your Side - Radio Edit", "artist": "Stadiumx", "popularity": 39, "danceability": 0.527, "energy": 0.864, "key": 0, "loudness": -3.115, "mode": 1, "speechiness": 0.0499, "acousticness": 0.00947, "instrumentalness": 0.00599, "liveness": 0.207, "valence": 0.422, "tempo": 129.2, "duration_ms": 176799, "time_signature": 4}, {"uri": "spotify:track:3b4edUiGtIAVcy4Fpo03nD", "name": "Waiting For You - Radio Edit", "artist": "Sick Individuals", "popularity": 32, "danceability": 0.546, "energy": 0.912, "key": 9, "loudness": -3.447, "mode": 0, "speechiness": 0.108, "acousticness": 0.0766, "instrumentalness": 1.46e-06, "liveness": 0.333, "valence": 0.469, "tempo": 127.984, "duration_ms": 210234, "time_signature": 4}, {"uri": "spotify:track:2xScjew1nGldhk7eM2qsCv", "name": "Birds Fly (feat. Mr. Probz)", "artist": "Hardwell", "popularity": 18, "danceability": 0.566, "energy": 0.675, "key": 3, "loudness": -4.602, "mode": 0, "speechiness": 0.0331, "acousticness": 0.0611, "instrumentalness": 0, "liveness": 0.642, "valence": 0.11, "tempo": 122.553, "duration_ms": 207805, "time_signature": 4}, {"uri": "spotify:track:2UN6a0lRIU0g1zfLQ0rp6p", "name": "Are You with Me - Dimaro Radio Edit", "artist": "Lost Frequencies", "popularity": 27, "danceability": 0.643, "energy": 0.891, "key": 5, "loudness": -3.908, "mode": 0, "speechiness": 0.0925, "acousticness": 0.0049, "instrumentalness": 0.00165, "liveness": 0.308, "valence": 0.316, "tempo": 128.047, "duration_ms": 214096, "time_signature": 4}, {"uri": "spotify:track:1dgJG0sCbEYhaOhbYyoJfu", "name": "Nobody To Love - Third Party Remix", "artist": "Sigma", "popularity": 0, "danceability": 0.604, "energy": 0.838, "key": 3, "loudness": -4.319, "mode": 1, "speechiness": 0.0588, "acousticness": 0.00275, "instrumentalness": 0.000942, "liveness": 0.102, "valence": 0.195, "tempo": 127.977, "duration_ms": 317213, "time_signature": 4}, {"uri": "spotify:track:6nseSOaIbhkgr3jEZl1QYm", "name": "Hiding (feat. The Nicholas) [Original Mix]", "artist": "San Holo", "popularity": 0, "danceability": 0.709, "energy": 0.771, "key": 9, "loudness": -7.353, "mode": 1, "speechiness": 0.121, "acousticness": 0.0298, "instrumentalness": 0.0906, "liveness": 0.187, "valence": 0.558, "tempo": 156.966, "duration_ms": 247719, "time_signature": 4}, {"uri": "spotify:track:12mGwph2YzDIlChtq3EdXP", "name": "Alone", "artist": "Marshmello", "popularity": 1, "danceability": 0.636, "energy": 0.953, "key": 2, "loudness": -3.74, "mode": 1, "speechiness": 0.0353, "acousticness": 0.0244, "instrumentalness": 0.0164, "liveness": 0.108, "valence": 0.397, "tempo": 142.011, "duration_ms": 273803, "time_signature": 4}, {"uri": "spotify:track:3bqzUDyN8wTCmdyzg6OlF3", "name": "SHY", "artist": "The Magician", "popularity": 0, "danceability": 0.601, "energy": 0.802, "key": 1, "loudness": -3.882, "mode": 1, "speechiness": 0.0511, "acousticness": 0.00995, "instrumentalness": 0.00392, "liveness": 0.131, "valence": 0.6, "tempo": 122.979, "duration_ms": 204685, "time_signature": 4}, {"uri": "spotify:track:0sNu1RdkrTUg7qmyOZYLgw", "name": "Don't Let Me Down - W&W Remix", "artist": "The Chainsmokers", "popularity": 0, "danceability": 0.435, "energy": 0.903, "key": 8, "loudness": -4.638, "mode": 0, "speechiness": 0.14, "acousticness": 0.0364, "instrumentalness": 0.00241, "liveness": 0.115, "valence": 0.446, "tempo": 159.984, "duration_ms": 195453, "time_signature": 4}, {"uri": "spotify:track:1F9ATzR6eLrTXHxjTVKF6K", "name": "Kids - Seeb Remix", "artist": "OneRepublic", "popularity": 0, "danceability": 0.642, "energy": 0.862, "key": 2, "loudness": -2.712, "mode": 1, "speechiness": 0.0565, "acousticness": 0.118, "instrumentalness": 0, "liveness": 0.0705, "valence": 0.51, "tempo": 102.049, "duration_ms": 195307, "time_signature": 4}, {"uri": "spotify:track:0bEieeFbVqwFLWa2XpJseK", "name": "Shine", "artist": "Spektrem", "popularity": 54, "danceability": 0.612, "energy": 0.805, "key": 5, "loudness": -6.375, "mode": 0, "speechiness": 0.0732, "acousticness": 0.0109, "instrumentalness": 0.00562, "liveness": 0.249, "valence": 0.272, "tempo": 128.02, "duration_ms": 315585, "time_signature": 4}, {"uri": "spotify:track:3ttQt5OV4PVGgTVuBvGO7X", "name": "Adventures", "artist": "William Ekh", "popularity": 22, "danceability": 0.496, "energy": 0.59, "key": 0, "loudness": -7.197, "mode": 1, "speechiness": 0.0413, "acousticness": 0.115, "instrumentalness": 1.08e-05, "liveness": 0.472, "valence": 0.146, "tempo": 128.055, "duration_ms": 208140, "time_signature": 4}, {"uri": "spotify:track:0xEAtUiTBYiHP4CnQgwSR0", "name": "I Feel", "artist": "JETFIRE", "popularity": 0, "danceability": 0.402, "energy": 0.868, "key": 1, "loudness": -3.624, "mode": 0, "speechiness": 0.0777, "acousticness": 0.00274, "instrumentalness": 0.0721, "liveness": 0.0339, "valence": 0.171, "tempo": 127.916, "duration_ms": 196875, "time_signature": 4}, {"uri": "spotify:track:3yzJxgqXvOQv77bsRe6aLu", "name": "Amsterdam (AMF 2016 Anthem)", "artist": "Jay Hardway", "popularity": 0, "danceability": 0.555, "energy": 0.843, "key": 9, "loudness": -5.265, "mode": 0, "speechiness": 0.057, "acousticness": 0.000754, "instrumentalness": 0.812, "liveness": 0.121, "valence": 0.217, "tempo": 128.079, "duration_ms": 162187, "time_signature": 4}, {"uri": "spotify:track:5pUKiT2ZDx4FAAVtqHFiav", "name": "Jam With You - Piece of Meat Remix", "artist": "Jerry Jay", "popularity": 0, "danceability": 0.535, "energy": 0.576, "key": 8, "loudness": -6.464, "mode": 1, "speechiness": 0.137, "acousticness": 0.0441, "instrumentalness": 0.00289, "liveness": 0.188, "valence": 0.278, "tempo": 141.129, "duration_ms": 281484, "time_signature": 4}, {"uri": "spotify:track:4VObUur1cSVBfQOi2md72G", "name": "Fly Away - Mendum Remix", "artist": "Krys Talk", "popularity": 31, "danceability": 0.332, "energy": 0.715, "key": 6, "loudness": -4.204, "mode": 0, "speechiness": 0.0387, "acousticness": 0.00595, "instrumentalness": 0.003, "liveness": 0.374, "valence": 0.242, "tempo": 140.151, "duration_ms": 267442, "time_signature": 4}, {"uri": "spotify:track:0W9QQYmmJLchb5saBrIXUs", "name": "Your Moment - Radio Edit", "artist": "Code Black", "popularity": 7, "danceability": 0.49, "energy": 0.738, "key": 9, "loudness": -6.687, "mode": 0, "speechiness": 0.0435, "acousticness": 0.0765, "instrumentalness": 0.778, "liveness": 0.221, "valence": 0.0909, "tempo": 150.044, "duration_ms": 253600, "time_signature": 4}, {"uri": "spotify:track:4hJZAiIwNfnelFHKBSk6Oj", "name": "Fable - Radio Edit", "artist": "Orjan Nilsen", "popularity": 21, "danceability": 0.722, "energy": 0.93, "key": 1, "loudness": -1.607, "mode": 1, "speechiness": 0.046, "acousticness": 0.198, "instrumentalness": 0.407, "liveness": 0.359, "valence": 0.412, "tempo": 128.009, "duration_ms": 228000, "time_signature": 4}, {"uri": "spotify:track:4XEM2IBeOp1W0USZXi2SGC", "name": "Collide (Radio Edit) [feat. Collin McLoughlin]", "artist": "Laidback Luke", "popularity": 0, "danceability": 0.443, "energy": 0.948, "key": 4, "loudness": -3.29, "mode": 1, "speechiness": 0.108, "acousticness": 0.0124, "instrumentalness": 3.99e-06, "liveness": 0.131, "valence": 0.341, "tempo": 127.928, "duration_ms": 200435, "time_signature": 4}, {"uri": "spotify:track:3HRcrLUkUGcWJ3uvz1hIQt", "name": "Hardstyle DNA (Radio)", "artist": "Refuzion", "popularity": 0, "danceability": 0.546, "energy": 0.946, "key": 11, "loudness": -4.938, "mode": 1, "speechiness": 0.0419, "acousticness": 0.0042, "instrumentalness": 0.00039, "liveness": 0.145, "valence": 0.488, "tempo": 149.952, "duration_ms": 210570, "time_signature": 4}]