[{"uri": "spotify:track:05pKAafT85jeeNhZ6kq7HT", "name": "I Won't Give Up", "artist": "Jason Mraz", "popularity": 68, "danceability": 0.585, "energy": 0.303, "key": 4, "loudness": -10.058, "mode": 1, "speechiness": 0.0398, "acousticness": 0.694, "instrumentalness": 0, "liveness": 0.115, "valence": 0.142, "tempo": 136.703, "duration_ms": 240166, "time_signature": 3}, {"uri": "spotify:track:7BzhqmRj3iOZXqMHqiifHr", "name": "Heartbeats", "artist": "Jos\u00e9 Gonz\u00e1lez", "popularity": 0, "danceability": 0.552, "energy": 0.15, "key": 3, "loudness": -16.746, "mode": 1, "speechiness": 0.0347, "acousticness": 0.974, "instrumentalness": 0.731, "liveness": 0.0698, "valence": 0.316, "tempo": 87.485, "duration_ms": 160240, "time_signature": 4}, {"uri": "spotify:track:6GGA4fEbHJop37OOjK2kFR", "name": "Across The Universe - Remix", "artist": "Rufus Wainwright", "popularity": 41, "danceability": 0.343, "energy": 0.485, "key": 2, "loudness": -4.754, "mode": 1, "speechiness": 0.0267, "acousticness": 0.495, "instrumentalness": 0, "liveness": 0.103, "valence": 0.177, "tempo": 148.268, "duration_ms": 250893, "time_signature": 4}, {"uri": "spotify:track:0SMRck5oZi9hc16L6FuRF6", "name": "Chapel Of Love", "artist": "The Dixie Cups", "popularity": 51, "danceability": 0.54, "energy": 0.365, "key": 6, "loudness": -13.56, "mode": 0, "speechiness": 0.0342, "acousticness": 0.395, "instrumentalness": 0, "liveness": 0.131, "valence": 0.588, "tempo": 123.051, "duration_ms": 167773, "time_signature": 4}, {"uri": "spotify:track:1wQXj5bgxyZQ2XmE2X9s6n", "name": "Til Kingdom Come", "artist": "Coldplay", "popularity": 65, "danceability": 0.607, "energy": 0.395, "key": 0, "loudness": -9.593, "mode": 1, "speechiness": 0.0287, "acousticness": 0.61, "instrumentalness": 0.00768, "liveness": 0.33, "valence": 0.274, "tempo": 115.068, "duration_ms": 250668, "time_signature": 4}, {"uri": "spotify:track:5OiaAaIMYlCZONyDBxqk4G", "name": "First Day Of My Life", "artist": "Bright Eyes", "popularity": 4, "danceability": 0.602, "energy": 0.201, "key": 4, "loudness": -17.024, "mode": 1, "speechiness": 0.0363, "acousticness": 0.915, "instrumentalness": 8.28e-05, "liveness": 0.0952, "valence": 0.385, "tempo": 95.345, "duration_ms": 188800, "time_signature": 4}, {"uri": "spotify:track:1qHXpsRP2gwteJCPUrc9wA", "name": "You & Me", "artist": "Dave Matthews Band", "popularity": 0, "danceability": 0.652, "energy": 0.627, "key": 7, "loudness": -7.313, "mode": 1, "speechiness": 0.0894, "acousticness": 0.436, "instrumentalness": 8.11e-06, "liveness": 0.0674, "valence": 0.315, "tempo": 137.867, "duration_ms": 340533, "time_signature": 3}, {"uri": "spotify:track:7GmgYPHccXRS9r5oQkVvk9", "name": "Sweet Disposition", "artist": "Vitamin String Quartet", "popularity": 25, "danceability": 0.681, "energy": 0.222, "key": 2, "loudness": -14.629, "mode": 1, "speechiness": 0.0357, "acousticness": 0.94, "instrumentalness": 0.937, "liveness": 0.205, "valence": 0.638, "tempo": 127.002, "duration_ms": 201333, "time_signature": 4}, {"uri": "spotify:track:0prw5XSbHLmKsctDEdeBuA", "name": "Only Time", "artist": "Enya", "popularity": 26, "danceability": 0.276, "energy": 0.288, "key": 3, "loudness": -12.604, "mode": 1, "speechiness": 0.0325, "acousticness": 0.831, "instrumentalness": 0.706, "liveness": 0.117, "valence": 0.216, "tempo": 165.354, "duration_ms": 217680, "time_signature": 4}, {"uri": "spotify:track:0b99xsUKkETGwZGzpX987r", "name": "When I Say I Do", "artist": "Matthew West", "popularity": 57, "danceability": 0.478, "energy": 0.433, "key": 11, "loudness": -7.16, "mode": 1, "speechiness": 0.0328, "acousticness": 0.77, "instrumentalness": 0, "liveness": 0.219, "valence": 0.31, "tempo": 147.919, "duration_ms": 246000, "time_signature": 4}, {"uri": "spotify:track:2ZNJ9WW2gJpk7yxEI5knSA", "name": "The Way I Am", "artist": "Ingrid Michaelson", "popularity": 0, "danceability": 0.886, "energy": 0.259, "key": 5, "loudness": -9.246, "mode": 1, "speechiness": 0.0423, "acousticness": 0.731, "instrumentalness": 5.49e-06, "liveness": 0.108, "valence": 0.305, "tempo": 119.894, "duration_ms": 135387, "time_signature": 4}, {"uri": "spotify:track:78cFP4KrcUeEx06XI5y0UX", "name": "Fools For Each Other", "artist": "Guy Clark", "popularity": 0, "danceability": 0.486, "energy": 0.257, "key": 2, "loudness": -14.81, "mode": 1, "speechiness": 0.031, "acousticness": 0.615, "instrumentalness": 5e-06, "liveness": 0.352, "valence": 0.332, "tempo": 125.699, "duration_ms": 257440, "time_signature": 4}, {"uri": "spotify:track:69vz0eR8Y5BturogJlYCmY", "name": "All You Need Is Love", "artist": "The Yesteryears", "popularity": 34, "danceability": 0.494, "energy": 0.601, "key": 7, "loudness": -8.161, "mode": 1, "speechiness": 0.0343, "acousticness": 0.161, "instrumentalness": 0, "liveness": 0.101, "valence": 0.489, "tempo": 100.121, "duration_ms": 232246, "time_signature": 4}, {"uri": "spotify:track:2HxjhEugETRl7l4Se24qYv", "name": "Everything", "artist": "Lifehouse", "popularity": 0, "danceability": 0.129, "energy": 0.374, "key": 1, "loudness": -8.421, "mode": 0, "speechiness": 0.0321, "acousticness": 0.0934, "instrumentalness": 0.0549, "liveness": 0.102, "valence": 0.0389, "tempo": 181.053, "duration_ms": 368307, "time_signature": 4}, {"uri": "spotify:track:6WKhpIoenlNbDzPBBDD5DV", "name": "Come From The Heart", "artist": "Guy Clark", "popularity": 15, "danceability": 0.571, "energy": 0.167, "key": 4, "loudness": -14.932, "mode": 1, "speechiness": 0.0681, "acousticness": 0.727, "instrumentalness": 0.000128, "liveness": 0.101, "valence": 0.468, "tempo": 187.35, "duration_ms": 198020, "time_signature": 4}, {"uri": "spotify:track:3yJGIhIzntrjL1kSVXQuVl", "name": "She Is My Everything", "artist": "John Prine", "popularity": 0, "danceability": 0.401, "energy": 0.637, "key": 7, "loudness": -8.502, "mode": 1, "speechiness": 0.0297, "acousticness": 0.0486, "instrumentalness": 0.000211, "liveness": 0.125, "valence": 0.766, "tempo": 158.357, "duration_ms": 265720, "time_signature": 4}, {"uri": "spotify:track:1Htslsoir8CIhBAp715vxm", "name": "Never Alone", "artist": "Jim Brickman", "popularity": 0, "danceability": 0.28, "energy": 0.467, "key": 2, "loudness": -7.255, "mode": 1, "speechiness": 0.0481, "acousticness": 0.689, "instrumentalness": 0, "liveness": 0.118, "valence": 0.385, "tempo": 67.875, "duration_ms": 221947, "time_signature": 3}, {"uri": "spotify:track:0zu7EjQ4ij0uVpqp9eGR1J", "name": "When You Say Nothing At All", "artist": "Alison Krauss", "popularity": 0, "danceability": 0.669, "energy": 0.244, "key": 3, "loudness": -12.493, "mode": 1, "speechiness": 0.0267, "acousticness": 0.757, "instrumentalness": 0.00016, "liveness": 0.0841, "valence": 0.326, "tempo": 86.707, "duration_ms": 260800, "time_signature": 4}, {"uri": "spotify:track:4jQvuRdc8l5M5nmbQlusa0", "name": "You Had Me from Hello", "artist": "Kenny Chesney", "popularity": 0, "danceability": 0.586, "energy": 0.421, "key": 2, "loudness": -8.869, "mode": 1, "speechiness": 0.0294, "acousticness": 0.474, "instrumentalness": 0, "liveness": 0.13, "valence": 0.17, "tempo": 137.941, "duration_ms": 230600, "time_signature": 4}, {"uri": "spotify:track:3qpgmZfF8BDXqncaZYi4Eq", "name": "I'm Gonna Love You Through It", "artist": "Martina McBride", "popularity": 0, "danceability": 0.427, "energy": 0.684, "key": 5, "loudness": -4.973, "mode": 1, "speechiness": 0.0345, "acousticness": 0.311, "instrumentalness": 0, "liveness": 0.112, "valence": 0.277, "tempo": 142.621, "duration_ms": 225560, "time_signature": 4}, {"uri": "spotify:track:0gU7XaWTFbfWt3ZxUT4nmI", "name": "Only Love", "artist": "John Prine", "popularity": 0, "danceability": 0.535, "energy": 0.0101, "key": 0, "loudness": -29.599, "mode": 1, "speechiness": 0.0345, "acousticness": 0.552, "instrumentalness": 0.00561, "liveness": 0.127, "valence": 0.185, "tempo": 147.441, "duration_ms": 209573, "time_signature": 4}, {"uri": "spotify:track:0AyKFrN3VAuKzRXA2BtPgP", "name": "Valentine", "artist": "Jim Brickman", "popularity": 46, "danceability": 0.305, "energy": 0.314, "key": 1, "loudness": -9.82, "mode": 1, "speechiness": 0.0306, "acousticness": 0.829, "instrumentalness": 2.77e-05, "liveness": 0.122, "valence": 0.199, "tempo": 190.319, "duration_ms": 192240, "time_signature": 4}, {"uri": "spotify:track:3USxMmW6gDVAQvixssJyTc", "name": "The Love In Your Eyes", "artist": "George Jones", "popularity": 0, "danceability": 0.494, "energy": 0.385, "key": 0, "loudness": -11.683, "mode": 1, "speechiness": 0.0264, "acousticness": 0.664, "instrumentalness": 0, "liveness": 0.15, "valence": 0.303, "tempo": 140.748, "duration_ms": 232107, "time_signature": 3}, {"uri": "spotify:track:7aDcS8ufyLrf6IqTloqfI1", "name": "From This Moment On", "artist": "Shania Twain", "popularity": 0, "danceability": 0.3, "energy": 0.327, "key": 7, "loudness": -9.395, "mode": 1, "speechiness": 0.0293, "acousticness": 0.511, "instrumentalness": 0, "liveness": 0.108, "valence": 0.111, "tempo": 135.671, "duration_ms": 281533, "time_signature": 4}, {"uri": "spotify:track:7iOAuvd1mWVhlRuQiPUVQa", "name": "Simple Love", "artist": "Alison Krauss", "popularity": 0, "danceability": 0.472, "energy": 0.674, "key": 4, "loudness": -7.293, "mode": 1, "speechiness": 0.0314, "acousticness": 0.381, "instrumentalness": 0.000314, "liveness": 0.098, "valence": 0.394, "tempo": 153.517, "duration_ms": 283120, "time_signature": 4}, {"uri": "spotify:track:5WEK4szbQp9c7ZK6LkYd9k", "name": "The Keeper Of The Stars", "artist": "Tracy Byrd", "popularity": 60, "danceability": 0.583, "energy": 0.276, "key": 2, "loudness": -12.912, "mode": 1, "speechiness": 0.0264, "acousticness": 0.47, "instrumentalness": 0, "liveness": 0.143, "valence": 0.0486, "tempo": 78.079, "duration_ms": 247627, "time_signature": 4}, {"uri": "spotify:track:5w3SnKBS0vwCjJZHSF1tYJ", "name": "We Must Be Loving Right", "artist": "George Strait", "popularity": 20, "danceability": 0.502, "energy": 0.236, "key": 3, "loudness": -15.092, "mode": 0, "speechiness": 0.0291, "acousticness": 0.715, "instrumentalness": 0.000687, "liveness": 0.0782, "valence": 0.156, "tempo": 66.623, "duration_ms": 216293, "time_signature": 4}, {"uri": "spotify:track:28dKRl0QkZcll8JEqXfe8m", "name": "I Do Cherish You", "artist": "Mark Wills", "popularity": 10, "danceability": 0.57, "energy": 0.362, "key": 6, "loudness": -8.117, "mode": 1, "speechiness": 0.0251, "acousticness": 0.81, "instrumentalness": 0, "liveness": 0.13, "valence": 0.23, "tempo": 82.976, "duration_ms": 197788, "time_signature": 4}, {"uri": "spotify:track:3cJNDQGaYptpN1FO0zCf8C", "name": "I'll Be", "artist": "Reba McEntire", "popularity": 23, "danceability": 0.585, "energy": 0.378, "key": 0, "loudness": -11.478, "mode": 1, "speechiness": 0.0272, "acousticness": 0.615, "instrumentalness": 0, "liveness": 0.107, "valence": 0.244, "tempo": 122.731, "duration_ms": 267173, "time_signature": 4}, {"uri": "spotify:track:0wfr8FjpLXIO1YjqEyVCg5", "name": "You Won't Ever Be Lonely", "artist": "Andy Griggs", "popularity": 51, "danceability": 0.471, "energy": 0.617, "key": 8, "loudness": -8.394, "mode": 1, "speechiness": 0.038, "acousticness": 0.0522, "instrumentalness": 0, "liveness": 0.229, "valence": 0.491, "tempo": 182.323, "duration_ms": 210307, "time_signature": 4}, {"uri": "spotify:track:4YjjNHtEsTX6Af4mCTupT5", "name": "Bless The Broken Road", "artist": "Rascal Flatts", "popularity": 73, "danceability": 0.591, "energy": 0.45, "key": 0, "loudness": -6.369, "mode": 1, "speechiness": 0.0266, "acousticness": 0.671, "instrumentalness": 2.23e-05, "liveness": 0.159, "valence": 0.344, "tempo": 135.893, "duration_ms": 226680, "time_signature": 4}, {"uri": "spotify:track:1s2khOWzC99udpUaPICLJI", "name": "There You'll Be - 2007 Remaster", "artist": "Faith Hill", "popularity": 55, "danceability": 0.325, "energy": 0.532, "key": 8, "loudness": -7.208, "mode": 1, "speechiness": 0.0308, "acousticness": 0.496, "instrumentalness": 0, "liveness": 0.134, "valence": 0.162, "tempo": 129.021, "duration_ms": 220840, "time_signature": 4}, {"uri": "spotify:track:7EjflQQa1KpqzJHtn7irHN", "name": "Back At One", "artist": "Mark Wills", "popularity": 0, "danceability": 0.62, "energy": 0.503, "key": 11, "loudness": -7.57, "mode": 1, "speechiness": 0.027, "acousticness": 0.2, "instrumentalness": 0, "liveness": 0.103, "valence": 0.309, "tempo": 129.866, "duration_ms": 246253, "time_signature": 4}, {"uri": "spotify:track:5VJlvaPufnazmTvt2sHQqc", "name": "How Do I Live", "artist": "LeAnn Rimes", "popularity": 0, "danceability": 0.578, "energy": 0.426, "key": 2, "loudness": -9.171, "mode": 1, "speechiness": 0.0289, "acousticness": 0.117, "instrumentalness": 0, "liveness": 0.0772, "valence": 0.275, "tempo": 128.319, "duration_ms": 266733, "time_signature": 4}, {"uri": "spotify:track:3dAgQFdruU8ufWc5GE05xC", "name": "She's Everything", "artist": "Brad Paisley", "popularity": 66, "danceability": 0.355, "energy": 0.478, "key": 0, "loudness": -8.323, "mode": 1, "speechiness": 0.0334, "acousticness": 0.569, "instrumentalness": 2.88e-06, "liveness": 0.194, "valence": 0.271, "tempo": 102.967, "duration_ms": 266920, "time_signature": 4}, {"uri": "spotify:track:1T1C9VVQ1lb60WxWZx7KoG", "name": "I Won't Let Go", "artist": "Rascal Flatts", "popularity": 61, "danceability": 0.557, "energy": 0.406, "key": 4, "loudness": -7.083, "mode": 1, "speechiness": 0.0278, "acousticness": 0.742, "instrumentalness": 0, "liveness": 0.113, "valence": 0.222, "tempo": 131.96, "duration_ms": 227760, "time_signature": 4}, {"uri": "spotify:track:0fZq48okuWkpAgjsWogAJ4", "name": "I Loved Her First", "artist": "Heartland", "popularity": 0, "danceability": 0.423, "energy": 0.391, "key": 4, "loudness": -6.517, "mode": 1, "speechiness": 0.0262, "acousticness": 0.295, "instrumentalness": 0, "liveness": 0.175, "valence": 0.166, "tempo": 137.031, "duration_ms": 212013, "time_signature": 3}, {"uri": "spotify:track:0TITWbP9cAwrMhOAVFPSSV", "name": "My Best Friend", "artist": "Tim McGraw", "popularity": 0, "danceability": 0.399, "energy": 0.542, "key": 9, "loudness": -6.457, "mode": 1, "speechiness": 0.0306, "acousticness": 0.103, "instrumentalness": 0, "liveness": 0.0493, "valence": 0.344, "tempo": 73.672, "duration_ms": 279640, "time_signature": 4}, {"uri": "spotify:track:2WsWOqZk5YKJD1WTGKihRp", "name": "Love You Out Loud", "artist": "Rascal Flatts", "popularity": 43, "danceability": 0.621, "energy": 0.874, "key": 8, "loudness": -2.823, "mode": 1, "speechiness": 0.0338, "acousticness": 0.151, "instrumentalness": 0, "liveness": 0.287, "valence": 0.712, "tempo": 97.079, "duration_ms": 185493, "time_signature": 4}, {"uri": "spotify:track:38svIEZx14taLmeQQfMFDv", "name": "The Woman with You", "artist": "Kenny Chesney", "popularity": 43, "danceability": 0.55, "energy": 0.664, "key": 7, "loudness": -7.161, "mode": 1, "speechiness": 0.0348, "acousticness": 0.0672, "instrumentalness": 4.31e-05, "liveness": 0.114, "valence": 0.273, "tempo": 139.933, "duration_ms": 270000, "time_signature": 4}, {"uri": "spotify:track:2YVCkTYJpv5jelYrHYoEG8", "name": "I Run To You", "artist": "Lady A", "popularity": 60, "danceability": 0.655, "energy": 0.786, "key": 3, "loudness": -4.451, "mode": 1, "speechiness": 0.034, "acousticness": 0.163, "instrumentalness": 5.99e-05, "liveness": 0.124, "valence": 0.378, "tempo": 113.964, "duration_ms": 256013, "time_signature": 4}, {"uri": "spotify:track:6iNcyWk5iUEY7P9zeTc5hm", "name": "Amazed", "artist": "Lonestar", "popularity": 62, "danceability": 0.557, "energy": 0.553, "key": 1, "loudness": -7.954, "mode": 1, "speechiness": 0.0319, "acousticness": 0.247, "instrumentalness": 0, "liveness": 0.125, "valence": 0.253, "tempo": 139.821, "duration_ms": 239987, "time_signature": 4}, {"uri": "spotify:track:3i6M5lPYYDNK8bnmuuHxhZ", "name": "Waiting On You", "artist": "KingBilly", "popularity": 1, "danceability": 0.542, "energy": 0.487, "key": 2, "loudness": -6.482, "mode": 1, "speechiness": 0.0306, "acousticness": 0.378, "instrumentalness": 0, "liveness": 0.123, "valence": 0.318, "tempo": 138.167, "duration_ms": 300147, "time_signature": 4}, {"uri": "spotify:track:3XKbdb9GB6u3hsnUklQTav", "name": "Then", "artist": "Brad Paisley", "popularity": 64, "danceability": 0.493, "energy": 0.643, "key": 0, "loudness": -5.19, "mode": 1, "speechiness": 0.0299, "acousticness": 0.512, "instrumentalness": 2.43e-05, "liveness": 0.209, "valence": 0.3, "tempo": 144.704, "duration_ms": 321640, "time_signature": 4}, {"uri": "spotify:track:1J4HTEFSDx9DWyJVH5uv1b", "name": "History In The Making", "artist": "Darius Rucker", "popularity": 45, "danceability": 0.475, "energy": 0.718, "key": 0, "loudness": -5.638, "mode": 1, "speechiness": 0.034, "acousticness": 0.0373, "instrumentalness": 0, "liveness": 0.326, "valence": 0.453, "tempo": 157.722, "duration_ms": 209480, "time_signature": 4}, {"uri": "spotify:track:3y4LxiYMgDl4RethdzpmNe", "name": "Breathe", "artist": "Faith Hill", "popularity": 69, "danceability": 0.529, "energy": 0.496, "key": 7, "loudness": -9.007, "mode": 1, "speechiness": 0.029, "acousticness": 0.173, "instrumentalness": 0, "liveness": 0.251, "valence": 0.278, "tempo": 136.859, "duration_ms": 250547, "time_signature": 4}, {"uri": "spotify:track:06ySRvEnrUxZZ9ml3VO2TY", "name": "You're My Better Half", "artist": "Keith Urban", "popularity": 46, "danceability": 0.655, "energy": 0.747, "key": 4, "loudness": -4.41, "mode": 1, "speechiness": 0.0333, "acousticness": 0.0369, "instrumentalness": 1.29e-06, "liveness": 0.0449, "valence": 0.613, "tempo": 118.054, "duration_ms": 239400, "time_signature": 4}, {"uri": "spotify:track:2n8feXSostJLdPSgNuWalW", "name": "Me and You", "artist": "Kenny Chesney", "popularity": 39, "danceability": 0.593, "energy": 0.331, "key": 7, "loudness": -9.704, "mode": 1, "speechiness": 0.0272, "acousticness": 0.268, "instrumentalness": 1.57e-05, "liveness": 0.297, "valence": 0.262, "tempo": 143.423, "duration_ms": 220333, "time_signature": 4}, {"uri": "spotify:track:04ccQGJ1i8gL7JoeCPiJbv", "name": "Don't Happen Twice", "artist": "Kenny Chesney", "popularity": 51, "danceability": 0.499, "energy": 0.708, "key": 7, "loudness": -7.029, "mode": 1, "speechiness": 0.0301, "acousticness": 0.00626, "instrumentalness": 1.15e-05, "liveness": 0.0423, "valence": 0.617, "tempo": 158.785, "duration_ms": 203067, "time_signature": 4}, {"uri": "spotify:track:6hxjTmXAWbeZaD0R9ntTCF", "name": "When The Stars Go Blue", "artist": "Tim McGraw", "popularity": 0, "danceability": 0.445, "energy": 0.682, "key": 10, "loudness": -6.686, "mode": 1, "speechiness": 0.0289, "acousticness": 0.357, "instrumentalness": 7.28e-06, "liveness": 0.109, "valence": 0.631, "tempo": 181.64, "duration_ms": 235280, "time_signature": 4}, {"uri": "spotify:track:4o8STNAL91xc7EvuvqSKk1", "name": "Whatever It Is", "artist": "Zac Brown Band", "popularity": 0, "danceability": 0.686, "energy": 0.576, "key": 1, "loudness": -6.632, "mode": 1, "speechiness": 0.0284, "acousticness": 0.443, "instrumentalness": 1.7e-05, "liveness": 0.212, "valence": 0.72, "tempo": 83.971, "duration_ms": 208213, "time_signature": 4}, {"uri": "spotify:track:5pvIz4hL9j5ei4q5Bk2WJW", "name": "Just To See You Smile", "artist": "Tim McGraw", "popularity": 0, "danceability": 0.491, "energy": 0.907, "key": 6, "loudness": -5.976, "mode": 1, "speechiness": 0.0329, "acousticness": 0.124, "instrumentalness": 0, "liveness": 0.0539, "valence": 0.681, "tempo": 94.366, "duration_ms": 214680, "time_signature": 4}, {"uri": "spotify:track:7wIaLkbQzG6HMnE28etnif", "name": "I Swear", "artist": "John Michael Montgomery", "popularity": 63, "danceability": 0.628, "energy": 0.496, "key": 1, "loudness": -7.103, "mode": 1, "speechiness": 0.0233, "acousticness": 0.242, "instrumentalness": 1.2e-05, "liveness": 0.147, "valence": 0.266, "tempo": 85.523, "duration_ms": 262520, "time_signature": 4}, {"uri": "spotify:track:2iD7WtoJKwtvBpimXHxKUl", "name": "I'll Still Be Loving You", "artist": "Restless Heart", "popularity": 26, "danceability": 0.539, "energy": 0.275, "key": 8, "loudness": -13.326, "mode": 1, "speechiness": 0.0286, "acousticness": 0.73, "instrumentalness": 0, "liveness": 0.105, "valence": 0.259, "tempo": 168.577, "duration_ms": 256333, "time_signature": 4}, {"uri": "spotify:track:0nzAL0VNodLMlIh0Yl3eSN", "name": "I Cross My Heart", "artist": "George Strait", "popularity": 54, "danceability": 0.529, "energy": 0.527, "key": 3, "loudness": -6.584, "mode": 1, "speechiness": 0.0246, "acousticness": 0.284, "instrumentalness": 2.05e-05, "liveness": 0.103, "valence": 0.28, "tempo": 130.886, "duration_ms": 209853, "time_signature": 4}, {"uri": "spotify:track:7BCgPuJDZgPwOv1E4p6Cvq", "name": "Could I Have This Dance", "artist": "Anne Murray", "popularity": 51, "danceability": 0.483, "energy": 0.341, "key": 9, "loudness": -9.833, "mode": 1, "speechiness": 0.0261, "acousticness": 0.78, "instrumentalness": 0.00157, "liveness": 0.188, "valence": 0.618, "tempo": 87.31, "duration_ms": 196467, "time_signature": 3}, {"uri": "spotify:track:0UgHkodbptL6XQBfT5HOK1", "name": "You Save Me", "artist": "Kenny Chesney", "popularity": 53, "danceability": 0.509, "energy": 0.547, "key": 0, "loudness": -6.132, "mode": 1, "speechiness": 0.0299, "acousticness": 0.33, "instrumentalness": 9.45e-05, "liveness": 0.358, "valence": 0.282, "tempo": 125.889, "duration_ms": 235773, "time_signature": 3}, {"uri": "spotify:track:0Sg5kWoILCs2zBoIHIsDAa", "name": "Making Memories Of Us", "artist": "Keith Urban", "popularity": 55, "danceability": 0.687, "energy": 0.454, "key": 4, "loudness": -9.379, "mode": 1, "speechiness": 0.0255, "acousticness": 0.614, "instrumentalness": 0.000107, "liveness": 0.107, "valence": 0.331, "tempo": 103.93, "duration_ms": 236000, "time_signature": 4}, {"uri": "spotify:track:0C2Uaka1VGbfAiuiTXpplO", "name": "It's Your Love", "artist": "Tim McGraw", "popularity": 0, "danceability": 0.474, "energy": 0.573, "key": 7, "loudness": -7.002, "mode": 1, "speechiness": 0.0279, "acousticness": 0.547, "instrumentalness": 0, "liveness": 0.116, "valence": 0.382, "tempo": 144.287, "duration_ms": 226000, "time_signature": 4}, {"uri": "spotify:track:0w9LJae3sVlZlH2CnxTInF", "name": "God Gave Me You", "artist": "Blake Shelton", "popularity": 65, "danceability": 0.483, "energy": 0.844, "key": 2, "loudness": -5.043, "mode": 1, "speechiness": 0.0314, "acousticness": 0.00481, "instrumentalness": 7.29e-05, "liveness": 0.405, "valence": 0.543, "tempo": 151.977, "duration_ms": 229533, "time_signature": 4}, {"uri": "spotify:track:4GBEZaAm7Q9CN55qMshe6e", "name": "Walk Through This World With Me", "artist": "George Jones", "popularity": 0, "danceability": 0.396, "energy": 0.398, "key": 7, "loudness": -8.943, "mode": 1, "speechiness": 0.0278, "acousticness": 0.208, "instrumentalness": 7.35e-05, "liveness": 0.113, "valence": 0.494, "tempo": 94.867, "duration_ms": 140387, "time_signature": 4}, {"uri": "spotify:track:7AKmX4cPnknOgYCug7BOLP", "name": "Look At Us", "artist": "Vince Gill", "popularity": 54, "danceability": 0.489, "energy": 0.322, "key": 3, "loudness": -11.586, "mode": 1, "speechiness": 0.0261, "acousticness": 0.529, "instrumentalness": 0.000208, "liveness": 0.239, "valence": 0.219, "tempo": 75.5, "duration_ms": 240173, "time_signature": 4}]