[{"uri": "spotify:track:2W3RHGoIiSACvtk51Ehhxi", "name": "\u4e00\u5b9a\u6703", "artist": "JJ Lin", "popularity": 58, "danceability": 0.572, "energy": 0.513, "key": 2, "loudness": -7.804, "mode": 1, "speechiness": 0.0316, "acousticness": 0.604, "instrumentalness": 0, "liveness": 0.0743, "valence": 0.129, "tempo": 122.909, "duration_ms": 207266, "time_signature": 4}, {"uri": "spotify:track:3dP1XtLiQTjMUQZcdum9XS", "name": "feels like a remix", "artist": "\u5a41\u5cfb\u78a9", "popularity": 39, "danceability": 0.626, "energy": 0.647, "key": 7, "loudness": -9.557, "mode": 0, "speechiness": 0.0656, "acousticness": 0.444, "instrumentalness": 0.084, "liveness": 0.0878, "valence": 0.292, "tempo": 118.006, "duration_ms": 229500, "time_signature": 4}, {"uri": "spotify:track:61sWMgH5gHAVTjxwy6mHDS", "name": "\u8056\u8a95\u4e4b\u543b", "artist": "David Tao", "popularity": 35, "danceability": 0.699, "energy": 0.531, "key": 0, "loudness": -7.435, "mode": 0, "speechiness": 0.0252, "acousticness": 0.529, "instrumentalness": 0, "liveness": 0.158, "valence": 0.57, "tempo": 105.035, "duration_ms": 275500, "time_signature": 4}, {"uri": "spotify:track:3mrY1hCbYFriwOsnScycT5", "name": "\u552f\u4e00\u5beb\u904e\u7684\u60c5\u66f8 - WBL\u7cfb\u5217\u5f71\u96c6\u7b2c\u4e8c\u5b63\u300a\u7b2c\u4e8c\u540d\u7684\u9006\u8972\u300b\u7247\u5c3e\u66f2", "artist": "ALEX CHOU", "popularity": 23, "danceability": 0.658, "energy": 0.374, "key": 2, "loudness": -10.942, "mode": 1, "speechiness": 0.0415, "acousticness": 0.112, "instrumentalness": 0, "liveness": 0.686, "valence": 0.299, "tempo": 117.869, "duration_ms": 259030, "time_signature": 4}, {"uri": "spotify:track:4x9retP0JqKa35zZZhNhNS", "name": "\u5982\u613f", "artist": "Faye Wong", "popularity": 50, "danceability": 0.545, "energy": 0.316, "key": 6, "loudness": -9.449, "mode": 0, "speechiness": 0.0314, "acousticness": 0.614, "instrumentalness": 5.85e-06, "liveness": 0.0896, "valence": 0.0978, "tempo": 132.882, "duration_ms": 265384, "time_signature": 4}, {"uri": "spotify:track:0qwKtHJpzcjeBd9tM95iyw", "name": "\u607b\u9690", "artist": "Ada Zhuang", "popularity": 42, "danceability": 0.426, "energy": 0.381, "key": 0, "loudness": -9.422, "mode": 1, "speechiness": 0.0299, "acousticness": 0.849, "instrumentalness": 0, "liveness": 0.147, "valence": 0.318, "tempo": 143.609, "duration_ms": 249941, "time_signature": 4}, {"uri": "spotify:track:4xDPYSavntN5EiS193bT7u", "name": "\u751f\u65e5\u79ae\u72692020", "artist": "Grady Guan", "popularity": 19, "danceability": 0.619, "energy": 0.415, "key": 0, "loudness": -7.533, "mode": 1, "speechiness": 0.072, "acousticness": 0.493, "instrumentalness": 0, "liveness": 0.125, "valence": 0.285, "tempo": 132.28, "duration_ms": 234545, "time_signature": 4}, {"uri": "spotify:track:4wg3QfnD1S87eTRQ7K4yc9", "name": "\u5982\u4f55", "artist": "Deserts Chang", "popularity": 37, "danceability": 0.526, "energy": 0.158, "key": 11, "loudness": -17.068, "mode": 1, "speechiness": 0.0284, "acousticness": 0.918, "instrumentalness": 0.00135, "liveness": 0.118, "valence": 0.206, "tempo": 81.025, "duration_ms": 242827, "time_signature": 4}, {"uri": "spotify:track:1qy3NaGcXDrPv9BcAqLH7B", "name": "\u505a\u4f60\u7684\u592a\u967d", "artist": "Boon Hui Lu", "popularity": 42, "danceability": 0.527, "energy": 0.497, "key": 1, "loudness": -9.449, "mode": 1, "speechiness": 0.0356, "acousticness": 0.0445, "instrumentalness": 0, "liveness": 0.0771, "valence": 0.358, "tempo": 138.912, "duration_ms": 215180, "time_signature": 4}, {"uri": "spotify:track:02vfLD7qje4PUTjjWfLado", "name": "\u767d\u98ef", "artist": "Leo\u738b", "popularity": 37, "danceability": 0.769, "energy": 0.608, "key": 1, "loudness": -7.548, "mode": 1, "speechiness": 0.241, "acousticness": 0.14, "instrumentalness": 1.85e-06, "liveness": 0.181, "valence": 0.93, "tempo": 97.165, "duration_ms": 204240, "time_signature": 4}, {"uri": "spotify:track:1pEQ22t3wBzQR1uSfNvwtT", "name": "\u4eba\u751f\u4e0d\u80fd\u6c92\u526f\u6b4c", "artist": "Ella Chen", "popularity": 21, "danceability": 0.538, "energy": 0.378, "key": 10, "loudness": -8.68, "mode": 1, "speechiness": 0.0555, "acousticness": 0.71, "instrumentalness": 7.75e-06, "liveness": 0.168, "valence": 0.26, "tempo": 89.844, "duration_ms": 203691, "time_signature": 4}, {"uri": "spotify:track:60SwCZbyJ9OmAiGJkLVsgl", "name": "\u6700\u5f8c\u4e00\u5c01\u60c5\u66f8", "artist": "Peggy Hsu", "popularity": 29, "danceability": 0.508, "energy": 0.142, "key": 3, "loudness": -15.633, "mode": 1, "speechiness": 0.0378, "acousticness": 0.965, "instrumentalness": 0.00127, "liveness": 0.326, "valence": 0.373, "tempo": 116.554, "duration_ms": 262005, "time_signature": 3}, {"uri": "spotify:track:4crWpdF3o7qmSkuIvXvNK4", "name": "\u6628\u5929\u7684\u81ea\u5df1", "artist": "Miu Chu", "popularity": 10, "danceability": 0.639, "energy": 0.484, "key": 10, "loudness": -7.034, "mode": 1, "speechiness": 0.0291, "acousticness": 0.592, "instrumentalness": 0, "liveness": 0.114, "valence": 0.452, "tempo": 131.857, "duration_ms": 220042, "time_signature": 3}, {"uri": "spotify:track:2miUZSdkKCJCHNonQqQPyi", "name": "\u7d93\u904e - \u3010\u60f9\u4e0a\u51b7\u6bbf\u4e0b\u3011\u7247\u5c3e\u66f2", "artist": "Nicholas Teo", "popularity": 32, "danceability": 0.669, "energy": 0.516, "key": 0, "loudness": -7.337, "mode": 1, "speechiness": 0.0473, "acousticness": 0.18, "instrumentalness": 0, "liveness": 0.107, "valence": 0.559, "tempo": 116.044, "duration_ms": 198925, "time_signature": 4}, {"uri": "spotify:track:3F27OgyMSnjhmQ0yB20oh7", "name": "\u51fa\u5165", "artist": "\u5b5f\u5ead\u8466", "popularity": 19, "danceability": 0.581, "energy": 0.443, "key": 9, "loudness": -8.785, "mode": 0, "speechiness": 0.0341, "acousticness": 0.689, "instrumentalness": 1.56e-05, "liveness": 0.116, "valence": 0.325, "tempo": 75.984, "duration_ms": 294923, "time_signature": 4}, {"uri": "spotify:track:2EaQZv4NY0IF94plEbggeb", "name": "\u4f60\u5c31\u662f\u6211\u6700\u611b\u7684\u7cbe\u9078", "artist": "Steve Chou", "popularity": 16, "danceability": 0.431, "energy": 0.468, "key": 11, "loudness": -7.112, "mode": 1, "speechiness": 0.0285, "acousticness": 0.606, "instrumentalness": 0, "liveness": 0.133, "valence": 0.2, "tempo": 138.083, "duration_ms": 205712, "time_signature": 4}, {"uri": "spotify:track:59ckaDd98mKITlsZ5XjK2A", "name": "\u5f80\u7f8e\u7684\u8def\u6211\u8981\u81ea\u5df1\u4f5c\u4e3b", "artist": "Selina", "popularity": 39, "danceability": 0.569, "energy": 0.541, "key": 6, "loudness": -10.313, "mode": 1, "speechiness": 0.0359, "acousticness": 0.377, "instrumentalness": 0.111, "liveness": 0.391, "valence": 0.507, "tempo": 140.015, "duration_ms": 263344, "time_signature": 4}, {"uri": "spotify:track:7M3pHQYadidtWeJHYUQYC4", "name": "\u611b\u9e97\u7d72 1993", "artist": "Eli Hsieh", "popularity": 33, "danceability": 0.632, "energy": 0.506, "key": 11, "loudness": -7.472, "mode": 0, "speechiness": 0.0309, "acousticness": 0.0605, "instrumentalness": 2.6e-05, "liveness": 0.225, "valence": 0.52, "tempo": 103.014, "duration_ms": 274869, "time_signature": 4}, {"uri": "spotify:track:0IPp0VMV7ixMXRv5m5GeLW", "name": "\u6211\u4e0d\u8981\u591a\u5e78\u798f", "artist": "\u9676\u6676\u7469", "popularity": 24, "danceability": 0.621, "energy": 0.351, "key": 6, "loudness": -8.225, "mode": 1, "speechiness": 0.0298, "acousticness": 0.752, "instrumentalness": 0, "liveness": 0.0981, "valence": 0.47, "tempo": 127.85, "duration_ms": 283915, "time_signature": 3}, {"uri": "spotify:track:02pVekM96ncrZoVPlTNTY1", "name": "\u5e7e\u842c\u82f1\u544e\u7684\u6d77", "artist": "Alan Kuo", "popularity": 22, "danceability": 0.533, "energy": 0.564, "key": 4, "loudness": -6.842, "mode": 1, "speechiness": 0.0379, "acousticness": 0.564, "instrumentalness": 0, "liveness": 0.139, "valence": 0.281, "tempo": 149.96, "duration_ms": 290498, "time_signature": 4}]