[{"uri": "spotify:track:71kzRcSaKgsNlWHzjANWC8", "name": "Ain't Nobody High Raga", "artist": "Max Ochs", "popularity": 35, "danceability": 0.338, "energy": 0.11, "key": 2, "loudness": -13.44, "mode": 1, "speechiness": 0.0357, "acousticness": 0.979, "instrumentalness": 0.912, "liveness": 0.114, "valence": 0.222, "tempo": 66.967, "duration_ms": 525080, "time_signature": 4}, {"uri": "spotify:track:35VC12PD25DXOSOYf4Eg7N", "name": "Deep Gap", "artist": "Marisa Anderson", "popularity": 43, "danceability": 0.442, "energy": 0.196, "key": 1, "loudness": -14.051, "mode": 0, "speechiness": 0.0547, "acousticness": 0.977, "instrumentalness": 0.798, "liveness": 0.0961, "valence": 0.27, "tempo": 119.28, "duration_ms": 203880, "time_signature": 4}, {"uri": "spotify:track:18ul6LoGQ7Fg9yOKLxxWZx", "name": "Clair de lune (For Twelve-String) [Live]", "artist": "Robbie Basho", "popularity": 38, "danceability": 0.362, "energy": 0.445, "key": 9, "loudness": -14.223, "mode": 1, "speechiness": 0.0334, "acousticness": 0.575, "instrumentalness": 0.447, "liveness": 0.613, "valence": 0.262, "tempo": 109.524, "duration_ms": 282982, "time_signature": 4}, {"uri": "spotify:track:4o344C2p7wwpWRmQIVsdkL", "name": "Mississippi Phone Booth", "artist": "John Hiatt", "popularity": 60, "danceability": 0.539, "energy": 0.591, "key": 9, "loudness": -8.505, "mode": 1, "speechiness": 0.0497, "acousticness": 0.334, "instrumentalness": 0.00387, "liveness": 0.115, "valence": 0.641, "tempo": 178.251, "duration_ms": 186430, "time_signature": 4}, {"uri": "spotify:track:1TIC8q2kyazBKXExaHySUr", "name": "Rondo in D - On Southern Themes", "artist": "Harry Taussig", "popularity": 27, "danceability": 0.407, "energy": 0.124, "key": 2, "loudness": -13.68, "mode": 1, "speechiness": 0.0463, "acousticness": 0.946, "instrumentalness": 0.945, "liveness": 0.11, "valence": 0.0544, "tempo": 80.609, "duration_ms": 287493, "time_signature": 4}, {"uri": "spotify:track:5U9mObciLrrnJC0hE84SIu", "name": "Sligo River Blues - Original Recording", "artist": "John Fahey", "popularity": 51, "danceability": 0.336, "energy": 0.272, "key": 11, "loudness": -13.308, "mode": 1, "speechiness": 0.0335, "acousticness": 0.974, "instrumentalness": 0.916, "liveness": 0.122, "valence": 0.447, "tempo": 78.327, "duration_ms": 185400, "time_signature": 4}, {"uri": "spotify:track:6aEKWnhMVr2rdaqSdNha6U", "name": "Night After Sidewalk", "artist": "Kaki King", "popularity": 26, "danceability": 0.295, "energy": 0.243, "key": 8, "loudness": -18.344, "mode": 0, "speechiness": 0.0388, "acousticness": 0.8, "instrumentalness": 0.789, "liveness": 0.107, "valence": 0.0882, "tempo": 130.01, "duration_ms": 214787, "time_signature": 3}, {"uri": "spotify:track:1W3WoQ2ECZzQnpOEt3XZVK", "name": "Cumberland Gap", "artist": "Courtney Hartman", "popularity": 37, "danceability": 0.418, "energy": 0.28, "key": 3, "loudness": -17.164, "mode": 1, "speechiness": 0.0369, "acousticness": 0.941, "instrumentalness": 0.839, "liveness": 0.102, "valence": 0.91, "tempo": 110.492, "duration_ms": 133027, "time_signature": 4}, {"uri": "spotify:track:6G6eM490aDeluKpsDeCLyb", "name": "Sarah Anne", "artist": "Daniel Bachman", "popularity": 31, "danceability": 0.413, "energy": 0.339, "key": 5, "loudness": -13.06, "mode": 1, "speechiness": 0.0566, "acousticness": 0.848, "instrumentalness": 0.855, "liveness": 0.101, "valence": 0.123, "tempo": 118.569, "duration_ms": 412582, "time_signature": 4}, {"uri": "spotify:track:217H94y73OgLMiT7LswFEn", "name": "Static Orphans", "artist": "The Barr Brothers", "popularity": 0, "danceability": 0.237, "energy": 0.315, "key": 11, "loudness": -18.468, "mode": 0, "speechiness": 0.044, "acousticness": 0.97, "instrumentalness": 0.898, "liveness": 0.285, "valence": 0.521, "tempo": 171.55, "duration_ms": 124560, "time_signature": 3}, {"uri": "spotify:track:4LQTu75E30lxao3W0FSXbS", "name": "Plains Of Waterloo / James Connolly", "artist": "Martin Simpson", "popularity": 0, "danceability": 0.375, "energy": 0.117, "key": 0, "loudness": -14.997, "mode": 1, "speechiness": 0.0421, "acousticness": 0.94, "instrumentalness": 0.142, "liveness": 0.0958, "valence": 0.127, "tempo": 127.794, "duration_ms": 339320, "time_signature": 5}, {"uri": "spotify:track:2h4KmvKPMxvZjTpHTpq2FE", "name": "Hesitation Theme and Variation Blues", "artist": "Marisa Anderson", "popularity": 48, "danceability": 0.468, "energy": 0.15, "key": 11, "loudness": -15.983, "mode": 0, "speechiness": 0.0436, "acousticness": 0.976, "instrumentalness": 0.829, "liveness": 0.118, "valence": 0.55, "tempo": 143.772, "duration_ms": 142680, "time_signature": 4}, {"uri": "spotify:track:228TVOD2uRnfzmHjn7bXkt", "name": "In the Morning Twilight", "artist": "Steffen Basho-Junghans", "popularity": 0, "danceability": 0.244, "energy": 0.125, "key": 4, "loudness": -22.202, "mode": 1, "speechiness": 0.0312, "acousticness": 0.95, "instrumentalness": 0.914, "liveness": 0.0948, "valence": 0.217, "tempo": 82.875, "duration_ms": 384000, "time_signature": 4}, {"uri": "spotify:track:2gcs9yC8hTZA9Rlq8eIO4c", "name": "Sunflower Blues", "artist": "John Fahey", "popularity": 26, "danceability": 0.392, "energy": 0.322, "key": 5, "loudness": -16.161, "mode": 1, "speechiness": 0.031, "acousticness": 0.826, "instrumentalness": 0.802, "liveness": 0.0978, "valence": 0.116, "tempo": 91.454, "duration_ms": 202933, "time_signature": 4}, {"uri": "spotify:track:0aNyZsNQZykSvoiwrjhBFB", "name": "Hemet Pine Singer", "artist": "Will Stratton", "popularity": 35, "danceability": 0.358, "energy": 0.232, "key": 6, "loudness": -13.803, "mode": 0, "speechiness": 0.038, "acousticness": 0.956, "instrumentalness": 0.896, "liveness": 0.106, "valence": 0.0742, "tempo": 121.937, "duration_ms": 229853, "time_signature": 4}, {"uri": "spotify:track:0U00mgaUXkkDDBwYN1JE3q", "name": "Gone Clear", "artist": "William Tyler", "popularity": 0, "danceability": 0.245, "energy": 0.362, "key": 7, "loudness": -10.827, "mode": 1, "speechiness": 0.0345, "acousticness": 0.786, "instrumentalness": 0.934, "liveness": 0.12, "valence": 0.0566, "tempo": 139.992, "duration_ms": 367570, "time_signature": 4}, {"uri": "spotify:track:0BjnY6fLR9XNGIMmXnYXGG", "name": "All Aboard", "artist": "Piers Faccini", "popularity": 44, "danceability": 0.685, "energy": 0.475, "key": 7, "loudness": -6.887, "mode": 1, "speechiness": 0.0388, "acousticness": 0.827, "instrumentalness": 0.0041, "liveness": 0.0963, "valence": 0.757, "tempo": 98.004, "duration_ms": 211600, "time_signature": 4}, {"uri": "spotify:track:3PZICJN5uM26u0nF3sYNvo", "name": "Ghost Dance", "artist": "DBH", "popularity": 0, "danceability": 0.423, "energy": 0.363, "key": 10, "loudness": -13.514, "mode": 1, "speechiness": 0.038, "acousticness": 0.794, "instrumentalness": 0.0212, "liveness": 0.143, "valence": 0.494, "tempo": 189.738, "duration_ms": 214047, "time_signature": 4}, {"uri": "spotify:track:1ba8qyfCD9olHnAfGGgxts", "name": "Butter and Eggs", "artist": "Julian Lage & Chris Eldridge", "popularity": 40, "danceability": 0.484, "energy": 0.151, "key": 2, "loudness": -18.493, "mode": 1, "speechiness": 0.0493, "acousticness": 0.935, "instrumentalness": 0.207, "liveness": 0.105, "valence": 0.283, "tempo": 137.434, "duration_ms": 204000, "time_signature": 4}, {"uri": "spotify:track:2g8His2Vt7xUmZkhCuLB8W", "name": "Imaginational Anthem", "artist": "Max Ochs", "popularity": 27, "danceability": 0.442, "energy": 0.25, "key": 0, "loudness": -9.192, "mode": 1, "speechiness": 0.0388, "acousticness": 0.894, "instrumentalness": 0.925, "liveness": 0.104, "valence": 0.13, "tempo": 80.33, "duration_ms": 264880, "time_signature": 4}, {"uri": "spotify:track:4jw7C3myL67kCqREaJ906E", "name": "Orange County Serenade", "artist": "Daniel Bachman", "popularity": 0, "danceability": 0.498, "energy": 0.362, "key": 7, "loudness": -8.2, "mode": 1, "speechiness": 0.0361, "acousticness": 0.536, "instrumentalness": 0.762, "liveness": 0.0931, "valence": 0.194, "tempo": 127.209, "duration_ms": 212000, "time_signature": 4}, {"uri": "spotify:track:39vGhSkzHBGwEnSi5PNKNn", "name": "Mesquite Shade", "artist": "Marisa Anderson", "popularity": 45, "danceability": 0.46, "energy": 0.218, "key": 5, "loudness": -17.834, "mode": 1, "speechiness": 0.042, "acousticness": 0.89, "instrumentalness": 0.916, "liveness": 0.109, "valence": 0.53, "tempo": 125.563, "duration_ms": 96840, "time_signature": 4}, {"uri": "spotify:track:6nHsZuDMPSyRQ90gBhaXoS", "name": "Tumbling Tumbleweeds", "artist": "Leo Kottke", "popularity": 30, "danceability": 0.48, "energy": 0.164, "key": 7, "loudness": -19.434, "mode": 1, "speechiness": 0.0654, "acousticness": 0.875, "instrumentalness": 0.781, "liveness": 0.0892, "valence": 0.238, "tempo": 181.892, "duration_ms": 164200, "time_signature": 3}, {"uri": "spotify:track:2rQVexxmI985m2iefLfhbm", "name": "Black Myself", "artist": "Amythyst Kiah", "popularity": 43, "danceability": 0.553, "energy": 0.828, "key": 9, "loudness": -4.091, "mode": 1, "speechiness": 0.0609, "acousticness": 0.11, "instrumentalness": 0, "liveness": 0.2, "valence": 0.902, "tempo": 152.638, "duration_ms": 201194, "time_signature": 4}, {"uri": "spotify:track:28Ekirkj9Tf0TwChnvcCWI", "name": "New Anthem", "artist": "DBH", "popularity": 0, "danceability": 0.385, "energy": 0.41, "key": 6, "loudness": -10.309, "mode": 1, "speechiness": 0.0331, "acousticness": 0.875, "instrumentalness": 0.654, "liveness": 0.103, "valence": 0.261, "tempo": 149.477, "duration_ms": 154924, "time_signature": 4}, {"uri": "spotify:track:5xwCQuoGnPdgqw2omrgmCq", "name": "Guitar Rag", "artist": "Sylvester Weaver", "popularity": 38, "danceability": 0.467, "energy": 0.122, "key": 2, "loudness": -22.241, "mode": 1, "speechiness": 0.0366, "acousticness": 0.954, "instrumentalness": 0.902, "liveness": 0.132, "valence": 0.411, "tempo": 111.256, "duration_ms": 178333, "time_signature": 4}, {"uri": "spotify:track:5rNaSws9k7wzVLOyJ508IO", "name": "Can the Gwot Save Us?", "artist": "Kaki King", "popularity": 33, "danceability": 0.335, "energy": 0.041, "key": 8, "loudness": -20.502, "mode": 1, "speechiness": 0.0423, "acousticness": 0.943, "instrumentalness": 0.866, "liveness": 0.11, "valence": 0.0362, "tempo": 130.509, "duration_ms": 260253, "time_signature": 1}, {"uri": "spotify:track:5cMLUxRl1dO83NLNgo8by9", "name": "Way Down Yonder Blues", "artist": "Lemuel Turner", "popularity": 21, "danceability": 0.756, "energy": 0.281, "key": 2, "loudness": -15.9, "mode": 1, "speechiness": 0.0349, "acousticness": 0.927, "instrumentalness": 0.000312, "liveness": 0.119, "valence": 0.302, "tempo": 98.035, "duration_ms": 192947, "time_signature": 3}, {"uri": "spotify:track:10zwPTX4CiU3axwgy4LcXW", "name": "Heavy Load", "artist": "Gov't Mule", "popularity": 30, "danceability": 0.698, "energy": 0.0813, "key": 4, "loudness": -12.993, "mode": 0, "speechiness": 0.0415, "acousticness": 0.837, "instrumentalness": 0.000824, "liveness": 0.154, "valence": 0.254, "tempo": 65.059, "duration_ms": 438840, "time_signature": 4}, {"uri": "spotify:track:6Gr0nYfH4DpKYrAggRGGZZ", "name": "Well Well Well", "artist": "Seasick Steve", "popularity": 42, "danceability": 0.667, "energy": 0.0614, "key": 4, "loudness": -23.806, "mode": 1, "speechiness": 0.0465, "acousticness": 0.935, "instrumentalness": 0.111, "liveness": 0.1, "valence": 0.481, "tempo": 79.649, "duration_ms": 150733, "time_signature": 4}, {"uri": "spotify:track:0ksfRvHljT8MW9dlhmQMia", "name": "Shadrach", "artist": "Brown Bird", "popularity": 39, "danceability": 0.499, "energy": 0.564, "key": 9, "loudness": -9.736, "mode": 0, "speechiness": 0.0417, "acousticness": 0.582, "instrumentalness": 0.881, "liveness": 0.087, "valence": 0.559, "tempo": 154.024, "duration_ms": 171480, "time_signature": 4}, {"uri": "spotify:track:32CfhB8FPrlOqkfsP9v4pi", "name": "Lake Shore Drive (Slight Return)", "artist": "Harris Newman", "popularity": 23, "danceability": 0.312, "energy": 0.308, "key": 5, "loudness": -12.651, "mode": 1, "speechiness": 0.0367, "acousticness": 0.519, "instrumentalness": 0.856, "liveness": 0.1, "valence": 0.0391, "tempo": 154.099, "duration_ms": 264387, "time_signature": 4}, {"uri": "spotify:track:2REcTot6y6qEgp5uDQDW06", "name": "Natural West", "artist": "Danny Paul Grody", "popularity": 0, "danceability": 0.511, "energy": 0.162, "key": 7, "loudness": -15.098, "mode": 1, "speechiness": 0.0374, "acousticness": 0.88, "instrumentalness": 0.852, "liveness": 0.117, "valence": 0.0385, "tempo": 116.406, "duration_ms": 303947, "time_signature": 4}, {"uri": "spotify:track:2V9zMWtLds91PjE1KJ6qjL", "name": "Coming Home", "artist": "Daniel Bachman", "popularity": 0, "danceability": 0.664, "energy": 0.0489, "key": 0, "loudness": -10.594, "mode": 1, "speechiness": 0.13, "acousticness": 0.81, "instrumentalness": 0.797, "liveness": 0.103, "valence": 0.0568, "tempo": 118.381, "duration_ms": 238000, "time_signature": 4}, {"uri": "spotify:track:6rXK44ua8o6Dqvu8s89abU", "name": "Shake It for Me", "artist": "Bobby Rush", "popularity": 38, "danceability": 0.846, "energy": 0.447, "key": 2, "loudness": -7.069, "mode": 1, "speechiness": 0.0478, "acousticness": 0.615, "instrumentalness": 0.00106, "liveness": 0.0956, "valence": 0.788, "tempo": 104.756, "duration_ms": 222199, "time_signature": 4}, {"uri": "spotify:track:47yKkSXhPH2YG8hmdGqCpW", "name": "The Ballad of Barbara Allen", "artist": "Goldmund", "popularity": 0, "danceability": 0.569, "energy": 0.0967, "key": 7, "loudness": -16.331, "mode": 1, "speechiness": 0.0447, "acousticness": 0.933, "instrumentalness": 0.702, "liveness": 0.0872, "valence": 0.168, "tempo": 111.898, "duration_ms": 103573, "time_signature": 5}, {"uri": "spotify:track:7e1WYEzC9wZwlAaCmvSJPW", "name": "Frisco Blues", "artist": "Bayless Rose", "popularity": 20, "danceability": 0.401, "energy": 0.356, "key": 9, "loudness": -14.799, "mode": 1, "speechiness": 0.0335, "acousticness": 0.734, "instrumentalness": 0.746, "liveness": 0.0702, "valence": 0.567, "tempo": 124.866, "duration_ms": 189333, "time_signature": 4}, {"uri": "spotify:track:4YEoVkvvzx5eavtE2u5qG0", "name": "Preachin' Blues", "artist": "Son House", "popularity": 42, "danceability": 0.595, "energy": 0.349, "key": 8, "loudness": -7.902, "mode": 1, "speechiness": 0.153, "acousticness": 0.797, "instrumentalness": 2.97e-06, "liveness": 0.103, "valence": 0.231, "tempo": 172.417, "duration_ms": 316360, "time_signature": 4}, {"uri": "spotify:track:1FgQnc7KZLvaB89eWOfQ2R", "name": "Bumble Bee", "artist": "Peter Case", "popularity": 41, "danceability": 0.717, "energy": 0.245, "key": 7, "loudness": -10.908, "mode": 0, "speechiness": 0.0493, "acousticness": 0.665, "instrumentalness": 0.000119, "liveness": 0.385, "valence": 0.502, "tempo": 83.554, "duration_ms": 214933, "time_signature": 4}, {"uri": "spotify:track:3ArBqpsJ4pyrnKtHZYl6ZJ", "name": "Down in Mississippi", "artist": "Bobby Rush", "popularity": 40, "danceability": 0.728, "energy": 0.193, "key": 11, "loudness": -13.011, "mode": 0, "speechiness": 0.0572, "acousticness": 0.786, "instrumentalness": 2.14e-05, "liveness": 0.134, "valence": 0.512, "tempo": 117.568, "duration_ms": 203454, "time_signature": 4}, {"uri": "spotify:track:6QaEUzzNtspNmCAdG4OUb6", "name": "Willow Witchin' (Hot Take)", "artist": "Nat Myers", "popularity": 38, "danceability": 0.657, "energy": 0.243, "key": 8, "loudness": -9.72, "mode": 1, "speechiness": 0.0607, "acousticness": 0.93, "instrumentalness": 0.00998, "liveness": 0.117, "valence": 0.828, "tempo": 168.111, "duration_ms": 150942, "time_signature": 4}, {"uri": "spotify:track:2r5Pn8ZqFTlHpVgRZg2Znj", "name": "A Real State of Independence", "artist": "Nick Schillace", "popularity": 22, "danceability": 0.289, "energy": 0.389, "key": 5, "loudness": -12.22, "mode": 1, "speechiness": 0.0541, "acousticness": 0.644, "instrumentalness": 0.768, "liveness": 0.106, "valence": 0.197, "tempo": 101.833, "duration_ms": 379453, "time_signature": 4}, {"uri": "spotify:track:5rJbBdz2yN7ZPIPjX70Foq", "name": "Detroit Blues", "artist": "Danny Kroha", "popularity": 35, "danceability": 0.751, "energy": 0.486, "key": 0, "loudness": -7.8, "mode": 1, "speechiness": 0.0523, "acousticness": 0.921, "instrumentalness": 0, "liveness": 0.0849, "valence": 0.928, "tempo": 105.997, "duration_ms": 169040, "time_signature": 4}, {"uri": "spotify:track:383MxeoXVw7bdeBKEz68Po", "name": "Here Too Far", "artist": "Beta Radio", "popularity": 44, "danceability": 0.516, "energy": 0.0971, "key": 5, "loudness": -20.081, "mode": 1, "speechiness": 0.0559, "acousticness": 0.974, "instrumentalness": 0.951, "liveness": 0.108, "valence": 0.46, "tempo": 107.037, "duration_ms": 55213, "time_signature": 4}, {"uri": "spotify:track:5IJQrZERphRFaiwOXmEz6a", "name": "Lazy Sunday", "artist": "Eddie Martin", "popularity": 21, "danceability": 0.406, "energy": 0.115, "key": 7, "loudness": -16.104, "mode": 1, "speechiness": 0.0388, "acousticness": 0.872, "instrumentalness": 0.00121, "liveness": 0.0974, "valence": 0.239, "tempo": 186.213, "duration_ms": 256311, "time_signature": 3}, {"uri": "spotify:track:7qWRxZQ6YTNDxUV3MRuZiV", "name": "Interlude", "artist": "Lindsay Lou & the Flatbellys", "popularity": 0, "danceability": 0.566, "energy": 0.155, "key": 2, "loudness": -18.76, "mode": 1, "speechiness": 0.033, "acousticness": 0.828, "instrumentalness": 0.819, "liveness": 0.116, "valence": 0.69, "tempo": 108.51, "duration_ms": 31844, "time_signature": 4}, {"uri": "spotify:track:4QM6qrv9YWRW4RoXzKlE1X", "name": "I'm Ready", "artist": "The Reverend Shawn Amos", "popularity": 34, "danceability": 0.841, "energy": 0.371, "key": 7, "loudness": -6.018, "mode": 1, "speechiness": 0.102, "acousticness": 0.648, "instrumentalness": 0.00108, "liveness": 0.107, "valence": 0.526, "tempo": 116.684, "duration_ms": 137186, "time_signature": 4}, {"uri": "spotify:track:4F3TIQlYKTQO0kCyTsrTk3", "name": "Seasonal Hire", "artist": "Steve Gunn", "popularity": 0, "danceability": 0.242, "energy": 0.469, "key": 2, "loudness": -9.536, "mode": 1, "speechiness": 0.0309, "acousticness": 0.574, "instrumentalness": 0.934, "liveness": 0.121, "valence": 0.0708, "tempo": 106.817, "duration_ms": 983851, "time_signature": 4}, {"uri": "spotify:track:3MRN6jyUxfffTdOEaHwDOE", "name": "Focus (Rosie's Theme)", "artist": "The Civil Wars & T Bone Burnett", "popularity": 30, "danceability": 0.567, "energy": 0.0795, "key": 0, "loudness": -19.755, "mode": 1, "speechiness": 0.0529, "acousticness": 0.885, "instrumentalness": 0.585, "liveness": 0.0999, "valence": 0.239, "tempo": 132.607, "duration_ms": 141067, "time_signature": 3}, {"uri": "spotify:track:3OGfvgASu7KjQn8whfBALw", "name": "Dust My Broom", "artist": "Bobby Rush", "popularity": 40, "danceability": 0.721, "energy": 0.458, "key": 9, "loudness": -7.838, "mode": 0, "speechiness": 0.0619, "acousticness": 0.758, "instrumentalness": 7.65e-05, "liveness": 0.155, "valence": 0.526, "tempo": 111.501, "duration_ms": 215662, "time_signature": 4}]