[{"uri": "spotify:track:5Q0Nhxo0l2bP3pNjpGJwV1", "name": "Party In The U.S.A.", "artist": "Miley Cyrus", "popularity": 75, "danceability": 0.652, "energy": 0.698, "key": 10, "loudness": -4.667, "mode": 0, "speechiness": 0.042, "acousticness": 0.00112, "instrumentalness": 0.000115, "liveness": 0.0886, "valence": 0.47, "tempo": 96.021, "duration_ms": 202067, "time_signature": 4}, {"uri": "spotify:track:2tUBqZG2AbRi7Q0BIrVrEj", "name": "I Wanna Dance with Somebody (Who Loves Me)", "artist": "Whitney Houston", "popularity": 83, "danceability": 0.709, "energy": 0.824, "key": 1, "loudness": -8.824, "mode": 1, "speechiness": 0.0453, "acousticness": 0.207, "instrumentalness": 0.000307, "liveness": 0.0888, "valence": 0.867, "tempo": 118.818, "duration_ms": 291293, "time_signature": 4}, {"uri": "spotify:track:32OlwWuMpZ6b0aN2RZOeMS", "name": "Uptown Funk (feat. Bruno Mars)", "artist": "Mark Ronson", "popularity": 84, "danceability": 0.856, "energy": 0.609, "key": 0, "loudness": -7.223, "mode": 1, "speechiness": 0.0824, "acousticness": 0.00801, "instrumentalness": 8.15e-05, "liveness": 0.0344, "valence": 0.928, "tempo": 114.988, "duration_ms": 269667, "time_signature": 4}, {"uri": "spotify:track:3xdjjKMcMOFgo1eQrfbogM", "name": "Wagon Wheel", "artist": "Darius Rucker", "popularity": 78, "danceability": 0.537, "energy": 0.66, "key": 9, "loudness": -7.174, "mode": 1, "speechiness": 0.0296, "acousticness": 0.455, "instrumentalness": 0, "liveness": 0.135, "valence": 0.574, "tempo": 148.096, "duration_ms": 298373, "time_signature": 4}, {"uri": "spotify:track:4kbj5MwxO1bq9wjT5g9HaA", "name": "Shut Up and Dance", "artist": "WALK THE MOON", "popularity": 84, "danceability": 0.578, "energy": 0.866, "key": 1, "loudness": -3.804, "mode": 1, "speechiness": 0.0619, "acousticness": 0.00701, "instrumentalness": 0, "liveness": 0.257, "valence": 0.619, "tempo": 128.038, "duration_ms": 199080, "time_signature": 4}, {"uri": "spotify:track:4o6BgsqLIBViaGVbx5rbRk", "name": "You Make My Dreams (Come True)", "artist": "Daryl Hall & John Oates", "popularity": 78, "danceability": 0.751, "energy": 0.501, "key": 5, "loudness": -12.151, "mode": 1, "speechiness": 0.0551, "acousticness": 0.234, "instrumentalness": 0.112, "liveness": 0.0467, "valence": 0.902, "tempo": 167.057, "duration_ms": 190627, "time_signature": 4}, {"uri": "spotify:track:3Yh9lZcWyKrK9GjbhuS0hR", "name": "Good as Hell", "artist": "Lizzo", "popularity": 67, "danceability": 0.682, "energy": 0.919, "key": 0, "loudness": -3.18, "mode": 0, "speechiness": 0.0875, "acousticness": 0.256, "instrumentalness": 0, "liveness": 0.442, "valence": 0.535, "tempo": 95.982, "duration_ms": 159736, "time_signature": 4}, {"uri": "spotify:track:3DarAbFujv6eYNliUTyqtz", "name": "Kiss Me More (feat. SZA)", "artist": "Doja Cat", "popularity": 88, "danceability": 0.764, "energy": 0.705, "key": 8, "loudness": -3.463, "mode": 1, "speechiness": 0.0284, "acousticness": 0.259, "instrumentalness": 8.92e-05, "liveness": 0.12, "valence": 0.781, "tempo": 110.97, "duration_ms": 208667, "time_signature": 4}, {"uri": "spotify:track:4myBMnNWZlgvVelYeTu55w", "name": "Brown Eyed Girl", "artist": "Van Morrison", "popularity": 0, "danceability": 0.478, "energy": 0.678, "key": 7, "loudness": -7.032, "mode": 1, "speechiness": 0.0364, "acousticness": 0.29, "instrumentalness": 0, "liveness": 0.577, "valence": 0.892, "tempo": 151.466, "duration_ms": 182960, "time_signature": 4}, {"uri": "spotify:track:6PERP62TejQjgHu81OHxgM", "name": "good 4 u", "artist": "Olivia Rodrigo", "popularity": 36, "danceability": 0.556, "energy": 0.661, "key": 6, "loudness": -5.052, "mode": 0, "speechiness": 0.204, "acousticness": 0.3, "instrumentalness": 0, "liveness": 0.101, "valence": 0.668, "tempo": 168.56, "duration_ms": 178148, "time_signature": 4}, {"uri": "spotify:track:6UelLqGlWMcVH1E5c4H7lY", "name": "Watermelon Sugar", "artist": "Harry Styles", "popularity": 90, "danceability": 0.548, "energy": 0.816, "key": 0, "loudness": -4.209, "mode": 1, "speechiness": 0.0465, "acousticness": 0.122, "instrumentalness": 0, "liveness": 0.335, "valence": 0.557, "tempo": 95.39, "duration_ms": 174000, "time_signature": 4}, {"uri": "spotify:track:0ofHAoxe9vBkTCp2UQIavz", "name": "Dreams - 2004 Remaster", "artist": "Fleetwood Mac", "popularity": 86, "danceability": 0.828, "energy": 0.492, "key": 0, "loudness": -9.744, "mode": 1, "speechiness": 0.0276, "acousticness": 0.0644, "instrumentalness": 0.00428, "liveness": 0.128, "valence": 0.789, "tempo": 120.151, "duration_ms": 257800, "time_signature": 4}, {"uri": "spotify:track:6jWkZvd1URGktyTTwcpPpB", "name": "My Girl", "artist": "The Temptations", "popularity": 1, "danceability": 0.579, "energy": 0.419, "key": 0, "loudness": -10.72, "mode": 1, "speechiness": 0.0346, "acousticness": 0.625, "instrumentalness": 0, "liveness": 0.0981, "valence": 0.673, "tempo": 104.564, "duration_ms": 165000, "time_signature": 4}, {"uri": "spotify:track:2ATDkfqprlNNe9mYWodgdc", "name": "Dancing Queen", "artist": "ABBA", "popularity": 64, "danceability": 0.512, "energy": 0.93, "key": 9, "loudness": -4.344, "mode": 1, "speechiness": 0.0508, "acousticness": 0.168, "instrumentalness": 0.00119, "liveness": 0.561, "valence": 0.677, "tempo": 100.542, "duration_ms": 231093, "time_signature": 4}, {"uri": "spotify:track:6u7jPi22kF8CTQ3rb9DHE7", "name": "Old Town Road (feat. Billy Ray Cyrus) - Remix", "artist": "Lil Nas X", "popularity": 4, "danceability": 0.878, "energy": 0.619, "key": 6, "loudness": -5.56, "mode": 1, "speechiness": 0.102, "acousticness": 0.0533, "instrumentalness": 0, "liveness": 0.113, "valence": 0.639, "tempo": 136.041, "duration_ms": 157067, "time_signature": 4}, {"uri": "spotify:track:2cX2coZS1PYBfPs8wgbdWE", "name": "More Than A Woman - From \"Saturday Night Fever\" Soundtrack", "artist": "Bee Gees", "popularity": 80, "danceability": 0.601, "energy": 0.703, "key": 7, "loudness": -6.24, "mode": 1, "speechiness": 0.0379, "acousticness": 0.175, "instrumentalness": 8.4e-05, "liveness": 0.571, "valence": 0.673, "tempo": 106.164, "duration_ms": 196213, "time_signature": 4}, {"uri": "spotify:track:1Dg4dFJr3HW7sbA7vPejre", "name": "Eight Days A Week - Remastered 2009", "artist": "The Beatles", "popularity": 67, "danceability": 0.652, "energy": 0.583, "key": 9, "loudness": -7.811, "mode": 1, "speechiness": 0.038, "acousticness": 0.412, "instrumentalness": 0, "liveness": 0.119, "valence": 0.744, "tempo": 138.134, "duration_ms": 163600, "time_signature": 4}, {"uri": "spotify:track:7HW5WIw7ZgZORCzUxv5gW5", "name": "Don't Go Breaking My Heart", "artist": "Elton John", "popularity": 79, "danceability": 0.729, "energy": 0.844, "key": 5, "loudness": -8.824, "mode": 1, "speechiness": 0.0344, "acousticness": 0.149, "instrumentalness": 2.87e-06, "liveness": 0.0604, "valence": 0.777, "tempo": 131.459, "duration_ms": 275440, "time_signature": 4}, {"uri": "spotify:track:28wGX1hoLCRbBZbEqITvE3", "name": "Ain't No Mountain High Enough - Stereo Version", "artist": "Marvin Gaye", "popularity": 0, "danceability": 0.677, "energy": 0.693, "key": 11, "loudness": -7.561, "mode": 0, "speechiness": 0.0343, "acousticness": 0.437, "instrumentalness": 0, "liveness": 0.405, "valence": 0.755, "tempo": 130.013, "duration_ms": 146160, "time_signature": 4}, {"uri": "spotify:track:4lCv7b86sLynZbXhfScfm2", "name": "Firework", "artist": "Katy Perry", "popularity": 76, "danceability": 0.638, "energy": 0.826, "key": 8, "loudness": -4.968, "mode": 1, "speechiness": 0.0479, "acousticness": 0.139, "instrumentalness": 0, "liveness": 0.0803, "valence": 0.649, "tempo": 124.072, "duration_ms": 227880, "time_signature": 4}, {"uri": "spotify:track:1nnsiuuYlvPF9gxXIiyAr8", "name": "I Was On a Boat That Day", "artist": "Old Dominion", "popularity": 65, "danceability": 0.535, "energy": 0.915, "key": 11, "loudness": -3.819, "mode": 1, "speechiness": 0.0991, "acousticness": 0.00699, "instrumentalness": 0, "liveness": 0.224, "valence": 0.731, "tempo": 140.13, "duration_ms": 178613, "time_signature": 4}, {"uri": "spotify:track:7oK9VyNzrYvRFo7nQEYkWN", "name": "Mr. Brightside", "artist": "The Killers", "popularity": 77, "danceability": 0.356, "energy": 0.924, "key": 1, "loudness": -3.74, "mode": 1, "speechiness": 0.0808, "acousticness": 0.00101, "instrumentalness": 0, "liveness": 0.0953, "valence": 0.232, "tempo": 148.017, "duration_ms": 222587, "time_signature": 4}, {"uri": "spotify:track:7ePFDzrnLt3Ynqgy2UFWri", "name": "December, 1963 (Oh What a Night!)", "artist": "Frankie Valli & The Four Seasons", "popularity": 64, "danceability": 0.727, "energy": 0.588, "key": 1, "loudness": -9.568, "mode": 1, "speechiness": 0.0253, "acousticness": 0.058, "instrumentalness": 5.46e-06, "liveness": 0.0414, "valence": 0.964, "tempo": 104.413, "duration_ms": 201093, "time_signature": 4}, {"uri": "spotify:track:4cluDES4hQEUhmXj6TXkSo", "name": "What Makes You Beautiful", "artist": "One Direction", "popularity": 84, "danceability": 0.726, "energy": 0.787, "key": 4, "loudness": -2.494, "mode": 1, "speechiness": 0.0737, "acousticness": 0.009, "instrumentalness": 0, "liveness": 0.0596, "valence": 0.888, "tempo": 124.99, "duration_ms": 199987, "time_signature": 4}, {"uri": "spotify:track:1mqlc0vEP9mU1kZgTi6LIQ", "name": "September", "artist": "Earth, Wind & Fire", "popularity": 0, "danceability": 0.693, "energy": 0.911, "key": 9, "loudness": -3.691, "mode": 1, "speechiness": 0.0305, "acousticness": 0.183, "instrumentalness": 0.000107, "liveness": 0.3, "valence": 0.982, "tempo": 125.895, "duration_ms": 216520, "time_signature": 4}, {"uri": "spotify:track:3eBnEo9WL34ulBCZlLpUQO", "name": "Chicken Fried", "artist": "Zac Brown Band", "popularity": 42, "danceability": 0.566, "energy": 0.713, "key": 6, "loudness": -4.25, "mode": 1, "speechiness": 0.0418, "acousticness": 0.645, "instrumentalness": 0, "liveness": 0.114, "valence": 0.805, "tempo": 169.861, "duration_ms": 238147, "time_signature": 4}, {"uri": "spotify:track:7qXPZxXn6Xmv1sjh03skiW", "name": "Southbound", "artist": "Carrie Underwood", "popularity": 61, "danceability": 0.614, "energy": 0.884, "key": 0, "loudness": -4.019, "mode": 1, "speechiness": 0.0402, "acousticness": 0.00122, "instrumentalness": 0, "liveness": 0.077, "valence": 0.721, "tempo": 100.531, "duration_ms": 202853, "time_signature": 4}, {"uri": "spotify:track:3SnGymj6ijE2iuUfWxLo1q", "name": "I'm Coming Out", "artist": "Diana Ross", "popularity": 69, "danceability": 0.72, "energy": 0.828, "key": 5, "loudness": -9.211, "mode": 1, "speechiness": 0.0462, "acousticness": 0.185, "instrumentalness": 0.429, "liveness": 0.0839, "valence": 0.768, "tempo": 110.071, "duration_ms": 323347, "time_signature": 4}, {"uri": "spotify:track:0tEPv5fuzMhtm6NM5GvQiF", "name": "All My Favorite People (feat. Brothers Osborne)", "artist": "Maren Morris", "popularity": 58, "danceability": 0.422, "energy": 0.919, "key": 4, "loudness": -4.0, "mode": 1, "speechiness": 0.0639, "acousticness": 0.0327, "instrumentalness": 0.000605, "liveness": 0.33, "valence": 0.553, "tempo": 83.867, "duration_ms": 199787, "time_signature": 4}, {"uri": "spotify:track:7qiZfU4dY1lWllzX7mPBI3", "name": "Shape of You", "artist": "Ed Sheeran", "popularity": 87, "danceability": 0.825, "energy": 0.652, "key": 1, "loudness": -3.183, "mode": 0, "speechiness": 0.0802, "acousticness": 0.581, "instrumentalness": 0, "liveness": 0.0931, "valence": 0.931, "tempo": 95.977, "duration_ms": 233713, "time_signature": 4}, {"uri": "spotify:track:62AuGbAkt8Ox2IrFFb8GKV", "name": "Sweet Caroline", "artist": "Neil Diamond", "popularity": 80, "danceability": 0.529, "energy": 0.127, "key": 11, "loudness": -16.066, "mode": 1, "speechiness": 0.0274, "acousticness": 0.611, "instrumentalness": 0.000109, "liveness": 0.237, "valence": 0.578, "tempo": 63.05, "duration_ms": 203573, "time_signature": 4}, {"uri": "spotify:track:59RSrxkSKSixEWBAIvE5Wa", "name": "Starships", "artist": "Nicki Minaj", "popularity": 63, "danceability": 0.747, "energy": 0.716, "key": 11, "loudness": -2.457, "mode": 0, "speechiness": 0.0751, "acousticness": 0.135, "instrumentalness": 0, "liveness": 0.251, "valence": 0.751, "tempo": 125.006, "duration_ms": 210627, "time_signature": 4}, {"uri": "spotify:track:3X6iIrFuQoCshIWBseEKPl", "name": "American Woman", "artist": "Lenny Kravitz", "popularity": 66, "danceability": 0.688, "energy": 0.671, "key": 1, "loudness": -7.872, "mode": 1, "speechiness": 0.0975, "acousticness": 0.0304, "instrumentalness": 0, "liveness": 0.0782, "valence": 0.537, "tempo": 83.988, "duration_ms": 264560, "time_signature": 4}, {"uri": "spotify:track:1Pje5DSZWSD1JLEZVx7Fma", "name": "Jack & Diane", "artist": "John Mellencamp", "popularity": 0, "danceability": 0.818, "energy": 0.445, "key": 9, "loudness": -8.629, "mode": 1, "speechiness": 0.0503, "acousticness": 0.0635, "instrumentalness": 1.62e-05, "liveness": 0.0857, "valence": 0.694, "tempo": 103.938, "duration_ms": 254400, "time_signature": 4}, {"uri": "spotify:track:2EvddT8rcO99bKH0rDHAYG", "name": "We Are Tonight", "artist": "Billy Currington", "popularity": 69, "danceability": 0.559, "energy": 0.812, "key": 11, "loudness": -5.347, "mode": 1, "speechiness": 0.0371, "acousticness": 0.0323, "instrumentalness": 0, "liveness": 0.195, "valence": 0.472, "tempo": 127.911, "duration_ms": 232107, "time_signature": 4}, {"uri": "spotify:track:6vxHp3CDNo0afgKGp2yi1E", "name": "Me and Julio Down by the Schoolyard", "artist": "Paul Simon", "popularity": 72, "danceability": 0.626, "energy": 0.816, "key": 9, "loudness": -10.593, "mode": 1, "speechiness": 0.131, "acousticness": 0.237, "instrumentalness": 1.8e-06, "liveness": 0.104, "valence": 0.798, "tempo": 105.307, "duration_ms": 164813, "time_signature": 4}, {"uri": "spotify:track:66ZcOcouenzZEnzTJvoFmH", "name": "The Sweet Escape", "artist": "Gwen Stefani", "popularity": 74, "danceability": 0.756, "energy": 0.77, "key": 1, "loudness": -3.502, "mode": 1, "speechiness": 0.0343, "acousticness": 0.191, "instrumentalness": 0, "liveness": 0.178, "valence": 0.73, "tempo": 119.961, "duration_ms": 246467, "time_signature": 4}, {"uri": "spotify:track:6oJ6le65B3SEqPwMRNXWjY", "name": "Higher Love", "artist": "Kygo", "popularity": 79, "danceability": 0.693, "energy": 0.678, "key": 8, "loudness": -7.159, "mode": 1, "speechiness": 0.0324, "acousticness": 0.0151, "instrumentalness": 5.71e-06, "liveness": 0.101, "valence": 0.404, "tempo": 103.952, "duration_ms": 228267, "time_signature": 4}, {"uri": "spotify:track:5xTtaWoae3wi06K5WfVUUH", "name": "Shake It Off", "artist": "Taylor Swift", "popularity": 73, "danceability": 0.648, "energy": 0.785, "key": 7, "loudness": -5.414, "mode": 1, "speechiness": 0.165, "acousticness": 0.0561, "instrumentalness": 0, "liveness": 0.148, "valence": 0.943, "tempo": 160.02, "duration_ms": 219200, "time_signature": 4}, {"uri": "spotify:track:3ts6xK5GzfMAAriT9AIBmP", "name": "Barefoot Blue Jean Night", "artist": "Jake Owen", "popularity": 71, "danceability": 0.599, "energy": 0.807, "key": 4, "loudness": -4.679, "mode": 1, "speechiness": 0.0402, "acousticness": 0.202, "instrumentalness": 0, "liveness": 0.196, "valence": 0.812, "tempo": 172.017, "duration_ms": 167427, "time_signature": 4}, {"uri": "spotify:track:3MWfVTC8ooCmpOveFJbvbT", "name": "Tequila On A Boat (feat. Chris Lane)", "artist": "Dustin Lynch", "popularity": 58, "danceability": 0.591, "energy": 0.877, "key": 10, "loudness": -3.364, "mode": 1, "speechiness": 0.0887, "acousticness": 0.13, "instrumentalness": 0, "liveness": 0.387, "valence": 0.854, "tempo": 157.174, "duration_ms": 186973, "time_signature": 4}, {"uri": "spotify:track:0ZPHHXmmW3nVoDBe3YUdmm", "name": "The Middle", "artist": "Jimmy Eat World", "popularity": 0, "danceability": 0.634, "energy": 0.85, "key": 2, "loudness": -5.31, "mode": 1, "speechiness": 0.0549, "acousticness": 0.0358, "instrumentalness": 0, "liveness": 0.0711, "valence": 0.913, "tempo": 162.166, "duration_ms": 165853, "time_signature": 4}, {"uri": "spotify:track:1z6WtY7X4HQJvzxC4UgkSf", "name": "Love On Top", "artist": "Beyonc\u00e9", "popularity": 77, "danceability": 0.652, "energy": 0.748, "key": 0, "loudness": -5.242, "mode": 1, "speechiness": 0.0887, "acousticness": 0.0849, "instrumentalness": 0, "liveness": 0.604, "valence": 0.652, "tempo": 94.1, "duration_ms": 267413, "time_signature": 4}, {"uri": "spotify:track:6hs3SDnbO3f6VQuPO4KBEb", "name": "Send Me on My Way", "artist": "Rusted Root", "popularity": 72, "danceability": 0.5, "energy": 0.681, "key": 0, "loudness": -9.556, "mode": 1, "speechiness": 0.0672, "acousticness": 0.114, "instrumentalness": 4.01e-05, "liveness": 0.139, "valence": 0.745, "tempo": 119.46, "duration_ms": 263333, "time_signature": 4}, {"uri": "spotify:track:3tSi6iFO9yLGIYIqMEgjC9", "name": "I Want You Back", "artist": "The Jackson 5", "popularity": 63, "danceability": 0.67, "energy": 0.584, "key": 8, "loudness": -8.325, "mode": 1, "speechiness": 0.034, "acousticness": 0.439, "instrumentalness": 0.00614, "liveness": 0.178, "valence": 0.944, "tempo": 98.185, "duration_ms": 179227, "time_signature": 4}, {"uri": "spotify:track:2Gy7qnDwt8Z3MNxqat4CsK", "name": "Wouldn't It Be Nice - 2000 Remaster", "artist": "The Beach Boys", "popularity": 73, "danceability": 0.392, "energy": 0.629, "key": 5, "loudness": -7.056, "mode": 1, "speechiness": 0.0335, "acousticness": 0.718, "instrumentalness": 3.76e-06, "liveness": 0.129, "valence": 0.72, "tempo": 124.511, "duration_ms": 153205, "time_signature": 4}, {"uri": "spotify:track:1dFLowBW25EaL2OC7eKEa2", "name": "You Look Good", "artist": "Lady A", "popularity": 58, "danceability": 0.656, "energy": 0.917, "key": 0, "loudness": -4.652, "mode": 1, "speechiness": 0.0495, "acousticness": 0.045, "instrumentalness": 0.000732, "liveness": 0.0878, "valence": 0.961, "tempo": 152.067, "duration_ms": 181000, "time_signature": 4}, {"uri": "spotify:track:1Cv1YLb4q0RzL6pybtaMLo", "name": "Sunday Best", "artist": "Surfaces", "popularity": 80, "danceability": 0.878, "energy": 0.525, "key": 5, "loudness": -6.832, "mode": 1, "speechiness": 0.0578, "acousticness": 0.183, "instrumentalness": 0, "liveness": 0.0714, "valence": 0.694, "tempo": 112.022, "duration_ms": 158571, "time_signature": 4}, {"uri": "spotify:track:0PDCewmZCp0P5s00bptcdd", "name": "This Will Be (An Everlasting Love)", "artist": "Natalie Cole", "popularity": 74, "danceability": 0.685, "energy": 0.623, "key": 8, "loudness": -11.146, "mode": 1, "speechiness": 0.042, "acousticness": 0.228, "instrumentalness": 0.00234, "liveness": 0.0295, "valence": 0.896, "tempo": 126.739, "duration_ms": 171960, "time_signature": 4}, {"uri": "spotify:track:0GONea6G2XdnHWjNZd6zt3", "name": "Summer Of '69", "artist": "Bryan Adams", "popularity": 82, "danceability": 0.508, "energy": 0.834, "key": 2, "loudness": -6.205, "mode": 1, "speechiness": 0.0386, "acousticness": 0.0183, "instrumentalness": 0, "liveness": 0.0732, "valence": 0.774, "tempo": 139.131, "duration_ms": 216053, "time_signature": 4}, {"uri": "spotify:track:7hQJA50XrCWABAu5v6QZ4i", "name": "Don't Stop Me Now - Remastered 2011", "artist": "Queen", "popularity": 75, "danceability": 0.563, "energy": 0.865, "key": 5, "loudness": -5.277, "mode": 1, "speechiness": 0.16, "acousticness": 0.0472, "instrumentalness": 0.000191, "liveness": 0.77, "valence": 0.601, "tempo": 156.271, "duration_ms": 209413, "time_signature": 4}, {"uri": "spotify:track:22sLuJYcvZOSoLLRYev1s5", "name": "Material Girl", "artist": "Madonna", "popularity": 74, "danceability": 0.742, "energy": 0.883, "key": 0, "loudness": -3.419, "mode": 1, "speechiness": 0.0329, "acousticness": 0.333, "instrumentalness": 7.51e-06, "liveness": 0.0964, "valence": 0.978, "tempo": 136.506, "duration_ms": 240280, "time_signature": 4}, {"uri": "spotify:track:3B4q6KbHbGV51HO3GznBFF", "name": "What I Got", "artist": "Sublime", "popularity": 74, "danceability": 0.804, "energy": 0.696, "key": 7, "loudness": -7.47, "mode": 1, "speechiness": 0.0899, "acousticness": 0.00877, "instrumentalness": 0.000985, "liveness": 0.314, "valence": 0.657, "tempo": 95.721, "duration_ms": 170907, "time_signature": 4}, {"uri": "spotify:track:21jGcNKet2qwijlDFuPiPb", "name": "Circles", "artist": "Post Malone", "popularity": 88, "danceability": 0.695, "energy": 0.762, "key": 0, "loudness": -3.497, "mode": 1, "speechiness": 0.0395, "acousticness": 0.192, "instrumentalness": 0.00244, "liveness": 0.0863, "valence": 0.553, "tempo": 120.042, "duration_ms": 215280, "time_signature": 4}, {"uri": "spotify:track:4ly1QBXEwYoDmje9rmEgC4", "name": "Head Over Boots", "artist": "Jon Pardi", "popularity": 73, "danceability": 0.563, "energy": 0.688, "key": 7, "loudness": -4.474, "mode": 1, "speechiness": 0.0262, "acousticness": 0.0763, "instrumentalness": 0, "liveness": 0.0863, "valence": 0.622, "tempo": 108.008, "duration_ms": 202347, "time_signature": 4}, {"uri": "spotify:track:0d2iYfpKoM0QCKvcLCkBao", "name": "Eastside (with Halsey & Khalid)", "artist": "benny blanco", "popularity": 78, "danceability": 0.56, "energy": 0.68, "key": 6, "loudness": -7.648, "mode": 0, "speechiness": 0.321, "acousticness": 0.555, "instrumentalness": 0, "liveness": 0.116, "valence": 0.319, "tempo": 89.391, "duration_ms": 173800, "time_signature": 4}, {"uri": "spotify:track:5tVA6TkbaAH9QMITTQRrNv", "name": "Free Fallin'", "artist": "Tom Petty", "popularity": 79, "danceability": 0.623, "energy": 0.449, "key": 5, "loudness": -13.333, "mode": 1, "speechiness": 0.0253, "acousticness": 0.212, "instrumentalness": 0, "liveness": 0.0613, "valence": 0.572, "tempo": 84.383, "duration_ms": 256000, "time_signature": 4}, {"uri": "spotify:track:1WkMMavIMc4JZ8cfMmxHkI", "name": "CAN'T STOP THE FEELING! (from DreamWorks Animation's \"TROLLS\")", "artist": "Justin Timberlake", "popularity": 74, "danceability": 0.669, "energy": 0.832, "key": 0, "loudness": -5.721, "mode": 1, "speechiness": 0.0682, "acousticness": 0.0106, "instrumentalness": 0, "liveness": 0.0968, "valence": 0.7, "tempo": 113.035, "duration_ms": 237547, "time_signature": 4}, {"uri": "spotify:track:5E3P9e1hvjyIOlFyqNB5eD", "name": "Rich Girl", "artist": "Daryl Hall & John Oates", "popularity": 67, "danceability": 0.598, "energy": 0.643, "key": 5, "loudness": -6.303, "mode": 1, "speechiness": 0.134, "acousticness": 0.5, "instrumentalness": 0, "liveness": 0.0435, "valence": 0.823, "tempo": 167.971, "duration_ms": 144333, "time_signature": 4}, {"uri": "spotify:track:0yD66650JxhqKbW76C2qCo", "name": "Country Girl (Shake It For Me)", "artist": "Luke Bryan", "popularity": 71, "danceability": 0.645, "energy": 0.904, "key": 2, "loudness": -4.532, "mode": 1, "speechiness": 0.0462, "acousticness": 0.0293, "instrumentalness": 0, "liveness": 0.0834, "valence": 0.671, "tempo": 105.97, "duration_ms": 225560, "time_signature": 4}, {"uri": "spotify:track:4iJyoBOLtHqaGxP12qzhQI", "name": "Peaches (feat. Daniel Caesar & Giveon)", "artist": "Justin Bieber", "popularity": 91, "danceability": 0.677, "energy": 0.696, "key": 0, "loudness": -6.181, "mode": 1, "speechiness": 0.119, "acousticness": 0.321, "instrumentalness": 0, "liveness": 0.42, "valence": 0.464, "tempo": 90.03, "duration_ms": 198082, "time_signature": 4}, {"uri": "spotify:track:3JvrhDOgAt6p7K8mDyZwRd", "name": "Riptide", "artist": "Vance Joy", "popularity": 80, "danceability": 0.484, "energy": 0.731, "key": 1, "loudness": -6.694, "mode": 1, "speechiness": 0.0379, "acousticness": 0.431, "instrumentalness": 0, "liveness": 0.151, "valence": 0.51, "tempo": 101.654, "duration_ms": 204280, "time_signature": 4}, {"uri": "spotify:track:6WrI0LAC5M1Rw2MnX2ZvEg", "name": "Don't Start Now", "artist": "Dua Lipa", "popularity": 83, "danceability": 0.794, "energy": 0.793, "key": 11, "loudness": -4.521, "mode": 0, "speechiness": 0.0842, "acousticness": 0.0125, "instrumentalness": 0, "liveness": 0.0952, "valence": 0.677, "tempo": 123.941, "duration_ms": 183290, "time_signature": 4}, {"uri": "spotify:track:0clSHsrHl2irBkObcLEZqS", "name": "I Love My Country", "artist": "Florida Georgia Line", "popularity": 59, "danceability": 0.525, "energy": 0.94, "key": 4, "loudness": -3.546, "mode": 1, "speechiness": 0.065, "acousticness": 0.0283, "instrumentalness": 0, "liveness": 0.236, "valence": 0.636, "tempo": 140.093, "duration_ms": 185467, "time_signature": 4}, {"uri": "spotify:track:3KkXRkHbMCARz0aVfEt68P", "name": "Sunflower - Spider-Man: Into the Spider-Verse", "artist": "Post Malone", "popularity": 87, "danceability": 0.76, "energy": 0.479, "key": 2, "loudness": -5.574, "mode": 1, "speechiness": 0.0466, "acousticness": 0.556, "instrumentalness": 0, "liveness": 0.0703, "valence": 0.913, "tempo": 89.911, "duration_ms": 158040, "time_signature": 4}, {"uri": "spotify:track:1OppEieGNdItZbE14gLBEv", "name": "You Can't Hurry Love", "artist": "The Supremes", "popularity": 76, "danceability": 0.63, "energy": 0.711, "key": 10, "loudness": -9.34, "mode": 1, "speechiness": 0.0472, "acousticness": 0.299, "instrumentalness": 0, "liveness": 0.0813, "valence": 0.659, "tempo": 96.912, "duration_ms": 167933, "time_signature": 4}, {"uri": "spotify:track:4h8VwCb1MTGoLKueQ1WgbD", "name": "Wake Me Up", "artist": "Avicii", "popularity": 10, "danceability": 0.532, "energy": 0.783, "key": 2, "loudness": -5.697, "mode": 1, "speechiness": 0.0523, "acousticness": 0.0038, "instrumentalness": 0.0012, "liveness": 0.161, "valence": 0.643, "tempo": 124.08, "duration_ms": 247427, "time_signature": 4}, {"uri": "spotify:track:6xdLJrVj4vIXwhuG8TMopk", "name": "Crazy Little Thing Called Love - Remastered 2011", "artist": "Queen", "popularity": 77, "danceability": 0.599, "energy": 0.761, "key": 0, "loudness": -6.887, "mode": 1, "speechiness": 0.0421, "acousticness": 0.713, "instrumentalness": 4.74e-06, "liveness": 0.349, "valence": 0.712, "tempo": 77.015, "duration_ms": 163373, "time_signature": 4}, {"uri": "spotify:track:7MAibcTli4IisCtbHKrGMh", "name": "Leave The Door Open", "artist": "Bruno Mars", "popularity": 87, "danceability": 0.586, "energy": 0.616, "key": 5, "loudness": -7.964, "mode": 1, "speechiness": 0.0324, "acousticness": 0.182, "instrumentalness": 0, "liveness": 0.0927, "valence": 0.719, "tempo": 148.088, "duration_ms": 242096, "time_signature": 4}, {"uri": "spotify:track:3qI94hINNNeb4S7xQi18lS", "name": "Blame It on the Boogie", "artist": "The Jacksons", "popularity": 73, "danceability": 0.774, "energy": 0.641, "key": 1, "loudness": -10.193, "mode": 1, "speechiness": 0.0799, "acousticness": 0.0765, "instrumentalness": 0, "liveness": 0.0867, "valence": 0.875, "tempo": 113.256, "duration_ms": 214200, "time_signature": 4}, {"uri": "spotify:track:0VjIjW4GlUZAMYd2vXMi3b", "name": "Blinding Lights", "artist": "The Weeknd", "popularity": 94, "danceability": 0.514, "energy": 0.73, "key": 1, "loudness": -5.934, "mode": 1, "speechiness": 0.0598, "acousticness": 0.00146, "instrumentalness": 9.54e-05, "liveness": 0.0897, "valence": 0.334, "tempo": 171.005, "duration_ms": 200040, "time_signature": 4}, {"uri": "spotify:track:2KKijf6Ett4kmVNJze2roh", "name": "The Git Up", "artist": "Blanco Brown", "popularity": 72, "danceability": 0.847, "energy": 0.678, "key": 9, "loudness": -8.635, "mode": 1, "speechiness": 0.109, "acousticness": 0.0669, "instrumentalness": 0, "liveness": 0.274, "valence": 0.811, "tempo": 97.984, "duration_ms": 200594, "time_signature": 4}, {"uri": "spotify:track:4jPy3l0RUwlUI9T5XHBW2m", "name": "Mood (feat. iann dior)", "artist": "24kGoldn", "popularity": 89, "danceability": 0.701, "energy": 0.716, "key": 7, "loudness": -3.671, "mode": 0, "speechiness": 0.0361, "acousticness": 0.174, "instrumentalness": 0, "liveness": 0.324, "valence": 0.732, "tempo": 91.007, "duration_ms": 140533, "time_signature": 4}, {"uri": "spotify:track:2Y8i6ntDzXIhCO4UJPl5Qv", "name": "Superstition - Single Version", "artist": "Stevie Wonder", "popularity": 0, "danceability": 0.643, "energy": 0.628, "key": 10, "loudness": -12.075, "mode": 0, "speechiness": 0.0748, "acousticness": 0.0443, "instrumentalness": 0.00613, "liveness": 0.0359, "valence": 0.894, "tempo": 100.392, "duration_ms": 245493, "time_signature": 4}, {"uri": "spotify:track:0KKkJNfGyhkQ5aFogxQAPU", "name": "That's What I Like", "artist": "Bruno Mars", "popularity": 84, "danceability": 0.853, "energy": 0.56, "key": 1, "loudness": -4.961, "mode": 1, "speechiness": 0.0406, "acousticness": 0.013, "instrumentalness": 0, "liveness": 0.0944, "valence": 0.86, "tempo": 134.066, "duration_ms": 206693, "time_signature": 4}, {"uri": "spotify:track:5AoTuHE5P5bvC7BBppYnja", "name": "Respect - 2003 Remaster", "artist": "Aretha Franklin", "popularity": 66, "danceability": 0.744, "energy": 0.611, "key": 0, "loudness": -6.386, "mode": 1, "speechiness": 0.0333, "acousticness": 0.0723, "instrumentalness": 0.000532, "liveness": 0.0692, "valence": 0.961, "tempo": 114.991, "duration_ms": 142187, "time_signature": 4}, {"uri": "spotify:track:62LJFaYihsdVrrkgUOJC05", "name": "Kiss", "artist": "Prince", "popularity": 75, "danceability": 0.898, "energy": 0.271, "key": 7, "loudness": -12.238, "mode": 1, "speechiness": 0.091, "acousticness": 0.0135, "instrumentalness": 0.00138, "liveness": 0.0461, "valence": 0.742, "tempo": 111.485, "duration_ms": 226240, "time_signature": 4}, {"uri": "spotify:track:7BKLCZ1jbUBVqRi2FVlTVw", "name": "Closer", "artist": "The Chainsmokers", "popularity": 86, "danceability": 0.748, "energy": 0.524, "key": 8, "loudness": -5.599, "mode": 1, "speechiness": 0.0338, "acousticness": 0.414, "instrumentalness": 0, "liveness": 0.111, "valence": 0.661, "tempo": 95.01, "duration_ms": 244960, "time_signature": 4}, {"uri": "spotify:track:6leiB1fEsTnVCuPiielde5", "name": "Something Like That", "artist": "Tim McGraw", "popularity": 68, "danceability": 0.507, "energy": 0.85, "key": 5, "loudness": -5.679, "mode": 1, "speechiness": 0.0472, "acousticness": 0.378, "instrumentalness": 0, "liveness": 0.0567, "valence": 0.847, "tempo": 171.8, "duration_ms": 183733, "time_signature": 4}, {"uri": "spotify:track:1puEUilaw5RSbi3AYnkF8K", "name": "Steal My Sunshine", "artist": "LEN", "popularity": 51, "danceability": 0.412, "energy": 0.829, "key": 4, "loudness": -11.112, "mode": 1, "speechiness": 0.529, "acousticness": 0.394, "instrumentalness": 0, "liveness": 0.108, "valence": 0.677, "tempo": 191.476, "duration_ms": 265533, "time_signature": 4}]