[{"uri": "spotify:track:2d0YkF9qWbyqoNjarHSF1R", "name": "Waiting on You", "artist": "Solicit", "popularity": 44, "danceability": 0.481, "energy": 0.382, "key": 11, "loudness": -12.513, "mode": 0, "speechiness": 0.0873, "acousticness": 0.697, "instrumentalness": 0.845, "liveness": 0.143, "valence": 0.0755, "tempo": 127.134, "duration_ms": 247559, "time_signature": 4}, {"uri": "spotify:track:0TCBdI2nBP9EPd0DobvegE", "name": "Above", "artist": "Liam Mour", "popularity": 39, "danceability": 0.462, "energy": 0.433, "key": 5, "loudness": -13.54, "mode": 1, "speechiness": 0.0339, "acousticness": 0.121, "instrumentalness": 0.845, "liveness": 0.154, "valence": 0.0625, "tempo": 174.062, "duration_ms": 187786, "time_signature": 4}, {"uri": "spotify:track:3rI6J22xq3t8RDpxIOBo1C", "name": "Parallel 6", "artist": "Four Tet", "popularity": 59, "danceability": 0.711, "energy": 0.635, "key": 4, "loudness": -13.168, "mode": 0, "speechiness": 0.0537, "acousticness": 0.66, "instrumentalness": 0.96, "liveness": 0.194, "valence": 0.646, "tempo": 124.034, "duration_ms": 306970, "time_signature": 4}, {"uri": "spotify:track:3mZUPucA0LcSKoZbLHRhyY", "name": "Let You", "artist": "Autumn Glow", "popularity": 43, "danceability": 0.411, "energy": 0.756, "key": 9, "loudness": -11.146, "mode": 0, "speechiness": 0.103, "acousticness": 0.0933, "instrumentalness": 0.884, "liveness": 0.0811, "valence": 0.222, "tempo": 135.11, "duration_ms": 206222, "time_signature": 4}, {"uri": "spotify:track:69uPNh3b6VKdMZMbIKYQ1l", "name": "By Your Side", "artist": "Sofia Kourtesis", "popularity": 59, "danceability": 0.887, "energy": 0.823, "key": 5, "loudness": -7.57, "mode": 0, "speechiness": 0.0462, "acousticness": 0.0237, "instrumentalness": 0.731, "liveness": 0.593, "valence": 0.641, "tempo": 121.993, "duration_ms": 367363, "time_signature": 4}, {"uri": "spotify:track:6jRmVBU6Lvc2AVYry5CWZP", "name": "Smoke", "artist": "AK", "popularity": 45, "danceability": 0.592, "energy": 0.613, "key": 9, "loudness": -13.58, "mode": 0, "speechiness": 0.0368, "acousticness": 0.479, "instrumentalness": 0.806, "liveness": 0.106, "valence": 0.0758, "tempo": 134.006, "duration_ms": 222090, "time_signature": 4}, {"uri": "spotify:track:4F7AJSzHZFqqWOsPX3lvDq", "name": "Movement 6", "artist": "Floating Points", "popularity": 0, "danceability": 0.115, "energy": 0.257, "key": 0, "loudness": -14.611, "mode": 0, "speechiness": 0.0349, "acousticness": 0.805, "instrumentalness": 0.819, "liveness": 0.184, "valence": 0.0725, "tempo": 93.784, "duration_ms": 530894, "time_signature": 4}, {"uri": "spotify:track:5VPKSGlvqwUcDfmIpyXNH9", "name": "Runner", "artist": "Sol Rising", "popularity": 46, "danceability": 0.648, "energy": 0.947, "key": 2, "loudness": -8.95, "mode": 0, "speechiness": 0.0437, "acousticness": 0.53, "instrumentalness": 0.922, "liveness": 0.277, "valence": 0.18, "tempo": 119.967, "duration_ms": 267000, "time_signature": 4}, {"uri": "spotify:track:4M7bnpKyvmXMuoZe10hnki", "name": "Keep Shimmering", "artist": "Tom VR", "popularity": 52, "danceability": 0.616, "energy": 0.648, "key": 1, "loudness": -9.085, "mode": 0, "speechiness": 0.12, "acousticness": 0.196, "instrumentalness": 0.755, "liveness": 0.0903, "valence": 0.0513, "tempo": 80.99, "duration_ms": 263843, "time_signature": 4}, {"uri": "spotify:track:1y2lZj6Lrq0pOYTPmX5LXe", "name": "Glacial Lake", "artist": "Teen Daze", "popularity": 50, "danceability": 0.137, "energy": 0.334, "key": 3, "loudness": -16.647, "mode": 1, "speechiness": 0.0394, "acousticness": 0.919, "instrumentalness": 0.964, "liveness": 0.359, "valence": 0.0389, "tempo": 88.994, "duration_ms": 224427, "time_signature": 4}, {"uri": "spotify:track:1VUqvjcQ7KGp5M1R7VVkXe", "name": "Signal - Jean-Michel Blais Piano Version", "artist": "CRi", "popularity": 0, "danceability": 0.405, "energy": 0.027, "key": 11, "loudness": -26.8, "mode": 0, "speechiness": 0.0396, "acousticness": 0.993, "instrumentalness": 0.91, "liveness": 0.0862, "valence": 0.0783, "tempo": 125.276, "duration_ms": 269873, "time_signature": 4}, {"uri": "spotify:track:5IR1lBGpLzpwur6hBUXRTI", "name": "Rotterdam Rita", "artist": "Fletcher Reed", "popularity": 42, "danceability": 0.446, "energy": 0.784, "key": 4, "loudness": -9.26, "mode": 0, "speechiness": 0.0954, "acousticness": 0.771, "instrumentalness": 0.869, "liveness": 0.107, "valence": 0.334, "tempo": 136.54, "duration_ms": 138199, "time_signature": 4}, {"uri": "spotify:track:2UUVwDVZYR5StS7Si0SxrP", "name": "Half Awake", "artist": "Joey Pecoraro", "popularity": 49, "danceability": 0.611, "energy": 0.623, "key": 9, "loudness": -8.448, "mode": 0, "speechiness": 0.0312, "acousticness": 0.635, "instrumentalness": 0.833, "liveness": 0.103, "valence": 0.372, "tempo": 88.009, "duration_ms": 198389, "time_signature": 4}, {"uri": "spotify:track:4EsMNnijTIfsL3y3qzK50F", "name": "September Sun", "artist": "Sol Rising", "popularity": 48, "danceability": 0.216, "energy": 0.453, "key": 4, "loudness": -10.615, "mode": 1, "speechiness": 0.0303, "acousticness": 0.853, "instrumentalness": 0.767, "liveness": 0.0996, "valence": 0.0513, "tempo": 100.056, "duration_ms": 209400, "time_signature": 4}, {"uri": "spotify:track:6yGNvSOyCZvNOCtHs3hfrH", "name": "GLY", "artist": "Catching Flies", "popularity": 60, "danceability": 0.669, "energy": 0.563, "key": 5, "loudness": -10.437, "mode": 0, "speechiness": 0.0357, "acousticness": 0.25, "instrumentalness": 0.917, "liveness": 0.142, "valence": 0.394, "tempo": 119.974, "duration_ms": 220623, "time_signature": 4}, {"uri": "spotify:track:4itSXBmRCtfXcifQOWsAGI", "name": "Busy", "artist": "Flawed Mangoes", "popularity": 41, "danceability": 0.678, "energy": 0.597, "key": 8, "loudness": -7.173, "mode": 1, "speechiness": 0.0319, "acousticness": 0.734, "instrumentalness": 0.906, "liveness": 0.11, "valence": 0.199, "tempo": 139.942, "duration_ms": 252429, "time_signature": 4}, {"uri": "spotify:track:6XOfGeiQZ2KtsmAjONNiSf", "name": "Universal Intimacy", "artist": "Blackboxx", "popularity": 0, "danceability": 0.631, "energy": 0.742, "key": 3, "loudness": -3.984, "mode": 1, "speechiness": 0.028, "acousticness": 0.00549, "instrumentalness": 0.754, "liveness": 0.0969, "valence": 0.392, "tempo": 128.039, "duration_ms": 200720, "time_signature": 4}, {"uri": "spotify:track:7G1xf2FMsWfbXH5TlUn2Ap", "name": "Some Other Day", "artist": "Solcal", "popularity": 42, "danceability": 0.586, "energy": 0.229, "key": 10, "loudness": -15.866, "mode": 1, "speechiness": 0.0404, "acousticness": 0.919, "instrumentalness": 0.934, "liveness": 0.1, "valence": 0.106, "tempo": 74.998, "duration_ms": 186865, "time_signature": 4}, {"uri": "spotify:track:6CPOy0ncsGyFo4nDRItmfU", "name": "Deep Blue", "artist": "AK", "popularity": 17, "danceability": 0.667, "energy": 0.56, "key": 9, "loudness": -13.864, "mode": 0, "speechiness": 0.0467, "acousticness": 0.654, "instrumentalness": 0.88, "liveness": 0.0876, "valence": 0.192, "tempo": 140.511, "duration_ms": 196441, "time_signature": 4}, {"uri": "spotify:track:4oV37nYkVu3IZ64ZGxghT7", "name": "I Know", "artist": "TSHA", "popularity": 48, "danceability": 0.687, "energy": 0.803, "key": 11, "loudness": -5.873, "mode": 0, "speechiness": 0.0322, "acousticness": 0.103, "instrumentalness": 0.869, "liveness": 0.158, "valence": 0.174, "tempo": 115.0, "duration_ms": 288039, "time_signature": 4}, {"uri": "spotify:track:0HZtVLVL6oLU9WobKQxqGu", "name": "Lido", "artist": "Bicep", "popularity": 52, "danceability": 0.648, "energy": 0.339, "key": 9, "loudness": -14.428, "mode": 0, "speechiness": 0.0304, "acousticness": 0.966, "instrumentalness": 0.881, "liveness": 0.105, "valence": 0.169, "tempo": 119.984, "duration_ms": 200240, "time_signature": 4}, {"uri": "spotify:track:2bdKTq31MlD9tQEzSPBVWl", "name": "Gated Area", "artist": "Pool Boy", "popularity": 44, "danceability": 0.661, "energy": 0.331, "key": 8, "loudness": -12.368, "mode": 0, "speechiness": 0.0393, "acousticness": 0.492, "instrumentalness": 0.679, "liveness": 0.108, "valence": 0.307, "tempo": 84.999, "duration_ms": 228897, "time_signature": 4}, {"uri": "spotify:track:1DPQO6QuHJEVNO1ukVKVdX", "name": "Love", "artist": "Liam Mour", "popularity": 46, "danceability": 0.32, "energy": 0.495, "key": 2, "loudness": -10.374, "mode": 1, "speechiness": 0.0353, "acousticness": 0.103, "instrumentalness": 0.872, "liveness": 0.108, "valence": 0.141, "tempo": 128.551, "duration_ms": 278326, "time_signature": 4}, {"uri": "spotify:track:3Yagxg6rtkwN01AYzA862i", "name": "Loom (feat. Bonobo)", "artist": "\u00d3lafur Arnalds", "popularity": 55, "danceability": 0.545, "energy": 0.18, "key": 5, "loudness": -21.022, "mode": 0, "speechiness": 0.0337, "acousticness": 0.988, "instrumentalness": 0.906, "liveness": 0.0686, "valence": 0.31, "tempo": 156.694, "duration_ms": 226867, "time_signature": 4}, {"uri": "spotify:track:160leq3oBHDPYyD0A6rK3n", "name": "All You Need Is Time", "artist": "AK", "popularity": 48, "danceability": 0.697, "energy": 0.361, "key": 4, "loudness": -11.795, "mode": 0, "speechiness": 0.0363, "acousticness": 0.794, "instrumentalness": 0.927, "liveness": 0.112, "valence": 0.123, "tempo": 140.002, "duration_ms": 277714, "time_signature": 4}, {"uri": "spotify:track:7I8ekwvvCq0gaxBMaxco3l", "name": "No Motivation", "artist": "Flawed Mangoes", "popularity": 48, "danceability": 0.552, "energy": 0.646, "key": 11, "loudness": -4.802, "mode": 1, "speechiness": 0.0646, "acousticness": 0.232, "instrumentalness": 0.559, "liveness": 0.0885, "valence": 0.155, "tempo": 77.643, "duration_ms": 255512, "time_signature": 4}, {"uri": "spotify:track:5TgbftMqsjBnkKVWXJubAl", "name": "Blossom", "artist": "Nyte", "popularity": 43, "danceability": 0.605, "energy": 0.758, "key": 6, "loudness": -11.562, "mode": 1, "speechiness": 0.138, "acousticness": 0.69, "instrumentalness": 0.674, "liveness": 0.114, "valence": 0.773, "tempo": 128.03, "duration_ms": 332817, "time_signature": 4}, {"uri": "spotify:track:4luihFQ22pn73BCwIGfPlv", "name": "Transcend", "artist": "TWO LANES", "popularity": 51, "danceability": 0.505, "energy": 0.547, "key": 2, "loudness": -16.06, "mode": 0, "speechiness": 0.0418, "acousticness": 0.6, "instrumentalness": 0.847, "liveness": 0.0863, "valence": 0.162, "tempo": 180.058, "duration_ms": 282812, "time_signature": 4}, {"uri": "spotify:track:0CFeLYd2oDWNFONwZSo65G", "name": "Why She Is Hiding in the Other Man's Eyes", "artist": "||||||||||||||||||||", "popularity": 43, "danceability": 0.682, "energy": 0.266, "key": 11, "loudness": -20.196, "mode": 0, "speechiness": 0.0342, "acousticness": 0.873, "instrumentalness": 0.876, "liveness": 0.109, "valence": 0.212, "tempo": 81.993, "duration_ms": 304390, "time_signature": 4}, {"uri": "spotify:track:18Xjl0R0TfUwJYIKOu9pCg", "name": "Inkeri", "artist": "Tor", "popularity": 50, "danceability": 0.659, "energy": 0.73, "key": 11, "loudness": -10.74, "mode": 0, "speechiness": 0.0368, "acousticness": 0.0889, "instrumentalness": 0.857, "liveness": 0.355, "valence": 0.0795, "tempo": 99.987, "duration_ms": 202992, "time_signature": 4}, {"uri": "spotify:track:7LZTFdzWIFUWCpznmYm5lw", "name": "Couch Party", "artist": "afternoon bike ride", "popularity": 0, "danceability": 0.678, "energy": 0.34, "key": 0, "loudness": -11.47, "mode": 1, "speechiness": 0.0517, "acousticness": 0.608, "instrumentalness": 0.00492, "liveness": 0.298, "valence": 0.192, "tempo": 87.975, "duration_ms": 187664, "time_signature": 4}, {"uri": "spotify:track:72QkLvjQpIhPrmmaR4KjjY", "name": "Dreaming Of A Better Place", "artist": "Liam Mour", "popularity": 46, "danceability": 0.193, "energy": 0.158, "key": 0, "loudness": -13.805, "mode": 1, "speechiness": 0.0328, "acousticness": 0.893, "instrumentalness": 0.925, "liveness": 0.0578, "valence": 0.112, "tempo": 143.323, "duration_ms": 305874, "time_signature": 3}, {"uri": "spotify:track:5cwtgZnXsn2vVfuQZPSFt3", "name": "Cup of Joe", "artist": "Hermanito", "popularity": 42, "danceability": 0.317, "energy": 0.604, "key": 11, "loudness": -8.391, "mode": 0, "speechiness": 0.0941, "acousticness": 0.241, "instrumentalness": 0.83, "liveness": 0.104, "valence": 0.063, "tempo": 192.945, "duration_ms": 226093, "time_signature": 4}, {"uri": "spotify:track:2iHgZUi62VlyF36yDTz5sX", "name": "Reverie", "artist": "Sleep Surgeon", "popularity": 0, "danceability": 0.467, "energy": 0.392, "key": 11, "loudness": -14.282, "mode": 1, "speechiness": 0.0336, "acousticness": 0.023, "instrumentalness": 0.913, "liveness": 0.107, "valence": 0.038, "tempo": 135.0, "duration_ms": 211556, "time_signature": 4}, {"uri": "spotify:track:73iKoDdtumBpcIIZaNpuEU", "name": "Aerie", "artist": "Southern Shores", "popularity": 21, "danceability": 0.685, "energy": 0.499, "key": 2, "loudness": -8.4, "mode": 1, "speechiness": 0.052, "acousticness": 0.0921, "instrumentalness": 0.889, "liveness": 0.0615, "valence": 0.523, "tempo": 101.993, "duration_ms": 156478, "time_signature": 4}, {"uri": "spotify:track:2MoLuAW3uPVuPuXeGGPHCR", "name": "Tangerine Sour", "artist": "Emancipator", "popularity": 0, "danceability": 0.645, "energy": 0.574, "key": 0, "loudness": -8.96, "mode": 0, "speechiness": 0.0268, "acousticness": 0.557, "instrumentalness": 0.855, "liveness": 0.0977, "valence": 0.477, "tempo": 93.989, "duration_ms": 253044, "time_signature": 4}, {"uri": "spotify:track:7y5KNFzUITQC3ObeFkf9cj", "name": "[Time] Place", "artist": "Neighborhood Libraries", "popularity": 46, "danceability": 0.242, "energy": 0.15, "key": 7, "loudness": -21.652, "mode": 0, "speechiness": 0.0318, "acousticness": 0.874, "instrumentalness": 0.935, "liveness": 0.082, "valence": 0.0338, "tempo": 74.526, "duration_ms": 427200, "time_signature": 3}, {"uri": "spotify:track:4X8vyPKnqXurF8tJcgZJUC", "name": "Hanging D - Max Cooper Remix", "artist": "Joep Beving", "popularity": 43, "danceability": 0.418, "energy": 0.506, "key": 2, "loudness": -12.372, "mode": 0, "speechiness": 0.0339, "acousticness": 0.699, "instrumentalness": 0.973, "liveness": 0.113, "valence": 0.0816, "tempo": 173.993, "duration_ms": 305403, "time_signature": 4}, {"uri": "spotify:track:0ObzkSnoXbfcJxOjwG09u0", "name": "NO SKIN", "artist": "Mild Minds", "popularity": 52, "danceability": 0.429, "energy": 0.669, "key": 10, "loudness": -7.488, "mode": 0, "speechiness": 0.0438, "acousticness": 0.332, "instrumentalness": 0.824, "liveness": 0.107, "valence": 0.102, "tempo": 119.891, "duration_ms": 278125, "time_signature": 4}, {"uri": "spotify:track:5VDnV2q6OrlrPsHsDZtIP1", "name": "6000 Ft.", "artist": "Bonobo", "popularity": 53, "danceability": 0.656, "energy": 0.902, "key": 8, "loudness": -9.453, "mode": 0, "speechiness": 0.0403, "acousticness": 0.0793, "instrumentalness": 0.871, "liveness": 0.0472, "valence": 0.434, "tempo": 121.015, "duration_ms": 336092, "time_signature": 4}, {"uri": "spotify:track:3IneYkIxkwFCdb68hICqWA", "name": "Terrace Rain", "artist": "afternoon bike ride", "popularity": 41, "danceability": 0.797, "energy": 0.219, "key": 0, "loudness": -15.066, "mode": 1, "speechiness": 0.0736, "acousticness": 0.837, "instrumentalness": 0.338, "liveness": 0.131, "valence": 0.132, "tempo": 112.006, "duration_ms": 176548, "time_signature": 4}, {"uri": "spotify:track:0uWA1iX0tEOOSfkZs7XYP5", "name": "When I Look Into Your Eyes", "artist": "Liam Mour", "popularity": 48, "danceability": 0.115, "energy": 0.165, "key": 7, "loudness": -10.807, "mode": 1, "speechiness": 0.0369, "acousticness": 0.446, "instrumentalness": 0.765, "liveness": 0.0772, "valence": 0.0715, "tempo": 175.195, "duration_ms": 252003, "time_signature": 3}, {"uri": "spotify:track:15iCIkRtJkYoJJavwSbA3n", "name": "When Will I Learn", "artist": "Tora", "popularity": 40, "danceability": 0.671, "energy": 0.399, "key": 1, "loudness": -11.571, "mode": 0, "speechiness": 0.0287, "acousticness": 0.842, "instrumentalness": 0.305, "liveness": 0.117, "valence": 0.187, "tempo": 90.012, "duration_ms": 169000, "time_signature": 4}, {"uri": "spotify:track:0a6Gsxg9F2y28YaXb4mPY4", "name": "The Path", "artist": "Kilig", "popularity": 45, "danceability": 0.427, "energy": 0.425, "key": 0, "loudness": -12.221, "mode": 0, "speechiness": 0.0398, "acousticness": 0.188, "instrumentalness": 0.898, "liveness": 0.0883, "valence": 0.173, "tempo": 99.442, "duration_ms": 192900, "time_signature": 4}, {"uri": "spotify:track:1ajC1DxUxfRTyzhpOcrHd4", "name": "Bloom", "artist": "Teset", "popularity": 41, "danceability": 0.516, "energy": 0.428, "key": 8, "loudness": -14.036, "mode": 1, "speechiness": 0.0278, "acousticness": 0.625, "instrumentalness": 0.902, "liveness": 0.374, "valence": 0.216, "tempo": 124.997, "duration_ms": 276960, "time_signature": 4}, {"uri": "spotify:track:4i3Y42G0Um2iDVKb7XBRT9", "name": "Far From Home", "artist": "Loz Goddard", "popularity": 48, "danceability": 0.783, "energy": 0.56, "key": 11, "loudness": -12.682, "mode": 1, "speechiness": 0.0402, "acousticness": 0.805, "instrumentalness": 0.915, "liveness": 0.11, "valence": 0.315, "tempo": 123.973, "duration_ms": 326129, "time_signature": 4}, {"uri": "spotify:track:06r5aMZ8cT6wZXcEyqOLH4", "name": "Lone Raver", "artist": "Barry Can't Swim", "popularity": 51, "danceability": 0.731, "energy": 0.602, "key": 8, "loudness": -12.526, "mode": 1, "speechiness": 0.0526, "acousticness": 0.496, "instrumentalness": 0.584, "liveness": 0.0916, "valence": 0.194, "tempo": 128.065, "duration_ms": 257299, "time_signature": 4}, {"uri": "spotify:track:3JNaX9HIye0QI4cnWhLHDY", "name": "Cool Air", "artist": "DJ Counselling", "popularity": 46, "danceability": 0.76, "energy": 0.682, "key": 4, "loudness": -8.906, "mode": 0, "speechiness": 0.134, "acousticness": 0.209, "instrumentalness": 0.877, "liveness": 0.0719, "valence": 0.216, "tempo": 122.018, "duration_ms": 270506, "time_signature": 4}, {"uri": "spotify:track:17C3EXdU2eFGKnesQTkEJr", "name": "Once Around", "artist": "Cubicolor", "popularity": 51, "danceability": 0.436, "energy": 0.163, "key": 8, "loudness": -18.953, "mode": 0, "speechiness": 0.0338, "acousticness": 0.9, "instrumentalness": 0.906, "liveness": 0.107, "valence": 0.0926, "tempo": 174.996, "duration_ms": 222000, "time_signature": 1}, {"uri": "spotify:track:6KrnEzLSoi4XR5u3bLMPsu", "name": "Quasar", "artist": "Gidge", "popularity": 0, "danceability": 0.453, "energy": 0.481, "key": 9, "loudness": -9.277, "mode": 1, "speechiness": 0.0789, "acousticness": 0.278, "instrumentalness": 0.881, "liveness": 0.348, "valence": 0.0574, "tempo": 177.008, "duration_ms": 352216, "time_signature": 3}, {"uri": "spotify:track:7u3tmftMEaOYqYE6fUnNmX", "name": "8 Hours, Still No Rain", "artist": "Hosini", "popularity": 53, "danceability": 0.383, "energy": 0.21, "key": 6, "loudness": -17.512, "mode": 1, "speechiness": 0.0352, "acousticness": 0.924, "instrumentalness": 0.95, "liveness": 0.0937, "valence": 0.0547, "tempo": 119.997, "duration_ms": 182901, "time_signature": 4}, {"uri": "spotify:track:2KmiFXR0oK5WWwukNm8CSb", "name": "Bondade", "artist": "Pandit Pam Pam", "popularity": 36, "danceability": 0.655, "energy": 0.0688, "key": 8, "loudness": -26.416, "mode": 1, "speechiness": 0.0361, "acousticness": 0.963, "instrumentalness": 0.858, "liveness": 0.112, "valence": 0.42, "tempo": 113.737, "duration_ms": 154909, "time_signature": 4}, {"uri": "spotify:track:19vWDttuR4ZVBzUfQFsfPS", "name": "Pastoral", "artist": "Christian L\u00f6ffler", "popularity": 53, "danceability": 0.163, "energy": 0.191, "key": 10, "loudness": -20.924, "mode": 1, "speechiness": 0.0365, "acousticness": 0.937, "instrumentalness": 0.959, "liveness": 0.0961, "valence": 0.0335, "tempo": 105.104, "duration_ms": 220630, "time_signature": 3}, {"uri": "spotify:track:36MWyP1g6jAAosExPkzIqu", "name": "Cusp - Edit", "artist": "Frameworks", "popularity": 46, "danceability": 0.733, "energy": 0.726, "key": 5, "loudness": -9.894, "mode": 0, "speechiness": 0.0366, "acousticness": 0.278, "instrumentalness": 0.83, "liveness": 0.173, "valence": 0.0823, "tempo": 117.991, "duration_ms": 249080, "time_signature": 4}, {"uri": "spotify:track:0UO0Fl2CaNNpeh7WB2kvsC", "name": "Falling Apart", "artist": "Leaving Laurel", "popularity": 48, "danceability": 0.523, "energy": 0.757, "key": 9, "loudness": -8.729, "mode": 0, "speechiness": 0.0289, "acousticness": 0.0574, "instrumentalness": 0.901, "liveness": 0.0795, "valence": 0.186, "tempo": 114.997, "duration_ms": 258827, "time_signature": 4}, {"uri": "spotify:track:33xzOMLKWD1QdYYKETCkY5", "name": "The Frequency of the Universe", "artist": "Teen Daze", "popularity": 46, "danceability": 0.132, "energy": 0.0835, "key": 1, "loudness": -17.64, "mode": 1, "speechiness": 0.0403, "acousticness": 0.745, "instrumentalness": 0.927, "liveness": 0.0984, "valence": 0.0295, "tempo": 88.161, "duration_ms": 225197, "time_signature": 4}, {"uri": "spotify:track:7zf1xFJp2PuqM00hhsC3ax", "name": "Wintergreen", "artist": "Jon Hopkins", "popularity": 52, "danceability": 0.306, "energy": 0.164, "key": 10, "loudness": -34.825, "mode": 1, "speechiness": 0.0691, "acousticness": 0.893, "instrumentalness": 0.924, "liveness": 0.336, "valence": 0.0368, "tempo": 91.856, "duration_ms": 224145, "time_signature": 4}, {"uri": "spotify:track:3eHg10L5NVIz84J4oRTZRG", "name": "Closed for Renovations", "artist": "Pool Boy", "popularity": 48, "danceability": 0.667, "energy": 0.437, "key": 3, "loudness": -16.354, "mode": 0, "speechiness": 0.0707, "acousticness": 0.753, "instrumentalness": 0.94, "liveness": 0.891, "valence": 0.677, "tempo": 99.978, "duration_ms": 163978, "time_signature": 4}, {"uri": "spotify:track:3UBW2WFjqWpEhjOM1qO6It", "name": "Daydream of You", "artist": "Mr. Mitch", "popularity": 39, "danceability": 0.454, "energy": 0.102, "key": 0, "loudness": -16.209, "mode": 0, "speechiness": 0.0407, "acousticness": 0.907, "instrumentalness": 0.566, "liveness": 0.111, "valence": 0.415, "tempo": 122.052, "duration_ms": 192576, "time_signature": 4}, {"uri": "spotify:track:5N9ORjMVySSfAbW3NbEHeX", "name": "Skylab District", "artist": "Barry Can't Swim", "popularity": 45, "danceability": 0.561, "energy": 0.818, "key": 2, "loudness": -8.366, "mode": 0, "speechiness": 0.042, "acousticness": 0.0349, "instrumentalness": 0.342, "liveness": 0.0635, "valence": 0.128, "tempo": 127.0, "duration_ms": 217768, "time_signature": 4}, {"uri": "spotify:track:049XEpbNFnb4oLh3HHV6Ay", "name": "Stranger to One", "artist": "Feiertag", "popularity": 0, "danceability": 0.622, "energy": 0.499, "key": 5, "loudness": -8.906, "mode": 0, "speechiness": 0.0468, "acousticness": 0.169, "instrumentalness": 0.922, "liveness": 0.136, "valence": 0.493, "tempo": 81.022, "duration_ms": 136383, "time_signature": 4}, {"uri": "spotify:track:26psGKOS3wq1K4D1aqGLd3", "name": "The Wave - Radio Edit", "artist": "Good Lee", "popularity": 42, "danceability": 0.65, "energy": 0.665, "key": 11, "loudness": -9.991, "mode": 0, "speechiness": 0.0573, "acousticness": 0.335, "instrumentalness": 0.92, "liveness": 0.23, "valence": 0.599, "tempo": 127.021, "duration_ms": 245827, "time_signature": 4}, {"uri": "spotify:track:3bRHsTDn4w7u2zllW5oiei", "name": "Knows No End", "artist": "BAILE", "popularity": 37, "danceability": 0.703, "energy": 0.642, "key": 4, "loudness": -8.167, "mode": 0, "speechiness": 0.0424, "acousticness": 0.0937, "instrumentalness": 0.841, "liveness": 0.721, "valence": 0.322, "tempo": 119.994, "duration_ms": 336000, "time_signature": 4}, {"uri": "spotify:track:1oEKtplYnjwb3tAlfm1NPF", "name": "The Anatomy of Clouds - Yann Tiersen Remix", "artist": "Michael Price", "popularity": 36, "danceability": 0.0794, "energy": 0.361, "key": 9, "loudness": -16.314, "mode": 0, "speechiness": 0.0461, "acousticness": 0.352, "instrumentalness": 0.964, "liveness": 0.124, "valence": 0.0422, "tempo": 176.008, "duration_ms": 705613, "time_signature": 4}, {"uri": "spotify:track:1sUe5eWlR1bH0Q4ImgPf1v", "name": "Masks Off", "artist": "Yvois", "popularity": 11, "danceability": 0.67, "energy": 0.911, "key": 0, "loudness": -6.751, "mode": 1, "speechiness": 0.225, "acousticness": 0.308, "instrumentalness": 0.0121, "liveness": 0.478, "valence": 0.782, "tempo": 172.051, "duration_ms": 253981, "time_signature": 4}, {"uri": "spotify:track:3vKRwlgJ0KHvoP1wyKONr7", "name": "Electric Counterpoint", "artist": "Third Son", "popularity": 33, "danceability": 0.677, "energy": 0.901, "key": 4, "loudness": -8.086, "mode": 0, "speechiness": 0.0979, "acousticness": 0.953, "instrumentalness": 0.958, "liveness": 0.115, "valence": 0.705, "tempo": 195.004, "duration_ms": 263774, "time_signature": 3}, {"uri": "spotify:track:5pRYAk9jj0KhEnFY38s3WL", "name": "Indonesia Print", "artist": "Pandit Pam Pam", "popularity": 37, "danceability": 0.41, "energy": 0.234, "key": 8, "loudness": -15.29, "mode": 1, "speechiness": 0.064, "acousticness": 0.979, "instrumentalness": 0.882, "liveness": 0.118, "valence": 0.106, "tempo": 109.535, "duration_ms": 217429, "time_signature": 4}, {"uri": "spotify:track:3myrvhxZL6nf2UPOYt9TiQ", "name": "Tropic Air", "artist": "RUMTUM", "popularity": 42, "danceability": 0.615, "energy": 0.576, "key": 8, "loudness": -9.422, "mode": 0, "speechiness": 0.316, "acousticness": 0.00557, "instrumentalness": 0.887, "liveness": 0.0754, "valence": 0.754, "tempo": 180.042, "duration_ms": 224000, "time_signature": 4}, {"uri": "spotify:track:21eK9EjODeTWhC81a8GVfe", "name": "Soul's Matter", "artist": "Nuage", "popularity": 37, "danceability": 0.786, "energy": 0.813, "key": 10, "loudness": -8.979, "mode": 0, "speechiness": 0.0553, "acousticness": 0.183, "instrumentalness": 0.9, "liveness": 0.109, "valence": 0.302, "tempo": 125.988, "duration_ms": 222857, "time_signature": 4}, {"uri": "spotify:track:0xp3MdGRrVVtBzJ7hgNzC2", "name": "Afraid", "artist": "Penelope Trappes", "popularity": 32, "danceability": 0.112, "energy": 0.248, "key": 10, "loudness": -16.761, "mode": 1, "speechiness": 0.0328, "acousticness": 0.687, "instrumentalness": 0.00277, "liveness": 0.0736, "valence": 0.141, "tempo": 85.974, "duration_ms": 226640, "time_signature": 4}, {"uri": "spotify:track:6mnqGJKrRVJfyrzxnvoOeo", "name": "The Longest Night", "artist": "Phil Anker", "popularity": 40, "danceability": 0.716, "energy": 0.692, "key": 1, "loudness": -9.157, "mode": 0, "speechiness": 0.0646, "acousticness": 0.139, "instrumentalness": 0.853, "liveness": 0.12, "valence": 0.368, "tempo": 130.027, "duration_ms": 290276, "time_signature": 4}, {"uri": "spotify:track:6WhWYLxIDeUDTtKmp8F7mX", "name": "Fonction Naturelle", "artist": "Ouri", "popularity": 37, "danceability": 0.555, "energy": 0.265, "key": 1, "loudness": -13.387, "mode": 0, "speechiness": 0.0348, "acousticness": 0.699, "instrumentalness": 0.707, "liveness": 0.152, "valence": 0.221, "tempo": 130.846, "duration_ms": 180500, "time_signature": 4}, {"uri": "spotify:track:71yKusCutfdp91GSeS2Aq8", "name": "Blueberry", "artist": "Direct", "popularity": 45, "danceability": 0.78, "energy": 0.222, "key": 9, "loudness": -10.309, "mode": 0, "speechiness": 0.271, "acousticness": 0.929, "instrumentalness": 0.747, "liveness": 0.0993, "valence": 0.0393, "tempo": 97.484, "duration_ms": 212840, "time_signature": 1}, {"uri": "spotify:track:4hIjfcWeaUIg5JIgFsqyXj", "name": "Everything In Its Right Place", "artist": "Third Son", "popularity": 36, "danceability": 0.717, "energy": 0.828, "key": 1, "loudness": -8.609, "mode": 1, "speechiness": 0.0367, "acousticness": 0.163, "instrumentalness": 0.875, "liveness": 0.0716, "valence": 0.423, "tempo": 125.997, "duration_ms": 316191, "time_signature": 3}, {"uri": "spotify:track:79srzZz9HB7l9MJjWlHPvD", "name": "Dust", "artist": "Sync Zephyr", "popularity": 0, "danceability": 0.286, "energy": 0.14, "key": 5, "loudness": -18.213, "mode": 1, "speechiness": 0.0344, "acousticness": 0.983, "instrumentalness": 0.895, "liveness": 0.087, "valence": 0.122, "tempo": 85.795, "duration_ms": 212330, "time_signature": 5}, {"uri": "spotify:track:0RZ5bH3jU33OtO1PAhfXh5", "name": "Surrender Yourself", "artist": "Lawrence Hart", "popularity": 45, "danceability": 0.641, "energy": 0.677, "key": 7, "loudness": -9.002, "mode": 0, "speechiness": 0.0462, "acousticness": 0.0813, "instrumentalness": 0.826, "liveness": 0.111, "valence": 0.0708, "tempo": 122.992, "duration_ms": 347413, "time_signature": 4}, {"uri": "spotify:track:26K1uubDB1A4RHvadCD5U9", "name": "Night Owl", "artist": "Cihangir Aslan", "popularity": 0, "danceability": 0.542, "energy": 0.521, "key": 4, "loudness": -12.566, "mode": 0, "speechiness": 0.104, "acousticness": 0.884, "instrumentalness": 0.914, "liveness": 0.124, "valence": 0.176, "tempo": 194.049, "duration_ms": 376082, "time_signature": 4}, {"uri": "spotify:track:51qw9DAEYn0RS23LtwZU84", "name": "El Layali", "artist": "Barry Can't Swim", "popularity": 53, "danceability": 0.743, "energy": 0.554, "key": 1, "loudness": -12.539, "mode": 1, "speechiness": 0.0482, "acousticness": 0.0539, "instrumentalness": 0.83, "liveness": 0.0919, "valence": 0.617, "tempo": 122.004, "duration_ms": 189760, "time_signature": 4}, {"uri": "spotify:track:3kE3j0x9BMdyFExd2ZOq5z", "name": "Tides", "artist": "Louf", "popularity": 38, "danceability": 0.667, "energy": 0.768, "key": 8, "loudness": -13.028, "mode": 1, "speechiness": 0.0487, "acousticness": 0.835, "instrumentalness": 0.908, "liveness": 0.335, "valence": 0.786, "tempo": 130.963, "duration_ms": 331625, "time_signature": 4}, {"uri": "spotify:track:4xT0BmSuDNp2vkK5v07yba", "name": "Music For Psychedelic Therapy - Excerpt", "artist": "Jon Hopkins", "popularity": 51, "danceability": 0.0611, "energy": 0.331, "key": 5, "loudness": -15.52, "mode": 1, "speechiness": 0.0394, "acousticness": 0.348, "instrumentalness": 0.927, "liveness": 0.11, "valence": 0.0765, "tempo": 54.797, "duration_ms": 427299, "time_signature": 4}, {"uri": "spotify:track:3PbIUqlExWHZIdJ6hpuVd2", "name": "Eurotunnel", "artist": "Dunwich", "popularity": 44, "danceability": 0.7, "energy": 0.561, "key": 10, "loudness": -12.64, "mode": 0, "speechiness": 0.0423, "acousticness": 0.219, "instrumentalness": 0.819, "liveness": 0.275, "valence": 0.23, "tempo": 99.999, "duration_ms": 692931, "time_signature": 4}, {"uri": "spotify:track:5o5Sg5yIKrFE7cTeq43am1", "name": "How May I Help You?", "artist": "Photay", "popularity": 34, "danceability": 0.204, "energy": 0.0903, "key": 10, "loudness": -28.253, "mode": 1, "speechiness": 0.048, "acousticness": 0.984, "instrumentalness": 0.958, "liveness": 0.117, "valence": 0.052, "tempo": 132.849, "duration_ms": 407388, "time_signature": 4}, {"uri": "spotify:track:11FmDjx3y7vz27i0n8GMhF", "name": "Frequency", "artist": "Juno Mamba", "popularity": 36, "danceability": 0.549, "energy": 0.912, "key": 9, "loudness": -8.723, "mode": 0, "speechiness": 0.0479, "acousticness": 0.563, "instrumentalness": 0.881, "liveness": 0.0948, "valence": 0.225, "tempo": 118.018, "duration_ms": 366146, "time_signature": 4}, {"uri": "spotify:track:6Drks6dbqYCZ303NPH4c6T", "name": "The Letter", "artist": "Chris Malinchak", "popularity": 55, "danceability": 0.729, "energy": 0.621, "key": 7, "loudness": -14.886, "mode": 0, "speechiness": 0.042, "acousticness": 0.0111, "instrumentalness": 0.938, "liveness": 0.0656, "valence": 0.322, "tempo": 126.015, "duration_ms": 235436, "time_signature": 4}, {"uri": "spotify:track:4jsWwL5JRWrHrWRqid2Jvg", "name": "Imagination", "artist": "Jordan Rakei", "popularity": 44, "danceability": 0.394, "energy": 0.269, "key": 9, "loudness": -17.644, "mode": 0, "speechiness": 0.0328, "acousticness": 0.836, "instrumentalness": 0.762, "liveness": 0.129, "valence": 0.131, "tempo": 162.045, "duration_ms": 349630, "time_signature": 4}, {"uri": "spotify:track:6P34heTQ18iaF6sKWCa8TW", "name": "Merlins Head - Aparde Remix", "artist": "Parra for Cuva", "popularity": 42, "danceability": 0.427, "energy": 0.471, "key": 9, "loudness": -10.843, "mode": 0, "speechiness": 0.136, "acousticness": 0.42, "instrumentalness": 0.875, "liveness": 0.107, "valence": 0.105, "tempo": 100.044, "duration_ms": 279600, "time_signature": 4}, {"uri": "spotify:track:0fym4mro3A1876ysJ7ulJQ", "name": "Ozu", "artist": "Gotts Street Park", "popularity": 50, "danceability": 0.6, "energy": 0.412, "key": 4, "loudness": -11.885, "mode": 0, "speechiness": 0.0503, "acousticness": 0.888, "instrumentalness": 0.936, "liveness": 0.109, "valence": 0.227, "tempo": 91.772, "duration_ms": 221947, "time_signature": 4}, {"uri": "spotify:track:6keksRelqpwkzSEjscx8lH", "name": "Kora", "artist": "Ineffekt", "popularity": 34, "danceability": 0.558, "energy": 0.771, "key": 10, "loudness": -11.6, "mode": 0, "speechiness": 0.0421, "acousticness": 0.00912, "instrumentalness": 0.927, "liveness": 0.104, "valence": 0.101, "tempo": 125.031, "duration_ms": 253440, "time_signature": 4}, {"uri": "spotify:track:2LJvEAXalgDaUvIKELmP8x", "name": "Ultra Marine", "artist": "Sweatson Klank", "popularity": 0, "danceability": 0.291, "energy": 0.285, "key": 4, "loudness": -18.982, "mode": 0, "speechiness": 0.0355, "acousticness": 0.925, "instrumentalness": 0.802, "liveness": 0.577, "valence": 0.0383, "tempo": 138.586, "duration_ms": 238235, "time_signature": 4}, {"uri": "spotify:track:7Auyn5OOY5uejUSqDGDc8e", "name": "Bleached Flamingo", "artist": "Stavroz", "popularity": 0, "danceability": 0.652, "energy": 0.347, "key": 4, "loudness": -12.441, "mode": 0, "speechiness": 0.0435, "acousticness": 0.7, "instrumentalness": 0.849, "liveness": 0.136, "valence": 0.593, "tempo": 161.014, "duration_ms": 272982, "time_signature": 1}, {"uri": "spotify:track:7CPrLYIx5Eq49tqR2i9YG2", "name": "Erosion", "artist": "Sogyal", "popularity": 37, "danceability": 0.687, "energy": 0.493, "key": 1, "loudness": -11.575, "mode": 0, "speechiness": 0.465, "acousticness": 0.689, "instrumentalness": 0.588, "liveness": 0.111, "valence": 0.274, "tempo": 89.964, "duration_ms": 176121, "time_signature": 4}, {"uri": "spotify:track:30XkCWjqtb6hJKZwL2dUHg", "name": "Solved Quick", "artist": "||||||||||||||||||||", "popularity": 37, "danceability": 0.513, "energy": 0.548, "key": 5, "loudness": -17.135, "mode": 1, "speechiness": 0.0863, "acousticness": 0.55, "instrumentalness": 0.944, "liveness": 0.27, "valence": 0.144, "tempo": 105.76, "duration_ms": 190638, "time_signature": 3}, {"uri": "spotify:track:5M2UUj4MKLWehb2e6FHCU8", "name": "Sleep Swimming", "artist": "Gelka", "popularity": 45, "danceability": 0.364, "energy": 0.5, "key": 9, "loudness": -13.751, "mode": 0, "speechiness": 0.0351, "acousticness": 0.947, "instrumentalness": 0.678, "liveness": 0.84, "valence": 0.386, "tempo": 105.206, "duration_ms": 160000, "time_signature": 3}, {"uri": "spotify:track:2ZIv64u8EDj0BjecR7IaB2", "name": "Efflorescence", "artist": "Luke Sanger", "popularity": 38, "danceability": 0.517, "energy": 0.697, "key": 1, "loudness": -7.933, "mode": 1, "speechiness": 0.032, "acousticness": 0.801, "instrumentalness": 0.912, "liveness": 0.104, "valence": 0.546, "tempo": 145.57, "duration_ms": 330001, "time_signature": 4}, {"uri": "spotify:track:3bOEp5lWoea80fO9FDmb0c", "name": "L'architettura Del Mare", "artist": "Populous", "popularity": 40, "danceability": 0.626, "energy": 0.387, "key": 1, "loudness": -13.878, "mode": 0, "speechiness": 0.0599, "acousticness": 0.309, "instrumentalness": 0.907, "liveness": 0.12, "valence": 0.147, "tempo": 140.019, "duration_ms": 304813, "time_signature": 4}, {"uri": "spotify:track:6IgxlOpJ1o16NqJtNQwAUo", "name": "Every Day the Sun Comes Up", "artist": "DJ Counselling", "popularity": 49, "danceability": 0.588, "energy": 0.782, "key": 7, "loudness": -10.453, "mode": 1, "speechiness": 0.0378, "acousticness": 0.042, "instrumentalness": 0.898, "liveness": 0.111, "valence": 0.127, "tempo": 121.996, "duration_ms": 316195, "time_signature": 4}, {"uri": "spotify:track:4EeltidRUkfOcyGqHmCZvA", "name": "Formation", "artist": "Louf", "popularity": 36, "danceability": 0.769, "energy": 0.821, "key": 1, "loudness": -9.614, "mode": 1, "speechiness": 0.0498, "acousticness": 0.119, "instrumentalness": 0.892, "liveness": 0.115, "valence": 0.41, "tempo": 126.011, "duration_ms": 351625, "time_signature": 4}, {"uri": "spotify:track:7xDIbH1rKZQKp0Wr6l4NVd", "name": "Together In Static", "artist": "Daniel Avery", "popularity": 35, "danceability": 0.0833, "energy": 0.0984, "key": 5, "loudness": -19.005, "mode": 1, "speechiness": 0.0492, "acousticness": 0.835, "instrumentalness": 0.811, "liveness": 0.128, "valence": 0.0384, "tempo": 71.229, "duration_ms": 155375, "time_signature": 4}, {"uri": "spotify:track:6OsFIzpJHX0hm6iKe6nBEk", "name": "Unheard Melodies - Edit", "artist": "\u00b5-Ziq", "popularity": 32, "danceability": 0.741, "energy": 0.529, "key": 9, "loudness": -11.568, "mode": 0, "speechiness": 0.0394, "acousticness": 0.0179, "instrumentalness": 0.95, "liveness": 0.11, "valence": 0.171, "tempo": 115.028, "duration_ms": 280658, "time_signature": 4}, {"uri": "spotify:track:5kdXiiF8MxyLVhRjkVv9jQ", "name": "Sit Around The Fire", "artist": "Jon Hopkins", "popularity": 52, "danceability": 0.219, "energy": 0.231, "key": 8, "loudness": -24.187, "mode": 1, "speechiness": 0.0672, "acousticness": 0.92, "instrumentalness": 0.793, "liveness": 0.114, "valence": 0.157, "tempo": 62.744, "duration_ms": 502705, "time_signature": 3}]