[{"uri": "spotify:track:1uA4YKtkUT8wvFobwTtonp", "name": "Thank You For It All", "artist": "Marvin Sapp", "popularity": 50, "danceability": 0.535, "energy": 0.432, "key": 0, "loudness": -8.161, "mode": 1, "speechiness": 0.0321, "acousticness": 0.387, "instrumentalness": 0, "liveness": 0.113, "valence": 0.285, "tempo": 102.168, "duration_ms": 264430, "time_signature": 4}, {"uri": "spotify:track:56rwjJ8kxKhVs16jjfLIbG", "name": "Just Like God", "artist": "Evvie McKinney", "popularity": 51, "danceability": 0.424, "energy": 0.757, "key": 8, "loudness": -4.201, "mode": 1, "speechiness": 0.0813, "acousticness": 0.15, "instrumentalness": 6.06e-06, "liveness": 0.214, "valence": 0.306, "tempo": 154.424, "duration_ms": 180946, "time_signature": 4}, {"uri": "spotify:track:5Vr9WTLcbpKRkQGvVen13W", "name": "Won't He Do It", "artist": "Koryn Hawthorne", "popularity": 55, "danceability": 0.629, "energy": 0.624, "key": 9, "loudness": -4.975, "mode": 0, "speechiness": 0.0745, "acousticness": 0.12, "instrumentalness": 0, "liveness": 0.203, "valence": 0.73, "tempo": 140.042, "duration_ms": 209062, "time_signature": 4}, {"uri": "spotify:track:4qduSkpBMLjxLseOLN28kv", "name": "Movin' On", "artist": "Jonathan McReynolds", "popularity": 41, "danceability": 0.486, "energy": 0.543, "key": 10, "loudness": -5.767, "mode": 1, "speechiness": 0.162, "acousticness": 0.571, "instrumentalness": 0, "liveness": 0.074, "valence": 0.725, "tempo": 85.217, "duration_ms": 228341, "time_signature": 4}, {"uri": "spotify:track:48xkeL7pEY4x2q2sz1vLMD", "name": "Believe For It - Live", "artist": "CeCe Winans", "popularity": 0, "danceability": 0.264, "energy": 0.671, "key": 7, "loudness": -5.069, "mode": 1, "speechiness": 0.0407, "acousticness": 0.0494, "instrumentalness": 0, "liveness": 0.319, "valence": 0.181, "tempo": 157.953, "duration_ms": 502333, "time_signature": 4}, {"uri": "spotify:track:2IHroOC3rcvR8fx0SN8Xva", "name": "Touch From You", "artist": "Tamela Mann", "popularity": 42, "danceability": 0.302, "energy": 0.588, "key": 8, "loudness": -5.289, "mode": 1, "speechiness": 0.0505, "acousticness": 0.467, "instrumentalness": 0, "liveness": 0.108, "valence": 0.301, "tempo": 145.869, "duration_ms": 237257, "time_signature": 4}, {"uri": "spotify:track:719l9b2QzAejHepSi8vK5a", "name": "Something Has To Break (feat. Tasha Cobbs Leonard) - Live", "artist": "Kierra Sheard", "popularity": 49, "danceability": 0.352, "energy": 0.79, "key": 8, "loudness": -4.27, "mode": 1, "speechiness": 0.0705, "acousticness": 0.132, "instrumentalness": 0, "liveness": 0.119, "valence": 0.222, "tempo": 126.627, "duration_ms": 402844, "time_signature": 4}, {"uri": "spotify:track:37s52ztttg63S3jIDQNo7v", "name": "Won't Let Go", "artist": "Travis Greene", "popularity": 46, "danceability": 0.341, "energy": 0.52, "key": 0, "loudness": -7.842, "mode": 1, "speechiness": 0.0688, "acousticness": 0.474, "instrumentalness": 0, "liveness": 0.086, "valence": 0.232, "tempo": 185.732, "duration_ms": 238085, "time_signature": 3}, {"uri": "spotify:track:0CZmy9ctYRi2Ux5uFLGqSr", "name": "Speak To Me", "artist": "Koryn Hawthorne", "popularity": 53, "danceability": 0.745, "energy": 0.621, "key": 0, "loudness": -6.109, "mode": 0, "speechiness": 0.314, "acousticness": 0.389, "instrumentalness": 0, "liveness": 0.174, "valence": 0.63, "tempo": 82.51, "duration_ms": 166963, "time_signature": 4}, {"uri": "spotify:track:7l6yY4kttGsr96vM9vY7XX", "name": "Jehovah Jireh - Live", "artist": "Jekalyn Carr", "popularity": 48, "danceability": 0.44, "energy": 0.696, "key": 3, "loudness": -5.065, "mode": 0, "speechiness": 0.0363, "acousticness": 0.0875, "instrumentalness": 0, "liveness": 0.379, "valence": 0.17, "tempo": 92.042, "duration_ms": 373772, "time_signature": 4}, {"uri": "spotify:track:17MqdngAFPDWcaSt9wkPQi", "name": "I Forgive Me", "artist": "James Fortune", "popularity": 0, "danceability": 0.484, "energy": 0.73, "key": 5, "loudness": -5.854, "mode": 1, "speechiness": 0.0997, "acousticness": 0.0265, "instrumentalness": 0, "liveness": 0.362, "valence": 0.387, "tempo": 84.86, "duration_ms": 275581, "time_signature": 4}, {"uri": "spotify:track:7yu4816uyIqXiPvALxL44y", "name": "Jireh (feat. Chandler Moore & Naomi Raine)", "artist": "Elevation Worship", "popularity": 65, "danceability": 0.335, "energy": 0.639, "key": 3, "loudness": -6.598, "mode": 1, "speechiness": 0.0369, "acousticness": 0.265, "instrumentalness": 0, "liveness": 0.107, "valence": 0.381, "tempo": 139.912, "duration_ms": 598995, "time_signature": 4}, {"uri": "spotify:track:2wxUXlPQSloOq0SGetICXD", "name": "Good & Loved (feat. DOE) - Stellars 2020", "artist": "Travis Greene", "popularity": 37, "danceability": 0.508, "energy": 0.679, "key": 2, "loudness": -4.957, "mode": 1, "speechiness": 0.0325, "acousticness": 0.0738, "instrumentalness": 0, "liveness": 0.196, "valence": 0.521, "tempo": 114.966, "duration_ms": 232233, "time_signature": 3}, {"uri": "spotify:track:4YlCbMRNnELzzAj333hvEz", "name": "You Don't Know", "artist": "Zacardi Cortez", "popularity": 0, "danceability": 0.352, "energy": 0.487, "key": 5, "loudness": -6.862, "mode": 1, "speechiness": 0.0378, "acousticness": 0.174, "instrumentalness": 0, "liveness": 0.166, "valence": 0.222, "tempo": 99.305, "duration_ms": 283040, "time_signature": 4}, {"uri": "spotify:track:14jIX5rmoUWVPBNq3Q72J8", "name": "In Spite Of Me", "artist": "Tasha Cobbs Leonard", "popularity": 46, "danceability": 0.442, "energy": 0.645, "key": 7, "loudness": -8.348, "mode": 1, "speechiness": 0.106, "acousticness": 0.0554, "instrumentalness": 1.23e-06, "liveness": 0.385, "valence": 0.433, "tempo": 170.043, "duration_ms": 346766, "time_signature": 4}, {"uri": "spotify:track:5MRxO8zELsdc5ZHMV0y9JZ", "name": "I Am (Radio Edit)", "artist": "James Fortune", "popularity": 0, "danceability": 0.424, "energy": 0.786, "key": 8, "loudness": -4.109, "mode": 1, "speechiness": 0.0512, "acousticness": 0.0167, "instrumentalness": 1.28e-05, "liveness": 0.139, "valence": 0.199, "tempo": 129.651, "duration_ms": 282540, "time_signature": 4}, {"uri": "spotify:track:4c11HmomjkYU2wf9maxf17", "name": "I See Miracles", "artist": "Jekalyn Carr", "popularity": 45, "danceability": 0.264, "energy": 0.795, "key": 10, "loudness": -4.413, "mode": 0, "speechiness": 0.0705, "acousticness": 0.0901, "instrumentalness": 0.000217, "liveness": 0.243, "valence": 0.357, "tempo": 153.044, "duration_ms": 260431, "time_signature": 4}, {"uri": "spotify:track:3648FGKvPaB9jJ6SszwiXD", "name": "Not Holding Back", "artist": "JJ Hairston", "popularity": 42, "danceability": 0.233, "energy": 0.71, "key": 6, "loudness": -5.041, "mode": 1, "speechiness": 0.066, "acousticness": 0.184, "instrumentalness": 0, "liveness": 0.0746, "valence": 0.377, "tempo": 173.028, "duration_ms": 747716, "time_signature": 3}, {"uri": "spotify:track:4KuFyYtKIizLOjfofjxZT8", "name": "Not Lucky, I'm Loved", "artist": "Jonathan McReynolds", "popularity": 0, "danceability": 0.556, "energy": 0.843, "key": 1, "loudness": -7.324, "mode": 1, "speechiness": 0.0555, "acousticness": 0.0146, "instrumentalness": 1.53e-05, "liveness": 0.784, "valence": 0.403, "tempo": 112.935, "duration_ms": 408814, "time_signature": 4}, {"uri": "spotify:track:59YIAjAePBFjRRcJIpdn0K", "name": "Something Has To Break (feat. Karen Clark Sheard)", "artist": "Kierra Sheard", "popularity": 45, "danceability": 0.39, "energy": 0.714, "key": 8, "loudness": -5.172, "mode": 1, "speechiness": 0.0688, "acousticness": 0.163, "instrumentalness": 1.67e-06, "liveness": 0.0728, "valence": 0.169, "tempo": 128.995, "duration_ms": 347752, "time_signature": 4}, {"uri": "spotify:track:77Ozvyd5Hb2JelgPAefv5I", "name": "Weak", "artist": "Sunday Service Choir", "popularity": 49, "danceability": 0.638, "energy": 0.305, "key": 0, "loudness": -9.125, "mode": 1, "speechiness": 0.0406, "acousticness": 0.628, "instrumentalness": 0, "liveness": 0.237, "valence": 0.374, "tempo": 121.976, "duration_ms": 185439, "time_signature": 4}, {"uri": "spotify:track:54DSYJ4UJS9Me8sdpuZlAT", "name": "You\u2019re Gonna Get The Glory - Live", "artist": "Tasha Cobbs Leonard", "popularity": 43, "danceability": 0.532, "energy": 0.796, "key": 2, "loudness": -4.72, "mode": 1, "speechiness": 0.0555, "acousticness": 0.112, "instrumentalness": 0, "liveness": 0.239, "valence": 0.442, "tempo": 95.142, "duration_ms": 481168, "time_signature": 4}, {"uri": "spotify:track:3O1OvEm2Kho4oEAMnnLXaP", "name": "Famous For (I Believe) [Sunday A.M. Version]", "artist": "Tauren Wells", "popularity": 43, "danceability": 0.438, "energy": 0.538, "key": 7, "loudness": -5.321, "mode": 0, "speechiness": 0.037, "acousticness": 0.195, "instrumentalness": 0, "liveness": 0.0954, "valence": 0.261, "tempo": 171.77, "duration_ms": 278461, "time_signature": 4}, {"uri": "spotify:track:1Ewkl1ys052xqnnCGPssbv", "name": "Victory Belongs To Jesus", "artist": "Todd Dulaney", "popularity": 0, "danceability": 0.325, "energy": 0.583, "key": 3, "loudness": -7.099, "mode": 1, "speechiness": 0.0371, "acousticness": 0.446, "instrumentalness": 8.19e-06, "liveness": 0.403, "valence": 0.155, "tempo": 140.056, "duration_ms": 344019, "time_signature": 4}, {"uri": "spotify:track:3MKu1rrJQAieDImUI34gls", "name": "Hold on Me (feat. Kirk Franklin & John P. Kee)", "artist": "Travis Greene", "popularity": 45, "danceability": 0.442, "energy": 0.778, "key": 11, "loudness": -5.885, "mode": 1, "speechiness": 0.308, "acousticness": 0.398, "instrumentalness": 0, "liveness": 0.184, "valence": 0.787, "tempo": 76.34, "duration_ms": 210373, "time_signature": 4}, {"uri": "spotify:track:080UdKu38T2X7BkTb9jV9u", "name": "Lifted Up", "artist": "VaShawn Mitchell", "popularity": 31, "danceability": 0.576, "energy": 0.913, "key": 1, "loudness": -4.213, "mode": 1, "speechiness": 0.09, "acousticness": 0.00438, "instrumentalness": 5.55e-06, "liveness": 0.383, "valence": 0.656, "tempo": 112.993, "duration_ms": 269580, "time_signature": 4}, {"uri": "spotify:track:37llIA4HTMvM3IvZUVbbC0", "name": "Just for Me", "artist": "Kirk Franklin", "popularity": 45, "danceability": 0.671, "energy": 0.423, "key": 0, "loudness": -9.992, "mode": 0, "speechiness": 0.0749, "acousticness": 0.185, "instrumentalness": 0.000255, "liveness": 0.0987, "valence": 0.409, "tempo": 155.941, "duration_ms": 275583, "time_signature": 4}, {"uri": "spotify:track:0ErItBOhcHJahcQ8BGqk4V", "name": "We Gon\u2019 Be Alright", "artist": "Tye Tribbett", "popularity": 51, "danceability": 0.826, "energy": 0.524, "key": 8, "loudness": -5.559, "mode": 0, "speechiness": 0.109, "acousticness": 0.282, "instrumentalness": 0, "liveness": 0.098, "valence": 0.284, "tempo": 110.041, "duration_ms": 214973, "time_signature": 4}, {"uri": "spotify:track:50CnlEH8KWLVNPxi29dnwb", "name": "Speechless", "artist": "Anita Wilson", "popularity": 0, "danceability": 0.447, "energy": 0.635, "key": 0, "loudness": -6.033, "mode": 0, "speechiness": 0.0445, "acousticness": 0.514, "instrumentalness": 0, "liveness": 0.684, "valence": 0.237, "tempo": 119.285, "duration_ms": 376360, "time_signature": 4}, {"uri": "spotify:track:6XQnntAqVSQkcaBQP7HIJO", "name": "Gotta Believe", "artist": "Tasha Cobbs Leonard", "popularity": 47, "danceability": 0.602, "energy": 0.589, "key": 1, "loudness": -5.778, "mode": 1, "speechiness": 0.0427, "acousticness": 0.232, "instrumentalness": 0, "liveness": 0.579, "valence": 0.802, "tempo": 134.982, "duration_ms": 170844, "time_signature": 4}, {"uri": "spotify:track:1K0QlBIhd5jZIRz83MbVYU", "name": "Your Great Name", "artist": "Todd Dulaney", "popularity": 0, "danceability": 0.54, "energy": 0.871, "key": 10, "loudness": -5.268, "mode": 1, "speechiness": 0.0469, "acousticness": 0.0111, "instrumentalness": 6.63e-06, "liveness": 0.361, "valence": 0.301, "tempo": 103.012, "duration_ms": 379563, "time_signature": 4}, {"uri": "spotify:track:6iPPdmzeNwINawWBp1Lukp", "name": "Close (Radio Edit)", "artist": "Marvin Sapp", "popularity": 45, "danceability": 0.475, "energy": 0.525, "key": 8, "loudness": -6.652, "mode": 1, "speechiness": 0.0421, "acousticness": 0.46, "instrumentalness": 0, "liveness": 0.13, "valence": 0.343, "tempo": 119.863, "duration_ms": 265173, "time_signature": 3}, {"uri": "spotify:track:7xL1Z3k7YvBTYjkIQrDdle", "name": "Strong God", "artist": "Kirk Franklin", "popularity": 49, "danceability": 0.534, "energy": 0.644, "key": 10, "loudness": -8.537, "mode": 1, "speechiness": 0.235, "acousticness": 0.45, "instrumentalness": 0, "liveness": 0.113, "valence": 0.327, "tempo": 75.059, "duration_ms": 245901, "time_signature": 4}, {"uri": "spotify:track:0DTCdLczLgxt8EXrQFgnQV", "name": "God Is My Refuge (Live)", "artist": "Fred Hammond", "popularity": 38, "danceability": 0.248, "energy": 0.729, "key": 1, "loudness": -4.707, "mode": 0, "speechiness": 0.0665, "acousticness": 0.214, "instrumentalness": 0, "liveness": 0.7, "valence": 0.144, "tempo": 171.924, "duration_ms": 585080, "time_signature": 4}, {"uri": "spotify:track:0eidZQA8WPrWcBRfj7YHCa", "name": "A Billion People", "artist": "Deitrick Haddon", "popularity": 0, "danceability": 0.436, "energy": 0.703, "key": 6, "loudness": -6.403, "mode": 1, "speechiness": 0.0416, "acousticness": 0.044, "instrumentalness": 6.57e-06, "liveness": 0.195, "valence": 0.263, "tempo": 125.992, "duration_ms": 458498, "time_signature": 4}, {"uri": "spotify:track:7ImLXs35qALCxJMiz33Ab9", "name": "Unstoppable", "artist": "Koryn Hawthorne", "popularity": 48, "danceability": 0.752, "energy": 0.652, "key": 1, "loudness": -5.859, "mode": 0, "speechiness": 0.181, "acousticness": 0.0373, "instrumentalness": 0, "liveness": 0.0748, "valence": 0.663, "tempo": 147.021, "duration_ms": 193792, "time_signature": 4}, {"uri": "spotify:track:37PMWc1U9QTGRSh9cKzvDj", "name": "Testimony", "artist": "Anthony Brown & group therAPy", "popularity": 46, "danceability": 0.63, "energy": 0.9, "key": 2, "loudness": -5.548, "mode": 1, "speechiness": 0.232, "acousticness": 0.106, "instrumentalness": 0, "liveness": 0.331, "valence": 0.769, "tempo": 165.923, "duration_ms": 257093, "time_signature": 4}, {"uri": "spotify:track:7sua3EElbSneVDxEVDzgX4", "name": "Gotta Have You (feat. Kirk Franklin, Jermaine Dolly & Lena Byrd Miles)", "artist": "PJ Morton", "popularity": 40, "danceability": 0.615, "energy": 0.631, "key": 1, "loudness": -7.597, "mode": 1, "speechiness": 0.136, "acousticness": 0.128, "instrumentalness": 0, "liveness": 0.232, "valence": 0.359, "tempo": 94.962, "duration_ms": 232345, "time_signature": 4}, {"uri": "spotify:track:14iF9JDX0AOxkoa8BL2WYB", "name": "Change Me", "artist": "Tamela Mann", "popularity": 50, "danceability": 0.329, "energy": 0.557, "key": 6, "loudness": -6.952, "mode": 1, "speechiness": 0.0433, "acousticness": 0.0453, "instrumentalness": 1.25e-05, "liveness": 0.166, "valence": 0.218, "tempo": 90.022, "duration_ms": 366320, "time_signature": 4}, {"uri": "spotify:track:6qCzqsSB1FLP3pr5fIrrAL", "name": "Already Getting Better", "artist": "William Murphy", "popularity": 39, "danceability": 0.454, "energy": 0.597, "key": 5, "loudness": -6.908, "mode": 1, "speechiness": 0.0798, "acousticness": 0.686, "instrumentalness": 0, "liveness": 0.216, "valence": 0.382, "tempo": 113.019, "duration_ms": 242893, "time_signature": 4}]