[{"uri": "spotify:track:4ENuIjI1dQOQGYkgIwQgSX", "name": "Little Mix Spotify Pride Intro", "artist": "Various Artists", "popularity": 0, "danceability": 0, "energy": 0.754, "key": 10, "loudness": -5.05, "mode": 0, "speechiness": 0, "acousticness": 0.681, "instrumentalness": 0, "liveness": 0.299, "valence": 0, "tempo": 0, "duration_ms": 14500, "time_signature": 0}, {"uri": "spotify:track:5jlsg7onynIipVy5krMaRZ", "name": "Hair (feat. Sean Paul)", "artist": "Little Mix", "popularity": 1, "danceability": 0.712, "energy": 0.835, "key": 7, "loudness": -4.676, "mode": 1, "speechiness": 0.0487, "acousticness": 0.00623, "instrumentalness": 1.68e-06, "liveness": 0.843, "valence": 0.741, "tempo": 153.956, "duration_ms": 233827, "time_signature": 4}, {"uri": "spotify:track:5IVuqXILoxVWvWEPm82Jxr", "name": "Crazy In Love (feat. Jay-Z)", "artist": "Beyonc\u00e9", "popularity": 79, "danceability": 0.646, "energy": 0.77, "key": 2, "loudness": -6.596, "mode": 0, "speechiness": 0.226, "acousticness": 0.00249, "instrumentalness": 0, "liveness": 0.0715, "valence": 0.681, "tempo": 99.165, "duration_ms": 236133, "time_signature": 4}, {"uri": "spotify:track:4JiQNrNwViF182zMsXzZiG", "name": "The Promise", "artist": "Girls Aloud", "popularity": 0, "danceability": 0.58, "energy": 0.918, "key": 9, "loudness": -3.778, "mode": 1, "speechiness": 0.0687, "acousticness": 0.00874, "instrumentalness": 0, "liveness": 0.0396, "valence": 0.791, "tempo": 90.032, "duration_ms": 224111, "time_signature": 4}, {"uri": "spotify:track:5oCm9VmiP5bkYqm7EfVQg7", "name": "Little Mix on Pride", "artist": "Various Artists", "popularity": 1, "danceability": 0.721, "energy": 0.787, "key": 10, "loudness": -4.691, "mode": 0, "speechiness": 0.278, "acousticness": 0.575, "instrumentalness": 0, "liveness": 0.0297, "valence": 0.961, "tempo": 104.023, "duration_ms": 33375, "time_signature": 3}, {"uri": "spotify:track:5PHPENfE3RVmHGAA2A7Hfx", "name": "Sissy That Walk", "artist": "RuPaul", "popularity": 64, "danceability": 0.826, "energy": 0.614, "key": 11, "loudness": -4.22, "mode": 1, "speechiness": 0.0561, "acousticness": 0.0191, "instrumentalness": 0.0172, "liveness": 0.0865, "valence": 0.591, "tempo": 126.046, "duration_ms": 212693, "time_signature": 4}, {"uri": "spotify:track:57Y3UccJEJqT8w8RWkUAz0", "name": "Upside Down", "artist": "Diana Ross", "popularity": 44, "danceability": 0.887, "energy": 0.904, "key": 5, "loudness": -5.107, "mode": 0, "speechiness": 0.0703, "acousticness": 0.079, "instrumentalness": 0.0101, "liveness": 0.0165, "valence": 0.89, "tempo": 107.955, "duration_ms": 244827, "time_signature": 4}, {"uri": "spotify:track:7syUuzElTVCkfcjk0exAGR", "name": "Jade, Leigh & Perrie's Inspirational Quotes", "artist": "Various Artists", "popularity": 0, "danceability": 0.682, "energy": 0.633, "key": 8, "loudness": -5.271, "mode": 1, "speechiness": 0.267, "acousticness": 0.485, "instrumentalness": 0, "liveness": 0.295, "valence": 0.919, "tempo": 104.334, "duration_ms": 20000, "time_signature": 4}, {"uri": "spotify:track:4JIo8RztBbELr2gWJ5OGK6", "name": "Secret Love Song (feat. Jason Derulo)", "artist": "Little Mix", "popularity": 3, "danceability": 0.539, "energy": 0.643, "key": 9, "loudness": -3.982, "mode": 1, "speechiness": 0.0479, "acousticness": 0.256, "instrumentalness": 0, "liveness": 0.29, "valence": 0.136, "tempo": 92.962, "duration_ms": 249813, "time_signature": 4}, {"uri": "spotify:track:5qGwqO0lkbBXw4xNfzT7SF", "name": "Spice Up Your Life", "artist": "Spice Girls", "popularity": 68, "danceability": 0.556, "energy": 0.993, "key": 1, "loudness": -5.067, "mode": 1, "speechiness": 0.0464, "acousticness": 0.0105, "instrumentalness": 0.0341, "liveness": 0.403, "valence": 0.702, "tempo": 124.016, "duration_ms": 173667, "time_signature": 4}, {"uri": "spotify:track:7lARcL3Gu0wKcPcQ3t9xiF", "name": "Queen of the Night - Radio Edit", "artist": "Whitney Houston", "popularity": 54, "danceability": 0.741, "energy": 0.899, "key": 0, "loudness": -7.13, "mode": 1, "speechiness": 0.0445, "acousticness": 0.000656, "instrumentalness": 0.0137, "liveness": 0.0991, "valence": 0.757, "tempo": 104.895, "duration_ms": 188600, "time_signature": 4}, {"uri": "spotify:track:3Y3K9KOHuH3ZXsNNI2AibB", "name": "Peanut Butter (feat. Big Freedia)", "artist": "RuPaul", "popularity": 43, "danceability": 0.75, "energy": 0.696, "key": 7, "loudness": -3.903, "mode": 1, "speechiness": 0.136, "acousticness": 0.0459, "instrumentalness": 0, "liveness": 0.315, "valence": 0.503, "tempo": 106.068, "duration_ms": 203314, "time_signature": 4}, {"uri": "spotify:track:4BJ5T8ZZZ3UrPG7k0OVQrp", "name": "Power (feat. Stormzy)", "artist": "Little Mix", "popularity": 0, "danceability": 0.568, "energy": 0.863, "key": 7, "loudness": -4.093, "mode": 1, "speechiness": 0.304, "acousticness": 0.0405, "instrumentalness": 5.97e-06, "liveness": 0.211, "valence": 0.438, "tempo": 173.007, "duration_ms": 242283, "time_signature": 4}, {"uri": "spotify:track:3KeyThQodvuiy4BtwJxtCC", "name": "Jesy's Inspirational Quote", "artist": "Various Artists", "popularity": 0, "danceability": 0, "energy": 0.791, "key": 8, "loudness": -4.304, "mode": 1, "speechiness": 0, "acousticness": 0.85, "instrumentalness": 0, "liveness": 0.168, "valence": 0, "tempo": 0, "duration_ms": 11500, "time_signature": 0}, {"uri": "spotify:track:1xN7BpTAWnZkuSLOtRP6Qc", "name": "Euphoria - Single Version", "artist": "Loreen", "popularity": 58, "danceability": 0.562, "energy": 0.783, "key": 11, "loudness": -4.727, "mode": 0, "speechiness": 0.0428, "acousticness": 0.135, "instrumentalness": 1.44e-05, "liveness": 0.282, "valence": 0.391, "tempo": 132.06, "duration_ms": 181787, "time_signature": 4}, {"uri": "spotify:track:7ev8HQ5RrmyzgOH0R05ZY9", "name": "Buttons", "artist": "The Pussycat Dolls", "popularity": 0, "danceability": 0.57, "energy": 0.821, "key": 2, "loudness": -4.38, "mode": 1, "speechiness": 0.267, "acousticness": 0.178, "instrumentalness": 0, "liveness": 0.289, "valence": 0.408, "tempo": 210.857, "duration_ms": 225560, "time_signature": 4}, {"uri": "spotify:track:59ZTxQo8rBycIXPLUIKvE2", "name": "Dirrty (feat. Redman)", "artist": "Christina Aguilera", "popularity": 71, "danceability": 0.64, "energy": 0.889, "key": 2, "loudness": -3.073, "mode": 1, "speechiness": 0.322, "acousticness": 0.107, "instrumentalness": 0, "liveness": 0.339, "valence": 0.436, "tempo": 99.931, "duration_ms": 298853, "time_signature": 4}, {"uri": "spotify:track:1K3RzyzlBhMzOZtR0yepeb", "name": "Relax", "artist": "Frankie Goes To Hollywood", "popularity": 0, "danceability": 0.677, "energy": 0.83, "key": 11, "loudness": -8.147, "mode": 0, "speechiness": 0.0389, "acousticness": 0.295, "instrumentalness": 1.04e-05, "liveness": 0.0295, "valence": 0.705, "tempo": 114.921, "duration_ms": 236787, "time_signature": 4}, {"uri": "spotify:track:26nr9XnFCYWxBTIP7HyWXg", "name": "Toxic", "artist": "Britney Spears", "popularity": 59, "danceability": 0.774, "energy": 0.839, "key": 5, "loudness": -3.948, "mode": 0, "speechiness": 0.114, "acousticness": 0.027, "instrumentalness": 0.0166, "liveness": 0.252, "valence": 0.923, "tempo": 142.985, "duration_ms": 198813, "time_signature": 4}, {"uri": "spotify:track:2goLsvvODILDzeeiT4dAoR", "name": "Believe", "artist": "Cher", "popularity": 79, "danceability": 0.652, "energy": 0.917, "key": 6, "loudness": -6.72, "mode": 1, "speechiness": 0.0548, "acousticness": 0.0082, "instrumentalness": 0, "liveness": 0.0509, "valence": 0.459, "tempo": 132.975, "duration_ms": 239027, "time_signature": 4}, {"uri": "spotify:track:46KUCMHzBINBbHMAqQhlnU", "name": "Little Mix on \"Wings\"", "artist": "Various Artists", "popularity": 0, "danceability": 0.52, "energy": 0.841, "key": 4, "loudness": -6.776, "mode": 1, "speechiness": 0.562, "acousticness": 0.827, "instrumentalness": 0, "liveness": 0.477, "valence": 0.941, "tempo": 184.371, "duration_ms": 19250, "time_signature": 5}, {"uri": "spotify:track:6yKTNPkdVLPn5bsywVawft", "name": "Wings", "artist": "Little Mix", "popularity": 0, "danceability": 0.738, "energy": 0.875, "key": 7, "loudness": -3.141, "mode": 1, "speechiness": 0.127, "acousticness": 0.000673, "instrumentalness": 0.000556, "liveness": 0.285, "valence": 0.538, "tempo": 114.962, "duration_ms": 219733, "time_signature": 4}, {"uri": "spotify:track:27QvYgBk0CHOVHthWnkuWt", "name": "Vogue", "artist": "Madonna", "popularity": 68, "danceability": 0.737, "energy": 0.88, "key": 6, "loudness": -6.449, "mode": 1, "speechiness": 0.0433, "acousticness": 0.00379, "instrumentalness": 0.00351, "liveness": 0.417, "valence": 0.329, "tempo": 115.998, "duration_ms": 316813, "time_signature": 4}, {"uri": "spotify:track:3E7ZwUMJFqpsDOJzEkBrQ7", "name": "Can't Get You out of My Head", "artist": "Kylie Minogue", "popularity": 76, "danceability": 0.766, "energy": 0.563, "key": 9, "loudness": -7.516, "mode": 0, "speechiness": 0.0339, "acousticness": 0.0263, "instrumentalness": 0.683, "liveness": 0.115, "valence": 0.964, "tempo": 126.007, "duration_ms": 230640, "time_signature": 4}, {"uri": "spotify:track:33CB8obztQNidFDbO6Z1Wl", "name": "Boys Boys Boys", "artist": "Lady Gaga", "popularity": 47, "danceability": 0.725, "energy": 0.662, "key": 9, "loudness": -5.068, "mode": 1, "speechiness": 0.0404, "acousticness": 0.0144, "instrumentalness": 0, "liveness": 0.0996, "valence": 0.814, "tempo": 122.989, "duration_ms": 200813, "time_signature": 4}, {"uri": "spotify:track:4sOX1nhpKwFWPvoMMExi3q", "name": "Primadonna", "artist": "MARINA", "popularity": 74, "danceability": 0.66, "energy": 0.689, "key": 4, "loudness": -2.671, "mode": 0, "speechiness": 0.0337, "acousticness": 0.0884, "instrumentalness": 0, "liveness": 0.0922, "valence": 0.427, "tempo": 127.98, "duration_ms": 221075, "time_signature": 4}, {"uri": "spotify:track:0rXw5rWZpOdfeeCbMln8MU", "name": "Peacock", "artist": "Katy Perry", "popularity": 56, "danceability": 0.825, "energy": 0.759, "key": 0, "loudness": -3.121, "mode": 1, "speechiness": 0.0427, "acousticness": 0.0563, "instrumentalness": 0, "liveness": 0.202, "valence": 0.942, "tempo": 139.975, "duration_ms": 231920, "time_signature": 4}]