[{"uri": "spotify:track:1o8MaDqJF3J2DRWuyNiDFl", "name": "Ebb and Flow", "artist": "The Dead Tongues", "popularity": 0, "danceability": 0.426, "energy": 0.521, "key": 5, "loudness": -6.288, "mode": 1, "speechiness": 0.0256, "acousticness": 0.0107, "instrumentalness": 5.87e-05, "liveness": 0.0937, "valence": 0.443, "tempo": 165.091, "duration_ms": 197560, "time_signature": 3}, {"uri": "spotify:track:13CyXxYgWD9N5KwWqRYU1U", "name": "It Will Come Back", "artist": "Hozier", "popularity": 53, "danceability": 0.501, "energy": 0.446, "key": 0, "loudness": -7.7, "mode": 0, "speechiness": 0.0338, "acousticness": 0.379, "instrumentalness": 4.83e-06, "liveness": 0.159, "valence": 0.154, "tempo": 86.424, "duration_ms": 277653, "time_signature": 4}, {"uri": "spotify:track:2OeMJJ4QlZKW0mjpbIckiq", "name": "Hy-Brasil", "artist": "Allison Russell", "popularity": 47, "danceability": 0.438, "energy": 0.29, "key": 0, "loudness": -10.725, "mode": 1, "speechiness": 0.046, "acousticness": 0.675, "instrumentalness": 0, "liveness": 0.204, "valence": 0.127, "tempo": 128.311, "duration_ms": 335587, "time_signature": 4}, {"uri": "spotify:track:47g2mXyhE93TrvmXS2J8JI", "name": "Shake off Your Flesh", "artist": "The Huntress and Holder of Hands", "popularity": 42, "danceability": 0.439, "energy": 0.55, "key": 2, "loudness": -8.745, "mode": 1, "speechiness": 0.0401, "acousticness": 0.0036, "instrumentalness": 0.399, "liveness": 0.114, "valence": 0.118, "tempo": 117.007, "duration_ms": 331909, "time_signature": 4}, {"uri": "spotify:track:33gHvO5eLnhxKHgGDu6xu9", "name": "Ain't No Grave", "artist": "Crooked Still", "popularity": 0, "danceability": 0.532, "energy": 0.546, "key": 5, "loudness": -10.014, "mode": 0, "speechiness": 0.0352, "acousticness": 0.431, "instrumentalness": 0.553, "liveness": 0.107, "valence": 0.834, "tempo": 180.192, "duration_ms": 201536, "time_signature": 4}, {"uri": "spotify:track:0mWh2QcnFNYzBpRVitQIrk", "name": "Apple Tree", "artist": "Marika Hackman", "popularity": 0, "danceability": 0.64, "energy": 0.166, "key": 4, "loudness": -17.705, "mode": 0, "speechiness": 0.0314, "acousticness": 0.797, "instrumentalness": 2.2e-06, "liveness": 0.354, "valence": 0.247, "tempo": 95.926, "duration_ms": 175320, "time_signature": 4}, {"uri": "spotify:track:3FYVkmrVYbEo17vXmb5x2A", "name": "Sleeping on the Blacktop", "artist": "Colter Wall", "popularity": 0, "danceability": 0.566, "energy": 0.308, "key": 2, "loudness": -14.468, "mode": 0, "speechiness": 0.0478, "acousticness": 0.819, "instrumentalness": 0.272, "liveness": 0.11, "valence": 0.461, "tempo": 83.031, "duration_ms": 192476, "time_signature": 4}, {"uri": "spotify:track:6kUG8Dja3ClxOolNqKEWy6", "name": "Saint Elizabeth", "artist": "Kaia Kater", "popularity": 28, "danceability": 0.519, "energy": 0.279, "key": 8, "loudness": -11.821, "mode": 1, "speechiness": 0.0419, "acousticness": 0.929, "instrumentalness": 0.000116, "liveness": 0.0801, "valence": 0.4, "tempo": 116.159, "duration_ms": 239093, "time_signature": 4}, {"uri": "spotify:track:2Yt67v3lK02VREDd9JYpPs", "name": "Gallows Pole", "artist": "Willie Watson", "popularity": 0, "danceability": 0.318, "energy": 0.153, "key": 3, "loudness": -12.97, "mode": 1, "speechiness": 0.0397, "acousticness": 0.831, "instrumentalness": 0.0263, "liveness": 0.126, "valence": 0.324, "tempo": 188.243, "duration_ms": 246147, "time_signature": 4}, {"uri": "spotify:track:7mdGcrjM78iP3XD5iTeRwL", "name": "Priest", "artist": "William Crighton", "popularity": 4, "danceability": 0.451, "energy": 0.727, "key": 11, "loudness": -9.939, "mode": 1, "speechiness": 0.06, "acousticness": 0.148, "instrumentalness": 0.0965, "liveness": 0.113, "valence": 0.649, "tempo": 96.214, "duration_ms": 264937, "time_signature": 4}, {"uri": "spotify:track:05wB0mSpDASexc98oKZCOw", "name": "Bilgewater", "artist": "Brown Bird", "popularity": 51, "danceability": 0.568, "energy": 0.317, "key": 2, "loudness": -10.545, "mode": 0, "speechiness": 0.045, "acousticness": 0.457, "instrumentalness": 0.0195, "liveness": 0.107, "valence": 0.761, "tempo": 113.429, "duration_ms": 226689, "time_signature": 4}, {"uri": "spotify:track:7piCuE6DVjnko9oTNTqVAO", "name": "Magnolia Blues", "artist": "Adia Victoria", "popularity": 53, "danceability": 0.626, "energy": 0.398, "key": 0, "loudness": -10.749, "mode": 1, "speechiness": 0.0426, "acousticness": 0.562, "instrumentalness": 9.2e-05, "liveness": 0.108, "valence": 0.254, "tempo": 82.002, "duration_ms": 208547, "time_signature": 4}, {"uri": "spotify:track:7IBUE2QoRjx5tJFVlsnMDe", "name": "Lay This Body Down", "artist": "Sam Lee", "popularity": 37, "danceability": 0.283, "energy": 0.321, "key": 10, "loudness": -13.638, "mode": 0, "speechiness": 0.0623, "acousticness": 0.507, "instrumentalness": 0.00123, "liveness": 0.113, "valence": 0.347, "tempo": 202.146, "duration_ms": 287773, "time_signature": 3}, {"uri": "spotify:track:466LASOuTbWDkrwZ3Ylxvv", "name": "Beat The Devil's Tattoo", "artist": "Black Rebel Motorcycle Club", "popularity": 0, "danceability": 0.521, "energy": 0.921, "key": 4, "loudness": -2.744, "mode": 1, "speechiness": 0.0382, "acousticness": 0.42, "instrumentalness": 0.0207, "liveness": 0.175, "valence": 0.707, "tempo": 96.51, "duration_ms": 225760, "time_signature": 4}, {"uri": "spotify:track:1jgr7hrjegI0n8fEcY06vy", "name": "Thin Line", "artist": "honeyhoney", "popularity": 40, "danceability": 0.527, "energy": 0.84, "key": 4, "loudness": -8.095, "mode": 0, "speechiness": 0.0557, "acousticness": 0.284, "instrumentalness": 4.72e-06, "liveness": 0.112, "valence": 0.245, "tempo": 142.236, "duration_ms": 285680, "time_signature": 4}, {"uri": "spotify:track:2VUA9RXQluo3013YNhDeez", "name": "Danger and Dread", "artist": "Brown Bird", "popularity": 0, "danceability": 0.462, "energy": 0.449, "key": 0, "loudness": -9.271, "mode": 0, "speechiness": 0.0916, "acousticness": 0.674, "instrumentalness": 0.000632, "liveness": 0.0993, "valence": 0.773, "tempo": 209.686, "duration_ms": 226333, "time_signature": 4}, {"uri": "spotify:track:5QWvi6JbRVpeFm1Db7ZMok", "name": "Hammers and Nails", "artist": "The Bones of J.R. Jones", "popularity": 47, "danceability": 0.587, "energy": 0.747, "key": 4, "loudness": -5.695, "mode": 0, "speechiness": 0.0316, "acousticness": 0.0335, "instrumentalness": 0.00316, "liveness": 0.379, "valence": 0.565, "tempo": 96.93, "duration_ms": 169255, "time_signature": 4}, {"uri": "spotify:track:1Z0FpIlGRGQrC7rz2uwX6I", "name": "The Railroad", "artist": "Goodnight, Texas", "popularity": 0, "danceability": 0.679, "energy": 0.425, "key": 0, "loudness": -12.024, "mode": 1, "speechiness": 0.0251, "acousticness": 0.646, "instrumentalness": 0.509, "liveness": 0.0933, "valence": 0.453, "tempo": 90.487, "duration_ms": 250240, "time_signature": 4}, {"uri": "spotify:track:0kO82Vu0CXMrkLo5p9EvyI", "name": "Another Man\u02bcs Grave", "artist": "Amigo the Devil", "popularity": 43, "danceability": 0.484, "energy": 0.352, "key": 9, "loudness": -9.712, "mode": 1, "speechiness": 0.0799, "acousticness": 0.654, "instrumentalness": 2.78e-05, "liveness": 0.115, "valence": 0.186, "tempo": 92.202, "duration_ms": 188677, "time_signature": 3}, {"uri": "spotify:track:0AIgEbugL6t1pcKmUHIdRU", "name": "Fire In The Empire", "artist": "William Crighton", "popularity": 2, "danceability": 0.284, "energy": 0.587, "key": 8, "loudness": -11.819, "mode": 1, "speechiness": 0.0378, "acousticness": 0.209, "instrumentalness": 0.379, "liveness": 0.143, "valence": 0.511, "tempo": 152.022, "duration_ms": 217240, "time_signature": 3}, {"uri": "spotify:track:2Yf3wwS48rkAoBRXNJ34kz", "name": "Hades Pleads", "artist": "Parker Millsap", "popularity": 50, "danceability": 0.568, "energy": 0.632, "key": 9, "loudness": -6.958, "mode": 1, "speechiness": 0.161, "acousticness": 0.0245, "instrumentalness": 0.000246, "liveness": 0.401, "valence": 0.711, "tempo": 164.823, "duration_ms": 156107, "time_signature": 4}, {"uri": "spotify:track:42r1v4tT0xfteQq0pNMaf9", "name": "Sons & Daughters", "artist": "The American Spirit", "popularity": 46, "danceability": 0.519, "energy": 0.703, "key": 5, "loudness": -4.886, "mode": 0, "speechiness": 0.0355, "acousticness": 0.0104, "instrumentalness": 0, "liveness": 0.147, "valence": 0.331, "tempo": 81.008, "duration_ms": 242267, "time_signature": 4}, {"uri": "spotify:track:4eozrPXk1IIL32Dxein25a", "name": "Herd", "artist": "O'Death", "popularity": 0, "danceability": 0.582, "energy": 0.465, "key": 8, "loudness": -9.343, "mode": 0, "speechiness": 0.0413, "acousticness": 0.934, "instrumentalness": 0.157, "liveness": 0.108, "valence": 0.524, "tempo": 79.422, "duration_ms": 233874, "time_signature": 4}, {"uri": "spotify:track:3Ots0w8hKuBavNkhLjlJ79", "name": "The Beast", "artist": "Delta Rae", "popularity": 37, "danceability": 0.493, "energy": 0.434, "key": 10, "loudness": -10.121, "mode": 0, "speechiness": 0.159, "acousticness": 0.336, "instrumentalness": 0.0286, "liveness": 0.115, "valence": 0.61, "tempo": 139.967, "duration_ms": 180920, "time_signature": 4}, {"uri": "spotify:track:3Bx2b6DkK0lOLuwnLVaULP", "name": "Will There Be Enough Water?", "artist": "The Dead Weather", "popularity": 35, "danceability": 0.385, "energy": 0.442, "key": 7, "loudness": -11.924, "mode": 1, "speechiness": 0.0333, "acousticness": 0.818, "instrumentalness": 0.0701, "liveness": 0.113, "valence": 0.382, "tempo": 174.282, "duration_ms": 380160, "time_signature": 3}, {"uri": "spotify:track:5g3vDbjW1S08XRb2AZ1rkV", "name": "Fingers To The Bone", "artist": "Brown Bird", "popularity": 49, "danceability": 0.575, "energy": 0.491, "key": 4, "loudness": -10.299, "mode": 0, "speechiness": 0.0559, "acousticness": 0.349, "instrumentalness": 0.00378, "liveness": 0.139, "valence": 0.784, "tempo": 173.605, "duration_ms": 191000, "time_signature": 4}, {"uri": "spotify:track:4HTek0mdGceNdnhw5IXGTV", "name": "Stolen Roses", "artist": "Karen Elson", "popularity": 0, "danceability": 0.487, "energy": 0.202, "key": 11, "loudness": -12.606, "mode": 0, "speechiness": 0.0259, "acousticness": 0.776, "instrumentalness": 0, "liveness": 0.378, "valence": 0.178, "tempo": 52.033, "duration_ms": 187147, "time_signature": 4}, {"uri": "spotify:track:33BhBFID7OBU3ie0KccF9B", "name": "Graves", "artist": "Whiskey Shivers", "popularity": 48, "danceability": 0.755, "energy": 0.378, "key": 1, "loudness": -7.601, "mode": 0, "speechiness": 0.0978, "acousticness": 0.624, "instrumentalness": 0, "liveness": 0.0836, "valence": 0.359, "tempo": 126.688, "duration_ms": 190907, "time_signature": 4}, {"uri": "spotify:track:20hLTXbjj0jhiyOQFwIqa0", "name": "Fault Line", "artist": "Black Rebel Motorcycle Club", "popularity": 36, "danceability": 0.496, "energy": 0.4, "key": 7, "loudness": -10.312, "mode": 1, "speechiness": 0.0306, "acousticness": 0.656, "instrumentalness": 0.000106, "liveness": 0.121, "valence": 0.531, "tempo": 77.835, "duration_ms": 177307, "time_signature": 4}, {"uri": "spotify:track:4zm37YNRt5XrbFOTPk0jBp", "name": "Old Time Religion", "artist": "Parker Millsap", "popularity": 49, "danceability": 0.682, "energy": 0.336, "key": 7, "loudness": -7.515, "mode": 0, "speechiness": 0.0957, "acousticness": 0.721, "instrumentalness": 0, "liveness": 0.0896, "valence": 0.605, "tempo": 119.767, "duration_ms": 234000, "time_signature": 4}, {"uri": "spotify:track:4TWn4YeBaTqDURrYLd6k0a", "name": "Raise Hell", "artist": "Brandi Carlile", "popularity": 51, "danceability": 0.652, "energy": 0.773, "key": 11, "loudness": -4.798, "mode": 0, "speechiness": 0.0457, "acousticness": 0.228, "instrumentalness": 7.41e-06, "liveness": 0.0972, "valence": 0.435, "tempo": 105.946, "duration_ms": 248240, "time_signature": 4}, {"uri": "spotify:track:7h0TNtloK2rFT1DwErSbYn", "name": "Black Dog Sin", "artist": "Joshua Burnside", "popularity": 34, "danceability": 0.518, "energy": 0.352, "key": 7, "loudness": -6.895, "mode": 1, "speechiness": 0.0656, "acousticness": 0.585, "instrumentalness": 0.000205, "liveness": 0.061, "valence": 0.312, "tempo": 169.638, "duration_ms": 202000, "time_signature": 3}, {"uri": "spotify:track:6z2WfgI5lYcq1su1WyOxQ9", "name": "Canary", "artist": "Joy Williams", "popularity": 0, "danceability": 0.293, "energy": 0.431, "key": 7, "loudness": -7.916, "mode": 1, "speechiness": 0.0314, "acousticness": 0.785, "instrumentalness": 0.000632, "liveness": 0.264, "valence": 0.314, "tempo": 178.145, "duration_ms": 209173, "time_signature": 4}, {"uri": "spotify:track:4isz6MOaOrvonLrIVyPpvj", "name": "O Death (with Francesco Turrisi)", "artist": "Rhiannon Giddens", "popularity": 36, "danceability": 0.478, "energy": 0.359, "key": 0, "loudness": -5.048, "mode": 1, "speechiness": 0.0463, "acousticness": 0.602, "instrumentalness": 0, "liveness": 0.0951, "valence": 0.138, "tempo": 110.168, "duration_ms": 193867, "time_signature": 4}, {"uri": "spotify:track:3HHOqY088OPzIknqOC1hNn", "name": "Highway 9", "artist": "Barnaby Bright", "popularity": 38, "danceability": 0.533, "energy": 0.563, "key": 2, "loudness": -11.047, "mode": 1, "speechiness": 0.0269, "acousticness": 0.748, "instrumentalness": 0.0479, "liveness": 0.114, "valence": 0.107, "tempo": 113.363, "duration_ms": 270320, "time_signature": 4}, {"uri": "spotify:track:10XSmEckAjZgMguYb22sbn", "name": "Death Don't Have No Mercy", "artist": "Delaney Davidson", "popularity": 0, "danceability": 0.605, "energy": 0.746, "key": 4, "loudness": -6.482, "mode": 0, "speechiness": 0.121, "acousticness": 0.393, "instrumentalness": 0.0119, "liveness": 0.255, "valence": 0.607, "tempo": 137.967, "duration_ms": 130027, "time_signature": 4}, {"uri": "spotify:track:1GMphu4rFfW80ME1EN8IJo", "name": "Things That Scare Me", "artist": "Neko Case", "popularity": 41, "danceability": 0.316, "energy": 0.713, "key": 5, "loudness": -7.658, "mode": 1, "speechiness": 0.0359, "acousticness": 0.698, "instrumentalness": 0.0321, "liveness": 0.0998, "valence": 0.36, "tempo": 116.973, "duration_ms": 150293, "time_signature": 4}, {"uri": "spotify:track:2OWs4IaG1vWTcxEKvANwTX", "name": "Stuck In The South", "artist": "Adia Victoria", "popularity": 29, "danceability": 0.49, "energy": 0.359, "key": 9, "loudness": -8.276, "mode": 0, "speechiness": 0.0309, "acousticness": 0.775, "instrumentalness": 0.961, "liveness": 0.101, "valence": 0.247, "tempo": 111.062, "duration_ms": 187187, "time_signature": 4}, {"uri": "spotify:track:5QJ5ICpA44RUm2l6mJtwGD", "name": "You Don't Fool Me", "artist": "Hestina", "popularity": 34, "danceability": 0.414, "energy": 0.205, "key": 0, "loudness": -6.984, "mode": 1, "speechiness": 0.0326, "acousticness": 0.951, "instrumentalness": 0, "liveness": 0.148, "valence": 0.115, "tempo": 80.653, "duration_ms": 213590, "time_signature": 4}, {"uri": "spotify:track:2RSenaqtDSbjwLWkVdngHW", "name": "Ireland", "artist": "Lorkin O'Reilly", "popularity": 34, "danceability": 0.402, "energy": 0.304, "key": 10, "loudness": -16.42, "mode": 0, "speechiness": 0.0343, "acousticness": 0.805, "instrumentalness": 0.563, "liveness": 0.101, "valence": 0.232, "tempo": 116.752, "duration_ms": 245070, "time_signature": 4}, {"uri": "spotify:track:4qNG4sbrKhudFT2mq7WWr4", "name": "How's It Gonna End", "artist": "Tom Waits", "popularity": 0, "danceability": 0.686, "energy": 0.2, "key": 2, "loudness": -18.178, "mode": 0, "speechiness": 0.195, "acousticness": 0.77, "instrumentalness": 8.36e-05, "liveness": 0.103, "valence": 0.525, "tempo": 110.608, "duration_ms": 291867, "time_signature": 4}, {"uri": "spotify:track:3uWGP9UpCet5wZBtXE9JPK", "name": "I Am The Man Thomas", "artist": "The Devil Makes Three", "popularity": 37, "danceability": 0.675, "energy": 0.696, "key": 7, "loudness": -7.347, "mode": 1, "speechiness": 0.0451, "acousticness": 0.753, "instrumentalness": 0.00173, "liveness": 0.0602, "valence": 0.478, "tempo": 124.766, "duration_ms": 159102, "time_signature": 4}, {"uri": "spotify:track:10WBKR8tDk416oDMm6wshS", "name": "Bobby Reid", "artist": "Lucette", "popularity": 43, "danceability": 0.678, "energy": 0.417, "key": 10, "loudness": -9.156, "mode": 0, "speechiness": 0.0421, "acousticness": 0.426, "instrumentalness": 9.55e-05, "liveness": 0.0963, "valence": 0.482, "tempo": 77.451, "duration_ms": 138440, "time_signature": 4}, {"uri": "spotify:track:6CApje4OBrR9y2EQJlu8KJ", "name": "My Church Is Black", "artist": "Me And That Man", "popularity": 37, "danceability": 0.39, "energy": 0.817, "key": 4, "loudness": -2.949, "mode": 0, "speechiness": 0.0343, "acousticness": 0.0283, "instrumentalness": 0.486, "liveness": 0.114, "valence": 0.323, "tempo": 106.055, "duration_ms": 178080, "time_signature": 4}, {"uri": "spotify:track:1UWhx0pFZccP4jdCIZsj7U", "name": "Arsonist's Lullabye", "artist": "Hozier", "popularity": 63, "danceability": 0.463, "energy": 0.373, "key": 6, "loudness": -10.666, "mode": 0, "speechiness": 0.0362, "acousticness": 0.673, "instrumentalness": 0.0745, "liveness": 0.118, "valence": 0.184, "tempo": 64.831, "duration_ms": 266547, "time_signature": 4}, {"uri": "spotify:track:4qWfC3YqUVlJSOpyOvqBU0", "name": "Maggie May", "artist": "Kaia Kater", "popularity": 34, "danceability": 0.408, "energy": 0.282, "key": 0, "loudness": -11.454, "mode": 0, "speechiness": 0.0301, "acousticness": 0.957, "instrumentalness": 0.000964, "liveness": 0.0707, "valence": 0.564, "tempo": 177.884, "duration_ms": 245693, "time_signature": 4}, {"uri": "spotify:track:1jzfEz82pQL6I6S3QnkKET", "name": "Iuka", "artist": "The Secret Sisters", "popularity": 0, "danceability": 0.52, "energy": 0.692, "key": 7, "loudness": -7.339, "mode": 1, "speechiness": 0.0304, "acousticness": 0.00864, "instrumentalness": 0.00301, "liveness": 0.105, "valence": 0.279, "tempo": 112.683, "duration_ms": 282147, "time_signature": 4}, {"uri": "spotify:track:4fIgjwBCK9YuvmJRQ0r7yW", "name": "Waiting For The Taker", "artist": "The Lowest Pair", "popularity": 0, "danceability": 0.395, "energy": 0.52, "key": 9, "loudness": -11.54, "mode": 0, "speechiness": 0.0389, "acousticness": 0.77, "instrumentalness": 0.105, "liveness": 0.144, "valence": 0.533, "tempo": 118.065, "duration_ms": 341707, "time_signature": 4}, {"uri": "spotify:track:59yvm9n65pPkykLU3e0Kf0", "name": "Lungs", "artist": "S.G. Goodman", "popularity": 35, "danceability": 0.574, "energy": 0.525, "key": 2, "loudness": -9.016, "mode": 1, "speechiness": 0.0415, "acousticness": 0.222, "instrumentalness": 0.000334, "liveness": 0.0617, "valence": 0.314, "tempo": 112.086, "duration_ms": 177359, "time_signature": 4}, {"uri": "spotify:track:4YJpXSRosOLGssNpjIYsUk", "name": "Devils", "artist": "Amelia Curran", "popularity": 0, "danceability": 0.578, "energy": 0.346, "key": 4, "loudness": -10.502, "mode": 0, "speechiness": 0.0344, "acousticness": 0.643, "instrumentalness": 2.68e-05, "liveness": 0.122, "valence": 0.524, "tempo": 141.334, "duration_ms": 144040, "time_signature": 4}, {"uri": "spotify:track:6B0LkhI0pKXmzQAoCkEhKZ", "name": "Trouble", "artist": "Bellstop", "popularity": 0, "danceability": 0.663, "energy": 0.634, "key": 11, "loudness": -7.383, "mode": 1, "speechiness": 0.0828, "acousticness": 0.397, "instrumentalness": 0, "liveness": 0.0853, "valence": 0.654, "tempo": 76.042, "duration_ms": 223493, "time_signature": 4}, {"uri": "spotify:track:6W6xbvrkBXRXALFVDYXeMq", "name": "Little Wing", "artist": "Valerie June", "popularity": 40, "danceability": 0.352, "energy": 0.417, "key": 7, "loudness": -8.934, "mode": 0, "speechiness": 0.0308, "acousticness": 0.828, "instrumentalness": 0.833, "liveness": 0.126, "valence": 0.21, "tempo": 133.009, "duration_ms": 175960, "time_signature": 4}, {"uri": "spotify:track:65GlvrOfL2tArX1jJv36Sr", "name": "Long Time Travelin'", "artist": "Anna & Elizabeth", "popularity": 0, "danceability": 0.619, "energy": 0.0698, "key": 9, "loudness": -10.932, "mode": 1, "speechiness": 0.0929, "acousticness": 0.974, "instrumentalness": 0, "liveness": 0.109, "valence": 0.458, "tempo": 135.001, "duration_ms": 88765, "time_signature": 3}, {"uri": "spotify:track:7vlxnv7ltMD5ZmCi1Eqspv", "name": "Diggin A Grave", "artist": "Micah P. Hinson", "popularity": 0, "danceability": 0.761, "energy": 0.688, "key": 4, "loudness": -9.461, "mode": 0, "speechiness": 0.0598, "acousticness": 0.791, "instrumentalness": 0.00716, "liveness": 0.201, "valence": 0.891, "tempo": 111.615, "duration_ms": 125493, "time_signature": 4}, {"uri": "spotify:track:4qoD4IJbbir3hsAu4IowiG", "name": "Devil's Backbone", "artist": "The Civil Wars", "popularity": 49, "danceability": 0.254, "energy": 0.349, "key": 4, "loudness": -10.02, "mode": 0, "speechiness": 0.0379, "acousticness": 0.85, "instrumentalness": 2.95e-05, "liveness": 0.234, "valence": 0.303, "tempo": 170.214, "duration_ms": 149427, "time_signature": 3}, {"uri": "spotify:track:3lwBgpUnYL2pnPGRlWEkd9", "name": "Bad Things", "artist": "Rayland Baxter", "popularity": 0, "danceability": 0.318, "energy": 0.586, "key": 2, "loudness": -7.606, "mode": 0, "speechiness": 0.0375, "acousticness": 0.383, "instrumentalness": 0, "liveness": 0.145, "valence": 0.211, "tempo": 80.806, "duration_ms": 313868, "time_signature": 4}, {"uri": "spotify:track:6Hf3csmUPauF9MsanSZVjk", "name": "At Night", "artist": "The Eagle Rock Gospel Singers", "popularity": 34, "danceability": 0.431, "energy": 0.852, "key": 5, "loudness": -4.428, "mode": 1, "speechiness": 0.0553, "acousticness": 0.312, "instrumentalness": 0.0046, "liveness": 0.101, "valence": 0.321, "tempo": 108.702, "duration_ms": 199278, "time_signature": 4}, {"uri": "spotify:track:0ki12WtT63xUQCYkVpRZGZ", "name": "Snake Song", "artist": "Isobel Campbell", "popularity": 0, "danceability": 0.575, "energy": 0.471, "key": 1, "loudness": -12.923, "mode": 1, "speechiness": 0.032, "acousticness": 0.528, "instrumentalness": 0.838, "liveness": 0.0994, "valence": 0.055, "tempo": 97.272, "duration_ms": 168067, "time_signature": 4}, {"uri": "spotify:track:0O0T1NHzuTa12tNZ1hZ7db", "name": "Chairkickers", "artist": "Brown Bird", "popularity": 37, "danceability": 0.515, "energy": 0.322, "key": 11, "loudness": -13.092, "mode": 0, "speechiness": 0.0461, "acousticness": 0.225, "instrumentalness": 0.199, "liveness": 0.116, "valence": 0.646, "tempo": 161.746, "duration_ms": 198133, "time_signature": 3}, {"uri": "spotify:track:5ZIlSYLOLplrFVRdtSXAxH", "name": "Sister Death", "artist": "Look Homeward", "popularity": 35, "danceability": 0.358, "energy": 0.473, "key": 4, "loudness": -10.386, "mode": 0, "speechiness": 0.0345, "acousticness": 0.0504, "instrumentalness": 0.00223, "liveness": 0.0979, "valence": 0.312, "tempo": 114.386, "duration_ms": 173347, "time_signature": 4}, {"uri": "spotify:track:0j6DlCKhJgJNmwIUoTvgAr", "name": "Sweet Breath", "artist": "The Lowest Pair", "popularity": 0, "danceability": 0.441, "energy": 0.489, "key": 2, "loudness": -10.759, "mode": 1, "speechiness": 0.0359, "acousticness": 0.774, "instrumentalness": 0.016, "liveness": 0.0937, "valence": 0.611, "tempo": 149.774, "duration_ms": 183987, "time_signature": 4}, {"uri": "spotify:track:0lwUIYJfWGB8qUEAJtYfb6", "name": "Broken Bones", "artist": "KALEO", "popularity": 64, "danceability": 0.779, "energy": 0.486, "key": 5, "loudness": -7.205, "mode": 1, "speechiness": 0.193, "acousticness": 0.802, "instrumentalness": 5.76e-05, "liveness": 0.0992, "valence": 0.654, "tempo": 123.993, "duration_ms": 245960, "time_signature": 4}, {"uri": "spotify:track:0ocOl2Z35YlNbPRRMEgpd2", "name": "Sun to Sun", "artist": "Kaia Kater", "popularity": 29, "danceability": 0.569, "energy": 0.196, "key": 7, "loudness": -14.255, "mode": 1, "speechiness": 0.0364, "acousticness": 0.975, "instrumentalness": 0.000216, "liveness": 0.157, "valence": 0.647, "tempo": 94.202, "duration_ms": 124707, "time_signature": 4}, {"uri": "spotify:track:0HG9rgzpLiuNCDni1A2xsH", "name": "Sinking Hands", "artist": "Wovenhand", "popularity": 0, "danceability": 0.495, "energy": 0.632, "key": 7, "loudness": -8.074, "mode": 0, "speechiness": 0.0314, "acousticness": 0.462, "instrumentalness": 0.116, "liveness": 0.268, "valence": 0.0627, "tempo": 127.285, "duration_ms": 203787, "time_signature": 4}, {"uri": "spotify:track:4oGtTW6RoaK9tMCNT5ZJcY", "name": "The Devil Had A Hold Of Me", "artist": "Gillian Welch", "popularity": 38, "danceability": 0.471, "energy": 0.275, "key": 5, "loudness": -11.095, "mode": 0, "speechiness": 0.0386, "acousticness": 0.975, "instrumentalness": 0.000151, "liveness": 0.0678, "valence": 0.529, "tempo": 175.047, "duration_ms": 270893, "time_signature": 4}, {"uri": "spotify:track:2xqpprcQPzknH33EbyJm6i", "name": "Oak Tree", "artist": "Mirel Wagner", "popularity": 0, "danceability": 0.557, "energy": 0.273, "key": 3, "loudness": -11.579, "mode": 1, "speechiness": 0.0305, "acousticness": 0.899, "instrumentalness": 0.442, "liveness": 0.112, "valence": 0.228, "tempo": 101.27, "duration_ms": 180073, "time_signature": 4}, {"uri": "spotify:track:5gogtHCaImFgzzSNZxCPeQ", "name": "Waiting Around to Die", "artist": "Quiet Life", "popularity": 0, "danceability": 0.299, "energy": 0.52, "key": 2, "loudness": -8.323, "mode": 1, "speechiness": 0.0383, "acousticness": 0.434, "instrumentalness": 0.0316, "liveness": 0.316, "valence": 0.214, "tempo": 100.615, "duration_ms": 284358, "time_signature": 4}, {"uri": "spotify:track:6DyVRSZzPC67XnsXJR2XIq", "name": "Conman Coming", "artist": "Monica Heldal", "popularity": 29, "danceability": 0.333, "energy": 0.829, "key": 5, "loudness": -7.269, "mode": 0, "speechiness": 0.0359, "acousticness": 0.00332, "instrumentalness": 0.116, "liveness": 0.0952, "valence": 0.344, "tempo": 104.42, "duration_ms": 196947, "time_signature": 4}, {"uri": "spotify:track:2tZnkENp13AjTK1OC02W5X", "name": "Sharecropper\u2019s Son", "artist": "Robert Finley", "popularity": 0, "danceability": 0.535, "energy": 0.665, "key": 9, "loudness": -6.716, "mode": 1, "speechiness": 0.0424, "acousticness": 0.343, "instrumentalness": 0.00426, "liveness": 0.171, "valence": 0.645, "tempo": 126.624, "duration_ms": 186960, "time_signature": 4}, {"uri": "spotify:track:4dqhnjsX69qGQ7DCMSTY7v", "name": "Devil's Spoke", "artist": "Laura Marling", "popularity": 48, "danceability": 0.447, "energy": 0.568, "key": 2, "loudness": -9.172, "mode": 1, "speechiness": 0.0423, "acousticness": 0.473, "instrumentalness": 0.00028, "liveness": 0.0824, "valence": 0.309, "tempo": 117.561, "duration_ms": 218188, "time_signature": 4}, {"uri": "spotify:track:4qqkMiRfK6c7L8rDIZ9mFV", "name": "How Many Days", "artist": "Kris Kristofferson", "popularity": 32, "danceability": 0.623, "energy": 0.469, "key": 2, "loudness": -12.876, "mode": 1, "speechiness": 0.027, "acousticness": 0.464, "instrumentalness": 0.297, "liveness": 0.0859, "valence": 0.3, "tempo": 109.517, "duration_ms": 221347, "time_signature": 4}, {"uri": "spotify:track:1mqk8DNti1zvdd1GY5quDS", "name": "Heart Of My Own", "artist": "Basia Bulat", "popularity": 0, "danceability": 0.534, "energy": 0.533, "key": 7, "loudness": -8.391, "mode": 0, "speechiness": 0.0262, "acousticness": 0.554, "instrumentalness": 0.00132, "liveness": 0.0813, "valence": 0.522, "tempo": 145.531, "duration_ms": 229627, "time_signature": 4}, {"uri": "spotify:track:1fhcTpn9fvemLo60JesY2W", "name": "Lost Boys", "artist": "Paper Bird", "popularity": 39, "danceability": 0.585, "energy": 0.479, "key": 0, "loudness": -12.249, "mode": 1, "speechiness": 0.0414, "acousticness": 0.546, "instrumentalness": 4.18e-05, "liveness": 0.0792, "valence": 0.604, "tempo": 101.119, "duration_ms": 186213, "time_signature": 4}, {"uri": "spotify:track:1BNm9pxX5cmZOq15o0mNEl", "name": "Hell's Bells", "artist": "Butch Walker", "popularity": 0, "danceability": 0.681, "energy": 0.946, "key": 9, "loudness": -5.231, "mode": 0, "speechiness": 0.16, "acousticness": 0.494, "instrumentalness": 0.0115, "liveness": 0.0449, "valence": 0.436, "tempo": 72.29, "duration_ms": 216200, "time_signature": 4}, {"uri": "spotify:track:390taocGJx2gn52h8MrCNh", "name": "Dime in My Pocket", "artist": "Desert Noises", "popularity": 0, "danceability": 0.489, "energy": 0.852, "key": 7, "loudness": -5.788, "mode": 1, "speechiness": 0.0914, "acousticness": 0.522, "instrumentalness": 0.000211, "liveness": 0.11, "valence": 0.527, "tempo": 126.87, "duration_ms": 108362, "time_signature": 3}, {"uri": "spotify:track:1haOmT0ndDABp11zNK92ot", "name": "God Of Love", "artist": "honeyhoney", "popularity": 32, "danceability": 0.418, "energy": 0.52, "key": 0, "loudness": -8.898, "mode": 1, "speechiness": 0.0567, "acousticness": 0.251, "instrumentalness": 2.71e-05, "liveness": 0.252, "valence": 0.297, "tempo": 153.367, "duration_ms": 234147, "time_signature": 4}, {"uri": "spotify:track:6Yz0WhXdqzH1jWVViV8MdU", "name": "Three Sisters", "artist": "J. Tillman", "popularity": 1, "danceability": 0.646, "energy": 0.0469, "key": 8, "loudness": -15.692, "mode": 0, "speechiness": 0.103, "acousticness": 0.534, "instrumentalness": 0.000457, "liveness": 0.121, "valence": 0.0992, "tempo": 104.179, "duration_ms": 395526, "time_signature": 4}, {"uri": "spotify:track:4qIY8BJt2qBDZT8lm2eFkv", "name": "Meet Me In The Alleyway", "artist": "Steve Earle", "popularity": 0, "danceability": 0.647, "energy": 0.564, "key": 9, "loudness": -11.177, "mode": 0, "speechiness": 0.144, "acousticness": 0.733, "instrumentalness": 0.695, "liveness": 0.103, "valence": 0.765, "tempo": 135.57, "duration_ms": 265760, "time_signature": 4}, {"uri": "spotify:track:1p3ZBdx6XCXZEu7OoO0zW2", "name": "Lungs", "artist": "Townes Van Zandt", "popularity": 0, "danceability": 0.542, "energy": 0.34, "key": 2, "loudness": -13.937, "mode": 1, "speechiness": 0.0434, "acousticness": 0.811, "instrumentalness": 4.45e-06, "liveness": 0.729, "valence": 0.543, "tempo": 96.893, "duration_ms": 154187, "time_signature": 4}, {"uri": "spotify:track:4QWnQIa20uqK8uR5RVSRoh", "name": "No Way Out But Down", "artist": "Graham Lindsey", "popularity": 0, "danceability": 0.551, "energy": 0.407, "key": 6, "loudness": -9.05, "mode": 0, "speechiness": 0.031, "acousticness": 0.91, "instrumentalness": 0.0545, "liveness": 0.0607, "valence": 0.782, "tempo": 168.073, "duration_ms": 190053, "time_signature": 4}, {"uri": "spotify:track:5dcwiQFqn0mTcWewYIv7MV", "name": "Personal Jesus", "artist": "Johnny Cash", "popularity": 62, "danceability": 0.745, "energy": 0.575, "key": 4, "loudness": -8.184, "mode": 0, "speechiness": 0.0434, "acousticness": 0.546, "instrumentalness": 0.000127, "liveness": 0.116, "valence": 0.723, "tempo": 123.325, "duration_ms": 199240, "time_signature": 4}, {"uri": "spotify:track:5UKMxE8Ec8pa8YLXlqDkSZ", "name": "Devil Don't You Fool Me", "artist": "Josh Farrow", "popularity": 39, "danceability": 0.712, "energy": 0.772, "key": 2, "loudness": -6.11, "mode": 0, "speechiness": 0.0601, "acousticness": 0.186, "instrumentalness": 0, "liveness": 0.0695, "valence": 0.543, "tempo": 135.939, "duration_ms": 170985, "time_signature": 4}, {"uri": "spotify:track:4Q4qJYgs4zZ1FFHX2nleB9", "name": "Psalms", "artist": "Vudu Sister", "popularity": 39, "danceability": 0.541, "energy": 0.437, "key": 2, "loudness": -11.684, "mode": 0, "speechiness": 0.0244, "acousticness": 0.153, "instrumentalness": 0, "liveness": 0.096, "valence": 0.648, "tempo": 91.407, "duration_ms": 220627, "time_signature": 4}, {"uri": "spotify:track:07JyD08sM6AbyV4b15AExB", "name": "Rosie", "artist": "Bruce Peninsula", "popularity": 32, "danceability": 0.136, "energy": 0.335, "key": 1, "loudness": -10.092, "mode": 0, "speechiness": 0.0349, "acousticness": 0.809, "instrumentalness": 0, "liveness": 0.099, "valence": 0.0303, "tempo": 80.777, "duration_ms": 192587, "time_signature": 4}, {"uri": "spotify:track:74Fd1uz6wiTaqDXyWK7AXl", "name": "Filthy Dirty South", "artist": "Rising Appalachia", "popularity": 0, "danceability": 0.562, "energy": 0.381, "key": 9, "loudness": -10.248, "mode": 0, "speechiness": 0.0334, "acousticness": 0.552, "instrumentalness": 0.000109, "liveness": 0.0946, "valence": 0.746, "tempo": 122.199, "duration_ms": 346333, "time_signature": 4}, {"uri": "spotify:track:1WM2z5ygjXsQ3m7c4wOnCm", "name": "Blackland Farmer", "artist": "Hard Working Americans", "popularity": 31, "danceability": 0.421, "energy": 0.511, "key": 9, "loudness": -9.502, "mode": 0, "speechiness": 0.0282, "acousticness": 0.447, "instrumentalness": 0.0652, "liveness": 0.934, "valence": 0.627, "tempo": 109.131, "duration_ms": 457667, "time_signature": 4}, {"uri": "spotify:track:5IrrRSLUoUsEjEKjQAyWVb", "name": "Scavenger Hunt", "artist": "The Lowest Pair", "popularity": 0, "danceability": 0.342, "energy": 0.188, "key": 9, "loudness": -11.869, "mode": 0, "speechiness": 0.0296, "acousticness": 0.794, "instrumentalness": 0.000363, "liveness": 0.142, "valence": 0.172, "tempo": 181.208, "duration_ms": 240813, "time_signature": 4}, {"uri": "spotify:track:37H2CfPAljdCi1eSQqj6JQ", "name": "Ashes", "artist": "Maggie Bjorklund", "popularity": 0, "danceability": 0.391, "energy": 0.307, "key": 1, "loudness": -10.568, "mode": 0, "speechiness": 0.0283, "acousticness": 0.792, "instrumentalness": 0.00108, "liveness": 0.0949, "valence": 0.223, "tempo": 143.753, "duration_ms": 227387, "time_signature": 3}, {"uri": "spotify:track:17YEHsH3LwT9yqqQhuid8k", "name": "Where the Enemy Sleeps (feat. Lucette)", "artist": "Scott Mackay", "popularity": 33, "danceability": 0.573, "energy": 0.17, "key": 6, "loudness": -10.076, "mode": 0, "speechiness": 0.027, "acousticness": 0.406, "instrumentalness": 5.99e-06, "liveness": 0.241, "valence": 0.156, "tempo": 81.686, "duration_ms": 196890, "time_signature": 4}, {"uri": "spotify:track:6nHHqLOs5oyhizlaWgoLBq", "name": "Heron Blue", "artist": "Sun Kil Moon", "popularity": 0, "danceability": 0.556, "energy": 0.205, "key": 0, "loudness": -21.11, "mode": 0, "speechiness": 0.0296, "acousticness": 0.965, "instrumentalness": 0.359, "liveness": 0.101, "valence": 0.0723, "tempo": 101.779, "duration_ms": 458000, "time_signature": 4}, {"uri": "spotify:track:5ZCSxBtSpyvHvEvGuXuTEr", "name": "Pretty Polly", "artist": "Vandaveer", "popularity": 0, "danceability": 0.654, "energy": 0.459, "key": 0, "loudness": -9.977, "mode": 1, "speechiness": 0.0291, "acousticness": 0.7, "instrumentalness": 1.11e-05, "liveness": 0.0737, "valence": 0.502, "tempo": 88.358, "duration_ms": 228959, "time_signature": 4}, {"uri": "spotify:track:0ONx5LbtCGaVrWMqgFmjQi", "name": "Wrecks", "artist": "Lonesome Shack", "popularity": 0, "danceability": 0.564, "energy": 0.551, "key": 4, "loudness": -9.842, "mode": 0, "speechiness": 0.0436, "acousticness": 0.638, "instrumentalness": 0.00285, "liveness": 0.119, "valence": 0.44, "tempo": 161.749, "duration_ms": 285547, "time_signature": 4}, {"uri": "spotify:track:1gZmLcA6IqI4YGhKIfFO8E", "name": "The Angry River (feat. Father John Misty and S.I. Istwa) [Theme From the HBO\u00ae Series True Detective]", "artist": "The Hat", "popularity": 0, "danceability": 0.535, "energy": 0.472, "key": 9, "loudness": -9.09, "mode": 0, "speechiness": 0.031, "acousticness": 0.0349, "instrumentalness": 0.269, "liveness": 0.129, "valence": 0.243, "tempo": 82.018, "duration_ms": 175153, "time_signature": 4}, {"uri": "spotify:track:3CFhdCcuagfQGxjQMzmRBs", "name": "Dig", "artist": "Hestina", "popularity": 32, "danceability": 0.537, "energy": 0.519, "key": 1, "loudness": -8.763, "mode": 0, "speechiness": 0.125, "acousticness": 0.959, "instrumentalness": 0.000188, "liveness": 0.0943, "valence": 0.244, "tempo": 102.193, "duration_ms": 135000, "time_signature": 4}, {"uri": "spotify:track:2ZheGCM31EbCwUfGs0WJB1", "name": "Barton Hollow", "artist": "The Civil Wars", "popularity": 11, "danceability": 0.403, "energy": 0.659, "key": 2, "loudness": -7.338, "mode": 1, "speechiness": 0.0303, "acousticness": 0.123, "instrumentalness": 0, "liveness": 0.0857, "valence": 0.435, "tempo": 90.854, "duration_ms": 205773, "time_signature": 4}, {"uri": "spotify:track:7HrpPxCR5OYislYvUT4h79", "name": "Red Right Hand", "artist": "Nick Cave & The Bad Seeds", "popularity": 0, "danceability": 0.735, "energy": 0.403, "key": 4, "loudness": -11.599, "mode": 0, "speechiness": 0.037, "acousticness": 0.139, "instrumentalness": 0.473, "liveness": 0.107, "valence": 0.453, "tempo": 115.658, "duration_ms": 370573, "time_signature": 4}, {"uri": "spotify:track:6EqH6OTtC3KMxRsU2OGF9A", "name": "Cadillac Dust", "artist": "Elliott BROOD", "popularity": 36, "danceability": 0.28, "energy": 0.996, "key": 5, "loudness": -3.762, "mode": 0, "speechiness": 0.421, "acousticness": 0.543, "instrumentalness": 0.0891, "liveness": 0.339, "valence": 0.224, "tempo": 203.503, "duration_ms": 194493, "time_signature": 4}, {"uri": "spotify:track:1veg6mSKzCg1TFD1vwpUij", "name": "Patsy Cline", "artist": "Pauline Andr\u00e8s", "popularity": 0, "danceability": 0.469, "energy": 0.426, "key": 9, "loudness": -8.224, "mode": 0, "speechiness": 0.0238, "acousticness": 0.0875, "instrumentalness": 0, "liveness": 0.243, "valence": 0.303, "tempo": 90.973, "duration_ms": 233024, "time_signature": 4}, {"uri": "spotify:track:6SP4CyAK8qbdajsmzYQm9g", "name": "Bless Your Soul", "artist": "The Bones of J.R. Jones", "popularity": 37, "danceability": 0.533, "energy": 0.577, "key": 9, "loudness": -9.36, "mode": 0, "speechiness": 0.0327, "acousticness": 0.968, "instrumentalness": 0.0343, "liveness": 0.202, "valence": 0.601, "tempo": 185.997, "duration_ms": 212505, "time_signature": 4}, {"uri": "spotify:track:4B4xOuj22g8WAMvTzPV7Bq", "name": "Far From Any Road", "artist": "The Handsome Family", "popularity": 0, "danceability": 0.707, "energy": 0.556, "key": 9, "loudness": -10.101, "mode": 0, "speechiness": 0.0303, "acousticness": 0.19, "instrumentalness": 0.0159, "liveness": 0.388, "valence": 0.746, "tempo": 120.028, "duration_ms": 166493, "time_signature": 4}]