[{"uri": "spotify:track:3YBZIN3rekqsKxbJc9FZko", "name": "Paradise City", "artist": "Guns N' Roses", "popularity": 80, "danceability": 0.273, "energy": 0.952, "key": 11, "loudness": -8.762, "mode": 1, "speechiness": 0.0843, "acousticness": 0.0169, "instrumentalness": 0.0111, "liveness": 0.142, "valence": 0.472, "tempo": 100.271, "duration_ms": 405640, "time_signature": 4}, {"uri": "spotify:track:57JVGBtBLCfHw2muk5416J", "name": "Another One Bites The Dust - Remastered 2011", "artist": "Queen", "popularity": 75, "danceability": 0.933, "energy": 0.528, "key": 5, "loudness": -6.472, "mode": 0, "speechiness": 0.162, "acousticness": 0.112, "instrumentalness": 0.329, "liveness": 0.163, "valence": 0.756, "tempo": 109.975, "duration_ms": 214653, "time_signature": 4}, {"uri": "spotify:track:2zYzyRzz6pRmhPzyfMEC8s", "name": "Highway to Hell", "artist": "AC/DC", "popularity": 85, "danceability": 0.574, "energy": 0.913, "key": 6, "loudness": -4.793, "mode": 0, "speechiness": 0.133, "acousticness": 0.061, "instrumentalness": 0.00158, "liveness": 0.156, "valence": 0.423, "tempo": 115.728, "duration_ms": 208400, "time_signature": 4}, {"uri": "spotify:track:39shmbIHICJ2Wxnk1fPSdz", "name": "Should I Stay or Should I Go - Remastered", "artist": "The Clash", "popularity": 81, "danceability": 0.743, "energy": 0.836, "key": 2, "loudness": -6.465, "mode": 1, "speechiness": 0.116, "acousticness": 0.0804, "instrumentalness": 0, "liveness": 0.384, "valence": 0.82, "tempo": 113.375, "duration_ms": 188987, "time_signature": 4}, {"uri": "spotify:track:2Cdvbe2G4hZsnhNMKyGrie", "name": "I Love Rock 'N Roll", "artist": "Joan Jett & The Blackhearts", "popularity": 78, "danceability": 0.535, "energy": 0.716, "key": 4, "loudness": -5.025, "mode": 1, "speechiness": 0.0431, "acousticness": 0.326, "instrumentalness": 0, "liveness": 0.659, "valence": 0.901, "tempo": 94.379, "duration_ms": 175173, "time_signature": 4}, {"uri": "spotify:track:0hCB0YR03f6AmQaHbwWDe8", "name": "Whole Lotta Love - 1990 Remaster", "artist": "Led Zeppelin", "popularity": 78, "danceability": 0.412, "energy": 0.902, "key": 9, "loudness": -11.6, "mode": 1, "speechiness": 0.405, "acousticness": 0.0484, "instrumentalness": 0.131, "liveness": 0.405, "valence": 0.422, "tempo": 89.74, "duration_ms": 333893, "time_signature": 4}, {"uri": "spotify:track:70LcF31zb1H0PyJoS1Sx1r", "name": "Creep", "artist": "Radiohead", "popularity": 85, "danceability": 0.515, "energy": 0.43, "key": 7, "loudness": -9.935, "mode": 1, "speechiness": 0.0372, "acousticness": 0.0097, "instrumentalness": 0.000133, "liveness": 0.129, "valence": 0.104, "tempo": 91.844, "duration_ms": 238640, "time_signature": 4}, {"uri": "spotify:track:5MxNLUsfh7uzROypsoO5qe", "name": "Dream On", "artist": "Aerosmith", "popularity": 81, "danceability": 0.307, "energy": 0.433, "key": 1, "loudness": -10.057, "mode": 1, "speechiness": 0.029, "acousticness": 0.388, "instrumentalness": 9.08e-05, "liveness": 0.332, "valence": 0.224, "tempo": 160.9, "duration_ms": 266960, "time_signature": 4}, {"uri": "spotify:track:0J6mQxEZnlRt9ymzFntA6z", "name": "Livin' On A Prayer", "artist": "Bon Jovi", "popularity": 0, "danceability": 0.534, "energy": 0.887, "key": 0, "loudness": -3.777, "mode": 1, "speechiness": 0.0345, "acousticness": 0.0768, "instrumentalness": 9.93e-05, "liveness": 0.325, "valence": 0.72, "tempo": 122.494, "duration_ms": 249293, "time_signature": 4}, {"uri": "spotify:track:4bHsxqR3GMrXTxEPLuK5ue", "name": "Don't Stop Believin'", "artist": "Journey", "popularity": 83, "danceability": 0.5, "energy": 0.748, "key": 4, "loudness": -9.072, "mode": 1, "speechiness": 0.0363, "acousticness": 0.127, "instrumentalness": 0, "liveness": 0.447, "valence": 0.514, "tempo": 118.852, "duration_ms": 250987, "time_signature": 4}, {"uri": "spotify:track:3dPQuX8Gs42Y7b454ybpMR", "name": "Seven Nation Army", "artist": "The White Stripes", "popularity": 85, "danceability": 0.743, "energy": 0.446, "key": 4, "loudness": -7.807, "mode": 0, "speechiness": 0.0683, "acousticness": 0.0039, "instrumentalness": 0.118, "liveness": 0.337, "valence": 0.278, "tempo": 123.596, "duration_ms": 232107, "time_signature": 4}, {"uri": "spotify:track:0ofHAoxe9vBkTCp2UQIavz", "name": "Dreams - 2004 Remaster", "artist": "Fleetwood Mac", "popularity": 86, "danceability": 0.828, "energy": 0.492, "key": 0, "loudness": -9.744, "mode": 1, "speechiness": 0.0276, "acousticness": 0.0644, "instrumentalness": 0.00428, "liveness": 0.128, "valence": 0.789, "tempo": 120.151, "duration_ms": 257800, "time_signature": 4}, {"uri": "spotify:track:7Jh1bpe76CNTCgdgAdBw4Z", "name": "Heroes - 2017 Remaster", "artist": "David Bowie", "popularity": 78, "danceability": 0.49, "energy": 0.758, "key": 7, "loudness": -6.491, "mode": 1, "speechiness": 0.0297, "acousticness": 0.000671, "instrumentalness": 0.484, "liveness": 0.092, "valence": 0.435, "tempo": 112.114, "duration_ms": 371413, "time_signature": 4}, {"uri": "spotify:track:4P5KoWXOxwuobLmHXLMobV", "name": "Come As You Are", "artist": "Nirvana", "popularity": 77, "danceability": 0.5, "energy": 0.824, "key": 4, "loudness": -5.846, "mode": 0, "speechiness": 0.0388, "acousticness": 0.00016, "instrumentalness": 0.00161, "liveness": 0.0916, "valence": 0.539, "tempo": 120.125, "duration_ms": 218920, "time_signature": 4}, {"uri": "spotify:track:1Ly0ssAgeM7YqdHptao8Oe", "name": "Paranoid", "artist": "Black Sabbath", "popularity": 0, "danceability": 0.426, "energy": 0.619, "key": 4, "loudness": -11.501, "mode": 0, "speechiness": 0.0722, "acousticness": 8.44e-05, "instrumentalness": 0.00239, "liveness": 0.17, "valence": 0.382, "tempo": 162.721, "duration_ms": 168440, "time_signature": 4}, {"uri": "spotify:track:70YvYr2hGlS01bKRIho1HM", "name": "La Grange - 2005 Remaster", "artist": "ZZ Top", "popularity": 77, "danceability": 0.545, "energy": 0.64, "key": 4, "loudness": -9.937, "mode": 0, "speechiness": 0.224, "acousticness": 0.00249, "instrumentalness": 0.0304, "liveness": 0.196, "valence": 0.606, "tempo": 80.544, "duration_ms": 230480, "time_signature": 4}, {"uri": "spotify:track:3d9DChrdc6BOeFsbrZ3Is0", "name": "Under the Bridge", "artist": "Red Hot Chili Peppers", "popularity": 83, "danceability": 0.559, "energy": 0.345, "key": 4, "loudness": -13.496, "mode": 1, "speechiness": 0.0459, "acousticness": 0.0576, "instrumentalness": 0.000105, "liveness": 0.141, "valence": 0.458, "tempo": 84.581, "duration_ms": 264307, "time_signature": 4}, {"uri": "spotify:track:08mG3Y1vljYA6bvDt4Wqkj", "name": "Back In Black", "artist": "AC/DC", "popularity": 85, "danceability": 0.31, "energy": 0.7, "key": 9, "loudness": -5.678, "mode": 1, "speechiness": 0.047, "acousticness": 0.011, "instrumentalness": 0.00965, "liveness": 0.0828, "valence": 0.763, "tempo": 188.386, "duration_ms": 255493, "time_signature": 4}, {"uri": "spotify:track:2PzU4IB8Dr6mxV3lHuaG34", "name": "(I Can't Get No) Satisfaction - Mono Version", "artist": "The Rolling Stones", "popularity": 79, "danceability": 0.723, "energy": 0.863, "key": 2, "loudness": -7.89, "mode": 1, "speechiness": 0.0338, "acousticness": 0.0383, "instrumentalness": 0.0317, "liveness": 0.128, "valence": 0.931, "tempo": 136.302, "duration_ms": 222813, "time_signature": 4}, {"uri": "spotify:track:40riOy7x9W7GXjyGp4pjAv", "name": "Hotel California - 2013 Remaster", "artist": "Eagles", "popularity": 85, "danceability": 0.579, "energy": 0.508, "key": 2, "loudness": -9.484, "mode": 1, "speechiness": 0.027, "acousticness": 0.00574, "instrumentalness": 0.000494, "liveness": 0.0575, "valence": 0.609, "tempo": 147.125, "duration_ms": 391376, "time_signature": 4}, {"uri": "spotify:track:54flyrjcdnQdco7300avMJ", "name": "We Will Rock You - Remastered 2011", "artist": "Queen", "popularity": 71, "danceability": 0.693, "energy": 0.497, "key": 2, "loudness": -7.316, "mode": 1, "speechiness": 0.119, "acousticness": 0.679, "instrumentalness": 0, "liveness": 0.258, "valence": 0.473, "tempo": 81.308, "duration_ms": 122067, "time_signature": 4}, {"uri": "spotify:track:5BIMPccDwShpXq784RJlJp", "name": "Enter Sandman", "artist": "Metallica", "popularity": 45, "danceability": 0.579, "energy": 0.824, "key": 6, "loudness": -8.71, "mode": 0, "speechiness": 0.03, "acousticness": 0.00206, "instrumentalness": 0.00903, "liveness": 0.059, "valence": 0.635, "tempo": 123.331, "duration_ms": 331573, "time_signature": 4}, {"uri": "spotify:track:4CJVkjo5WpmUAKp3R44LNb", "name": "Sweet Home Alabama", "artist": "Lynyrd Skynyrd", "popularity": 1, "danceability": 0.597, "energy": 0.605, "key": 7, "loudness": -12.013, "mode": 1, "speechiness": 0.0255, "acousticness": 0.181, "instrumentalness": 0.000331, "liveness": 0.118, "valence": 0.886, "tempo": 97.782, "duration_ms": 281147, "time_signature": 4}, {"uri": "spotify:track:4aVuWgvD0X63hcOCnZtNFA", "name": "Hold the Line", "artist": "TOTO", "popularity": 79, "danceability": 0.473, "energy": 0.898, "key": 6, "loudness": -4.797, "mode": 0, "speechiness": 0.0561, "acousticness": 0.00783, "instrumentalness": 0.0618, "liveness": 0.173, "valence": 0.808, "tempo": 96.556, "duration_ms": 235547, "time_signature": 4}, {"uri": "spotify:track:2LawezPeJhN4AWuSB0GtAU", "name": "Have You Ever Seen The Rain", "artist": "Creedence Clearwater Revival", "popularity": 81, "danceability": 0.741, "energy": 0.697, "key": 0, "loudness": -7.028, "mode": 1, "speechiness": 0.0277, "acousticness": 0.0664, "instrumentalness": 2.28e-05, "liveness": 0.133, "valence": 0.774, "tempo": 116.109, "duration_ms": 160133, "time_signature": 4}, {"uri": "spotify:track:63OFKbMaZSDZ4wtesuuq6f", "name": "Born To Be Wild", "artist": "Steppenwolf", "popularity": 75, "danceability": 0.438, "energy": 0.71, "key": 2, "loudness": -12.412, "mode": 1, "speechiness": 0.0919, "acousticness": 0.262, "instrumentalness": 0.537, "liveness": 0.221, "valence": 0.53, "tempo": 145.928, "duration_ms": 210373, "time_signature": 4}, {"uri": "spotify:track:2sXp9Qmvc7mRaDBjBgcGGi", "name": "Every Breath You Take - Remastered 2003", "artist": "The Police", "popularity": 0, "danceability": 0.813, "energy": 0.46, "key": 1, "loudness": -9.78, "mode": 1, "speechiness": 0.0346, "acousticness": 0.56, "instrumentalness": 0.0105, "liveness": 0.0724, "valence": 0.729, "tempo": 117.387, "duration_ms": 253887, "time_signature": 4}, {"uri": "spotify:track:1oG2vWELiGjIqxwqGcyqwF", "name": "You Really Got Me", "artist": "The Kinks", "popularity": 0, "danceability": 0.567, "energy": 0.959, "key": 8, "loudness": -3.822, "mode": 1, "speechiness": 0.102, "acousticness": 0.0995, "instrumentalness": 6.07e-05, "liveness": 0.1, "valence": 0.961, "tempo": 137.377, "duration_ms": 133933, "time_signature": 4}, {"uri": "spotify:track:3qT4bUD1MaWpGrTwcvguhb", "name": "Black Dog - Remaster", "artist": "Led Zeppelin", "popularity": 76, "danceability": 0.437, "energy": 0.864, "key": 4, "loudness": -7.842, "mode": 0, "speechiness": 0.0904, "acousticness": 0.396, "instrumentalness": 0.0314, "liveness": 0.242, "valence": 0.749, "tempo": 81.394, "duration_ms": 295387, "time_signature": 4}, {"uri": "spotify:track:2EqlS6tkEnglzr7tkKAAYD", "name": "Come Together - Remastered 2009", "artist": "The Beatles", "popularity": 80, "danceability": 0.533, "energy": 0.376, "key": 9, "loudness": -11.913, "mode": 0, "speechiness": 0.0393, "acousticness": 0.0302, "instrumentalness": 0.248, "liveness": 0.0926, "valence": 0.187, "tempo": 165.007, "duration_ms": 259947, "time_signature": 4}, {"uri": "spotify:track:61Q9oJNd9hJQFhSDh6Qlap", "name": "House Of The Rising Sun", "artist": "The Animals", "popularity": 63, "danceability": 0.315, "energy": 0.534, "key": 9, "loudness": -7.552, "mode": 0, "speechiness": 0.031, "acousticness": 0.000825, "instrumentalness": 0.108, "liveness": 0.101, "valence": 0.283, "tempo": 116.891, "duration_ms": 269720, "time_signature": 3}, {"uri": "spotify:track:6cr6UDpkjEaMQ80OjWqEBQ", "name": "Sultans of Swing", "artist": "Dire Straits", "popularity": 68, "danceability": 0.73, "energy": 0.868, "key": 5, "loudness": -7.325, "mode": 1, "speechiness": 0.0288, "acousticness": 0.0632, "instrumentalness": 0.0661, "liveness": 0.318, "valence": 0.923, "tempo": 148.217, "duration_ms": 350400, "time_signature": 4}, {"uri": "spotify:track:5wj4E6IsrVtn8IBJQOd0Cl", "name": "Wonderwall - Remastered", "artist": "Oasis", "popularity": 4, "danceability": 0.372, "energy": 0.865, "key": 2, "loudness": -4.918, "mode": 1, "speechiness": 0.0381, "acousticness": 0.000453, "instrumentalness": 0, "liveness": 0.234, "valence": 0.478, "tempo": 174.53, "duration_ms": 258733, "time_signature": 4}, {"uri": "spotify:track:5Th6EdNVhxp0TPX41ZLZk6", "name": "One Way Or Another - Remastered", "artist": "Blondie", "popularity": 61, "danceability": 0.45, "energy": 0.877, "key": 9, "loudness": -6.403, "mode": 1, "speechiness": 0.0532, "acousticness": 0.0118, "instrumentalness": 4.95e-05, "liveness": 0.0699, "valence": 0.896, "tempo": 162.477, "duration_ms": 212707, "time_signature": 4}, {"uri": "spotify:track:1FTSo4v6BOZH9QxKc3MbVM", "name": "Song 2 - 2012 Remaster", "artist": "Blur", "popularity": 79, "danceability": 0.674, "energy": 0.789, "key": 8, "loudness": -6.903, "mode": 1, "speechiness": 0.0676, "acousticness": 0.00178, "instrumentalness": 0.0071, "liveness": 0.0754, "valence": 0.918, "tempo": 129.804, "duration_ms": 121160, "time_signature": 4}, {"uri": "spotify:track:11LmqTE2naFULdEP94AUBa", "name": "Heart-Shaped Box", "artist": "Nirvana", "popularity": 80, "danceability": 0.256, "energy": 0.641, "key": 1, "loudness": -10.283, "mode": 1, "speechiness": 0.0552, "acousticness": 0.199, "instrumentalness": 0.0329, "liveness": 0.0853, "valence": 0.382, "tempo": 203.006, "duration_ms": 281160, "time_signature": 4}, {"uri": "spotify:track:7MRyJPksH3G2cXHN8UKYzP", "name": "American Girl", "artist": "Tom Petty and the Heartbreakers", "popularity": 75, "danceability": 0.55, "energy": 0.824, "key": 2, "loudness": -5.988, "mode": 1, "speechiness": 0.0334, "acousticness": 0.448, "instrumentalness": 0.000127, "liveness": 0.366, "valence": 0.777, "tempo": 114.512, "duration_ms": 214733, "time_signature": 4}, {"uri": "spotify:track:5LNiqEqpDc8TuqPy79kDBu", "name": "Edge of Seventeen - 2016 Remaster", "artist": "Stevie Nicks", "popularity": 64, "danceability": 0.591, "energy": 0.804, "key": 0, "loudness": -7.299, "mode": 1, "speechiness": 0.0454, "acousticness": 0.327, "instrumentalness": 5.98e-06, "liveness": 0.0818, "valence": 0.658, "tempo": 111.457, "duration_ms": 329413, "time_signature": 4}, {"uri": "spotify:track:6L89mwZXSOwYl76YXfX13s", "name": "Basket Case", "artist": "Green Day", "popularity": 82, "danceability": 0.442, "energy": 0.943, "key": 3, "loudness": -3.205, "mode": 1, "speechiness": 0.0602, "acousticness": 0.00293, "instrumentalness": 8.71e-06, "liveness": 0.091, "valence": 0.781, "tempo": 85.064, "duration_ms": 181533, "time_signature": 4}, {"uri": "spotify:track:0RO9W1xJoUEpq5MEelddFb", "name": "Stairway to Heaven - Remaster", "artist": "Led Zeppelin", "popularity": 65, "danceability": 0.338, "energy": 0.34, "key": 9, "loudness": -12.049, "mode": 0, "speechiness": 0.0339, "acousticness": 0.58, "instrumentalness": 0.0032, "liveness": 0.116, "valence": 0.197, "tempo": 82.433, "duration_ms": 482830, "time_signature": 4}, {"uri": "spotify:track:1AhDOtG9vPSOmsWgNW0BEY", "name": "Bohemian Rhapsody - Remastered 2011", "artist": "Queen", "popularity": 0, "danceability": 0.414, "energy": 0.404, "key": 0, "loudness": -9.928, "mode": 0, "speechiness": 0.0499, "acousticness": 0.271, "instrumentalness": 0, "liveness": 0.3, "valence": 0.224, "tempo": 71.105, "duration_ms": 354320, "time_signature": 4}, {"uri": "spotify:track:6ADSaE87h8Y3lccZlBJdXH", "name": "With Or Without You - Remastered", "artist": "U2", "popularity": 81, "danceability": 0.54, "energy": 0.429, "key": 2, "loudness": -11.822, "mode": 1, "speechiness": 0.0285, "acousticness": 0.000202, "instrumentalness": 0.355, "liveness": 0.141, "valence": 0.113, "tempo": 110.171, "duration_ms": 295516, "time_signature": 4}, {"uri": "spotify:track:7GonnnalI2s19OCQO1J7Tf", "name": "Kickstart My Heart", "artist": "M\u00f6tley Cr\u00fce", "popularity": 78, "danceability": 0.359, "energy": 0.981, "key": 7, "loudness": -3.622, "mode": 0, "speechiness": 0.303, "acousticness": 0.00125, "instrumentalness": 0.00236, "liveness": 0.284, "valence": 0.271, "tempo": 178.98, "duration_ms": 282653, "time_signature": 4}, {"uri": "spotify:track:0dOg1ySSI7NkpAe89Zo0b9", "name": "Born in the U.S.A.", "artist": "Bruce Springsteen", "popularity": 77, "danceability": 0.398, "energy": 0.952, "key": 4, "loudness": -6.042, "mode": 1, "speechiness": 0.061, "acousticness": 0.000373, "instrumentalness": 7.75e-05, "liveness": 0.1, "valence": 0.584, "tempo": 122.093, "duration_ms": 278680, "time_signature": 4}, {"uri": "spotify:track:2IZZqH4K02UIYg5EohpNHF", "name": "Zombie", "artist": "The Cranberries", "popularity": 15, "danceability": 0.307, "energy": 0.635, "key": 7, "loudness": -8.957, "mode": 1, "speechiness": 0.0339, "acousticness": 0.0154, "instrumentalness": 0.00483, "liveness": 0.366, "valence": 0.304, "tempo": 166.973, "duration_ms": 306427, "time_signature": 4}, {"uri": "spotify:track:32kgOw8wejH7zUhtXCM8DH", "name": "More Than a Feeling", "artist": "Boston", "popularity": 0, "danceability": 0.377, "energy": 0.682, "key": 7, "loudness": -8.039, "mode": 1, "speechiness": 0.0299, "acousticness": 0.000894, "instrumentalness": 0.00217, "liveness": 0.0504, "valence": 0.288, "tempo": 108.736, "duration_ms": 285133, "time_signature": 4}, {"uri": "spotify:track:2aoo2jlRnM3A0NyLQqMN2f", "name": "All Along the Watchtower", "artist": "Jimi Hendrix", "popularity": 78, "danceability": 0.438, "energy": 0.805, "key": 8, "loudness": -6.237, "mode": 1, "speechiness": 0.0624, "acousticness": 0.00255, "instrumentalness": 5.69e-05, "liveness": 0.0842, "valence": 0.564, "tempo": 113.253, "duration_ms": 240800, "time_signature": 4}, {"uri": "spotify:track:57bgtoPSgt236HzfBOd8kj", "name": "Thunderstruck", "artist": "AC/DC", "popularity": 84, "danceability": 0.502, "energy": 0.89, "key": 4, "loudness": -5.175, "mode": 1, "speechiness": 0.0364, "acousticness": 0.000147, "instrumentalness": 0.0117, "liveness": 0.217, "valence": 0.259, "tempo": 133.52, "duration_ms": 292880, "time_signature": 4}, {"uri": "spotify:track:66lOpKgTyFjOrac4S1s94g", "name": "Rebel Rebel - 1999 Remaster", "artist": "David Bowie", "popularity": 0, "danceability": 0.676, "energy": 0.92, "key": 9, "loudness": -7.96, "mode": 1, "speechiness": 0.0435, "acousticness": 0.00101, "instrumentalness": 8.65e-06, "liveness": 0.248, "valence": 0.624, "tempo": 126.341, "duration_ms": 269360, "time_signature": 4}, {"uri": "spotify:track:6ToM0uwxtPKo9CMpbPGYvM", "name": "Break on Through (To the Other Side)", "artist": "The Doors", "popularity": 73, "danceability": 0.421, "energy": 0.751, "key": 9, "loudness": -9.584, "mode": 1, "speechiness": 0.0472, "acousticness": 0.2, "instrumentalness": 0, "liveness": 0.17, "valence": 0.789, "tempo": 89.839, "duration_ms": 145867, "time_signature": 4}, {"uri": "spotify:track:57iDDD9N9tTWe75x6qhStw", "name": "Bitter Sweet Symphony", "artist": "The Verve", "popularity": 81, "danceability": 0.356, "energy": 0.917, "key": 9, "loudness": -6.006, "mode": 1, "speechiness": 0.0479, "acousticness": 0.0335, "instrumentalness": 0, "liveness": 0.406, "valence": 0.518, "tempo": 171.176, "duration_ms": 357267, "time_signature": 4}, {"uri": "spotify:track:1gzIbdFnGJ226LTl0Cn2SX", "name": "White Wedding - Pt. 1", "artist": "Billy Idol", "popularity": 73, "danceability": 0.673, "energy": 0.814, "key": 9, "loudness": -5.411, "mode": 1, "speechiness": 0.0367, "acousticness": 0.0133, "instrumentalness": 0.00293, "liveness": 0.343, "valence": 0.728, "tempo": 147.193, "duration_ms": 252200, "time_signature": 4}, {"uri": "spotify:track:3fH4KjXFYMmljxrcGrbPj9", "name": "Don't You (Forget About Me)", "artist": "Simple Minds", "popularity": 76, "danceability": 0.66, "energy": 0.816, "key": 2, "loudness": -6.61, "mode": 1, "speechiness": 0.0299, "acousticness": 0.168, "instrumentalness": 0.0181, "liveness": 0.0608, "valence": 0.678, "tempo": 111.346, "duration_ms": 263040, "time_signature": 4}, {"uri": "spotify:track:7oK9VyNzrYvRFo7nQEYkWN", "name": "Mr. Brightside", "artist": "The Killers", "popularity": 77, "danceability": 0.356, "energy": 0.924, "key": 1, "loudness": -3.74, "mode": 1, "speechiness": 0.0808, "acousticness": 0.00101, "instrumentalness": 0, "liveness": 0.0953, "valence": 0.232, "tempo": 148.017, "duration_ms": 222587, "time_signature": 4}, {"uri": "spotify:track:7o2CTH4ctstm8TNelqjb51", "name": "Sweet Child O' Mine", "artist": "Guns N' Roses", "popularity": 83, "danceability": 0.454, "energy": 0.91, "key": 6, "loudness": -7.766, "mode": 1, "speechiness": 0.0448, "acousticness": 0.0866, "instrumentalness": 0.0996, "liveness": 0.116, "valence": 0.629, "tempo": 125.116, "duration_ms": 354520, "time_signature": 4}, {"uri": "spotify:track:3SUusuA9jH1v6PVwtYMbdv", "name": "Last Nite", "artist": "The Strokes", "popularity": 68, "danceability": 0.624, "energy": 0.899, "key": 0, "loudness": -5.709, "mode": 1, "speechiness": 0.0296, "acousticness": 0.0221, "instrumentalness": 0.000137, "liveness": 0.0975, "valence": 0.79, "tempo": 104.061, "duration_ms": 193373, "time_signature": 4}, {"uri": "spotify:track:5ghIJDpPoe3CfHMGu71E6T", "name": "Smells Like Teen Spirit", "artist": "Nirvana", "popularity": 80, "danceability": 0.502, "energy": 0.912, "key": 1, "loudness": -4.556, "mode": 1, "speechiness": 0.0564, "acousticness": 2.55e-05, "instrumentalness": 0.000173, "liveness": 0.106, "valence": 0.72, "tempo": 116.761, "duration_ms": 301920, "time_signature": 4}, {"uri": "spotify:track:1YwNlWLf8auhazSQUDQLFU", "name": "Enjoy the Silence - Single Mix", "artist": "Depeche Mode", "popularity": 68, "danceability": 0.641, "energy": 0.812, "key": 0, "loudness": -7.945, "mode": 0, "speechiness": 0.0293, "acousticness": 0.155, "instrumentalness": 4.43e-05, "liveness": 0.078, "valence": 0.822, "tempo": 112.777, "duration_ms": 257333, "time_signature": 4}, {"uri": "spotify:track:2aSFLiDPreOVP6KHiWk4lF", "name": "Under Pressure - Remastered 2011", "artist": "Queen", "popularity": 59, "danceability": 0.663, "energy": 0.712, "key": 2, "loudness": -7.268, "mode": 1, "speechiness": 0.0479, "acousticness": 0.524, "instrumentalness": 0, "liveness": 0.0804, "valence": 0.527, "tempo": 113.439, "duration_ms": 236520, "time_signature": 4}, {"uri": "spotify:track:1L94M3KIu7QluZe63g64rv", "name": "Alive", "artist": "Pearl Jam", "popularity": 78, "danceability": 0.284, "energy": 0.875, "key": 11, "loudness": -6.069, "mode": 0, "speechiness": 0.0422, "acousticness": 0.00752, "instrumentalness": 0.000461, "liveness": 0.402, "valence": 0.595, "tempo": 75.009, "duration_ms": 340907, "time_signature": 4}, {"uri": "spotify:track:2fICdpdRotwfmGYzvs8Ngf", "name": "Rock You Like a Hurricane - 2015 - Remaster", "artist": "Scorpions", "popularity": 69, "danceability": 0.402, "energy": 0.873, "key": 4, "loudness": -3.209, "mode": 0, "speechiness": 0.0586, "acousticness": 0.00484, "instrumentalness": 7.3e-05, "liveness": 0.157, "valence": 0.684, "tempo": 125.443, "duration_ms": 253667, "time_signature": 4}, {"uri": "spotify:track:1RJeiAIwR9pZBgJA8ndZLL", "name": "Paint It, Black - Mono", "artist": "The Rolling Stones", "popularity": 67, "danceability": 0.505, "energy": 0.836, "key": 5, "loudness": -7.384, "mode": 0, "speechiness": 0.101, "acousticness": 0.0103, "instrumentalness": 0.0771, "liveness": 0.295, "valence": 0.764, "tempo": 159.669, "duration_ms": 204480, "time_signature": 4}, {"uri": "spotify:track:2X6gdRlGOQgfaXU9ALUQFQ", "name": "The Chain", "artist": "Fleetwood Mac", "popularity": 0, "danceability": 0.546, "energy": 0.529, "key": 9, "loudness": -13.6, "mode": 1, "speechiness": 0.0436, "acousticness": 0.0629, "instrumentalness": 0.000567, "liveness": 0.0383, "valence": 0.574, "tempo": 151.727, "duration_ms": 271000, "time_signature": 4}, {"uri": "spotify:track:3Vby4nGmtbDo7HDJamOWkT", "name": "Stuck In The Middle With You", "artist": "Stealers Wheel", "popularity": 77, "danceability": 0.82, "energy": 0.575, "key": 7, "loudness": -9.144, "mode": 1, "speechiness": 0.0408, "acousticness": 0.0936, "instrumentalness": 0.000135, "liveness": 0.109, "valence": 0.964, "tempo": 123.765, "duration_ms": 208947, "time_signature": 4}, {"uri": "spotify:track:3mcG2NI5G5vhrQtRda1YnA", "name": "The Middle", "artist": "Jimmy Eat World", "popularity": 1, "danceability": 0.629, "energy": 0.897, "key": 2, "loudness": -3.401, "mode": 1, "speechiness": 0.0483, "acousticness": 0.0424, "instrumentalness": 0, "liveness": 0.263, "valence": 0.93, "tempo": 161.944, "duration_ms": 168253, "time_signature": 4}, {"uri": "spotify:track:5e6x5YRnMJIKvYpZxLqdpH", "name": "Fortunate Son", "artist": "Creedence Clearwater Revival", "popularity": 0, "danceability": 0.636, "energy": 0.746, "key": 0, "loudness": -3.785, "mode": 1, "speechiness": 0.0393, "acousticness": 0.0648, "instrumentalness": 0.29, "liveness": 0.173, "valence": 0.432, "tempo": 132.31, "duration_ms": 138053, "time_signature": 4}, {"uri": "spotify:track:54eZmuggBFJbV7k248bTTt", "name": "A Horse with No Name", "artist": "America", "popularity": 78, "danceability": 0.654, "energy": 0.506, "key": 11, "loudness": -17.18, "mode": 0, "speechiness": 0.0535, "acousticness": 0.686, "instrumentalness": 0.0155, "liveness": 0.155, "valence": 0.831, "tempo": 123.179, "duration_ms": 252240, "time_signature": 4}, {"uri": "spotify:track:3k9i7UzeSUYWIfUZFeFDUd", "name": "Layla - 40th Anniversary Version / 2010 Remastered", "artist": "Derek & The Dominos", "popularity": 0, "danceability": 0.404, "energy": 0.903, "key": 1, "loudness": -3.88, "mode": 1, "speechiness": 0.0668, "acousticness": 0.577, "instrumentalness": 0.297, "liveness": 0.287, "valence": 0.498, "tempo": 115.672, "duration_ms": 423840, "time_signature": 4}, {"uri": "spotify:track:5UWwZ5lm5PKu6eKsHAGxOk", "name": "Everlong", "artist": "Foo Fighters", "popularity": 80, "danceability": 0.413, "energy": 0.881, "key": 11, "loudness": -5.541, "mode": 0, "speechiness": 0.0367, "acousticness": 5.99e-05, "instrumentalness": 0.000308, "liveness": 0.0805, "valence": 0.364, "tempo": 158.066, "duration_ms": 250547, "time_signature": 4}, {"uri": "spotify:track:0iA3xXSkSCiJywKyo1UKjQ", "name": "Louie Louie", "artist": "The Kingsmen", "popularity": 69, "danceability": 0.623, "energy": 0.709, "key": 1, "loudness": -9.818, "mode": 0, "speechiness": 0.0636, "acousticness": 0.102, "instrumentalness": 0, "liveness": 0.0967, "valence": 0.948, "tempo": 122.394, "duration_ms": 165381, "time_signature": 4}, {"uri": "spotify:track:3PGAgwFWnFCisvjb3rLyuh", "name": "Piece Of My Heart", "artist": "Janis Joplin", "popularity": 58, "danceability": 0.482, "energy": 0.883, "key": 4, "loudness": -3.348, "mode": 1, "speechiness": 0.0754, "acousticness": 0.0891, "instrumentalness": 0.00422, "liveness": 0.266, "valence": 0.594, "tempo": 80.687, "duration_ms": 253805, "time_signature": 4}, {"uri": "spotify:track:05NYcsjJwOYq4jIiKPVj9p", "name": "Hard To Handle", "artist": "The Black Crowes", "popularity": 74, "danceability": 0.599, "energy": 0.79, "key": 4, "loudness": -3.58, "mode": 1, "speechiness": 0.043, "acousticness": 0.00257, "instrumentalness": 0.00181, "liveness": 0.312, "valence": 0.961, "tempo": 103.783, "duration_ms": 188067, "time_signature": 4}, {"uri": "spotify:track:4gMgiXfqyzZLMhsksGmbQV", "name": "Another Brick in the Wall, Pt. 2", "artist": "Pink Floyd", "popularity": 77, "danceability": 0.693, "energy": 0.394, "key": 0, "loudness": -15.882, "mode": 1, "speechiness": 0.0428, "acousticness": 0.0782, "instrumentalness": 0.000694, "liveness": 0.247, "valence": 0.721, "tempo": 104.114, "duration_ms": 238747, "time_signature": 4}, {"uri": "spotify:track:1IqFh00G2kvvMm8pRMpehA", "name": "Me and Bobby McGee", "artist": "Janis Joplin", "popularity": 72, "danceability": 0.43, "energy": 0.463, "key": 2, "loudness": -10.96, "mode": 1, "speechiness": 0.0442, "acousticness": 0.303, "instrumentalness": 5.84e-05, "liveness": 0.152, "valence": 0.66, "tempo": 93.405, "duration_ms": 271333, "time_signature": 4}, {"uri": "spotify:track:7N3PAbqfTjSEU1edb2tY8j", "name": "Jump - 2015 Remaster", "artist": "Van Halen", "popularity": 80, "danceability": 0.572, "energy": 0.835, "key": 0, "loudness": -6.219, "mode": 1, "speechiness": 0.0317, "acousticness": 0.171, "instrumentalness": 0.000377, "liveness": 0.0702, "valence": 0.795, "tempo": 129.981, "duration_ms": 241600, "time_signature": 4}, {"uri": "spotify:track:3YRCqOhFifThpSRFJ1VWFM", "name": "November Rain", "artist": "Guns N' Roses", "popularity": 81, "danceability": 0.294, "energy": 0.641, "key": 11, "loudness": -9.316, "mode": 1, "speechiness": 0.0291, "acousticness": 0.0163, "instrumentalness": 0.22, "liveness": 0.112, "valence": 0.226, "tempo": 79.759, "duration_ms": 536067, "time_signature": 4}, {"uri": "spotify:track:07q0QVgO56EorrSGHC48y3", "name": "I Was Made For Lovin' You", "artist": "KISS", "popularity": 83, "danceability": 0.768, "energy": 0.852, "key": 4, "loudness": -6.215, "mode": 1, "speechiness": 0.038, "acousticness": 0.214, "instrumentalness": 7.36e-05, "liveness": 0.0723, "valence": 0.867, "tempo": 128.373, "duration_ms": 271240, "time_signature": 4}, {"uri": "spotify:track:2d4e45fmUnguxh6yqC7gNT", "name": "Dirty Deeds Done Dirt Cheap", "artist": "AC/DC", "popularity": 75, "danceability": 0.668, "energy": 0.906, "key": 11, "loudness": -4.881, "mode": 0, "speechiness": 0.17, "acousticness": 0.214, "instrumentalness": 0.00245, "liveness": 0.135, "valence": 0.507, "tempo": 135.653, "duration_ms": 231933, "time_signature": 4}, {"uri": "spotify:track:78lgmZwycJ3nzsdgmPPGNx", "name": "Immigrant Song - Remaster", "artist": "Led Zeppelin", "popularity": 79, "danceability": 0.564, "energy": 0.932, "key": 11, "loudness": -10.068, "mode": 1, "speechiness": 0.0554, "acousticness": 0.013, "instrumentalness": 0.169, "liveness": 0.349, "valence": 0.619, "tempo": 112.937, "duration_ms": 146250, "time_signature": 4}, {"uri": "spotify:track:5EcvzboYmDIfXo9gPplsSB", "name": "Brown Sugar", "artist": "The Rolling Stones", "popularity": 0, "danceability": 0.638, "energy": 0.931, "key": 0, "loudness": -3.605, "mode": 1, "speechiness": 0.0363, "acousticness": 0.228, "instrumentalness": 0.000295, "liveness": 0.0524, "valence": 0.965, "tempo": 128.662, "duration_ms": 228667, "time_signature": 4}, {"uri": "spotify:track:5tVA6TkbaAH9QMITTQRrNv", "name": "Free Fallin'", "artist": "Tom Petty", "popularity": 79, "danceability": 0.623, "energy": 0.449, "key": 5, "loudness": -13.333, "mode": 1, "speechiness": 0.0253, "acousticness": 0.212, "instrumentalness": 0, "liveness": 0.0613, "valence": 0.572, "tempo": 84.383, "duration_ms": 256000, "time_signature": 4}, {"uri": "spotify:track:5PntSbMHC1ud6Vvl8x56qd", "name": "Loser", "artist": "Beck", "popularity": 72, "danceability": 0.654, "energy": 0.611, "key": 2, "loudness": -10.45, "mode": 1, "speechiness": 0.119, "acousticness": 0.0337, "instrumentalness": 0.000178, "liveness": 0.405, "valence": 0.786, "tempo": 85.387, "duration_ms": 235000, "time_signature": 4}, {"uri": "spotify:track:2HXixVqzzm9rEUIMAWzshl", "name": "I Hate Myself for Loving You", "artist": "Joan Jett & The Blackhearts", "popularity": 70, "danceability": 0.611, "energy": 0.883, "key": 9, "loudness": -11.225, "mode": 1, "speechiness": 0.0539, "acousticness": 0.0846, "instrumentalness": 1.2e-06, "liveness": 0.192, "valence": 0.604, "tempo": 117.928, "duration_ms": 246800, "time_signature": 4}, {"uri": "spotify:track:1xShPgQbOUa98avWJQFDBY", "name": "Personal Jesus - Original Single Version", "artist": "Depeche Mode", "popularity": 63, "danceability": 0.637, "energy": 0.682, "key": 11, "loudness": -11.625, "mode": 1, "speechiness": 0.0366, "acousticness": 0.0112, "instrumentalness": 0.0234, "liveness": 0.0473, "valence": 0.714, "tempo": 129.983, "duration_ms": 224907, "time_signature": 4}, {"uri": "spotify:track:4DMKwE2E2iYDKY01C335Uw", "name": "Carry on Wayward Son", "artist": "Kansas", "popularity": 77, "danceability": 0.482, "energy": 0.786, "key": 7, "loudness": -5.735, "mode": 1, "speechiness": 0.032, "acousticness": 0.00321, "instrumentalness": 8.88e-05, "liveness": 0.446, "valence": 0.793, "tempo": 126.755, "duration_ms": 323000, "time_signature": 4}, {"uri": "spotify:track:3ovjw5HZZv43SxTwApooCM", "name": "Wind Of Change", "artist": "Scorpions", "popularity": 81, "danceability": 0.452, "energy": 0.524, "key": 0, "loudness": -10.108, "mode": 1, "speechiness": 0.0351, "acousticness": 0.315, "instrumentalness": 0, "liveness": 0.103, "valence": 0.246, "tempo": 151.505, "duration_ms": 312360, "time_signature": 4}, {"uri": "spotify:track:6NxsCnLeLd8Ai1TrgGxzIx", "name": "Bad Moon Rising", "artist": "Creedence Clearwater Revival", "popularity": 0, "danceability": 0.647, "energy": 0.762, "key": 2, "loudness": -5.856, "mode": 1, "speechiness": 0.0287, "acousticness": 0.0599, "instrumentalness": 3.35e-06, "liveness": 0.0705, "valence": 0.93, "tempo": 89.837, "duration_ms": 141600, "time_signature": 4}, {"uri": "spotify:track:6qUEOWqOzu1rLPUPQ1ECpx", "name": "Walk This Way (feat. Aerosmith)", "artist": "Run\u2013D.M.C.", "popularity": 73, "danceability": 0.761, "energy": 0.711, "key": 9, "loudness": -7.989, "mode": 1, "speechiness": 0.0604, "acousticness": 0.0174, "instrumentalness": 0.000101, "liveness": 0.0652, "valence": 0.947, "tempo": 105.448, "duration_ms": 310387, "time_signature": 4}, {"uri": "spotify:track:5SAUIWdZ04OxYfJFDchC7S", "name": "Smoke on the Water", "artist": "Deep Purple", "popularity": 64, "danceability": 0.632, "energy": 0.586, "key": 0, "loudness": -11.333, "mode": 1, "speechiness": 0.0284, "acousticness": 0.0983, "instrumentalness": 0.581, "liveness": 0.0535, "valence": 0.89, "tempo": 114.243, "duration_ms": 342173, "time_signature": 4}, {"uri": "spotify:track:59WN2psjkt1tyaxjspN8fp", "name": "Killing In The Name", "artist": "Rage Against The Machine", "popularity": 80, "danceability": 0.466, "energy": 0.833, "key": 7, "loudness": -4.215, "mode": 1, "speechiness": 0.304, "acousticness": 0.0266, "instrumentalness": 0, "liveness": 0.0327, "valence": 0.661, "tempo": 88.785, "duration_ms": 313573, "time_signature": 4}, {"uri": "spotify:track:6zeE5tKyr8Nu882DQhhSQI", "name": "Dust in the Wind", "artist": "Kansas", "popularity": 78, "danceability": 0.475, "energy": 0.322, "key": 7, "loudness": -10.687, "mode": 1, "speechiness": 0.0283, "acousticness": 0.367, "instrumentalness": 0.00056, "liveness": 0.11, "valence": 0.387, "tempo": 93.503, "duration_ms": 206267, "time_signature": 4}, {"uri": "spotify:track:0PdM2a6oIjqepoEfcJo0RO", "name": "Pour Some Sugar On Me - Remastered 2017", "artist": "Def Leppard", "popularity": 76, "danceability": 0.267, "energy": 0.953, "key": 1, "loudness": -4.899, "mode": 0, "speechiness": 0.096, "acousticness": 0.00211, "instrumentalness": 0, "liveness": 0.283, "valence": 0.568, "tempo": 84.989, "duration_ms": 267307, "time_signature": 4}, {"uri": "spotify:track:1Dr1fXbc2IxaK1Mu8P8Khz", "name": "When I Come Around", "artist": "Green Day", "popularity": 76, "danceability": 0.531, "energy": 0.909, "key": 11, "loudness": -4.236, "mode": 1, "speechiness": 0.034, "acousticness": 0.0175, "instrumentalness": 0, "liveness": 0.231, "valence": 0.814, "tempo": 97.546, "duration_ms": 178000, "time_signature": 4}, {"uri": "spotify:track:5UwbnHhjnbinJH8TefuQfN", "name": "Long Cool Woman (In a Black Dress) - 1999 Remaster", "artist": "The Hollies", "popularity": 66, "danceability": 0.757, "energy": 0.868, "key": 9, "loudness": -9.326, "mode": 1, "speechiness": 0.062, "acousticness": 0.411, "instrumentalness": 0.00221, "liveness": 0.355, "valence": 0.815, "tempo": 138.923, "duration_ms": 199200, "time_signature": 4}, {"uri": "spotify:track:4uGIJG1jYFonGc4LGp5uQL", "name": "Somebody to Love", "artist": "Jefferson Airplane", "popularity": 73, "danceability": 0.504, "energy": 0.578, "key": 4, "loudness": -9.302, "mode": 1, "speechiness": 0.031, "acousticness": 0.408, "instrumentalness": 0, "liveness": 0.321, "valence": 0.654, "tempo": 132.411, "duration_ms": 174840, "time_signature": 4}, {"uri": "spotify:track:4d9RTWdrFLVAGhdzvqxkwn", "name": "Losing My Religion", "artist": "R.E.M.", "popularity": 0, "danceability": 0.7, "energy": 0.686, "key": 9, "loudness": -10.338, "mode": 0, "speechiness": 0.0279, "acousticness": 0.0943, "instrumentalness": 1.93e-06, "liveness": 0.0847, "valence": 0.815, "tempo": 125.412, "duration_ms": 268933, "time_signature": 4}, {"uri": "spotify:track:5XcZRgJv3zMhTqCyESjQrF", "name": "Poison", "artist": "Alice Cooper", "popularity": 74, "danceability": 0.28, "energy": 0.908, "key": 2, "loudness": -5.509, "mode": 0, "speechiness": 0.109, "acousticness": 0.0327, "instrumentalness": 8.85e-06, "liveness": 0.18, "valence": 0.26, "tempo": 118.698, "duration_ms": 270080, "time_signature": 4}, {"uri": "spotify:track:4alHo6RGd0D3OUbTPExTHN", "name": "Just What I Needed", "artist": "The Cars", "popularity": 72, "danceability": 0.619, "energy": 0.579, "key": 4, "loudness": -9.307, "mode": 1, "speechiness": 0.0473, "acousticness": 0.0152, "instrumentalness": 6.4e-05, "liveness": 0.0858, "valence": 0.69, "tempo": 127.224, "duration_ms": 225627, "time_signature": 4}, {"uri": "spotify:track:51H2y6YrNNXcy3dfc3qSbA", "name": "When Doves Cry", "artist": "Prince", "popularity": 72, "danceability": 0.729, "energy": 0.989, "key": 9, "loudness": -4.613, "mode": 0, "speechiness": 0.049, "acousticness": 0.0102, "instrumentalness": 4.45e-05, "liveness": 0.443, "valence": 0.84, "tempo": 126.47, "duration_ms": 352906, "time_signature": 4}, {"uri": "spotify:track:5QTxFnGygVM4jFQiBovmRo", "name": "(Don't Fear) The Reaper", "artist": "Blue \u00d6yster Cult", "popularity": 77, "danceability": 0.333, "energy": 0.927, "key": 9, "loudness": -8.55, "mode": 0, "speechiness": 0.0733, "acousticness": 0.0029, "instrumentalness": 0.000208, "liveness": 0.297, "valence": 0.385, "tempo": 141.466, "duration_ms": 308120, "time_signature": 4}, {"uri": "spotify:track:5QLHGv0DfpeXLNFo7SFEy1", "name": "1979 - Remastered 2012", "artist": "The Smashing Pumpkins", "popularity": 78, "danceability": 0.767, "energy": 0.787, "key": 3, "loudness": -9.897, "mode": 1, "speechiness": 0.0331, "acousticness": 0.0163, "instrumentalness": 0.583, "liveness": 0.0513, "valence": 0.964, "tempo": 126.879, "duration_ms": 266200, "time_signature": 4}, {"uri": "spotify:track:6gXrEUzibufX9xYPk3HD5p", "name": "Life in the Fast Lane - 2013 Remaster", "artist": "Eagles", "popularity": 73, "danceability": 0.667, "energy": 0.755, "key": 9, "loudness": -7.246, "mode": 1, "speechiness": 0.069, "acousticness": 0.0966, "instrumentalness": 6.94e-05, "liveness": 0.0523, "valence": 0.883, "tempo": 109.535, "duration_ms": 286220, "time_signature": 4}, {"uri": "spotify:track:1dv3ePjze9tPq2pk8eWJdR", "name": "Gimme Shelter", "artist": "The Rolling Stones", "popularity": 0, "danceability": 0.63, "energy": 0.616, "key": 1, "loudness": -8.128, "mode": 0, "speechiness": 0.0309, "acousticness": 0.463, "instrumentalness": 0.0408, "liveness": 0.173, "valence": 0.509, "tempo": 118.65, "duration_ms": 270773, "time_signature": 4}, {"uri": "spotify:track:4VqPOruhp5EdPBeR92t6lQ", "name": "Uprising", "artist": "Muse", "popularity": 78, "danceability": 0.602, "energy": 0.905, "key": 2, "loudness": -4.046, "mode": 1, "speechiness": 0.0775, "acousticness": 0.000202, "instrumentalness": 0.064, "liveness": 0.117, "valence": 0.411, "tempo": 128.019, "duration_ms": 304840, "time_signature": 4}, {"uri": "spotify:track:4YPhn26bIFm2KUkL1VLzQG", "name": "Say It Ain't So", "artist": "Weezer", "popularity": 0, "danceability": 0.635, "energy": 0.435, "key": 3, "loudness": -7.521, "mode": 1, "speechiness": 0.031, "acousticness": 0.00328, "instrumentalness": 6.78e-06, "liveness": 0.071, "valence": 0.459, "tempo": 76.098, "duration_ms": 256880, "time_signature": 4}, {"uri": "spotify:track:7IhkWF9zpiYKlU7CxHxYT9", "name": "All Right Now", "artist": "Free", "popularity": 0, "danceability": 0.766, "energy": 0.446, "key": 2, "loudness": -13.079, "mode": 1, "speechiness": 0.0867, "acousticness": 0.25, "instrumentalness": 0.000704, "liveness": 0.318, "valence": 0.743, "tempo": 119.774, "duration_ms": 332907, "time_signature": 4}, {"uri": "spotify:track:0eFvoRSTTaR2q8bSWVjwfp", "name": "Welcome To The Jungle", "artist": "Guns N' Roses", "popularity": 0, "danceability": 0.456, "energy": 0.978, "key": 10, "loudness": -4.869, "mode": 0, "speechiness": 0.112, "acousticness": 0.0301, "instrumentalness": 0.499, "liveness": 0.313, "valence": 0.327, "tempo": 123.411, "duration_ms": 271867, "time_signature": 4}, {"uri": "spotify:track:4JNi40t7xR5bO3PWxRkiPN", "name": "Free Bird", "artist": "Lynyrd Skynyrd", "popularity": 0, "danceability": 0.279, "energy": 0.852, "key": 7, "loudness": -7.838, "mode": 1, "speechiness": 0.0511, "acousticness": 0.0119, "instrumentalness": 0.076, "liveness": 0.0624, "valence": 0.438, "tempo": 117.418, "duration_ms": 558933, "time_signature": 4}, {"uri": "spotify:track:3AhXZa8sUQht0UEdBJgpGc", "name": "Like a Rolling Stone", "artist": "Bob Dylan", "popularity": 73, "danceability": 0.482, "energy": 0.721, "key": 0, "loudness": -6.839, "mode": 1, "speechiness": 0.0321, "acousticness": 0.731, "instrumentalness": 0, "liveness": 0.189, "valence": 0.557, "tempo": 95.263, "duration_ms": 369600, "time_signature": 4}, {"uri": "spotify:track:3gdewACMIVMEWVbyb8O9sY", "name": "Rocket Man (I Think It's Going To Be A Long, Long Time)", "artist": "Elton John", "popularity": 83, "danceability": 0.601, "energy": 0.532, "key": 10, "loudness": -9.119, "mode": 1, "speechiness": 0.0286, "acousticness": 0.432, "instrumentalness": 6.25e-06, "liveness": 0.0925, "valence": 0.341, "tempo": 136.571, "duration_ms": 281613, "time_signature": 4}, {"uri": "spotify:track:2SiXAy7TuUkycRVbbWDEpo", "name": "You Shook Me All Night Long", "artist": "AC/DC", "popularity": 81, "danceability": 0.532, "energy": 0.767, "key": 7, "loudness": -5.509, "mode": 1, "speechiness": 0.0574, "acousticness": 0.00287, "instrumentalness": 0.000513, "liveness": 0.39, "valence": 0.755, "tempo": 127.361, "duration_ms": 210173, "time_signature": 4}, {"uri": "spotify:track:3aoDEt6zSuYQ47gzarlaVo", "name": "Money - 2011 Remastered Version", "artist": "Pink Floyd", "popularity": 0, "danceability": 0.469, "energy": 0.537, "key": 9, "loudness": -10.421, "mode": 1, "speechiness": 0.152, "acousticness": 0.0241, "instrumentalness": 0.00201, "liveness": 0.269, "valence": 0.783, "tempo": 124.193, "duration_ms": 382834, "time_signature": 1}, {"uri": "spotify:track:2b9lp5A6CqSzwOrBfAFhof", "name": "Crazy Train", "artist": "Ozzy Osbourne", "popularity": 5, "danceability": 0.453, "energy": 0.905, "key": 9, "loudness": -4.001, "mode": 1, "speechiness": 0.115, "acousticness": 0.36, "instrumentalness": 0.000569, "liveness": 0.26, "valence": 0.474, "tempo": 137.571, "duration_ms": 296200, "time_signature": 4}, {"uri": "spotify:track:2EoOZnxNgtmZaD8uUmz2nD", "name": "Black Hole Sun", "artist": "Soundgarden", "popularity": 77, "danceability": 0.35, "energy": 0.828, "key": 6, "loudness": -5.373, "mode": 1, "speechiness": 0.041, "acousticness": 0.000217, "instrumentalness": 0.000161, "liveness": 0.0774, "valence": 0.147, "tempo": 105.435, "duration_ms": 318587, "time_signature": 4}, {"uri": "spotify:track:1UBQ5GK8JaQjm5VbkBZY66", "name": "Sharp Dressed Man - 2008 Remaster", "artist": "ZZ Top", "popularity": 75, "danceability": 0.601, "energy": 0.859, "key": 5, "loudness": -5.263, "mode": 1, "speechiness": 0.0276, "acousticness": 0.000359, "instrumentalness": 0.00124, "liveness": 0.0871, "valence": 0.446, "tempo": 125.145, "duration_ms": 258027, "time_signature": 4}, {"uri": "spotify:track:1qOU8KzFifXE9YrgjVwYvc", "name": "Here I Go Again - 2018 Remaster", "artist": "Whitesnake", "popularity": 65, "danceability": 0.292, "energy": 0.823, "key": 7, "loudness": -6.763, "mode": 1, "speechiness": 0.0407, "acousticness": 0.0117, "instrumentalness": 7.79e-05, "liveness": 0.155, "valence": 0.244, "tempo": 89.939, "duration_ms": 275395, "time_signature": 4}, {"uri": "spotify:track:0F0MA0ns8oXwGw66B2BSXm", "name": "Let's Dance - 1999 Remaster", "artist": "David Bowie", "popularity": 1, "danceability": 0.619, "energy": 0.703, "key": 10, "loudness": -9.414, "mode": 0, "speechiness": 0.0525, "acousticness": 0.00388, "instrumentalness": 0.205, "liveness": 0.163, "valence": 0.709, "tempo": 115.043, "duration_ms": 457133, "time_signature": 4}, {"uri": "spotify:track:1qRA5BS78u3gME0loMl9AA", "name": "For What It's Worth", "artist": "Buffalo Springfield", "popularity": 77, "danceability": 0.653, "energy": 0.519, "key": 2, "loudness": -10.164, "mode": 1, "speechiness": 0.0497, "acousticness": 0.406, "instrumentalness": 0.0209, "liveness": 0.101, "valence": 0.822, "tempo": 98.883, "duration_ms": 153693, "time_signature": 4}, {"uri": "spotify:track:4vpeKl0vMGdAXpZiQB2Dtd", "name": "White Rabbit", "artist": "Jefferson Airplane", "popularity": 74, "danceability": 0.551, "energy": 0.293, "key": 2, "loudness": -12.503, "mode": 1, "speechiness": 0.0272, "acousticness": 0.486, "instrumentalness": 0.000273, "liveness": 0.0864, "valence": 0.322, "tempo": 106.798, "duration_ms": 150640, "time_signature": 4}, {"uri": "spotify:track:38Ngied9rBORlAbLYNCl4k", "name": "Once in a Lifetime - 2005 Remaster", "artist": "Talking Heads", "popularity": 71, "danceability": 0.644, "energy": 0.919, "key": 2, "loudness": -6.289, "mode": 1, "speechiness": 0.0561, "acousticness": 0.181, "instrumentalness": 0.134, "liveness": 0.622, "valence": 0.871, "tempo": 117.459, "duration_ms": 259907, "time_signature": 4}, {"uri": "spotify:track:5eYwDBLucWfWI5KsV7oYX2", "name": "Mary Jane's Last Dance", "artist": "Tom Petty and the Heartbreakers", "popularity": 0, "danceability": 0.402, "energy": 0.814, "key": 10, "loudness": -4.954, "mode": 1, "speechiness": 0.14, "acousticness": 0.0383, "instrumentalness": 1.19e-06, "liveness": 0.266, "valence": 0.516, "tempo": 170.02, "duration_ms": 272267, "time_signature": 4}, {"uri": "spotify:track:2KmEgiY8fQs0G6WNxtzQKr", "name": "Baba O'Riley", "artist": "The Who", "popularity": 0, "danceability": 0.489, "energy": 0.724, "key": 5, "loudness": -8.367, "mode": 1, "speechiness": 0.0352, "acousticness": 0.313, "instrumentalness": 0.185, "liveness": 0.287, "valence": 0.15, "tempo": 117.292, "duration_ms": 300400, "time_signature": 4}, {"uri": "spotify:track:5y4761pjcksXs1hNsCmc4n", "name": "Sunshine Of Your Love", "artist": "Cream", "popularity": 0, "danceability": 0.691, "energy": 0.592, "key": 2, "loudness": -8.089, "mode": 1, "speechiness": 0.0366, "acousticness": 0.389, "instrumentalness": 3.29e-05, "liveness": 0.124, "valence": 0.736, "tempo": 115.152, "duration_ms": 250400, "time_signature": 4}, {"uri": "spotify:track:7lksFyVBmmkYBTVQcxnvC3", "name": "What I Got", "artist": "Sublime", "popularity": 0, "danceability": 0.79, "energy": 0.687, "key": 7, "loudness": -7.571, "mode": 1, "speechiness": 0.101, "acousticness": 0.0149, "instrumentalness": 0.000319, "liveness": 0.323, "valence": 0.628, "tempo": 95.578, "duration_ms": 171080, "time_signature": 4}, {"uri": "spotify:track:5OQsiBsky2k2kDKy2bX2eT", "name": "Learn to Fly", "artist": "Foo Fighters", "popularity": 76, "danceability": 0.465, "energy": 0.919, "key": 4, "loudness": -4.025, "mode": 1, "speechiness": 0.0408, "acousticness": 1.83e-05, "instrumentalness": 2.07e-05, "liveness": 0.262, "valence": 0.537, "tempo": 135.997, "duration_ms": 235293, "time_signature": 4}, {"uri": "spotify:track:5Ly2g3fnof2iFE8zsQZJX2", "name": "Back In The U.S.S.R. - 2018 Mix", "artist": "The Beatles", "popularity": 0, "danceability": 0.51, "energy": 0.893, "key": 9, "loudness": -9.267, "mode": 1, "speechiness": 0.0342, "acousticness": 0.00102, "instrumentalness": 5.85e-05, "liveness": 0.201, "valence": 0.934, "tempo": 142.657, "duration_ms": 163467, "time_signature": 4}, {"uri": "spotify:track:4nuUssdgKFy2QyYHHNkZQW", "name": "Sunday Bloody Sunday - Remastered 2008", "artist": "U2", "popularity": 64, "danceability": 0.543, "energy": 0.944, "key": 6, "loudness": -7.495, "mode": 1, "speechiness": 0.0543, "acousticness": 0.402, "instrumentalness": 0.000564, "liveness": 0.0373, "valence": 0.735, "tempo": 101.174, "duration_ms": 279440, "time_signature": 4}, {"uri": "spotify:track:0832Tptls5YicHPGgw7ssP", "name": "Beast Of Burden - Remastered", "artist": "The Rolling Stones", "popularity": 0, "danceability": 0.786, "energy": 0.87, "key": 1, "loudness": -3.875, "mode": 0, "speechiness": 0.0316, "acousticness": 0.413, "instrumentalness": 0.000494, "liveness": 0.0389, "valence": 0.864, "tempo": 100.66, "duration_ms": 265173, "time_signature": 4}, {"uri": "spotify:track:5eU8qMd0TpaLqTGDZJaLDs", "name": "Need You Tonight", "artist": "INXS", "popularity": 66, "danceability": 0.801, "energy": 0.723, "key": 10, "loudness": -4.985, "mode": 0, "speechiness": 0.0689, "acousticness": 0.0713, "instrumentalness": 0.154, "liveness": 0.0675, "valence": 0.883, "tempo": 109.03, "duration_ms": 180518, "time_signature": 4}, {"uri": "spotify:track:2f0P7iELCvAlV8j6Z3rGDE", "name": "Stranglehold", "artist": "Ted Nugent", "popularity": 70, "danceability": 0.484, "energy": 0.711, "key": 2, "loudness": -7.784, "mode": 1, "speechiness": 0.0331, "acousticness": 0.0183, "instrumentalness": 0.173, "liveness": 0.0941, "valence": 0.49, "tempo": 148.189, "duration_ms": 503067, "time_signature": 4}, {"uri": "spotify:track:3sY6z4pGcxpMwx3W026WtU", "name": "Peace of Mind", "artist": "Boston", "popularity": 0, "danceability": 0.421, "energy": 0.677, "key": 4, "loudness": -6.183, "mode": 1, "speechiness": 0.0343, "acousticness": 0.000989, "instrumentalness": 9.65e-05, "liveness": 0.211, "valence": 0.683, "tempo": 127.67, "duration_ms": 303587, "time_signature": 4}, {"uri": "spotify:track:6KTv0Z8BmVqM7DPxbGzpVC", "name": "Rock And Roll All Nite", "artist": "KISS", "popularity": 76, "danceability": 0.654, "energy": 0.929, "key": 1, "loudness": -5.906, "mode": 1, "speechiness": 0.0998, "acousticness": 0.0468, "instrumentalness": 0, "liveness": 0.0539, "valence": 0.902, "tempo": 144.774, "duration_ms": 168840, "time_signature": 4}, {"uri": "spotify:track:7b4yGtR0rujvLi5EBfKKJ2", "name": "Take Me Home Tonight", "artist": "Eddie Money", "popularity": 71, "danceability": 0.608, "energy": 0.768, "key": 1, "loudness": -9.911, "mode": 1, "speechiness": 0.0364, "acousticness": 0.101, "instrumentalness": 1.41e-06, "liveness": 0.0942, "valence": 0.748, "tempo": 132.699, "duration_ms": 211160, "time_signature": 4}, {"uri": "spotify:track:3IOQZRcEkplCXg6LofKqE9", "name": "Iron Man - 2012 - Remaster", "artist": "Black Sabbath", "popularity": 66, "danceability": 0.336, "energy": 0.792, "key": 9, "loudness": -10.875, "mode": 1, "speechiness": 0.084, "acousticness": 0.00351, "instrumentalness": 0.00175, "liveness": 0.0437, "valence": 0.427, "tempo": 155.587, "duration_ms": 355304, "time_signature": 4}, {"uri": "spotify:track:1lhpxZT57yw5toGJtt8fGE", "name": "Old Time Rock & Roll", "artist": "Bob Seger", "popularity": 0, "danceability": 0.713, "energy": 0.931, "key": 6, "loudness": -2.965, "mode": 1, "speechiness": 0.0394, "acousticness": 0.219, "instrumentalness": 0, "liveness": 0.0694, "valence": 0.963, "tempo": 124.127, "duration_ms": 194147, "time_signature": 4}, {"uri": "spotify:track:0Puj4YlTm6xNzDDADXHMI9", "name": "Sabotage", "artist": "Beastie Boys", "popularity": 75, "danceability": 0.324, "energy": 0.938, "key": 6, "loudness": -7.332, "mode": 0, "speechiness": 0.102, "acousticness": 0.032, "instrumentalness": 0.0321, "liveness": 0.0961, "valence": 0.543, "tempo": 168.131, "duration_ms": 178440, "time_signature": 4}, {"uri": "spotify:track:14XWXWv5FoCbFzLksawpEe", "name": "Riders on the Storm", "artist": "The Doors", "popularity": 75, "danceability": 0.55, "energy": 0.722, "key": 11, "loudness": -11.729, "mode": 0, "speechiness": 0.0283, "acousticness": 0.25, "instrumentalness": 0.0129, "liveness": 0.11, "valence": 0.716, "tempo": 103.886, "duration_ms": 434720, "time_signature": 4}, {"uri": "spotify:track:6Vjk8MNXpQpi0F4BefdTyq", "name": "Kashmir - Remaster", "artist": "Led Zeppelin", "popularity": 73, "danceability": 0.483, "energy": 0.615, "key": 2, "loudness": -8.538, "mode": 1, "speechiness": 0.0497, "acousticness": 0.452, "instrumentalness": 0.000414, "liveness": 0.0512, "valence": 0.594, "tempo": 80.576, "duration_ms": 517125, "time_signature": 3}, {"uri": "spotify:track:24NwBd5vZ2CK8VOQVnqdxr", "name": "Sweet Emotion", "artist": "Aerosmith", "popularity": 75, "danceability": 0.38, "energy": 0.76, "key": 9, "loudness": -10.961, "mode": 1, "speechiness": 0.0378, "acousticness": 0.00298, "instrumentalness": 0.0294, "liveness": 0.104, "valence": 0.491, "tempo": 99.437, "duration_ms": 274133, "time_signature": 4}, {"uri": "spotify:track:6gZVQvQZOFpzIy3HblJ20F", "name": "Man in the Box", "artist": "Alice In Chains", "popularity": 75, "danceability": 0.355, "energy": 0.791, "key": 8, "loudness": -7.565, "mode": 1, "speechiness": 0.0453, "acousticness": 0.00045, "instrumentalness": 0, "liveness": 0.0969, "valence": 0.758, "tempo": 106.392, "duration_ms": 285200, "time_signature": 4}, {"uri": "spotify:track:5p3JunprHCxClJjOmcLV8G", "name": "Walk On the Wild Side", "artist": "Lou Reed", "popularity": 75, "danceability": 0.575, "energy": 0.318, "key": 0, "loudness": -16.729, "mode": 1, "speechiness": 0.109, "acousticness": 0.683, "instrumentalness": 0.000202, "liveness": 0.0934, "valence": 0.385, "tempo": 104.522, "duration_ms": 254173, "time_signature": 4}, {"uri": "spotify:track:0NWPxcsf5vdjdiFUI8NgkP", "name": "Hey Joe", "artist": "Jimi Hendrix", "popularity": 72, "danceability": 0.346, "energy": 0.768, "key": 9, "loudness": -5.695, "mode": 1, "speechiness": 0.0377, "acousticness": 0.00603, "instrumentalness": 0.38, "liveness": 0.0244, "valence": 0.532, "tempo": 169.492, "duration_ms": 210160, "time_signature": 4}, {"uri": "spotify:track:371VkfwKiXJxgH5ZPoQNHD", "name": "The Joker", "artist": "Steve Miller Band", "popularity": 0, "danceability": 0.596, "energy": 0.448, "key": 5, "loudness": -9.616, "mode": 1, "speechiness": 0.0396, "acousticness": 0.365, "instrumentalness": 5.3e-06, "liveness": 0.206, "valence": 0.796, "tempo": 83.293, "duration_ms": 264504, "time_signature": 4}, {"uri": "spotify:track:0FeCO85RKW8fDRytwXof2x", "name": "Go Your Own Way", "artist": "Fleetwood Mac", "popularity": 0, "danceability": 0.597, "energy": 0.812, "key": 5, "loudness": -12.062, "mode": 1, "speechiness": 0.0315, "acousticness": 0.0219, "instrumentalness": 0.00106, "liveness": 0.102, "valence": 0.823, "tempo": 135.68, "duration_ms": 218400, "time_signature": 4}, {"uri": "spotify:track:7iLGljK0LNpGamQQEOuCRC", "name": "Won't Get Fooled Again - Original Album Version", "artist": "The Who", "popularity": 0, "danceability": 0.686, "energy": 0.92, "key": 2, "loudness": -6.231, "mode": 1, "speechiness": 0.0566, "acousticness": 0.301, "instrumentalness": 0.27, "liveness": 0.0807, "valence": 0.225, "tempo": 135.027, "duration_ms": 511400, "time_signature": 4}, {"uri": "spotify:track:3G69vJMWsX6ZohTykad2AU", "name": "One", "artist": "U2", "popularity": 78, "danceability": 0.392, "energy": 0.534, "key": 0, "loudness": -8.793, "mode": 1, "speechiness": 0.0369, "acousticness": 0.245, "instrumentalness": 0.00104, "liveness": 0.155, "valence": 0.325, "tempo": 181.305, "duration_ms": 276187, "time_signature": 4}, {"uri": "spotify:track:1JkZg3eMQTmTn93E8Yd3UL", "name": "I Want You to Want Me", "artist": "Cheap Trick", "popularity": 71, "danceability": 0.806, "energy": 0.462, "key": 2, "loudness": -12.778, "mode": 1, "speechiness": 0.0298, "acousticness": 0.78, "instrumentalness": 0.0134, "liveness": 0.15, "valence": 0.736, "tempo": 92.726, "duration_ms": 191227, "time_signature": 4}, {"uri": "spotify:track:4ItljeeAXtHsnsnnQojaO2", "name": "D'yer Mak'er - Remaster", "artist": "Led Zeppelin", "popularity": 68, "danceability": 0.525, "energy": 0.929, "key": 9, "loudness": -8.56, "mode": 0, "speechiness": 0.0784, "acousticness": 0.262, "instrumentalness": 2.9e-05, "liveness": 0.0754, "valence": 0.556, "tempo": 163.503, "duration_ms": 262748, "time_signature": 4}, {"uri": "spotify:track:3QZ7uX97s82HFYSmQUAN1D", "name": "Tom Sawyer", "artist": "Rush", "popularity": 73, "danceability": 0.536, "energy": 0.901, "key": 9, "loudness": -7.211, "mode": 1, "speechiness": 0.0374, "acousticness": 0.00145, "instrumentalness": 0.0186, "liveness": 0.06, "valence": 0.666, "tempo": 87.559, "duration_ms": 276880, "time_signature": 4}, {"uri": "spotify:track:6FsQrRpBLgsrFeAeiQqytm", "name": "Bang a Gong (Get It On) - 2003 Remaster", "artist": "T. Rex", "popularity": 63, "danceability": 0.729, "energy": 0.818, "key": 2, "loudness": -9.992, "mode": 1, "speechiness": 0.0732, "acousticness": 0.157, "instrumentalness": 0.284, "liveness": 0.195, "valence": 0.906, "tempo": 125.814, "duration_ms": 267000, "time_signature": 4}, {"uri": "spotify:track:3gLlcZQMvpwgtV9THHXrGp", "name": "Runnin' With The Devil", "artist": "Van Halen", "popularity": 0, "danceability": 0.432, "energy": 0.88, "key": 1, "loudness": -5.769, "mode": 0, "speechiness": 0.0656, "acousticness": 0.0206, "instrumentalness": 0.000191, "liveness": 0.185, "valence": 0.527, "tempo": 95.59, "duration_ms": 216733, "time_signature": 4}, {"uri": "spotify:track:4KfSdst7rW39C0sfhArdrz", "name": "Barracuda", "artist": "Heart", "popularity": 75, "danceability": 0.548, "energy": 0.691, "key": 4, "loudness": -13.553, "mode": 0, "speechiness": 0.0369, "acousticness": 0.015, "instrumentalness": 0.106, "liveness": 0.144, "valence": 0.667, "tempo": 137.145, "duration_ms": 261933, "time_signature": 4}, {"uri": "spotify:track:4pbG9SUmWIvsROVLF0zF9s", "name": "I Want To Hold Your Hand - Remastered 2015", "artist": "The Beatles", "popularity": 73, "danceability": 0.49, "energy": 0.715, "key": 7, "loudness": -5.549, "mode": 1, "speechiness": 0.0476, "acousticness": 0.386, "instrumentalness": 0, "liveness": 0.311, "valence": 0.866, "tempo": 130.726, "duration_ms": 145747, "time_signature": 4}, {"uri": "spotify:track:5X76oXHcR5uCXali0gOyX5", "name": "White Room", "artist": "Cream", "popularity": 0, "danceability": 0.55, "energy": 0.576, "key": 0, "loudness": -13.475, "mode": 1, "speechiness": 0.0306, "acousticness": 0.178, "instrumentalness": 0.00935, "liveness": 0.0555, "valence": 0.486, "tempo": 109.837, "duration_ms": 303200, "time_signature": 4}, {"uri": "spotify:track:4nXkbcTj3nyww1cHkw5RAP", "name": "Long Train Runnin'", "artist": "The Doobie Brothers", "popularity": 73, "danceability": 0.575, "energy": 0.912, "key": 7, "loudness": -7.275, "mode": 0, "speechiness": 0.0393, "acousticness": 0.0916, "instrumentalness": 0.00211, "liveness": 0.0562, "valence": 0.843, "tempo": 117.399, "duration_ms": 207267, "time_signature": 4}, {"uri": "spotify:track:3RZMzCvYsmJ0u2ioKTOsmJ", "name": "Honky Tonk Women - Mono Version", "artist": "The Rolling Stones", "popularity": 65, "danceability": 0.562, "energy": 0.779, "key": 7, "loudness": -6.705, "mode": 1, "speechiness": 0.0592, "acousticness": 0.363, "instrumentalness": 0.0292, "liveness": 0.066, "valence": 0.967, "tempo": 119.602, "duration_ms": 179387, "time_signature": 4}, {"uri": "spotify:track:6gQUbFwwdYXlKdmqRoWKJe", "name": "Dude (Looks Like A Lady)", "artist": "Aerosmith", "popularity": 72, "danceability": 0.54, "energy": 0.982, "key": 4, "loudness": -2.962, "mode": 0, "speechiness": 0.0458, "acousticness": 0.435, "instrumentalness": 3.37e-05, "liveness": 0.0457, "valence": 0.91, "tempo": 126.294, "duration_ms": 265773, "time_signature": 4}, {"uri": "spotify:track:0wJoRiX5K5BxlqZTolB2LD", "name": "Purple Haze", "artist": "Jimi Hendrix", "popularity": 72, "danceability": 0.533, "energy": 0.905, "key": 2, "loudness": -5.27, "mode": 1, "speechiness": 0.0754, "acousticness": 0.00876, "instrumentalness": 0.578, "liveness": 0.0698, "valence": 0.486, "tempo": 108.9, "duration_ms": 170813, "time_signature": 4}, {"uri": "spotify:track:4vO9dmzNRqDhFY3jD1a3P7", "name": "Mississippi Queen", "artist": "Mountain", "popularity": 70, "danceability": 0.581, "energy": 0.624, "key": 9, "loudness": -8.346, "mode": 1, "speechiness": 0.0777, "acousticness": 0.0987, "instrumentalness": 0, "liveness": 0.0411, "valence": 0.637, "tempo": 139.714, "duration_ms": 151293, "time_signature": 4}, {"uri": "spotify:track:6Qg7cgN1oZ5mG5nZe9UG0X", "name": "Behind Blue Eyes - Original Album Version", "artist": "The Who", "popularity": 0, "danceability": 0.399, "energy": 0.518, "key": 7, "loudness": -10.637, "mode": 1, "speechiness": 0.0318, "acousticness": 0.229, "instrumentalness": 0.00122, "liveness": 0.262, "valence": 0.285, "tempo": 127.084, "duration_ms": 223333, "time_signature": 4}, {"uri": "spotify:track:1fDsrQ23eTAVFElUMaf38X", "name": "American Pie", "artist": "Don McLean", "popularity": 78, "danceability": 0.531, "energy": 0.481, "key": 4, "loudness": -11.709, "mode": 0, "speechiness": 0.06, "acousticness": 0.699, "instrumentalness": 0, "liveness": 0.0842, "valence": 0.491, "tempo": 138.45, "duration_ms": 516893, "time_signature": 4}, {"uri": "spotify:track:6qLEOZvf5gI7kWE63JE7p3", "name": "Interstate Love Song - 2019 Remaster", "artist": "Stone Temple Pilots", "popularity": 74, "danceability": 0.215, "energy": 0.927, "key": 9, "loudness": -7.327, "mode": 1, "speechiness": 0.0452, "acousticness": 0.000273, "instrumentalness": 0.00661, "liveness": 0.126, "valence": 0.49, "tempo": 170.814, "duration_ms": 194853, "time_signature": 4}, {"uri": "spotify:track:6qnhXRedMi71TBYRc9jm4o", "name": "Magic Carpet Ride", "artist": "Steppenwolf", "popularity": 0, "danceability": 0.616, "energy": 0.777, "key": 4, "loudness": -12.179, "mode": 0, "speechiness": 0.0549, "acousticness": 0.0215, "instrumentalness": 0.075, "liveness": 0.0512, "valence": 0.786, "tempo": 111.732, "duration_ms": 260240, "time_signature": 4}, {"uri": "spotify:track:7J4WbEdRTZGJDsSr5AACCw", "name": "Midnight Rider", "artist": "Allman Brothers Band", "popularity": 0, "danceability": 0.392, "energy": 0.334, "key": 7, "loudness": -18.294, "mode": 1, "speechiness": 0.0319, "acousticness": 0.515, "instrumentalness": 0.0946, "liveness": 0.0892, "valence": 0.621, "tempo": 189.394, "duration_ms": 179933, "time_signature": 4}, {"uri": "spotify:track:6XUHsYE38CEbYunT983O9G", "name": "Give A Little Bit", "artist": "Supertramp", "popularity": 76, "danceability": 0.531, "energy": 0.818, "key": 2, "loudness": -5.358, "mode": 1, "speechiness": 0.0452, "acousticness": 0.0694, "instrumentalness": 0.0096, "liveness": 0.263, "valence": 0.471, "tempo": 90.767, "duration_ms": 248173, "time_signature": 4}, {"uri": "spotify:track:4gvea7UlDkAvsJBPZAd4oB", "name": "The Boys Of Summer", "artist": "Don Henley", "popularity": 77, "danceability": 0.516, "energy": 0.549, "key": 6, "loudness": -13.741, "mode": 1, "speechiness": 0.0373, "acousticness": 0.501, "instrumentalness": 0.00572, "liveness": 0.184, "valence": 0.907, "tempo": 176.941, "duration_ms": 288733, "time_signature": 4}, {"uri": "spotify:track:3vCHmbyOgc6pgwLUWfU4pF", "name": "Somebody To Love - Remastered 2011", "artist": "Queen", "popularity": 0, "danceability": 0.461, "energy": 0.69, "key": 8, "loudness": -6.958, "mode": 1, "speechiness": 0.0611, "acousticness": 0.169, "instrumentalness": 1.01e-06, "liveness": 0.113, "valence": 0.353, "tempo": 110.915, "duration_ms": 296480, "time_signature": 3}, {"uri": "spotify:track:3okPiJwW5nCLpug12sCL4p", "name": "All Day and All of the Night", "artist": "The Kinks", "popularity": 0, "danceability": 0.563, "energy": 0.915, "key": 7, "loudness": -5.062, "mode": 1, "speechiness": 0.08, "acousticness": 0.247, "instrumentalness": 8.46e-05, "liveness": 0.0613, "valence": 0.71, "tempo": 136.345, "duration_ms": 142227, "time_signature": 4}, {"uri": "spotify:track:1HOMkjp0nHMaTnfAkslCQj", "name": "My Sharona", "artist": "The Knack", "popularity": 75, "danceability": 0.586, "energy": 0.7, "key": 0, "loudness": -9.558, "mode": 1, "speechiness": 0.0363, "acousticness": 0.0589, "instrumentalness": 0.00125, "liveness": 0.0318, "valence": 0.897, "tempo": 147.245, "duration_ms": 295400, "time_signature": 4}, {"uri": "spotify:track:5jzma6gCzYtKB1DbEwFZKH", "name": "London Calling - Remastered", "artist": "The Clash", "popularity": 73, "danceability": 0.651, "energy": 0.801, "key": 0, "loudness": -7.34, "mode": 1, "speechiness": 0.0514, "acousticness": 0.123, "instrumentalness": 0, "liveness": 0.0825, "valence": 0.776, "tempo": 133.769, "duration_ms": 200480, "time_signature": 4}, {"uri": "spotify:track:3KPwt1LBpt1jVSHz8GXERo", "name": "Feel like Makin' Love - 2015 Remaster", "artist": "Bad Company", "popularity": 69, "danceability": 0.543, "energy": 0.529, "key": 7, "loudness": -9.717, "mode": 1, "speechiness": 0.0301, "acousticness": 0.326, "instrumentalness": 0.00269, "liveness": 0.709, "valence": 0.746, "tempo": 85.126, "duration_ms": 313840, "time_signature": 4}, {"uri": "spotify:track:3MODES4TNtygekLl146Dxd", "name": "Ramble On - 1990 Remaster", "artist": "Led Zeppelin", "popularity": 71, "danceability": 0.468, "energy": 0.607, "key": 9, "loudness": -11.367, "mode": 1, "speechiness": 0.0336, "acousticness": 0.072, "instrumentalness": 0.000852, "liveness": 0.225, "valence": 0.886, "tempo": 98.429, "duration_ms": 263333, "time_signature": 4}, {"uri": "spotify:track:45s88Xopo6KvHc0PQ05aGg", "name": "My Generation - Mono Version", "artist": "The Who", "popularity": 60, "danceability": 0.299, "energy": 0.787, "key": 0, "loudness": -7.93, "mode": 0, "speechiness": 0.069, "acousticness": 0.14, "instrumentalness": 0, "liveness": 0.292, "valence": 0.716, "tempo": 94.798, "duration_ms": 198867, "time_signature": 4}, {"uri": "spotify:track:5uvosCdMlFdTXhoazkTI5R", "name": "Light My Fire", "artist": "The Doors", "popularity": 73, "danceability": 0.413, "energy": 0.725, "key": 3, "loudness": -5.787, "mode": 0, "speechiness": 0.0324, "acousticness": 0.369, "instrumentalness": 2.16e-05, "liveness": 0.0905, "valence": 0.44, "tempo": 124.618, "duration_ms": 429760, "time_signature": 4}]