[{"uri": "spotify:track:4xMbBESczlHPUO8QeYi56p", "name": "My Heart Goes (La Di Da) (feat. Topic)", "artist": "Becky Hill", "popularity": 83, "danceability": 0.695, "energy": 0.781, "key": 7, "loudness": -5.578, "mode": 0, "speechiness": 0.0452, "acousticness": 0.0185, "instrumentalness": 3.12e-05, "liveness": 0.295, "valence": 0.456, "tempo": 124.04, "duration_ms": 148960, "time_signature": 4}, {"uri": "spotify:track:18asYwWugKjjsihZ0YvRxO", "name": "The Motto", "artist": "Ti\u00ebsto", "popularity": 91, "danceability": 0.754, "energy": 0.763, "key": 7, "loudness": -4.627, "mode": 0, "speechiness": 0.0435, "acousticness": 0.0301, "instrumentalness": 2.23e-05, "liveness": 0.0901, "valence": 0.464, "tempo": 117.953, "duration_ms": 164819, "time_signature": 4}, {"uri": "spotify:track:20on25jryn53hWghthWWW3", "name": "Do It To It", "artist": "ACRAZE", "popularity": 96, "danceability": 0.854, "energy": 0.806, "key": 11, "loudness": -8.262, "mode": 0, "speechiness": 0.0886, "acousticness": 0.0209, "instrumentalness": 0.0542, "liveness": 0.0703, "valence": 0.637, "tempo": 124.927, "duration_ms": 157890, "time_signature": 4}, {"uri": "spotify:track:12N23tQKmfGcEO0z8ObwtM", "name": "Bad Habits - MEDUZA Remix", "artist": "Ed Sheeran", "popularity": 73, "danceability": 0.609, "energy": 0.8, "key": 11, "loudness": -5.102, "mode": 0, "speechiness": 0.0337, "acousticness": 0.0992, "instrumentalness": 0.00132, "liveness": 0.0887, "valence": 0.192, "tempo": 126.031, "duration_ms": 194332, "time_signature": 4}, {"uri": "spotify:track:2USlegnFJLrVLpoVfPimKB", "name": "Thunder", "artist": "Gabry Ponte", "popularity": 87, "danceability": 0.67, "energy": 0.896, "key": 1, "loudness": -4.673, "mode": 1, "speechiness": 0.058, "acousticness": 0.0342, "instrumentalness": 3.21e-05, "liveness": 0.344, "valence": 0.403, "tempo": 101.216, "duration_ms": 160000, "time_signature": 3}, {"uri": "spotify:track:3uUuGVFu1V7jTQL60S1r8z", "name": "Where Are You Now", "artist": "Lost Frequencies", "popularity": 93, "danceability": 0.671, "energy": 0.636, "key": 6, "loudness": -8.117, "mode": 0, "speechiness": 0.103, "acousticness": 0.515, "instrumentalness": 0.000411, "liveness": 0.172, "valence": 0.262, "tempo": 120.966, "duration_ms": 148197, "time_signature": 4}, {"uri": "spotify:track:2prnn41CblB8B4yWACDljP", "name": "Love Tonight - David Guetta Remix Edit", "artist": "Shouse", "popularity": 84, "danceability": 0.621, "energy": 0.989, "key": 10, "loudness": -4.225, "mode": 0, "speechiness": 0.0434, "acousticness": 0.015, "instrumentalness": 0.357, "liveness": 0.184, "valence": 0.0348, "tempo": 126.002, "duration_ms": 158095, "time_signature": 4}, {"uri": "spotify:track:1HHnQYqcnlnE9q7LGFFGFj", "name": "Off Of My Mind", "artist": "Icona Pop", "popularity": 72, "danceability": 0.798, "energy": 0.752, "key": 1, "loudness": -5.947, "mode": 1, "speechiness": 0.227, "acousticness": 0.128, "instrumentalness": 0.0362, "liveness": 0.0795, "valence": 0.565, "tempo": 125.996, "duration_ms": 164740, "time_signature": 4}, {"uri": "spotify:track:1pvvg93oaSTKKCUzeEWYwo", "name": "24", "artist": "LP Giobbi", "popularity": 63, "danceability": 0.667, "energy": 0.98, "key": 5, "loudness": -4.07, "mode": 0, "speechiness": 0.0603, "acousticness": 0.00321, "instrumentalness": 0.706, "liveness": 0.113, "valence": 0.86, "tempo": 125.995, "duration_ms": 200000, "time_signature": 4}, {"uri": "spotify:track:0b18g3G5spr4ZCkz7Y6Q0Q", "name": "Rasputin", "artist": "Majestic", "popularity": 86, "danceability": 0.758, "energy": 0.913, "key": 6, "loudness": -2.926, "mode": 0, "speechiness": 0.113, "acousticness": 0.00364, "instrumentalness": 6.92e-05, "liveness": 0.193, "valence": 0.658, "tempo": 128.04, "duration_ms": 186210, "time_signature": 4}, {"uri": "spotify:track:5bbtc9t6FcerXp732H2XNu", "name": "You - Topic Remix", "artist": "Regard", "popularity": 67, "danceability": 0.733, "energy": 0.887, "key": 6, "loudness": -5.601, "mode": 0, "speechiness": 0.0692, "acousticness": 0.0554, "instrumentalness": 0.000131, "liveness": 0.241, "valence": 0.696, "tempo": 124.025, "duration_ms": 157160, "time_signature": 4}, {"uri": "spotify:track:6f3Slt0GbA2bPZlz0aIFXN", "name": "The Business", "artist": "Ti\u00ebsto", "popularity": 88, "danceability": 0.798, "energy": 0.62, "key": 8, "loudness": -7.079, "mode": 0, "speechiness": 0.232, "acousticness": 0.414, "instrumentalness": 0.0192, "liveness": 0.112, "valence": 0.235, "tempo": 120.031, "duration_ms": 164000, "time_signature": 4}, {"uri": "spotify:track:5WoBAyXaOnKEfvsZocrPeT", "name": "My Humps", "artist": "Joshwa", "popularity": 74, "danceability": 0.842, "energy": 0.673, "key": 9, "loudness": -6.068, "mode": 1, "speechiness": 0.068, "acousticness": 0.0307, "instrumentalness": 0.0197, "liveness": 0.058, "valence": 0.354, "tempo": 128.99, "duration_ms": 186047, "time_signature": 4}, {"uri": "spotify:track:0MmCny6gGuYPM4wT1rqoz3", "name": "Something's about to go down", "artist": "Anti Up", "popularity": 63, "danceability": 0.768, "energy": 0.868, "key": 6, "loudness": -5.245, "mode": 1, "speechiness": 0.0507, "acousticness": 0.029, "instrumentalness": 0.042, "liveness": 0.0809, "valence": 0.286, "tempo": 124.065, "duration_ms": 215091, "time_signature": 4}, {"uri": "spotify:track:6ft4hAq6yde8jPZY2i5zLr", "name": "Paradise (feat. Dermot Kennedy)", "artist": "MEDUZA", "popularity": 85, "danceability": 0.632, "energy": 0.595, "key": 8, "loudness": -7.644, "mode": 0, "speechiness": 0.0401, "acousticness": 0.0689, "instrumentalness": 0, "liveness": 0.209, "valence": 0.435, "tempo": 124.114, "duration_ms": 167903, "time_signature": 4}, {"uri": "spotify:track:3hbi5zXAgQt0Z9V5JSOnCe", "name": "Everybody Wants To Party", "artist": "Dubdogz", "popularity": 71, "danceability": 0.72, "energy": 0.858, "key": 0, "loudness": -5.657, "mode": 1, "speechiness": 0.0314, "acousticness": 0.000307, "instrumentalness": 0.692, "liveness": 0.0932, "valence": 0.565, "tempo": 124.001, "duration_ms": 184839, "time_signature": 4}, {"uri": "spotify:track:7ft8GUKMIuFnH4lueyOTQi", "name": "BED - David Guetta Festival Mix", "artist": "Joel Corry", "popularity": 63, "danceability": 0.687, "energy": 0.916, "key": 8, "loudness": -4.311, "mode": 1, "speechiness": 0.0668, "acousticness": 0.00409, "instrumentalness": 0.258, "liveness": 0.0474, "valence": 0.246, "tempo": 125.001, "duration_ms": 235200, "time_signature": 4}, {"uri": "spotify:track:6GomT970rCOkKAyyrwJeZi", "name": "Move Your Body", "artist": "\u00d6wnboss", "popularity": 75, "danceability": 0.848, "energy": 0.821, "key": 2, "loudness": -5.408, "mode": 0, "speechiness": 0.0527, "acousticness": 0.0169, "instrumentalness": 0.000403, "liveness": 0.0962, "valence": 0.249, "tempo": 125.051, "duration_ms": 157445, "time_signature": 4}, {"uri": "spotify:track:3ZFosXgzvmN6wXs9wTaIxh", "name": "By Your Side (feat. Tom Grennan) - Oliver Heldens Remix", "artist": "Calvin Harris", "popularity": 64, "danceability": 0.682, "energy": 0.861, "key": 4, "loudness": -6.047, "mode": 0, "speechiness": 0.0442, "acousticness": 0.18, "instrumentalness": 0.00684, "liveness": 0.0975, "valence": 0.392, "tempo": 124.045, "duration_ms": 238064, "time_signature": 4}, {"uri": "spotify:track:4SL2iWHt3azgITI04G5NpY", "name": "Your Love (9PM)", "artist": "ATB", "popularity": 66, "danceability": 0.669, "energy": 0.784, "key": 7, "loudness": -5.603, "mode": 1, "speechiness": 0.112, "acousticness": 0.194, "instrumentalness": 6.28e-06, "liveness": 0.115, "valence": 0.517, "tempo": 125.993, "duration_ms": 150053, "time_signature": 4}, {"uri": "spotify:track:5MxKAr6Ui5hQ9TtjdnlmrR", "name": "Anywhere With You", "artist": "Afrojack", "popularity": 66, "danceability": 0.596, "energy": 0.743, "key": 6, "loudness": -4.149, "mode": 1, "speechiness": 0.0302, "acousticness": 0.0696, "instrumentalness": 2.37e-06, "liveness": 0.202, "valence": 0.531, "tempo": 125.883, "duration_ms": 158807, "time_signature": 4}, {"uri": "spotify:track:1O5aDl6qjgN80CJJ9JHDgw", "name": "The Night (feat. Purple Velvet Curtains)", "artist": "NuBass", "popularity": 59, "danceability": 0.869, "energy": 0.899, "key": 8, "loudness": -3.984, "mode": 0, "speechiness": 0.0617, "acousticness": 0.0113, "instrumentalness": 0.858, "liveness": 0.105, "valence": 0.649, "tempo": 128.025, "duration_ms": 171797, "time_signature": 4}, {"uri": "spotify:track:7iydGgbqWUwYQNKiUXaoWq", "name": "Lovefool - Nicky Romero Remix", "artist": "twocolors", "popularity": 64, "danceability": 0.609, "energy": 0.798, "key": 3, "loudness": -3.759, "mode": 0, "speechiness": 0.0342, "acousticness": 0.0142, "instrumentalness": 0.000573, "liveness": 0.155, "valence": 0.305, "tempo": 126.137, "duration_ms": 209500, "time_signature": 4}, {"uri": "spotify:track:7arsXR8AtExnOFN3v3HiJI", "name": "Going Dumb", "artist": "Alesso", "popularity": 72, "danceability": 0.834, "energy": 0.678, "key": 6, "loudness": -6.242, "mode": 0, "speechiness": 0.0515, "acousticness": 0.0546, "instrumentalness": 0.263, "liveness": 0.103, "valence": 0.551, "tempo": 121.995, "duration_ms": 168601, "time_signature": 4}, {"uri": "spotify:track:2Eq5AMlqaeqg4sunGbHtV2", "name": "In My Mind - Joel Corry Remix", "artist": "Alok", "popularity": 64, "danceability": 0.653, "energy": 0.74, "key": 0, "loudness": -6.063, "mode": 1, "speechiness": 0.0465, "acousticness": 0.00646, "instrumentalness": 0, "liveness": 0.136, "valence": 0.598, "tempo": 122.046, "duration_ms": 184001, "time_signature": 4}, {"uri": "spotify:track:0Cnb8XdGDMHAmIRBUJMkIS", "name": "Where The Lights Are Low", "artist": "Toby Romeo", "popularity": 76, "danceability": 0.759, "energy": 0.807, "key": 8, "loudness": -5.812, "mode": 0, "speechiness": 0.122, "acousticness": 0.448, "instrumentalness": 0, "liveness": 0.105, "valence": 0.62, "tempo": 123.904, "duration_ms": 136996, "time_signature": 4}, {"uri": "spotify:track:0bI7K9Becu2dtXK1Q3cZNB", "name": "Don't Be Shy", "artist": "Ti\u00ebsto", "popularity": 90, "danceability": 0.77, "energy": 0.787, "key": 11, "loudness": -3.748, "mode": 0, "speechiness": 0.0583, "acousticness": 0.198, "instrumentalness": 0, "liveness": 0.262, "valence": 0.513, "tempo": 119.986, "duration_ms": 140500, "time_signature": 4}, {"uri": "spotify:track:0SyxZC4wlqAwf20cHE6Xon", "name": "Bulletproof", "artist": "La Roux", "popularity": 72, "danceability": 0.752, "energy": 0.771, "key": 6, "loudness": -5.95, "mode": 1, "speechiness": 0.0311, "acousticness": 0.00341, "instrumentalness": 1.73e-05, "liveness": 0.0905, "valence": 0.527, "tempo": 126.02, "duration_ms": 162213, "time_signature": 4}, {"uri": "spotify:track:7BxIvkfVSgoUUlDcBVff61", "name": "Real Love (feat. Aleyna Tilki)", "artist": "Dillon Francis", "popularity": 46, "danceability": 0.738, "energy": 0.793, "key": 10, "loudness": -4.313, "mode": 0, "speechiness": 0.0685, "acousticness": 0.0496, "instrumentalness": 8.48e-05, "liveness": 0.0522, "valence": 0.555, "tempo": 124.012, "duration_ms": 135266, "time_signature": 4}, {"uri": "spotify:track:4cG7HUWYHBV6R6tHn1gxrl", "name": "Friday (feat. Mufasa & Hypeman) - Dopamine Re-Edit", "artist": "Riton", "popularity": 89, "danceability": 0.824, "energy": 0.862, "key": 2, "loudness": -3.424, "mode": 1, "speechiness": 0.126, "acousticness": 0.0076, "instrumentalness": 0.000132, "liveness": 0.303, "valence": 0.801, "tempo": 122.98, "duration_ms": 169153, "time_signature": 4}, {"uri": "spotify:track:4laAKIq9ZxBCwf99rauPYb", "name": "Remember", "artist": "Becky Hill", "popularity": 81, "danceability": 0.612, "energy": 0.862, "key": 8, "loudness": -2.903, "mode": 1, "speechiness": 0.037, "acousticness": 0.041, "instrumentalness": 0, "liveness": 0.0907, "valence": 0.354, "tempo": 123.849, "duration_ms": 160766, "time_signature": 4}, {"uri": "spotify:track:3g36KmRGI8hmnCcTFak4Wn", "name": "Oohla Oohla", "artist": "Ti\u00ebsto", "popularity": 65, "danceability": 0.694, "energy": 0.856, "key": 10, "loudness": -4.937, "mode": 0, "speechiness": 0.222, "acousticness": 0.00198, "instrumentalness": 0.000189, "liveness": 0.67, "valence": 0.486, "tempo": 124.923, "duration_ms": 143280, "time_signature": 4}, {"uri": "spotify:track:7ltLi7CG003USSGYsSba9s", "name": "It Don\u2019t Matter - Spotify Singles", "artist": "Alok", "popularity": 71, "danceability": 0.732, "energy": 0.864, "key": 3, "loudness": -5.94, "mode": 0, "speechiness": 0.0378, "acousticness": 0.161, "instrumentalness": 1.34e-05, "liveness": 0.367, "valence": 0.568, "tempo": 118.032, "duration_ms": 173743, "time_signature": 4}, {"uri": "spotify:track:39CyGsoGoW4yayA731IP4s", "name": "We'll Be Dancing Soon", "artist": "Dimitri Vegas & Like Mike", "popularity": 64, "danceability": 0.763, "energy": 0.853, "key": 9, "loudness": -4.538, "mode": 0, "speechiness": 0.17, "acousticness": 0.0565, "instrumentalness": 2.62e-06, "liveness": 0.149, "valence": 0.501, "tempo": 119.958, "duration_ms": 158312, "time_signature": 4}, {"uri": "spotify:track:6D9pncRlZZoq4oc1tzAC1y", "name": "Silver Lining", "artist": "Andrew Rayel", "popularity": 61, "danceability": 0.633, "energy": 0.844, "key": 5, "loudness": -3.815, "mode": 0, "speechiness": 0.0461, "acousticness": 0.0451, "instrumentalness": 0, "liveness": 0.097, "valence": 0.637, "tempo": 125.032, "duration_ms": 177746, "time_signature": 4}, {"uri": "spotify:track:3YOZWCREvKsxhcZNJix5xd", "name": "No Fun", "artist": "Armin van Buuren", "popularity": 72, "danceability": 0.731, "energy": 0.904, "key": 10, "loudness": -4.774, "mode": 0, "speechiness": 0.0349, "acousticness": 0.00861, "instrumentalness": 0.000164, "liveness": 0.0916, "valence": 0.328, "tempo": 121.03, "duration_ms": 130413, "time_signature": 4}, {"uri": "spotify:track:5fwSHlTEWpluwOM0Sxnh5k", "name": "Pepas", "artist": "Farruko", "popularity": 95, "danceability": 0.762, "energy": 0.766, "key": 7, "loudness": -3.955, "mode": 1, "speechiness": 0.0343, "acousticness": 0.00776, "instrumentalness": 6.98e-05, "liveness": 0.128, "valence": 0.442, "tempo": 130.001, "duration_ms": 287120, "time_signature": 4}, {"uri": "spotify:track:46BIpPudYCyNxUTz4f2E8k", "name": "Can't Get Over You (feat. Aloe Blacc)", "artist": "Gabry Ponte", "popularity": 69, "danceability": 0.749, "energy": 0.843, "key": 9, "loudness": -5.544, "mode": 0, "speechiness": 0.0428, "acousticness": 0.121, "instrumentalness": 4.59e-05, "liveness": 0.0877, "valence": 0.455, "tempo": 119.981, "duration_ms": 159925, "time_signature": 4}, {"uri": "spotify:track:0zqBZqm5czQ3A4EoSdKFHj", "name": "Man On The Moon", "artist": "Alan Walker", "popularity": 81, "danceability": 0.668, "energy": 0.816, "key": 4, "loudness": -5.648, "mode": 0, "speechiness": 0.0367, "acousticness": 0.0557, "instrumentalness": 1.02e-06, "liveness": 0.197, "valence": 0.5, "tempo": 129.971, "duration_ms": 178625, "time_signature": 4}, {"uri": "spotify:track:4AoUdMZGoPZZQxVFnoVQEl", "name": "Love Is Gone (Ti\u00ebsto Remix)", "artist": "SLANDER", "popularity": 65, "danceability": 0.414, "energy": 0.765, "key": 6, "loudness": -3.578, "mode": 1, "speechiness": 0.0479, "acousticness": 0.00264, "instrumentalness": 0, "liveness": 0.438, "valence": 0.0398, "tempo": 130.105, "duration_ms": 169846, "time_signature": 4}, {"uri": "spotify:track:2Xy1UIVfOlukyye6Fd0wrI", "name": "Follow Me", "artist": "Sam Feldt", "popularity": 78, "danceability": 0.673, "energy": 0.729, "key": 6, "loudness": -4.879, "mode": 1, "speechiness": 0.0496, "acousticness": 0.083, "instrumentalness": 0, "liveness": 0.1, "valence": 0.675, "tempo": 122.023, "duration_ms": 169672, "time_signature": 4}, {"uri": "spotify:track:2CMGiyYO8H8GhPwS73LL13", "name": "Somebody To Use", "artist": "Alesso", "popularity": 69, "danceability": 0.604, "energy": 0.792, "key": 0, "loudness": -4.5, "mode": 0, "speechiness": 0.0866, "acousticness": 0.113, "instrumentalness": 1.88e-05, "liveness": 0.149, "valence": 0.289, "tempo": 119.953, "duration_ms": 154032, "time_signature": 4}, {"uri": "spotify:track:2Jt8OOQV33kCWJs7ojOCUJ", "name": "Good Ones - Joel Corry Remix", "artist": "Charli XCX", "popularity": 64, "danceability": 0.719, "energy": 0.807, "key": 10, "loudness": -4.383, "mode": 1, "speechiness": 0.0365, "acousticness": 0.0385, "instrumentalness": 0.0178, "liveness": 0.121, "valence": 0.684, "tempo": 124.961, "duration_ms": 165142, "time_signature": 4}, {"uri": "spotify:track:54Yr0BPkVQ378IeCWnG91Q", "name": "Burning (feat. Camden Cox)", "artist": "Eli & Fur", "popularity": 62, "danceability": 0.67, "energy": 0.796, "key": 7, "loudness": -5.832, "mode": 0, "speechiness": 0.0377, "acousticness": 0.0122, "instrumentalness": 0.0117, "liveness": 0.0735, "valence": 0.6, "tempo": 122.99, "duration_ms": 186391, "time_signature": 4}, {"uri": "spotify:track:0WNjZebEUjiPEdVqfYjlcZ", "name": "Losing My Mind", "artist": "Majestic", "popularity": 62, "danceability": 0.601, "energy": 0.881, "key": 1, "loudness": -3.834, "mode": 1, "speechiness": 0.0291, "acousticness": 0.0317, "instrumentalness": 0.0364, "liveness": 0.441, "valence": 0.86, "tempo": 125.026, "duration_ms": 204849, "time_signature": 4}, {"uri": "spotify:track:0ha2skoePlU0BDDySj8qf2", "name": "We're Still Young", "artist": "Nicky Romero", "popularity": 67, "danceability": 0.521, "energy": 0.831, "key": 1, "loudness": -3.184, "mode": 0, "speechiness": 0.0558, "acousticness": 0.029, "instrumentalness": 0, "liveness": 0.349, "valence": 0.0868, "tempo": 127.962, "duration_ms": 195000, "time_signature": 4}, {"uri": "spotify:track:74CkeJ0vYYTdQImnaLy759", "name": "Ride With Me (feat. Kid Ink) - Brennan Heart Remix", "artist": "Tungevaag", "popularity": 65, "danceability": 0.693, "energy": 0.864, "key": 4, "loudness": -4.17, "mode": 0, "speechiness": 0.0483, "acousticness": 0.278, "instrumentalness": 0.0388, "liveness": 0.0777, "valence": 0.142, "tempo": 149.998, "duration_ms": 230400, "time_signature": 4}, {"uri": "spotify:track:4CiWLaMrGQ9CR5j604HyoW", "name": "Destination", "artist": "DLMT", "popularity": 54, "danceability": 0.779, "energy": 0.884, "key": 10, "loudness": -4.074, "mode": 0, "speechiness": 0.0878, "acousticness": 0.0575, "instrumentalness": 4.04e-06, "liveness": 0.093, "valence": 0.356, "tempo": 121.981, "duration_ms": 185365, "time_signature": 4}, {"uri": "spotify:track:0xfMlIW8lS40qvpsUw1l0X", "name": "Never Going Home", "artist": "Kungs", "popularity": 83, "danceability": 0.836, "energy": 0.846, "key": 0, "loudness": -4.673, "mode": 1, "speechiness": 0.0392, "acousticness": 0.0907, "instrumentalness": 0.047, "liveness": 0.057, "valence": 0.942, "tempo": 122.042, "duration_ms": 169945, "time_signature": 4}, {"uri": "spotify:track:6zSpb8dQRaw0M1dK8PBwQz", "name": "Cold Heart - PNAU Remix", "artist": "Elton John", "popularity": 96, "danceability": 0.796, "energy": 0.798, "key": 1, "loudness": -6.312, "mode": 1, "speechiness": 0.0317, "acousticness": 0.034, "instrumentalness": 4.19e-05, "liveness": 0.0952, "valence": 0.942, "tempo": 116.032, "duration_ms": 202735, "time_signature": 4}, {"uri": "spotify:track:6OufwUcCqo81guU2jAlDVP", "name": "Love Tonight - Edit", "artist": "Shouse", "popularity": 86, "danceability": 0.727, "energy": 0.681, "key": 5, "loudness": -7.114, "mode": 0, "speechiness": 0.0265, "acousticness": 0.00214, "instrumentalness": 0.000307, "liveness": 0.0861, "valence": 0.448, "tempo": 123.028, "duration_ms": 241970, "time_signature": 4}, {"uri": "spotify:track:1evX3NUBE7QujnSmky2ox4", "name": "Eyes On You", "artist": "HUGEL", "popularity": 61, "danceability": 0.917, "energy": 0.823, "key": 0, "loudness": -6.277, "mode": 1, "speechiness": 0.12, "acousticness": 0.0305, "instrumentalness": 0.139, "liveness": 0.131, "valence": 0.612, "tempo": 124.99, "duration_ms": 202516, "time_signature": 4}, {"uri": "spotify:track:1gX4wETtMGvOB7u1proVfj", "name": "Call On Me", "artist": "RAYE", "popularity": 68, "danceability": 0.582, "energy": 0.889, "key": 0, "loudness": -4.386, "mode": 1, "speechiness": 0.0491, "acousticness": 0.021, "instrumentalness": 0, "liveness": 0.687, "valence": 0.438, "tempo": 121.977, "duration_ms": 194880, "time_signature": 4}, {"uri": "spotify:track:4AL1AOOFk7Bqe4XFs8cN86", "name": "Don't Speak", "artist": "Dark Heart", "popularity": 60, "danceability": 0.687, "energy": 0.662, "key": 7, "loudness": -6.285, "mode": 0, "speechiness": 0.0505, "acousticness": 0.207, "instrumentalness": 5.95e-05, "liveness": 0.0819, "valence": 0.799, "tempo": 122.05, "duration_ms": 165246, "time_signature": 4}, {"uri": "spotify:track:3rgTS3933lMWoPiN6CW4qY", "name": "Kids (feat. MKLA)", "artist": "KSHMR", "popularity": 71, "danceability": 0.744, "energy": 0.866, "key": 9, "loudness": -4.834, "mode": 1, "speechiness": 0.106, "acousticness": 0.0107, "instrumentalness": 0.0537, "liveness": 0.528, "valence": 0.302, "tempo": 128.027, "duration_ms": 184687, "time_signature": 4}, {"uri": "spotify:track:71H8k9qe7DersxR6KyhUnI", "name": "Okay", "artist": "Nicky Romero", "popularity": 64, "danceability": 0.513, "energy": 0.836, "key": 2, "loudness": -3.781, "mode": 1, "speechiness": 0.0579, "acousticness": 0.0463, "instrumentalness": 0, "liveness": 0.128, "valence": 0.304, "tempo": 124.964, "duration_ms": 151312, "time_signature": 4}, {"uri": "spotify:track:6FRxFke9VsjXmibGgSeKki", "name": "Sweet Talker", "artist": "Years & Years", "popularity": 76, "danceability": 0.429, "energy": 0.905, "key": 10, "loudness": -2.93, "mode": 1, "speechiness": 0.0512, "acousticness": 0.228, "instrumentalness": 0, "liveness": 0.0714, "valence": 0.659, "tempo": 121.025, "duration_ms": 176930, "time_signature": 4}, {"uri": "spotify:track:1kTlT3phtU2yqTJYT1x6hb", "name": "Fireworks (feat. Moss Kena & The Knocks)", "artist": "Purple Disco Machine", "popularity": 38, "danceability": 0.751, "energy": 0.764, "key": 1, "loudness": -5.268, "mode": 0, "speechiness": 0.045, "acousticness": 0.00714, "instrumentalness": 3.76e-06, "liveness": 0.154, "valence": 0.73, "tempo": 118.026, "duration_ms": 199705, "time_signature": 4}, {"uri": "spotify:track:2gpWyfu7eZ01zzncHpxOtA", "name": "Moth To A Flame (with The Weeknd)", "artist": "Swedish House Mafia", "popularity": 92, "danceability": 0.542, "energy": 0.659, "key": 8, "loudness": -7.289, "mode": 1, "speechiness": 0.0389, "acousticness": 0.00279, "instrumentalness": 0, "liveness": 0.105, "valence": 0.109, "tempo": 120.122, "duration_ms": 234000, "time_signature": 4}, {"uri": "spotify:track:5zHRrkIk98Adfqh25kMZFU", "name": "Love Me Better (with Shift K3Y & Marc E. Bassy)", "artist": "Dillon Francis", "popularity": 60, "danceability": 0.755, "energy": 0.716, "key": 6, "loudness": -5.089, "mode": 1, "speechiness": 0.0376, "acousticness": 0.0253, "instrumentalness": 0.00149, "liveness": 0.131, "valence": 0.441, "tempo": 124.018, "duration_ms": 150771, "time_signature": 4}, {"uri": "spotify:track:2rUsJXt4NeeDiIU6sBvrxo", "name": "All We Got (feat. KIDDO) - Ofenbach Remix", "artist": "Robin Schulz", "popularity": 68, "danceability": 0.803, "energy": 0.796, "key": 6, "loudness": -5.077, "mode": 0, "speechiness": 0.0343, "acousticness": 0.0522, "instrumentalness": 2.69e-05, "liveness": 0.25, "valence": 0.549, "tempo": 114.95, "duration_ms": 129814, "time_signature": 4}, {"uri": "spotify:track:6G3t9WroSJiK5S66umOfIA", "name": "Weekend", "artist": "Mufasa & Hypeman", "popularity": 65, "danceability": 0.761, "energy": 0.939, "key": 11, "loudness": -3.34, "mode": 0, "speechiness": 0.0729, "acousticness": 0.0594, "instrumentalness": 0.00158, "liveness": 0.0843, "valence": 0.88, "tempo": 119.981, "duration_ms": 170022, "time_signature": 4}, {"uri": "spotify:track:44xO8889yUQHn70P73NILS", "name": "Believe Me", "artist": "Navos", "popularity": 78, "danceability": 0.629, "energy": 0.876, "key": 5, "loudness": -5.572, "mode": 0, "speechiness": 0.0408, "acousticness": 0.129, "instrumentalness": 1.39e-06, "liveness": 0.29, "valence": 0.645, "tempo": 124.999, "duration_ms": 188260, "time_signature": 4}, {"uri": "spotify:track:0SSIu4CcGITHdatDmjlA6H", "name": "Nobody To Love (with Loren Gray)", "artist": "TELYKast", "popularity": 68, "danceability": 0.734, "energy": 0.823, "key": 9, "loudness": -3.684, "mode": 0, "speechiness": 0.0853, "acousticness": 0.0937, "instrumentalness": 0, "liveness": 0.0853, "valence": 0.409, "tempo": 122.143, "duration_ms": 146373, "time_signature": 4}, {"uri": "spotify:track:4ga4WvRNhMsIL38pkBbnIN", "name": "Pressure (feat. Tove Lo)", "artist": "Martin Garrix", "popularity": 76, "danceability": 0.859, "energy": 0.558, "key": 7, "loudness": -8.991, "mode": 0, "speechiness": 0.0902, "acousticness": 0.659, "instrumentalness": 0.324, "liveness": 0.124, "valence": 0.357, "tempo": 114.978, "duration_ms": 144391, "time_signature": 4}, {"uri": "spotify:track:1LyTeIRYMHPA13p4b02NvV", "name": "Naked", "artist": "Lucas Estrada", "popularity": 59, "danceability": 0.719, "energy": 0.837, "key": 2, "loudness": -4.571, "mode": 0, "speechiness": 0.0349, "acousticness": 0.0517, "instrumentalness": 0.000509, "liveness": 0.108, "valence": 0.251, "tempo": 123.989, "duration_ms": 196524, "time_signature": 4}, {"uri": "spotify:track:65tzGxRAwbrZd2yhHcGgLf", "name": "My Carousel", "artist": "Tobtok", "popularity": 65, "danceability": 0.563, "energy": 0.735, "key": 6, "loudness": -6.488, "mode": 0, "speechiness": 0.108, "acousticness": 0.0109, "instrumentalness": 2.32e-05, "liveness": 0.0871, "valence": 0.24, "tempo": 125.076, "duration_ms": 166639, "time_signature": 4}, {"uri": "spotify:track:0KzCNeuMVGXbnMbjX6ilCU", "name": "Dopamine (feat. Eyelar)", "artist": "Purple Disco Machine", "popularity": 35, "danceability": 0.689, "energy": 0.797, "key": 11, "loudness": -5.604, "mode": 0, "speechiness": 0.128, "acousticness": 0.0537, "instrumentalness": 0, "liveness": 0.212, "valence": 0.855, "tempo": 117.982, "duration_ms": 216092, "time_signature": 4}, {"uri": "spotify:track:4G4patpYxsF6ovHZOX9wgR", "name": "Human (feat. Echoes)", "artist": "John Summit", "popularity": 71, "danceability": 0.544, "energy": 0.856, "key": 5, "loudness": -6.84, "mode": 0, "speechiness": 0.0314, "acousticness": 0.00162, "instrumentalness": 0.818, "liveness": 0.0763, "valence": 0.233, "tempo": 125.992, "duration_ms": 219048, "time_signature": 4}, {"uri": "spotify:track:15Vlfa18uD2w98YG5zX7Pb", "name": "Life Goes On", "artist": "PS1", "popularity": 45, "danceability": 0.41, "energy": 0.873, "key": 5, "loudness": -3.984, "mode": 0, "speechiness": 0.041, "acousticness": 0.243, "instrumentalness": 0, "liveness": 0.154, "valence": 0.531, "tempo": 123.553, "duration_ms": 169458, "time_signature": 4}, {"uri": "spotify:track:50YQaQXog18lS11wGCl77u", "name": "Promises", "artist": "Diplo", "popularity": 66, "danceability": 0.539, "energy": 0.699, "key": 0, "loudness": -7.754, "mode": 0, "speechiness": 0.0409, "acousticness": 0.0233, "instrumentalness": 0, "liveness": 0.137, "valence": 0.474, "tempo": 122.02, "duration_ms": 201176, "time_signature": 4}, {"uri": "spotify:track:1LsoAswipJvPzdcSnoQ46C", "name": "I Just Wanna Dance", "artist": "Coldabank", "popularity": 60, "danceability": 0.741, "energy": 0.914, "key": 5, "loudness": -5.589, "mode": 1, "speechiness": 0.133, "acousticness": 0.0247, "instrumentalness": 0.0195, "liveness": 0.22, "valence": 0.15, "tempo": 124.984, "duration_ms": 154905, "time_signature": 4}, {"uri": "spotify:track:2VveodsDiyIi3zcYMDgRx1", "name": "Young Forever", "artist": "Lilly Ahlberg", "popularity": 59, "danceability": 0.846, "energy": 0.637, "key": 9, "loudness": -7.388, "mode": 0, "speechiness": 0.037, "acousticness": 0.0219, "instrumentalness": 0.000826, "liveness": 0.0636, "valence": 0.557, "tempo": 120.997, "duration_ms": 218294, "time_signature": 4}, {"uri": "spotify:track:6s3OlLs8Ey8LCol4xaDb6R", "name": "Don't Even Know Your Name", "artist": "The Stickmen Project", "popularity": 57, "danceability": 0.763, "energy": 0.804, "key": 4, "loudness": -3.453, "mode": 0, "speechiness": 0.037, "acousticness": 0.0305, "instrumentalness": 1.06e-05, "liveness": 0.147, "valence": 0.655, "tempo": 123.982, "duration_ms": 141842, "time_signature": 4}, {"uri": "spotify:track:1olCzMxaeiQKNO64ssWVGr", "name": "Talk About", "artist": "Rain Radio", "popularity": 78, "danceability": 0.814, "energy": 0.874, "key": 6, "loudness": -5.316, "mode": 1, "speechiness": 0.0425, "acousticness": 0.000222, "instrumentalness": 0.522, "liveness": 0.276, "valence": 0.434, "tempo": 123.992, "duration_ms": 161041, "time_signature": 4}, {"uri": "spotify:track:4exGSaz6lVTxxZVF1xVD4k", "name": "God is A DJ", "artist": "Faithless", "popularity": 68, "danceability": 0.598, "energy": 0.964, "key": 6, "loudness": -4.173, "mode": 1, "speechiness": 0.0523, "acousticness": 0.0444, "instrumentalness": 0.654, "liveness": 0.234, "valence": 0.115, "tempo": 126.015, "duration_ms": 155000, "time_signature": 4}, {"uri": "spotify:track:7zx1i0jGcFwMBurajgKlO7", "name": "Black Magic", "artist": "Jonasu", "popularity": 78, "danceability": 0.812, "energy": 0.634, "key": 8, "loudness": -4.96, "mode": 1, "speechiness": 0.163, "acousticness": 0.0564, "instrumentalness": 0, "liveness": 0.276, "valence": 0.463, "tempo": 124.074, "duration_ms": 174194, "time_signature": 4}, {"uri": "spotify:track:3zQpGaH50HeMjxurMZVF6q", "name": "Lifetime (with Ty Dolla $ign & 070 Shake)", "artist": "Swedish House Mafia", "popularity": 74, "danceability": 0.591, "energy": 0.719, "key": 11, "loudness": -7.824, "mode": 0, "speechiness": 0.215, "acousticness": 0.0201, "instrumentalness": 3.17e-06, "liveness": 0.906, "valence": 0.142, "tempo": 100.014, "duration_ms": 186805, "time_signature": 4}, {"uri": "spotify:track:6bVWGtN2BVH53il4JSFON8", "name": "Forever Love (feat. Viiq)", "artist": "Bingo Players", "popularity": 58, "danceability": 0.668, "energy": 0.9, "key": 6, "loudness": -4.228, "mode": 0, "speechiness": 0.0429, "acousticness": 0.0953, "instrumentalness": 1.06e-05, "liveness": 0.368, "valence": 0.709, "tempo": 124.045, "duration_ms": 155827, "time_signature": 4}, {"uri": "spotify:track:4YprqLB3jEAlHNOMXEcZtm", "name": "Vibe", "artist": "Mike Candys", "popularity": 68, "danceability": 0.937, "energy": 0.823, "key": 11, "loudness": -2.867, "mode": 1, "speechiness": 0.0956, "acousticness": 0.013, "instrumentalness": 0.397, "liveness": 0.121, "valence": 0.616, "tempo": 126.063, "duration_ms": 141002, "time_signature": 4}, {"uri": "spotify:track:6nGtbklEfeXapvjTbV8kzn", "name": "Alive (with Roland Clark)", "artist": "David Guetta", "popularity": 63, "danceability": 0.68, "energy": 0.912, "key": 11, "loudness": -8.785, "mode": 1, "speechiness": 0.058, "acousticness": 0.0149, "instrumentalness": 0.0316, "liveness": 0.69, "valence": 0.327, "tempo": 124.994, "duration_ms": 221471, "time_signature": 4}, {"uri": "spotify:track:0pIiCv0GdhtsOjCJ5Y7zHj", "name": "Morenita", "artist": "HUGEL", "popularity": 74, "danceability": 0.639, "energy": 0.769, "key": 1, "loudness": -5.077, "mode": 1, "speechiness": 0.0383, "acousticness": 0.000701, "instrumentalness": 0.742, "liveness": 0.0553, "valence": 0.177, "tempo": 123.983, "duration_ms": 176492, "time_signature": 4}, {"uri": "spotify:track:56YpW3nISMuVvM6pHkR9oU", "name": "Summer Of Love", "artist": "Aluna", "popularity": 53, "danceability": 0.717, "energy": 0.759, "key": 5, "loudness": -4.847, "mode": 1, "speechiness": 0.0431, "acousticness": 0.0802, "instrumentalness": 0.0495, "liveness": 0.462, "valence": 0.316, "tempo": 122.003, "duration_ms": 195712, "time_signature": 4}, {"uri": "spotify:track:3vrm4dNThrhQ0BArrLIUOV", "name": "Somebody's Watching Me", "artist": "Chico Rose", "popularity": 73, "danceability": 0.712, "energy": 0.857, "key": 1, "loudness": -4.922, "mode": 0, "speechiness": 0.052, "acousticness": 0.0855, "instrumentalness": 9.98e-05, "liveness": 0.0723, "valence": 0.207, "tempo": 124.963, "duration_ms": 176640, "time_signature": 4}, {"uri": "spotify:track:3MVrUfY3fYjR1kIK1wvbHN", "name": "On My Mind (with JC Stewart)", "artist": "Jonasu", "popularity": 64, "danceability": 0.646, "energy": 0.819, "key": 7, "loudness": -5.725, "mode": 1, "speechiness": 0.0351, "acousticness": 0.00819, "instrumentalness": 0.0115, "liveness": 0.106, "valence": 0.54, "tempo": 125.979, "duration_ms": 179069, "time_signature": 4}, {"uri": "spotify:track:2rqgrjE3T96UvvQ0MheJ8T", "name": "Ashes", "artist": "Chapter & Verse", "popularity": 54, "danceability": 0.623, "energy": 0.844, "key": 10, "loudness": -4.296, "mode": 1, "speechiness": 0.0457, "acousticness": 0.0205, "instrumentalness": 0.532, "liveness": 0.158, "valence": 0.632, "tempo": 125.007, "duration_ms": 222250, "time_signature": 4}, {"uri": "spotify:track:7sRjDSJ5Vp3xC669buQVGi", "name": "Why Do I Call", "artist": "Nicky Romero", "popularity": 62, "danceability": 0.655, "energy": 0.786, "key": 7, "loudness": -6.588, "mode": 1, "speechiness": 0.0931, "acousticness": 0.144, "instrumentalness": 0, "liveness": 0.282, "valence": 0.374, "tempo": 122.946, "duration_ms": 158959, "time_signature": 4}, {"uri": "spotify:track:20McUFi8KCIVdNDLrkTDuZ", "name": "Goosebumps", "artist": "HVME", "popularity": 81, "danceability": 0.767, "energy": 0.659, "key": 1, "loudness": -7.429, "mode": 1, "speechiness": 0.0444, "acousticness": 0.325, "instrumentalness": 0, "liveness": 0.13, "valence": 0.439, "tempo": 124.946, "duration_ms": 163208, "time_signature": 4}, {"uri": "spotify:track:4KKaV1zUcpDecobqLjwIkB", "name": "Physical - Claptone Remix", "artist": "Dua Lipa", "popularity": 58, "danceability": 0.722, "energy": 0.928, "key": 5, "loudness": -5.97, "mode": 0, "speechiness": 0.0341, "acousticness": 0.00029, "instrumentalness": 0.9, "liveness": 0.43, "valence": 0.875, "tempo": 124.988, "duration_ms": 189120, "time_signature": 4}, {"uri": "spotify:track:0ieEZjHQO5eq9Uad7opItK", "name": "I Was Made", "artist": "VINAI", "popularity": 70, "danceability": 0.609, "energy": 0.85, "key": 1, "loudness": -3.471, "mode": 1, "speechiness": 0.0268, "acousticness": 0.0823, "instrumentalness": 0, "liveness": 0.0999, "valence": 0.314, "tempo": 128.006, "duration_ms": 155399, "time_signature": 4}, {"uri": "spotify:track:7aJipE69xCCq3Upw8w9JOf", "name": "Overpass Graffiti - TCTS Remix", "artist": "Ed Sheeran", "popularity": 53, "danceability": 0.69, "energy": 0.915, "key": 9, "loudness": -3.778, "mode": 0, "speechiness": 0.0414, "acousticness": 0.000938, "instrumentalness": 0.000875, "liveness": 0.0618, "valence": 0.882, "tempo": 126.046, "duration_ms": 276296, "time_signature": 4}, {"uri": "spotify:track:2lw3naleLuf81Si3tuFVak", "name": "Let Them Know", "artist": "Mabel", "popularity": 72, "danceability": 0.717, "energy": 0.855, "key": 9, "loudness": -5.646, "mode": 1, "speechiness": 0.094, "acousticness": 0.0148, "instrumentalness": 0, "liveness": 0.0887, "valence": 0.86, "tempo": 125.002, "duration_ms": 148693, "time_signature": 4}, {"uri": "spotify:track:6FANeHrcPH8cDFUgty6jDS", "name": "Think About Us - 90's Club Mix", "artist": "M-22", "popularity": 57, "danceability": 0.649, "energy": 0.877, "key": 1, "loudness": -5.983, "mode": 1, "speechiness": 0.0589, "acousticness": 0.000633, "instrumentalness": 0.0634, "liveness": 0.335, "valence": 0.296, "tempo": 119.991, "duration_ms": 194904, "time_signature": 4}, {"uri": "spotify:track:0lrctx5G3InbHwNO5JyFfL", "name": "It Ain't Right", "artist": "Shane Codd", "popularity": 66, "danceability": 0.676, "energy": 0.896, "key": 0, "loudness": -3.706, "mode": 0, "speechiness": 0.0425, "acousticness": 0.0414, "instrumentalness": 6.41e-06, "liveness": 0.0519, "valence": 0.316, "tempo": 125.997, "duration_ms": 208084, "time_signature": 4}, {"uri": "spotify:track:1S69G657rrHOIfPkKNihwH", "name": "Good for Me (feat. Anna Straker)", "artist": "Jay Pryor", "popularity": 58, "danceability": 0.725, "energy": 0.615, "key": 5, "loudness": -7.217, "mode": 1, "speechiness": 0.0453, "acousticness": 0.02, "instrumentalness": 0.00821, "liveness": 0.138, "valence": 0.411, "tempo": 124.987, "duration_ms": 144960, "time_signature": 4}, {"uri": "spotify:track:2wf2KMhjoHSZXKVHNBoTMg", "name": "Sun Came Up", "artist": "Sofi Tukker", "popularity": 70, "danceability": 0.673, "energy": 0.625, "key": 9, "loudness": -6.854, "mode": 0, "speechiness": 0.0272, "acousticness": 0.0243, "instrumentalness": 0.0219, "liveness": 0.0577, "valence": 0.386, "tempo": 124.001, "duration_ms": 202905, "time_signature": 4}, {"uri": "spotify:track:4C39WSjsA70cyKCwGsxH8v", "name": "Just Feels Tight", "artist": "FISHER", "popularity": 50, "danceability": 0.808, "energy": 0.994, "key": 1, "loudness": -6.329, "mode": 1, "speechiness": 0.071, "acousticness": 0.00158, "instrumentalness": 0.875, "liveness": 0.0673, "valence": 0.732, "tempo": 127.011, "duration_ms": 197978, "time_signature": 4}, {"uri": "spotify:track:7ElC7VjUNl3oJ20Q5OpEh9", "name": "CTRL + ALT + DEL", "artist": "R\u00eave", "popularity": 71, "danceability": 0.779, "energy": 0.763, "key": 5, "loudness": -5.58, "mode": 0, "speechiness": 0.34, "acousticness": 0.035, "instrumentalness": 1.65e-06, "liveness": 0.112, "valence": 0.869, "tempo": 119.94, "duration_ms": 153167, "time_signature": 4}, {"uri": "spotify:track:1wpbmqF1IFW1W1Zut5aquK", "name": "Domino - David Guetta Remix", "artist": "Oxia", "popularity": 63, "danceability": 0.437, "energy": 0.954, "key": 10, "loudness": -5.783, "mode": 0, "speechiness": 0.0578, "acousticness": 0.137, "instrumentalness": 0.922, "liveness": 0.378, "valence": 0.0397, "tempo": 129.996, "duration_ms": 296192, "time_signature": 4}, {"uri": "spotify:track:4t5DaUXvdAFahZJtXYGYpH", "name": "Friday", "artist": "Timmy Trumpet", "popularity": 65, "danceability": 0.794, "energy": 0.839, "key": 6, "loudness": -8.382, "mode": 1, "speechiness": 0.0576, "acousticness": 0.0348, "instrumentalness": 0.0367, "liveness": 0.0787, "valence": 0.516, "tempo": 121.049, "duration_ms": 146983, "time_signature": 4}, {"uri": "spotify:track:5uxSxL44LynLj2xstL0ogf", "name": "Have Me All (feat. Jelita)", "artist": "Bleu Clair", "popularity": 55, "danceability": 0.685, "energy": 0.846, "key": 7, "loudness": -3.771, "mode": 0, "speechiness": 0.0462, "acousticness": 0.099, "instrumentalness": 0.00168, "liveness": 0.344, "valence": 0.255, "tempo": 126.046, "duration_ms": 170005, "time_signature": 4}, {"uri": "spotify:track:2zJ5nuyOQi4jBvToG3HHys", "name": "Another Chance", "artist": "Roger Sanchez", "popularity": 62, "danceability": 0.643, "energy": 0.913, "key": 7, "loudness": -5.744, "mode": 0, "speechiness": 0.049, "acousticness": 0.0212, "instrumentalness": 0.0254, "liveness": 0.376, "valence": 0.0441, "tempo": 128.01, "duration_ms": 254131, "time_signature": 4}, {"uri": "spotify:track:706JO4KVLLUJGABvEjFVwz", "name": "The Way It Is", "artist": "PRE55URE", "popularity": 49, "danceability": 0.733, "energy": 0.94, "key": 7, "loudness": -4.494, "mode": 0, "speechiness": 0.0397, "acousticness": 0.0144, "instrumentalness": 0.452, "liveness": 0.0602, "valence": 0.579, "tempo": 124.988, "duration_ms": 205440, "time_signature": 4}, {"uri": "spotify:track:5erj647SYiDcIR8Zwi6tc9", "name": "It Gets Better", "artist": "Swedish House Mafia", "popularity": 64, "danceability": 0.642, "energy": 0.709, "key": 0, "loudness": -7.064, "mode": 1, "speechiness": 0.0421, "acousticness": 0.00176, "instrumentalness": 0.505, "liveness": 0.291, "valence": 0.0641, "tempo": 118.928, "duration_ms": 184611, "time_signature": 4}, {"uri": "spotify:track:7BJvauk2ddcxirw5px8Wfa", "name": "Bloodstream", "artist": "Paradigm", "popularity": 58, "danceability": 0.65, "energy": 0.756, "key": 2, "loudness": -4.789, "mode": 0, "speechiness": 0.309, "acousticness": 0.0538, "instrumentalness": 0.000345, "liveness": 0.372, "valence": 0.445, "tempo": 126.157, "duration_ms": 148715, "time_signature": 4}, {"uri": "spotify:track:1tZC1ktebdhQSlhnFSetLk", "name": "Last Thought (feat. MKLA)", "artist": "Sonny Fodera", "popularity": 66, "danceability": 0.711, "energy": 0.656, "key": 11, "loudness": -8.262, "mode": 0, "speechiness": 0.0308, "acousticness": 0.00762, "instrumentalness": 0.398, "liveness": 0.121, "valence": 0.0914, "tempo": 124.005, "duration_ms": 238585, "time_signature": 4}, {"uri": "spotify:track:6M0RLlETmRWBLRkuwohvE5", "name": "Too Much To Ask", "artist": "Don Diablo", "popularity": 53, "danceability": 0.693, "energy": 0.689, "key": 5, "loudness": -5.49, "mode": 1, "speechiness": 0.077, "acousticness": 0.103, "instrumentalness": 0, "liveness": 0.111, "valence": 0.4, "tempo": 102.035, "duration_ms": 190588, "time_signature": 4}, {"uri": "spotify:track:7LZQAYj5NmW7Db2y8k7dXm", "name": "Trompetisto", "artist": "Sjaak", "popularity": 70, "danceability": 0.838, "energy": 0.875, "key": 1, "loudness": -6.251, "mode": 1, "speechiness": 0.0866, "acousticness": 0.162, "instrumentalness": 0.227, "liveness": 0.162, "valence": 0.746, "tempo": 123.998, "duration_ms": 140323, "time_signature": 4}, {"uri": "spotify:track:77BDJDKKWm11KXQh0Sv4Jf", "name": "Dare Me", "artist": "NERVO", "popularity": 59, "danceability": 0.817, "energy": 0.776, "key": 6, "loudness": -4.976, "mode": 1, "speechiness": 0.303, "acousticness": 0.0453, "instrumentalness": 0, "liveness": 0.158, "valence": 0.718, "tempo": 124.03, "duration_ms": 182500, "time_signature": 4}, {"uri": "spotify:track:1Ckah0ICBG4AoAY0x6LbSF", "name": "Believer", "artist": "LP Giobbi", "popularity": 55, "danceability": 0.638, "energy": 0.856, "key": 1, "loudness": -5.116, "mode": 1, "speechiness": 0.0382, "acousticness": 0.0784, "instrumentalness": 0.022, "liveness": 0.0914, "valence": 0.36, "tempo": 125.987, "duration_ms": 194762, "time_signature": 4}, {"uri": "spotify:track:0C0LsZeUyAG50xJKEIpBgY", "name": "Catch My Love", "artist": "Noizu", "popularity": 63, "danceability": 0.753, "energy": 0.851, "key": 10, "loudness": -4.451, "mode": 0, "speechiness": 0.0497, "acousticness": 0.00545, "instrumentalness": 0.135, "liveness": 0.245, "valence": 0.652, "tempo": 126.012, "duration_ms": 148571, "time_signature": 4}, {"uri": "spotify:track:63aj87TQG6F3RVO5nbG2VQ", "name": "In Da Getto", "artist": "J Balvin", "popularity": 85, "danceability": 0.915, "energy": 0.72, "key": 8, "loudness": -3.126, "mode": 1, "speechiness": 0.0459, "acousticness": 0.025, "instrumentalness": 1.42e-05, "liveness": 0.0942, "valence": 0.631, "tempo": 126.986, "duration_ms": 131067, "time_signature": 4}, {"uri": "spotify:track:7xbBNB9bivza5vrYfnZJYg", "name": "Dancing", "artist": "James Hype", "popularity": 62, "danceability": 0.74, "energy": 0.877, "key": 1, "loudness": -8.357, "mode": 1, "speechiness": 0.0497, "acousticness": 0.372, "instrumentalness": 0.544, "liveness": 0.0886, "valence": 0.377, "tempo": 125.033, "duration_ms": 240480, "time_signature": 4}, {"uri": "spotify:track:4ASOMWcJUrwEpjJy4GEijz", "name": "California Dreamin' (feat. High Jinx)", "artist": "Chris Lorenzo", "popularity": 75, "danceability": 0.685, "energy": 0.911, "key": 9, "loudness": -4.977, "mode": 1, "speechiness": 0.144, "acousticness": 0.00552, "instrumentalness": 0.0247, "liveness": 0.285, "valence": 0.351, "tempo": 128.02, "duration_ms": 196900, "time_signature": 4}, {"uri": "spotify:track:1jfd5UYYNB8LEYGtHkP1tM", "name": "Make It Good", "artist": "Jauz", "popularity": 62, "danceability": 0.835, "energy": 0.88, "key": 7, "loudness": -7.972, "mode": 1, "speechiness": 0.104, "acousticness": 0.0246, "instrumentalness": 0.165, "liveness": 0.0688, "valence": 0.752, "tempo": 122.036, "duration_ms": 159344, "time_signature": 4}, {"uri": "spotify:track:7dDLAQ1y0qOq3E4DhNh8FS", "name": "Talamanca", "artist": "BURNS", "popularity": 72, "danceability": 0.683, "energy": 0.77, "key": 11, "loudness": -6.641, "mode": 0, "speechiness": 0.0512, "acousticness": 0.0988, "instrumentalness": 0.896, "liveness": 0.379, "valence": 0.527, "tempo": 126.006, "duration_ms": 186727, "time_signature": 4}, {"uri": "spotify:track:5ym3bCHNv6OoDuQ96lNu3y", "name": "tell me what you\u2019re thinking", "artist": "Aviella", "popularity": 51, "danceability": 0.668, "energy": 0.603, "key": 1, "loudness": -7.201, "mode": 0, "speechiness": 0.103, "acousticness": 0.0766, "instrumentalness": 0.0368, "liveness": 0.54, "valence": 0.525, "tempo": 126.016, "duration_ms": 173810, "time_signature": 4}, {"uri": "spotify:track:2ZDssPiWL5pxRB03Ll9WWy", "name": "Acrobatic", "artist": "SIDEPIECE", "popularity": 59, "danceability": 0.735, "energy": 0.949, "key": 9, "loudness": -3.734, "mode": 1, "speechiness": 0.084, "acousticness": 0.00212, "instrumentalness": 0.561, "liveness": 0.347, "valence": 0.557, "tempo": 125.03, "duration_ms": 176720, "time_signature": 4}, {"uri": "spotify:track:5i5zn4un7FhVeNYiGNnLDA", "name": "Trouble - Spotify Singles", "artist": "Aluna", "popularity": 54, "danceability": 0.737, "energy": 0.615, "key": 8, "loudness": -7.971, "mode": 1, "speechiness": 0.0682, "acousticness": 0.0516, "instrumentalness": 0.00219, "liveness": 0.0954, "valence": 0.717, "tempo": 109.992, "duration_ms": 170087, "time_signature": 4}, {"uri": "spotify:track:2mL37yB3f3Lfy4iiXV02Qf", "name": "El Incomprendido", "artist": "Farruko", "popularity": 77, "danceability": 0.754, "energy": 0.841, "key": 11, "loudness": -3.19, "mode": 1, "speechiness": 0.135, "acousticness": 0.113, "instrumentalness": 0, "liveness": 0.466, "valence": 0.541, "tempo": 128.019, "duration_ms": 267547, "time_signature": 4}, {"uri": "spotify:track:4pAxG2OEh4LSNuZFzDRUbN", "name": "Anytime", "artist": "Phil The Beat", "popularity": 56, "danceability": 0.809, "energy": 0.855, "key": 6, "loudness": -5.077, "mode": 1, "speechiness": 0.293, "acousticness": 0.0407, "instrumentalness": 0.000503, "liveness": 0.0729, "valence": 0.527, "tempo": 124.011, "duration_ms": 148500, "time_signature": 4}, {"uri": "spotify:track:6SK5X1cj2G3vFNb7iTmLfV", "name": "Drop It (feat. LUISAH)", "artist": "Dubdogz", "popularity": 61, "danceability": 0.65, "energy": 0.771, "key": 8, "loudness": -7.696, "mode": 0, "speechiness": 0.0558, "acousticness": 0.0396, "instrumentalness": 1.64e-05, "liveness": 0.175, "valence": 0.769, "tempo": 124.987, "duration_ms": 125760, "time_signature": 4}, {"uri": "spotify:track:4suOHUdKByW9TMWodgwBKo", "name": "Driver Seat", "artist": "Lady Bee", "popularity": 46, "danceability": 0.729, "energy": 0.802, "key": 11, "loudness": -6.363, "mode": 0, "speechiness": 0.056, "acousticness": 0.013, "instrumentalness": 0, "liveness": 0.114, "valence": 0.507, "tempo": 126.005, "duration_ms": 144762, "time_signature": 4}, {"uri": "spotify:track:3f0C4VBTbLlEsCyybHELPW", "name": "The Sequel", "artist": "Tita Lau", "popularity": 58, "danceability": 0.667, "energy": 0.92, "key": 10, "loudness": -6.332, "mode": 0, "speechiness": 0.0574, "acousticness": 0.0248, "instrumentalness": 0.0028, "liveness": 0.211, "valence": 0.531, "tempo": 126.012, "duration_ms": 189524, "time_signature": 4}, {"uri": "spotify:track:7tks4SpHKvcPiMb6cql9Er", "name": "Oxygen - Dario Rodriguez Remix", "artist": "Winona Oak", "popularity": 47, "danceability": 0.788, "energy": 0.707, "key": 7, "loudness": -4.878, "mode": 1, "speechiness": 0.13, "acousticness": 0.0061, "instrumentalness": 4.48e-05, "liveness": 0.139, "valence": 0.31, "tempo": 126.026, "duration_ms": 179500, "time_signature": 4}]