[{"uri": "spotify:track:4a1oIihVt6xSnDRpgX387M", "name": "Burning Man", "artist": "Dierks Bentley", "popularity": 67, "danceability": 0.609, "energy": 0.807, "key": 5, "loudness": -7.221, "mode": 1, "speechiness": 0.0972, "acousticness": 0.00403, "instrumentalness": 5.42e-06, "liveness": 0.0926, "valence": 0.492, "tempo": 119.073, "duration_ms": 238493, "time_signature": 4}, {"uri": "spotify:track:5QS8PNEWbqTEZyQ6e9ZbJf", "name": "Things A Man Oughta Know", "artist": "Lainey Wilson", "popularity": 72, "danceability": 0.659, "energy": 0.683, "key": 3, "loudness": -5.623, "mode": 1, "speechiness": 0.0312, "acousticness": 0.513, "instrumentalness": 4.93e-06, "liveness": 0.133, "valence": 0.397, "tempo": 139.931, "duration_ms": 203373, "time_signature": 4}, {"uri": "spotify:track:5f3MXmTmstozFg0BH1yPUk", "name": "If I Didn't Love You", "artist": "Jason Aldean", "popularity": 75, "danceability": 0.456, "energy": 0.679, "key": 1, "loudness": -4.802, "mode": 1, "speechiness": 0.0324, "acousticness": 0.176, "instrumentalness": 0, "liveness": 0.103, "valence": 0.483, "tempo": 184.075, "duration_ms": 212030, "time_signature": 4}, {"uri": "spotify:track:2mfahQ0EaaZWq4cFNg6A1o", "name": "All On Me", "artist": "Devin Dawson", "popularity": 67, "danceability": 0.634, "energy": 0.668, "key": 5, "loudness": -5.488, "mode": 1, "speechiness": 0.0291, "acousticness": 0.14, "instrumentalness": 0, "liveness": 0.216, "valence": 0.635, "tempo": 80.989, "duration_ms": 224627, "time_signature": 4}, {"uri": "spotify:track:2UikqkwBv7aIvlixeVXHWt", "name": "You Should Probably Leave", "artist": "Chris Stapleton", "popularity": 77, "danceability": 0.602, "energy": 0.477, "key": 9, "loudness": -8.425, "mode": 1, "speechiness": 0.032, "acousticness": 0.268, "instrumentalness": 3.1e-05, "liveness": 0.173, "valence": 0.552, "tempo": 183.89, "duration_ms": 213493, "time_signature": 4}, {"uri": "spotify:track:1iiehnBysGi59zXYXIuKQD", "name": "I Hope You\u2019re Happy Now", "artist": "Carly Pearce", "popularity": 0, "danceability": 0.591, "energy": 0.815, "key": 10, "loudness": -4.725, "mode": 1, "speechiness": 0.0366, "acousticness": 0.168, "instrumentalness": 8.68e-06, "liveness": 0.142, "valence": 0.306, "tempo": 118.024, "duration_ms": 198689, "time_signature": 4}, {"uri": "spotify:track:2OqlfzJ5w5NHkcjXJm5997", "name": "Between You & Me (feat. Ashley Cooke)", "artist": "Roman Alexander", "popularity": 64, "danceability": 0.629, "energy": 0.615, "key": 4, "loudness": -7.645, "mode": 1, "speechiness": 0.0326, "acousticness": 0.00709, "instrumentalness": 0, "liveness": 0.0905, "valence": 0.639, "tempo": 99.968, "duration_ms": 169019, "time_signature": 4}, {"uri": "spotify:track:56eGOeSsqdg3FLxdo83TwV", "name": "Rumor", "artist": "Lee Brice", "popularity": 74, "danceability": 0.655, "energy": 0.56, "key": 9, "loudness": -6.857, "mode": 1, "speechiness": 0.0486, "acousticness": 0.749, "instrumentalness": 0, "liveness": 0.115, "valence": 0.599, "tempo": 140.975, "duration_ms": 198440, "time_signature": 4}, {"uri": "spotify:track:4Ec0q0j8hRTCX4QQ5MiHSX", "name": "Just About Over You", "artist": "Priscilla Block", "popularity": 69, "danceability": 0.53, "energy": 0.524, "key": 4, "loudness": -5.751, "mode": 1, "speechiness": 0.0327, "acousticness": 0.544, "instrumentalness": 0, "liveness": 0.11, "valence": 0.514, "tempo": 150.05, "duration_ms": 179214, "time_signature": 4}, {"uri": "spotify:track:14GwnOeC9qYEKEA6uOZepa", "name": "One Of Them Girls", "artist": "Lee Brice", "popularity": 75, "danceability": 0.643, "energy": 0.79, "key": 4, "loudness": -6.079, "mode": 1, "speechiness": 0.0462, "acousticness": 0.294, "instrumentalness": 0, "liveness": 0.107, "valence": 0.8, "tempo": 95.987, "duration_ms": 188893, "time_signature": 4}, {"uri": "spotify:track:698eQRku24PIYPQPHItKlA", "name": "She Got the Best of Me", "artist": "Luke Combs", "popularity": 76, "danceability": 0.533, "energy": 0.907, "key": 11, "loudness": -3.793, "mode": 1, "speechiness": 0.0406, "acousticness": 0.0292, "instrumentalness": 0, "liveness": 0.386, "valence": 0.7, "tempo": 150.99, "duration_ms": 183160, "time_signature": 4}, {"uri": "spotify:track:2bV4NwncWMnVvcWyU2yxwB", "name": "hole in the bottle (with Shania Twain)", "artist": "Kelsea Ballerini", "popularity": 64, "danceability": 0.565, "energy": 0.837, "key": 4, "loudness": -4.607, "mode": 1, "speechiness": 0.119, "acousticness": 0.106, "instrumentalness": 0, "liveness": 0.37, "valence": 0.775, "tempo": 105.067, "duration_ms": 156276, "time_signature": 4}, {"uri": "spotify:track:6usHXaTn54uwwozmH00d3X", "name": "Written in the Sand", "artist": "Old Dominion", "popularity": 0, "danceability": 0.725, "energy": 0.437, "key": 6, "loudness": -9.602, "mode": 1, "speechiness": 0.0575, "acousticness": 0.593, "instrumentalness": 0, "liveness": 0.0842, "valence": 0.759, "tempo": 83.985, "duration_ms": 184080, "time_signature": 4}, {"uri": "spotify:track:2ZxTjs4EdJl4Y9YByIiNoo", "name": "You Make It Easy", "artist": "Jason Aldean", "popularity": 66, "danceability": 0.375, "energy": 0.574, "key": 7, "loudness": -5.305, "mode": 1, "speechiness": 0.0315, "acousticness": 0.143, "instrumentalness": 0, "liveness": 0.11, "valence": 0.406, "tempo": 132.025, "duration_ms": 196800, "time_signature": 3}, {"uri": "spotify:track:09iyGiljLWRYXdRazFkdtJ", "name": "I Could Use a Love Song", "artist": "Maren Morris", "popularity": 67, "danceability": 0.638, "energy": 0.634, "key": 6, "loudness": -6.474, "mode": 1, "speechiness": 0.0468, "acousticness": 0.214, "instrumentalness": 0, "liveness": 0.0866, "valence": 0.473, "tempo": 92.097, "duration_ms": 196422, "time_signature": 4}, {"uri": "spotify:track:1UYfAU2bwgjaM5rIIPQleC", "name": "Drinkin' Beer. Talkin' God. Amen. (feat. Florida Georgia Line)", "artist": "Chase Rice", "popularity": 67, "danceability": 0.627, "energy": 0.678, "key": 2, "loudness": -4.691, "mode": 1, "speechiness": 0.0294, "acousticness": 0.185, "instrumentalness": 0, "liveness": 0.374, "valence": 0.724, "tempo": 100.032, "duration_ms": 160839, "time_signature": 4}, {"uri": "spotify:track:2Hc4t9N2nt37oO4sF9BynI", "name": "I Hope", "artist": "Gabby Barrett", "popularity": 2, "danceability": 0.561, "energy": 0.536, "key": 6, "loudness": -6.227, "mode": 1, "speechiness": 0.0346, "acousticness": 0.0951, "instrumentalness": 0, "liveness": 0.114, "valence": 0.378, "tempo": 150.01, "duration_ms": 209229, "time_signature": 4}, {"uri": "spotify:track:4iXDn9pu5Q9sxv45vE8Lak", "name": "Famous Friends", "artist": "Chris Young", "popularity": 72, "danceability": 0.533, "energy": 0.855, "key": 6, "loudness": -2.901, "mode": 1, "speechiness": 0.0356, "acousticness": 0.0553, "instrumentalness": 0, "liveness": 0.335, "valence": 0.64, "tempo": 102.017, "duration_ms": 165569, "time_signature": 4}, {"uri": "spotify:track:2ZYbPXhx4OCmdTsMThbSEW", "name": "Best Shot", "artist": "Jimmie Allen", "popularity": 0, "danceability": 0.629, "energy": 0.464, "key": 4, "loudness": -8.72, "mode": 1, "speechiness": 0.0334, "acousticness": 0.75, "instrumentalness": 0, "liveness": 0.0853, "valence": 0.523, "tempo": 156.051, "duration_ms": 195053, "time_signature": 4}, {"uri": "spotify:track:4LiMQ6G9n84rDUBs9wtwz6", "name": "Singles You Up", "artist": "Jordan Davis", "popularity": 70, "danceability": 0.491, "energy": 0.907, "key": 7, "loudness": -3.594, "mode": 1, "speechiness": 0.0481, "acousticness": 0.0491, "instrumentalness": 0, "liveness": 0.242, "valence": 0.631, "tempo": 199.943, "duration_ms": 182667, "time_signature": 4}, {"uri": "spotify:track:1AIlY4mVcOY34SNA4CTVbC", "name": "Back Then, Right Now", "artist": "Tenille Arts", "popularity": 71, "danceability": 0.582, "energy": 0.724, "key": 5, "loudness": -3.21, "mode": 1, "speechiness": 0.0319, "acousticness": 0.0142, "instrumentalness": 0, "liveness": 0.0484, "valence": 0.495, "tempo": 76.986, "duration_ms": 182067, "time_signature": 4}, {"uri": "spotify:track:6eK53DELUKMF7Dkao6n2Av", "name": "Over All Over Again", "artist": "James Barker Band", "popularity": 58, "danceability": 0.582, "energy": 0.871, "key": 8, "loudness": -3.343, "mode": 1, "speechiness": 0.049, "acousticness": 0.0767, "instrumentalness": 0, "liveness": 0.187, "valence": 0.388, "tempo": 115.079, "duration_ms": 201693, "time_signature": 4}, {"uri": "spotify:track:6foY66mWZN0pSRjZ408c00", "name": "Whiskey Glasses", "artist": "Morgan Wallen", "popularity": 80, "danceability": 0.614, "energy": 0.68, "key": 6, "loudness": -4.58, "mode": 1, "speechiness": 0.0289, "acousticness": 0.369, "instrumentalness": 1.84e-06, "liveness": 0.115, "valence": 0.707, "tempo": 149.959, "duration_ms": 234347, "time_signature": 4}, {"uri": "spotify:track:2NNioXX1t4whQsBF8FfExl", "name": "Woman You Got", "artist": "Maddie & Tae", "popularity": 65, "danceability": 0.523, "energy": 0.896, "key": 10, "loudness": -3.556, "mode": 1, "speechiness": 0.0575, "acousticness": 0.105, "instrumentalness": 0, "liveness": 0.143, "valence": 0.729, "tempo": 169.94, "duration_ms": 177951, "time_signature": 4}, {"uri": "spotify:track:7DEgL4rErTwjrsxLMlUVhf", "name": "Any Ol' Barstool", "artist": "Jason Aldean", "popularity": 49, "danceability": 0.536, "energy": 0.722, "key": 4, "loudness": -4.163, "mode": 1, "speechiness": 0.0284, "acousticness": 0.312, "instrumentalness": 0, "liveness": 0.117, "valence": 0.499, "tempo": 143.78, "duration_ms": 203293, "time_signature": 4}, {"uri": "spotify:track:4sf2L157iEgAR7yrCNLgSq", "name": "Breaking Up Was Easy In The 90's", "artist": "Sam Hunt", "popularity": 71, "danceability": 0.562, "energy": 0.649, "key": 9, "loudness": -5.4, "mode": 1, "speechiness": 0.0494, "acousticness": 0.231, "instrumentalness": 0, "liveness": 0.341, "valence": 0.376, "tempo": 145.913, "duration_ms": 215933, "time_signature": 4}, {"uri": "spotify:track:4xhnOiqFLxGf3IHqMiOm7C", "name": "Sunday Morning Kinda Saturday Night", "artist": "Ashley Cooke", "popularity": 60, "danceability": 0.616, "energy": 0.657, "key": 2, "loudness": -6.288, "mode": 1, "speechiness": 0.0255, "acousticness": 0.00258, "instrumentalness": 0, "liveness": 0.101, "valence": 0.476, "tempo": 128.087, "duration_ms": 212383, "time_signature": 4}, {"uri": "spotify:track:6E9V9TRlVOLjenGjHemzEH", "name": "Hard To Love", "artist": "Lee Brice", "popularity": 71, "danceability": 0.638, "energy": 0.722, "key": 9, "loudness": -6.177, "mode": 1, "speechiness": 0.0332, "acousticness": 0.0119, "instrumentalness": 0.00808, "liveness": 0.189, "valence": 0.469, "tempo": 103.017, "duration_ms": 224293, "time_signature": 4}, {"uri": "spotify:track:5FmvaZGd6fulojSToozLRD", "name": "ONE BEER (feat. Lauren Alaina & Devin Dawson)", "artist": "HARDY", "popularity": 70, "danceability": 0.516, "energy": 0.745, "key": 2, "loudness": -8.352, "mode": 1, "speechiness": 0.0774, "acousticness": 0.564, "instrumentalness": 0, "liveness": 0.275, "valence": 0.826, "tempo": 186.006, "duration_ms": 173173, "time_signature": 3}, {"uri": "spotify:track:60RFlt48hm0l4Fu0JoccOl", "name": "More Hearts Than Mine", "artist": "Ingrid Andress", "popularity": 70, "danceability": 0.375, "energy": 0.428, "key": 0, "loudness": -7.387, "mode": 1, "speechiness": 0.029, "acousticness": 0.109, "instrumentalness": 0, "liveness": 0.105, "valence": 0.361, "tempo": 78.516, "duration_ms": 214787, "time_signature": 4}, {"uri": "spotify:track:1R9FxlRkvKtt36dtTHs93X", "name": "Head Over Boots", "artist": "Jon Pardi", "popularity": 0, "danceability": 0.637, "energy": 0.669, "key": 7, "loudness": -4.608, "mode": 1, "speechiness": 0.0237, "acousticness": 0.0919, "instrumentalness": 0, "liveness": 0.103, "valence": 0.638, "tempo": 108.078, "duration_ms": 205120, "time_signature": 4}, {"uri": "spotify:track:59SoAaZ8tWxL5OBkWOG6aN", "name": "Under My Skin", "artist": "Nate Smith", "popularity": 0, "danceability": 0.604, "energy": 0.536, "key": 8, "loudness": -6.186, "mode": 1, "speechiness": 0.0345, "acousticness": 0.13, "instrumentalness": 0, "liveness": 0.162, "valence": 0.473, "tempo": 151.737, "duration_ms": 178772, "time_signature": 4}, {"uri": "spotify:track:3xdjjKMcMOFgo1eQrfbogM", "name": "Wagon Wheel", "artist": "Darius Rucker", "popularity": 78, "danceability": 0.537, "energy": 0.66, "key": 9, "loudness": -7.174, "mode": 1, "speechiness": 0.0296, "acousticness": 0.455, "instrumentalness": 0, "liveness": 0.135, "valence": 0.574, "tempo": 148.096, "duration_ms": 298373, "time_signature": 4}, {"uri": "spotify:track:6rIIhxmidzI07z1kgiOqY8", "name": "Till There's Nothing Left", "artist": "Cam", "popularity": 65, "danceability": 0.577, "energy": 0.634, "key": 2, "loudness": -6.905, "mode": 1, "speechiness": 0.0365, "acousticness": 0.00339, "instrumentalness": 0.000332, "liveness": 0.209, "valence": 0.335, "tempo": 75.752, "duration_ms": 195515, "time_signature": 4}, {"uri": "spotify:track:5kNe7PE09d6Kvw5pAsx23n", "name": "Die A Happy Man", "artist": "Thomas Rhett", "popularity": 75, "danceability": 0.595, "energy": 0.389, "key": 2, "loudness": -9.245, "mode": 1, "speechiness": 0.0349, "acousticness": 0.418, "instrumentalness": 1.39e-06, "liveness": 0.116, "valence": 0.4, "tempo": 166.052, "duration_ms": 227427, "time_signature": 4}, {"uri": "spotify:track:6IBcOGPsniK3Pso1wHIhew", "name": "Forever After All", "artist": "Luke Combs", "popularity": 80, "danceability": 0.487, "energy": 0.65, "key": 0, "loudness": -5.195, "mode": 1, "speechiness": 0.0253, "acousticness": 0.191, "instrumentalness": 0, "liveness": 0.0933, "valence": 0.456, "tempo": 151.964, "duration_ms": 232533, "time_signature": 4}, {"uri": "spotify:track:53bZYxVbCYm6w1Gx8U64bz", "name": "Settling Down", "artist": "Miranda Lambert", "popularity": 68, "danceability": 0.643, "energy": 0.756, "key": 6, "loudness": -5.8, "mode": 0, "speechiness": 0.0305, "acousticness": 0.0215, "instrumentalness": 0.000268, "liveness": 0.101, "valence": 0.934, "tempo": 90.001, "duration_ms": 197453, "time_signature": 4}, {"uri": "spotify:track:2BgunkkepMPFpArQj1Dx5s", "name": "Caught Up In The Country", "artist": "Rodney Atkins", "popularity": 66, "danceability": 0.603, "energy": 0.807, "key": 7, "loudness": -6.999, "mode": 1, "speechiness": 0.045, "acousticness": 0.0123, "instrumentalness": 0, "liveness": 0.539, "valence": 0.685, "tempo": 124.099, "duration_ms": 160991, "time_signature": 4}, {"uri": "spotify:track:3I7krC8kr0gFR7P6vInR1I", "name": "Do I Make You Wanna", "artist": "Billy Currington", "popularity": 68, "danceability": 0.553, "energy": 0.747, "key": 9, "loudness": -5.432, "mode": 1, "speechiness": 0.0279, "acousticness": 0.106, "instrumentalness": 0, "liveness": 0.154, "valence": 0.521, "tempo": 90.012, "duration_ms": 234307, "time_signature": 4}, {"uri": "spotify:track:1G4cdOtF36ZCs6i2dZoC87", "name": "Drunk Me", "artist": "Mitchell Tenpenny", "popularity": 70, "danceability": 0.499, "energy": 0.797, "key": 2, "loudness": -3.77, "mode": 1, "speechiness": 0.0554, "acousticness": 0.199, "instrumentalness": 0, "liveness": 0.0933, "valence": 0.408, "tempo": 176.024, "duration_ms": 211768, "time_signature": 4}, {"uri": "spotify:track:3hboOw4dS0aXGuP0fyyvbC", "name": "Somebody Like That", "artist": "Tenille Arts", "popularity": 74, "danceability": 0.574, "energy": 0.798, "key": 6, "loudness": -5.356, "mode": 1, "speechiness": 0.0485, "acousticness": 0.0152, "instrumentalness": 0, "liveness": 0.111, "valence": 0.58, "tempo": 105.034, "duration_ms": 198209, "time_signature": 4}, {"uri": "spotify:track:027269uzraETHuoG6aMs6a", "name": "Waves", "artist": "Luke Bryan", "popularity": 69, "danceability": 0.494, "energy": 0.771, "key": 1, "loudness": -4.309, "mode": 1, "speechiness": 0.0626, "acousticness": 0.0649, "instrumentalness": 0, "liveness": 0.11, "valence": 0.371, "tempo": 136.053, "duration_ms": 228440, "time_signature": 4}, {"uri": "spotify:track:7vF3xkCMvZjAe2nTWY0uQZ", "name": "Made For You", "artist": "Jake Owen", "popularity": 72, "danceability": 0.581, "energy": 0.441, "key": 1, "loudness": -6.829, "mode": 1, "speechiness": 0.0268, "acousticness": 0.77, "instrumentalness": 2.75e-05, "liveness": 0.111, "valence": 0.337, "tempo": 82.125, "duration_ms": 238400, "time_signature": 4}, {"uri": "spotify:track:3hLuHKzG1cmlRpq53ZVWd8", "name": "The Good Ones", "artist": "Gabby Barrett", "popularity": 76, "danceability": 0.519, "energy": 0.552, "key": 2, "loudness": -5.023, "mode": 1, "speechiness": 0.0259, "acousticness": 0.18, "instrumentalness": 0, "liveness": 0.149, "valence": 0.331, "tempo": 89.957, "duration_ms": 215141, "time_signature": 4}, {"uri": "spotify:track:2gVBXeTjwL0ZEh9gjsQjk0", "name": "Take Back Home Girl (Feat. Tori Kelly)", "artist": "Chris Lane", "popularity": 0, "danceability": 0.494, "energy": 0.78, "key": 11, "loudness": -3.825, "mode": 1, "speechiness": 0.064, "acousticness": 0.368, "instrumentalness": 0, "liveness": 0.0921, "valence": 0.664, "tempo": 159.708, "duration_ms": 211427, "time_signature": 4}, {"uri": "spotify:track:1HY7Ze0NWqDJkl4g4MV62Q", "name": "Look What God Gave Her", "artist": "Thomas Rhett", "popularity": 0, "danceability": 0.732, "energy": 0.847, "key": 2, "loudness": -3.921, "mode": 1, "speechiness": 0.0307, "acousticness": 0.0221, "instrumentalness": 0, "liveness": 0.246, "valence": 0.885, "tempo": 113.012, "duration_ms": 168214, "time_signature": 4}, {"uri": "spotify:track:47qZzTLLJcuD69AIKnquo4", "name": "One Night Standards", "artist": "Ashley McBryde", "popularity": 65, "danceability": 0.537, "energy": 0.686, "key": 5, "loudness": -5.022, "mode": 1, "speechiness": 0.0293, "acousticness": 0.0287, "instrumentalness": 0.00709, "liveness": 0.0988, "valence": 0.611, "tempo": 78.052, "duration_ms": 190973, "time_signature": 4}, {"uri": "spotify:track:03fT3OHB9KyMtGMt2zwqCT", "name": "Play It Again", "artist": "Luke Bryan", "popularity": 75, "danceability": 0.506, "energy": 0.886, "key": 11, "loudness": -3.225, "mode": 1, "speechiness": 0.0655, "acousticness": 0.0916, "instrumentalness": 0, "liveness": 0.0734, "valence": 0.595, "tempo": 143.935, "duration_ms": 226867, "time_signature": 4}, {"uri": "spotify:track:0H04yVa3DJxoXbLBpAb7iV", "name": "I'm Comin' Over", "artist": "Chris Young", "popularity": 69, "danceability": 0.575, "energy": 0.845, "key": 10, "loudness": -3.838, "mode": 1, "speechiness": 0.035, "acousticness": 0.0282, "instrumentalness": 0, "liveness": 0.0814, "valence": 0.376, "tempo": 127.997, "duration_ms": 197280, "time_signature": 4}, {"uri": "spotify:track:5eDvChP4WAPPrtaQeI9MhT", "name": "Beer Never Broke My Heart", "artist": "Luke Combs", "popularity": 0, "danceability": 0.54, "energy": 0.863, "key": 1, "loudness": -4.483, "mode": 1, "speechiness": 0.0481, "acousticness": 0.0138, "instrumentalness": 0, "liveness": 0.0871, "valence": 0.64, "tempo": 77.0, "duration_ms": 186800, "time_signature": 4}, {"uri": "spotify:track:1mJMD1VIQ7jWTP9DK2zmY0", "name": "Kiss Somebody", "artist": "Morgan Evans", "popularity": 56, "danceability": 0.492, "energy": 0.681, "key": 6, "loudness": -7.038, "mode": 1, "speechiness": 0.075, "acousticness": 0.143, "instrumentalness": 0, "liveness": 0.199, "valence": 0.511, "tempo": 178.01, "duration_ms": 212445, "time_signature": 4}, {"uri": "spotify:track:3npzogdOEiVsieXmmhBepL", "name": "The Bones", "artist": "Maren Morris", "popularity": 3, "danceability": 0.612, "energy": 0.57, "key": 11, "loudness": -6.642, "mode": 0, "speechiness": 0.0347, "acousticness": 0.279, "instrumentalness": 0, "liveness": 0.0963, "valence": 0.335, "tempo": 77.004, "duration_ms": 197293, "time_signature": 4}, {"uri": "spotify:track:1irAliF0T8sLIOPJp6n7rU", "name": "Single Saturday Night", "artist": "Cole Swindell", "popularity": 72, "danceability": 0.623, "energy": 0.79, "key": 7, "loudness": -5.07, "mode": 1, "speechiness": 0.0473, "acousticness": 0.118, "instrumentalness": 0, "liveness": 0.226, "valence": 0.694, "tempo": 81.949, "duration_ms": 187684, "time_signature": 4}, {"uri": "spotify:track:2bVeUlOC5JjTpkQXuUUoYm", "name": "GIVE HEAVEN SOME HELL", "artist": "HARDY", "popularity": 72, "danceability": 0.639, "energy": 0.843, "key": 11, "loudness": -4.975, "mode": 1, "speechiness": 0.0362, "acousticness": 0.0525, "instrumentalness": 0, "liveness": 0.0854, "valence": 0.528, "tempo": 126.047, "duration_ms": 217802, "time_signature": 4}, {"uri": "spotify:track:7zVCrzzEJU7u24sbJPXA5W", "name": "What Ifs (feat. Lauren Alaina)", "artist": "Kane Brown", "popularity": 74, "danceability": 0.612, "energy": 0.799, "key": 10, "loudness": -4.603, "mode": 1, "speechiness": 0.0275, "acousticness": 0.00898, "instrumentalness": 0, "liveness": 0.172, "valence": 0.687, "tempo": 125.976, "duration_ms": 188253, "time_signature": 4}, {"uri": "spotify:track:7iDa6hUg2VgEL1o1HjmfBn", "name": "Meant to Be (feat. Florida Georgia Line)", "artist": "Bebe Rexha", "popularity": 78, "danceability": 0.643, "energy": 0.783, "key": 10, "loudness": -6.458, "mode": 1, "speechiness": 0.0856, "acousticness": 0.047, "instrumentalness": 0, "liveness": 0.083, "valence": 0.579, "tempo": 154.084, "duration_ms": 163870, "time_signature": 4}, {"uri": "spotify:track:7ELW8QMNYkoxWskwXMD3WW", "name": "Here Tonight", "artist": "Brett Young", "popularity": 0, "danceability": 0.517, "energy": 0.776, "key": 11, "loudness": -5.271, "mode": 1, "speechiness": 0.0362, "acousticness": 0.0144, "instrumentalness": 0, "liveness": 0.113, "valence": 0.448, "tempo": 96.002, "duration_ms": 216533, "time_signature": 4}, {"uri": "spotify:track:2dwoqUYTy6SOy1dFqcTndC", "name": "Drowns The Whiskey (feat. Miranda Lambert)", "artist": "Jason Aldean", "popularity": 64, "danceability": 0.552, "energy": 0.698, "key": 8, "loudness": -4.817, "mode": 1, "speechiness": 0.0306, "acousticness": 0.294, "instrumentalness": 0.000103, "liveness": 0.0905, "valence": 0.6, "tempo": 90.006, "duration_ms": 202067, "time_signature": 4}, {"uri": "spotify:track:5v9jrgFC0zbE9Dagn1gg0G", "name": "We Didn't Have Much", "artist": "Justin Moore", "popularity": 0, "danceability": 0.469, "energy": 0.662, "key": 6, "loudness": -8.021, "mode": 1, "speechiness": 0.0335, "acousticness": 0.427, "instrumentalness": 1.93e-05, "liveness": 0.117, "valence": 0.608, "tempo": 176.033, "duration_ms": 174838, "time_signature": 4}, {"uri": "spotify:track:0bPnT6i9H1p8Vd85GS6Z7I", "name": "Night Shift", "artist": "Jon Pardi", "popularity": 72, "danceability": 0.63, "energy": 0.754, "key": 2, "loudness": -3.564, "mode": 1, "speechiness": 0.0284, "acousticness": 0.0963, "instrumentalness": 0, "liveness": 0.268, "valence": 0.73, "tempo": 95.999, "duration_ms": 172253, "time_signature": 4}, {"uri": "spotify:track:0kPeZAyIhIfeZNrtfjJGDB", "name": "Bluebird", "artist": "Miranda Lambert", "popularity": 72, "danceability": 0.661, "energy": 0.633, "key": 7, "loudness": -5.986, "mode": 1, "speechiness": 0.0348, "acousticness": 0.038, "instrumentalness": 2.75e-06, "liveness": 0.124, "valence": 0.613, "tempo": 81.984, "duration_ms": 209760, "time_signature": 4}, {"uri": "spotify:track:7IhfjcaXuXCq20ZiAA7igK", "name": "Gone", "artist": "Dierks Bentley", "popularity": 68, "danceability": 0.521, "energy": 0.746, "key": 6, "loudness": -6.173, "mode": 1, "speechiness": 0.0351, "acousticness": 0.00985, "instrumentalness": 0, "liveness": 0.0741, "valence": 0.473, "tempo": 149.977, "duration_ms": 205960, "time_signature": 4}, {"uri": "spotify:track:7IWV29mryrqtO0JVgnPtfv", "name": "Cold As You", "artist": "Luke Combs", "popularity": 75, "danceability": 0.598, "energy": 0.846, "key": 6, "loudness": -4.956, "mode": 1, "speechiness": 0.0355, "acousticness": 0.0527, "instrumentalness": 0, "liveness": 0.113, "valence": 0.328, "tempo": 144.04, "duration_ms": 186107, "time_signature": 4}, {"uri": "spotify:track:1KhrAWvLIjRlQIJtSTgvsi", "name": "Would You Go With Me", "artist": "Josh Turner", "popularity": 74, "danceability": 0.605, "energy": 0.864, "key": 6, "loudness": -5.365, "mode": 1, "speechiness": 0.0292, "acousticness": 0.13, "instrumentalness": 0.000827, "liveness": 0.113, "valence": 0.736, "tempo": 122.918, "duration_ms": 228187, "time_signature": 4}, {"uri": "spotify:track:4QpWhd7l2NrmGmfw4qGlpa", "name": "Next Girl", "artist": "Carly Pearce", "popularity": 65, "danceability": 0.583, "energy": 0.867, "key": 11, "loudness": -4.17, "mode": 1, "speechiness": 0.0637, "acousticness": 0.143, "instrumentalness": 0, "liveness": 0.0863, "valence": 0.962, "tempo": 160.096, "duration_ms": 164678, "time_signature": 4}, {"uri": "spotify:track:7Cw3yXDA8Uui37SI5FFaA7", "name": "What\u2019s Your Country Song", "artist": "Thomas Rhett", "popularity": 2, "danceability": 0.355, "energy": 0.706, "key": 5, "loudness": -6.164, "mode": 1, "speechiness": 0.0309, "acousticness": 0.000532, "instrumentalness": 0, "liveness": 0.264, "valence": 0.523, "tempo": 174.005, "duration_ms": 170373, "time_signature": 4}, {"uri": "spotify:track:5Zx1zVpDJsNgyY3HvNfsfC", "name": "Happens Like That", "artist": "Granger Smith", "popularity": 0, "danceability": 0.557, "energy": 0.807, "key": 7, "loudness": -5.428, "mode": 1, "speechiness": 0.0825, "acousticness": 0.189, "instrumentalness": 0, "liveness": 0.234, "valence": 0.578, "tempo": 81.045, "duration_ms": 171493, "time_signature": 4}, {"uri": "spotify:track:4hPpVbbakQNv8YTHYaOJP4", "name": "One Thing Right", "artist": "Marshmello", "popularity": 76, "danceability": 0.659, "energy": 0.625, "key": 4, "loudness": -2.253, "mode": 1, "speechiness": 0.045, "acousticness": 0.0644, "instrumentalness": 0, "liveness": 0.582, "valence": 0.442, "tempo": 88.042, "duration_ms": 181824, "time_signature": 4}, {"uri": "spotify:track:3dV1fjKOlLnaNK5MeZHXGv", "name": "Cold Beer Calling My Name", "artist": "Jameson Rodgers", "popularity": 69, "danceability": 0.581, "energy": 0.86, "key": 7, "loudness": -4.092, "mode": 1, "speechiness": 0.039, "acousticness": 0.048, "instrumentalness": 0, "liveness": 0.169, "valence": 0.79, "tempo": 148.318, "duration_ms": 210480, "time_signature": 4}, {"uri": "spotify:track:4nxgA1nvXvTkmsBY0vJV57", "name": "Road Less Traveled", "artist": "Lauren Alaina", "popularity": 65, "danceability": 0.611, "energy": 0.886, "key": 0, "loudness": -4.673, "mode": 1, "speechiness": 0.0343, "acousticness": 0.0551, "instrumentalness": 1.1e-06, "liveness": 0.247, "valence": 0.27, "tempo": 112.988, "duration_ms": 216267, "time_signature": 4}, {"uri": "spotify:track:14JFKtBSqefxfMiKhq6JT8", "name": "Almost Maybes", "artist": "Jordan Davis", "popularity": 69, "danceability": 0.582, "energy": 0.868, "key": 11, "loudness": -3.927, "mode": 1, "speechiness": 0.0522, "acousticness": 0.146, "instrumentalness": 0, "liveness": 0.103, "valence": 0.555, "tempo": 90.105, "duration_ms": 179153, "time_signature": 4}, {"uri": "spotify:track:0w3Q14i073jLoew1hgJkwD", "name": "Heartache On The Dance Floor", "artist": "Jon Pardi", "popularity": 72, "danceability": 0.596, "energy": 0.834, "key": 9, "loudness": -4.308, "mode": 1, "speechiness": 0.0474, "acousticness": 0.0563, "instrumentalness": 0, "liveness": 0.0866, "valence": 0.618, "tempo": 116.0, "duration_ms": 205200, "time_signature": 4}, {"uri": "spotify:track:1kqVSbwdlNKsPGv0aehcAZ", "name": "What If I Never Get Over You", "artist": "Lady A", "popularity": 0, "danceability": 0.58, "energy": 0.725, "key": 0, "loudness": -5.124, "mode": 1, "speechiness": 0.0273, "acousticness": 0.016, "instrumentalness": 0, "liveness": 0.107, "valence": 0.369, "tempo": 93.014, "duration_ms": 206230, "time_signature": 4}, {"uri": "spotify:track:3f3VeiJIaWOZcmkJpTqxyj", "name": "Giving You Up", "artist": "Kameron Marlowe", "popularity": 69, "danceability": 0.53, "energy": 0.848, "key": 8, "loudness": -3.833, "mode": 1, "speechiness": 0.0427, "acousticness": 0.0366, "instrumentalness": 0, "liveness": 0.172, "valence": 0.749, "tempo": 143.953, "duration_ms": 230842, "time_signature": 4}, {"uri": "spotify:track:6OcCk1dbAb7XNHsC098oEM", "name": "I Quit Drinking", "artist": "Kelsea Ballerini", "popularity": 77, "danceability": 0.607, "energy": 0.418, "key": 1, "loudness": -6.997, "mode": 1, "speechiness": 0.0363, "acousticness": 0.394, "instrumentalness": 0, "liveness": 0.182, "valence": 0.386, "tempo": 95.002, "duration_ms": 171200, "time_signature": 4}, {"uri": "spotify:track:143YESFOZqxVGrKEWisbid", "name": "I'm Not For Everyone", "artist": "Brothers Osborne", "popularity": 68, "danceability": 0.591, "energy": 0.741, "key": 7, "loudness": -4.867, "mode": 1, "speechiness": 0.0466, "acousticness": 0.202, "instrumentalness": 0, "liveness": 0.208, "valence": 0.635, "tempo": 81.995, "duration_ms": 172107, "time_signature": 4}, {"uri": "spotify:track:0PjXFoTUNltAvf4IN0N3Xx", "name": "My Boy", "artist": "Elvie Shane", "popularity": 49, "danceability": 0.686, "energy": 0.566, "key": 9, "loudness": -5.977, "mode": 1, "speechiness": 0.0423, "acousticness": 0.254, "instrumentalness": 0, "liveness": 0.11, "valence": 0.542, "tempo": 146.042, "duration_ms": 203381, "time_signature": 4}, {"uri": "spotify:track:5AnSllIrgGsCZzZJkVnApx", "name": "Eyes On You", "artist": "Chase Rice", "popularity": 72, "danceability": 0.606, "energy": 0.652, "key": 9, "loudness": -6.982, "mode": 1, "speechiness": 0.0281, "acousticness": 0.323, "instrumentalness": 0, "liveness": 0.201, "valence": 0.476, "tempo": 97.155, "duration_ms": 182493, "time_signature": 4}, {"uri": "spotify:track:6vC90OOjZR165Hw8CpsqEm", "name": "Pretty Heart", "artist": "Parker McCollum", "popularity": 71, "danceability": 0.562, "energy": 0.683, "key": 7, "loudness": -4.427, "mode": 1, "speechiness": 0.0296, "acousticness": 0.00531, "instrumentalness": 0, "liveness": 0.107, "valence": 0.385, "tempo": 132.003, "duration_ms": 244798, "time_signature": 4}, {"uri": "spotify:track:33471tzU1VghDg9zNgGRpz", "name": "Hotel Key", "artist": "Old Dominion", "popularity": 67, "danceability": 0.758, "energy": 0.867, "key": 11, "loudness": -5.087, "mode": 1, "speechiness": 0.0475, "acousticness": 0.152, "instrumentalness": 0, "liveness": 0.308, "valence": 0.964, "tempo": 102.018, "duration_ms": 166573, "time_signature": 4}, {"uri": "spotify:track:6zLdXcmvIxnAXpz9sXFnIE", "name": "Craving You", "artist": "Thomas Rhett", "popularity": 0, "danceability": 0.612, "energy": 0.841, "key": 9, "loudness": -3.795, "mode": 0, "speechiness": 0.0353, "acousticness": 0.000907, "instrumentalness": 0, "liveness": 0.37, "valence": 0.499, "tempo": 104.986, "duration_ms": 227373, "time_signature": 4}, {"uri": "spotify:track:7mldq42yDuxiUNn08nvzHO", "name": "Body Like A Back Road", "artist": "Sam Hunt", "popularity": 74, "danceability": 0.732, "energy": 0.458, "key": 5, "loudness": -7.225, "mode": 1, "speechiness": 0.0311, "acousticness": 0.447, "instrumentalness": 0, "liveness": 0.136, "valence": 0.661, "tempo": 98.938, "duration_ms": 165387, "time_signature": 4}, {"uri": "spotify:track:6ERR6e7h6wCqGoz1TjiUJb", "name": "Knockin' Boots", "artist": "Luke Bryan", "popularity": 69, "danceability": 0.739, "energy": 0.682, "key": 2, "loudness": -3.728, "mode": 1, "speechiness": 0.205, "acousticness": 0.129, "instrumentalness": 0, "liveness": 0.328, "valence": 0.634, "tempo": 131.983, "duration_ms": 199382, "time_signature": 4}, {"uri": "spotify:track:3DA4SE262k6rdEtlHteNyq", "name": "Die From A Broken Heart", "artist": "Maddie & Tae", "popularity": 70, "danceability": 0.596, "energy": 0.522, "key": 9, "loudness": -6.633, "mode": 1, "speechiness": 0.0358, "acousticness": 0.373, "instrumentalness": 0, "liveness": 0.291, "valence": 0.443, "tempo": 76.042, "duration_ms": 188320, "time_signature": 4}, {"uri": "spotify:track:2EvddT8rcO99bKH0rDHAYG", "name": "We Are Tonight", "artist": "Billy Currington", "popularity": 69, "danceability": 0.559, "energy": 0.812, "key": 11, "loudness": -5.347, "mode": 1, "speechiness": 0.0371, "acousticness": 0.0323, "instrumentalness": 0, "liveness": 0.195, "valence": 0.472, "tempo": 127.911, "duration_ms": 232107, "time_signature": 4}, {"uri": "spotify:track:1ZIKpMTRPqhwAoVXWY3tXI", "name": "Chasing After You (with Maren Morris)", "artist": "Ryan Hurd", "popularity": 76, "danceability": 0.596, "energy": 0.679, "key": 4, "loudness": -6.395, "mode": 1, "speechiness": 0.0394, "acousticness": 0.723, "instrumentalness": 0, "liveness": 0.116, "valence": 0.479, "tempo": 131.912, "duration_ms": 207974, "time_signature": 4}, {"uri": "spotify:track:7xMFk2Vj2hALyMdzHFopJl", "name": "Home Sweet", "artist": "Russell Dickerson", "popularity": 66, "danceability": 0.58, "energy": 0.813, "key": 11, "loudness": -5.621, "mode": 1, "speechiness": 0.0414, "acousticness": 0.0386, "instrumentalness": 1.44e-06, "liveness": 0.0926, "valence": 0.473, "tempo": 120.973, "duration_ms": 205947, "time_signature": 4}, {"uri": "spotify:track:0AYbVoeF03NYhM0fvKjAuU", "name": "Make Me Want To", "artist": "Jimmie Allen", "popularity": 64, "danceability": 0.519, "energy": 0.872, "key": 2, "loudness": -3.212, "mode": 1, "speechiness": 0.0616, "acousticness": 0.0793, "instrumentalness": 0, "liveness": 0.111, "valence": 0.74, "tempo": 179.965, "duration_ms": 172280, "time_signature": 4}, {"uri": "spotify:track:30RZAuEkYeDXvy46Iv6l7E", "name": "Homesick", "artist": "Kane Brown", "popularity": 69, "danceability": 0.701, "energy": 0.5, "key": 8, "loudness": -8.82, "mode": 1, "speechiness": 0.0303, "acousticness": 0.46, "instrumentalness": 0, "liveness": 0.234, "valence": 0.409, "tempo": 97.028, "duration_ms": 205400, "time_signature": 4}, {"uri": "spotify:track:1yRke3PmsyFrYlFZOAkABk", "name": "half of my hometown (feat. Kenny Chesney)", "artist": "Kelsea Ballerini", "popularity": 66, "danceability": 0.57, "energy": 0.618, "key": 10, "loudness": -4.966, "mode": 1, "speechiness": 0.0445, "acousticness": 0.153, "instrumentalness": 0, "liveness": 0.159, "valence": 0.286, "tempo": 138.034, "duration_ms": 231832, "time_signature": 4}, {"uri": "spotify:track:05ZACkzW8YbRq3eFgIfSNB", "name": "Springsteen", "artist": "Eric Church", "popularity": 74, "danceability": 0.692, "energy": 0.809, "key": 2, "loudness": -5.935, "mode": 1, "speechiness": 0.0255, "acousticness": 0.1, "instrumentalness": 9.77e-05, "liveness": 0.185, "valence": 0.927, "tempo": 104.023, "duration_ms": 263387, "time_signature": 4}, {"uri": "spotify:track:53cGGBxGPaRjP0HVUESyW5", "name": "Catch", "artist": "Brett Young", "popularity": 66, "danceability": 0.566, "energy": 0.765, "key": 2, "loudness": -6.337, "mode": 1, "speechiness": 0.0439, "acousticness": 0.0248, "instrumentalness": 0, "liveness": 0.0783, "valence": 0.604, "tempo": 156.036, "duration_ms": 196440, "time_signature": 4}, {"uri": "spotify:track:34DFpyq5NJJ79GnGbbJH3p", "name": "This Is It", "artist": "Scotty McCreery", "popularity": 0, "danceability": 0.557, "energy": 0.511, "key": 8, "loudness": -6.788, "mode": 1, "speechiness": 0.0291, "acousticness": 0.254, "instrumentalness": 0, "liveness": 0.099, "valence": 0.602, "tempo": 156.042, "duration_ms": 230973, "time_signature": 4}, {"uri": "spotify:track:5z0xIGpy5Cb8LRXh0I7Ewl", "name": "Coulda Loved You Longer", "artist": "Adam Doleac", "popularity": 67, "danceability": 0.634, "energy": 0.621, "key": 11, "loudness": -6.261, "mode": 1, "speechiness": 0.0811, "acousticness": 0.334, "instrumentalness": 0, "liveness": 0.459, "valence": 0.741, "tempo": 93.034, "duration_ms": 176413, "time_signature": 4}, {"uri": "spotify:track:6wycnu8FWXsj68ig7BEot9", "name": "Blue Ain't Your Color", "artist": "Keith Urban", "popularity": 69, "danceability": 0.69, "energy": 0.416, "key": 7, "loudness": -7.865, "mode": 1, "speechiness": 0.0335, "acousticness": 0.617, "instrumentalness": 1.37e-06, "liveness": 0.102, "valence": 0.479, "tempo": 82.45, "duration_ms": 230600, "time_signature": 3}, {"uri": "spotify:track:0QULNNd9z5s35entfiiXoa", "name": "Drunk (And I Don't Wanna Go Home)", "artist": "Elle King", "popularity": 74, "danceability": 0.612, "energy": 0.884, "key": 5, "loudness": -4.4, "mode": 1, "speechiness": 0.0459, "acousticness": 0.00516, "instrumentalness": 0, "liveness": 0.0997, "valence": 0.626, "tempo": 119.991, "duration_ms": 245626, "time_signature": 4}, {"uri": "spotify:track:3yFsyy1hw7v31NBrRJX2QM", "name": "You Time", "artist": "Scotty McCreery", "popularity": 60, "danceability": 0.55, "energy": 0.767, "key": 9, "loudness": -6.281, "mode": 1, "speechiness": 0.0248, "acousticness": 0.00141, "instrumentalness": 3.07e-06, "liveness": 0.143, "valence": 0.601, "tempo": 104.016, "duration_ms": 192027, "time_signature": 3}, {"uri": "spotify:track:5PAvFGse5jjDH9ke8Mae7D", "name": "Just the Way", "artist": "Parmalee", "popularity": 71, "danceability": 0.544, "energy": 0.829, "key": 9, "loudness": -2.84, "mode": 1, "speechiness": 0.0404, "acousticness": 0.107, "instrumentalness": 0, "liveness": 0.317, "valence": 0.815, "tempo": 90.048, "duration_ms": 193880, "time_signature": 4}, {"uri": "spotify:track:0h6qJZXkVGNUIoM4q8CrFH", "name": "Why Should We", "artist": "CHASE WRIGHT", "popularity": 38, "danceability": 0.578, "energy": 0.763, "key": 8, "loudness": -7.498, "mode": 0, "speechiness": 0.0443, "acousticness": 0.472, "instrumentalness": 0, "liveness": 0.135, "valence": 0.561, "tempo": 92.01, "duration_ms": 172826, "time_signature": 4}, {"uri": "spotify:track:1dyxS3YzBbL0t8rEVwVQ1K", "name": "God's Country", "artist": "Blake Shelton", "popularity": 73, "danceability": 0.538, "energy": 0.752, "key": 10, "loudness": -5.106, "mode": 1, "speechiness": 0.0396, "acousticness": 0.0608, "instrumentalness": 5.39e-06, "liveness": 0.118, "valence": 0.217, "tempo": 139.984, "duration_ms": 205107, "time_signature": 4}, {"uri": "spotify:track:7mDZ2NdYOeKFcz2zGnKBwU", "name": "Gone Too Soon", "artist": "Andrew Jannakos", "popularity": 0, "danceability": 0.529, "energy": 0.723, "key": 4, "loudness": -6.022, "mode": 0, "speechiness": 0.035, "acousticness": 0.0175, "instrumentalness": 0, "liveness": 0.364, "valence": 0.459, "tempo": 119.942, "duration_ms": 169255, "time_signature": 4}]