[{"uri": "spotify:track:6nSEbFrbRFAiT5R3cWR3IL", "name": "Motley Crue Tour vs. Aziz Tour", "artist": "Aziz Ansari", "popularity": 17, "danceability": 0.704, "energy": 0.881, "key": 11, "loudness": -4.72, "mode": 1, "speechiness": 0.949, "acousticness": 0.747, "instrumentalness": 0, "liveness": 0.827, "valence": 0.375, "tempo": 79.897, "duration_ms": 106120, "time_signature": 3}, {"uri": "spotify:track:4aZWedhPEcYkZXAemZEHBC", "name": "Jay-Z New Year's Story", "artist": "Aziz Ansari", "popularity": 15, "danceability": 0.645, "energy": 0.756, "key": 6, "loudness": -5.425, "mode": 1, "speechiness": 0.925, "acousticness": 0.813, "instrumentalness": 0, "liveness": 0.688, "valence": 0.422, "tempo": 114.118, "duration_ms": 232693, "time_signature": 5}, {"uri": "spotify:track:1zqav5PRJlVCeZLZwemss5", "name": "R. Kelly Online Video Dictionary", "artist": "Aziz Ansari", "popularity": 15, "danceability": 0.572, "energy": 0.814, "key": 10, "loudness": -4.79, "mode": 0, "speechiness": 0.907, "acousticness": 0.813, "instrumentalness": 0, "liveness": 0.417, "valence": 0.273, "tempo": 76.877, "duration_ms": 240507, "time_signature": 4}, {"uri": "spotify:track:2WohGlK71bEl1a7xDgf88s", "name": "Simple Man Cruise", "artist": "Aziz Ansari", "popularity": 18, "danceability": 0.704, "energy": 0.466, "key": 0, "loudness": -8.853, "mode": 1, "speechiness": 0.932, "acousticness": 0.858, "instrumentalness": 0, "liveness": 0.736, "valence": 0.531, "tempo": 106.797, "duration_ms": 108320, "time_signature": 3}, {"uri": "spotify:track:2f8MjDEJbEdVd4u9HvG9T3", "name": "MTV's Next", "artist": "Aziz Ansari", "popularity": 17, "danceability": 0.636, "energy": 0.583, "key": 1, "loudness": -7.808, "mode": 1, "speechiness": 0.95, "acousticness": 0.835, "instrumentalness": 0, "liveness": 0.755, "valence": 0.389, "tempo": 97.5, "duration_ms": 214613, "time_signature": 4}, {"uri": "spotify:track:4G8f7ZK9hg4ygOEJOW2GAw", "name": "Bonnaroo", "artist": "Aziz Ansari", "popularity": 26, "danceability": 0.63, "energy": 0.432, "key": 5, "loudness": -10.292, "mode": 0, "speechiness": 0.947, "acousticness": 0.881, "instrumentalness": 0, "liveness": 0.834, "valence": 0.646, "tempo": 135.505, "duration_ms": 88560, "time_signature": 3}, {"uri": "spotify:track:1b1nWYKuJZEUthmNzCpseJ", "name": "Something Cool To Say To M.I.A.", "artist": "Aziz Ansari", "popularity": 16, "danceability": 0.646, "energy": 0.397, "key": 8, "loudness": -14.764, "mode": 1, "speechiness": 0.922, "acousticness": 0.814, "instrumentalness": 0, "liveness": 0.868, "valence": 0.83, "tempo": 111.984, "duration_ms": 40907, "time_signature": 3}, {"uri": "spotify:track:1mCUYpR3ZtwaqvcdCjgLuT", "name": "A Night Out With Kanye West", "artist": "Aziz Ansari", "popularity": 17, "danceability": 0.598, "energy": 0.496, "key": 5, "loudness": -10.865, "mode": 1, "speechiness": 0.958, "acousticness": 0.866, "instrumentalness": 0, "liveness": 0.864, "valence": 0.373, "tempo": 83.078, "duration_ms": 241373, "time_signature": 4}, {"uri": "spotify:track:70aSMOtrIMHL1CAdoyxFrZ", "name": "Kanye West vs. Darwish", "artist": "Aziz Ansari", "popularity": 17, "danceability": 0.65, "energy": 0.536, "key": 6, "loudness": -8.428, "mode": 0, "speechiness": 0.954, "acousticness": 0.845, "instrumentalness": 0, "liveness": 0.825, "valence": 0.476, "tempo": 70.642, "duration_ms": 131053, "time_signature": 3}, {"uri": "spotify:track:4IXMdUloqh2U9uXD9KZjJn", "name": "R Kelly: The Pied Piper Of R&B", "artist": "Aziz Ansari", "popularity": 16, "danceability": 0.645, "energy": 0.629, "key": 8, "loudness": -7.591, "mode": 1, "speechiness": 0.954, "acousticness": 0.804, "instrumentalness": 0, "liveness": 0.978, "valence": 0.26, "tempo": 139.164, "duration_ms": 340053, "time_signature": 3}, {"uri": "spotify:track:1uvU8CY55MVGC8NnzaZYj8", "name": "Alicia Keys", "artist": "Maria Bamford", "popularity": 20, "danceability": 0.604, "energy": 0.697, "key": 10, "loudness": -8.168, "mode": 0, "speechiness": 0.923, "acousticness": 0.767, "instrumentalness": 0, "liveness": 0.768, "valence": 0.51, "tempo": 86.67, "duration_ms": 162040, "time_signature": 5}, {"uri": "spotify:track:1xfCL2cqMPGQQUOjOhDSEn", "name": "Selling CDs, Springsteen At Bar, Moore At Party, Gawker", "artist": "Todd Barry", "popularity": 8, "danceability": 0.478, "energy": 0.667, "key": 10, "loudness": -14.716, "mode": 0, "speechiness": 0.929, "acousticness": 0.89, "instrumentalness": 1.23e-06, "liveness": 0.444, "valence": 0.425, "tempo": 80.165, "duration_ms": 236893, "time_signature": 5}, {"uri": "spotify:track:6IgL22elfFJInTYcgefrv5", "name": "Food Or Music?", "artist": "Todd Barry", "popularity": 0, "danceability": 0.421, "energy": 0.748, "key": 1, "loudness": -15.769, "mode": 1, "speechiness": 0.946, "acousticness": 0.528, "instrumentalness": 0.000131, "liveness": 0.648, "valence": 0.437, "tempo": 149.236, "duration_ms": 23560, "time_signature": 4}, {"uri": "spotify:track:7oJ7NO2sRdFCGFMnkvEKua", "name": "MTV Diary", "artist": "Todd Barry", "popularity": 5, "danceability": 0.629, "energy": 0.696, "key": 11, "loudness": -14.022, "mode": 1, "speechiness": 0.941, "acousticness": 0.842, "instrumentalness": 1.74e-06, "liveness": 0.602, "valence": 0.488, "tempo": 68.596, "duration_ms": 60253, "time_signature": 5}, {"uri": "spotify:track:4a3PID2ilQ0wpBdhCMcs7s", "name": "Behind The Music", "artist": "Todd Barry", "popularity": 5, "danceability": 0.595, "energy": 0.495, "key": 8, "loudness": -14.402, "mode": 0, "speechiness": 0.946, "acousticness": 0.872, "instrumentalness": 0, "liveness": 0.77, "valence": 0.607, "tempo": 91.289, "duration_ms": 51720, "time_signature": 4}, {"uri": "spotify:track:1j08mFmfgfCWHC6jyKgPXX", "name": "Grammy Awards", "artist": "Todd Barry", "popularity": 5, "danceability": 0.633, "energy": 0.396, "key": 6, "loudness": -15.973, "mode": 1, "speechiness": 0.9, "acousticness": 0.886, "instrumentalness": 0, "liveness": 0.59, "valence": 0.69, "tempo": 58.559, "duration_ms": 30840, "time_signature": 4}, {"uri": "spotify:track:7BK7GRPbR8k30k1PsGd7nP", "name": "Band With Orchestra", "artist": "Todd Barry", "popularity": 5, "danceability": 0.431, "energy": 0.762, "key": 7, "loudness": -12.657, "mode": 1, "speechiness": 0.937, "acousticness": 0.903, "instrumentalness": 0, "liveness": 0.707, "valence": 0.628, "tempo": 74.746, "duration_ms": 53040, "time_signature": 1}, {"uri": "spotify:track:0GN8JwhW2AOP9uWyO2xvWB", "name": "Boxed Sets", "artist": "Todd Barry", "popularity": 5, "danceability": 0.514, "energy": 0.566, "key": 11, "loudness": -12.691, "mode": 1, "speechiness": 0.942, "acousticness": 0.795, "instrumentalness": 0, "liveness": 0.72, "valence": 0.643, "tempo": 84.933, "duration_ms": 43960, "time_signature": 5}, {"uri": "spotify:track:1GWRe38ZTW1CmJoCYS9EcY", "name": "Behind Stage", "artist": "Todd Barry", "popularity": 5, "danceability": 0.565, "energy": 0.556, "key": 9, "loudness": -13.31, "mode": 0, "speechiness": 0.937, "acousticness": 0.767, "instrumentalness": 0, "liveness": 0.594, "valence": 0.507, "tempo": 90.135, "duration_ms": 48973, "time_signature": 5}, {"uri": "spotify:track:3TUMjP5HmxKBbkFLij3VPW", "name": "Fugazi", "artist": "Todd Barry", "popularity": 5, "danceability": 0.638, "energy": 0.563, "key": 7, "loudness": -13.479, "mode": 0, "speechiness": 0.956, "acousticness": 0.819, "instrumentalness": 2.51e-06, "liveness": 0.66, "valence": 0.713, "tempo": 85.663, "duration_ms": 53320, "time_signature": 3}, {"uri": "spotify:track:2pEy1pGbLyeAyk5m7k0bcp", "name": "Bands Reuniting", "artist": "Todd Barry", "popularity": 5, "danceability": 0.561, "energy": 0.618, "key": 5, "loudness": -17.503, "mode": 1, "speechiness": 0.885, "acousticness": 0.674, "instrumentalness": 0, "liveness": 0.501, "valence": 0.493, "tempo": 128.66, "duration_ms": 47853, "time_signature": 1}, {"uri": "spotify:track:4U2sdzCuiXQSSNZ9KDlFRx", "name": "In A Band?", "artist": "Todd Barry", "popularity": 0, "danceability": 0.594, "energy": 0.727, "key": 7, "loudness": -16.594, "mode": 0, "speechiness": 0.901, "acousticness": 0.694, "instrumentalness": 0, "liveness": 0.659, "valence": 0.286, "tempo": 111.701, "duration_ms": 19440, "time_signature": 5}, {"uri": "spotify:track:0DssxoA4uTDa2JsBgfq0pg", "name": "Michael Jackson And Jose", "artist": "Todd Barry", "popularity": 6, "danceability": 0.495, "energy": 0.298, "key": 10, "loudness": -18.651, "mode": 0, "speechiness": 0.93, "acousticness": 0.744, "instrumentalness": 0, "liveness": 0.718, "valence": 0.744, "tempo": 169.681, "duration_ms": 53000, "time_signature": 4}, {"uri": "spotify:track:4VjuHavv2loEUL61cXUy3R", "name": "Sugar Ray", "artist": "Todd Barry", "popularity": 5, "danceability": 0.583, "energy": 0.464, "key": 1, "loudness": -19.747, "mode": 1, "speechiness": 0.927, "acousticness": 0.877, "instrumentalness": 2.31e-06, "liveness": 0.621, "valence": 0.45, "tempo": 65.895, "duration_ms": 126813, "time_signature": 5}, {"uri": "spotify:track:4So4XZqP26abFAvZIuYn5H", "name": "New Wilco Album", "artist": "Todd Barry", "popularity": 6, "danceability": 0.593, "energy": 0.429, "key": 8, "loudness": -23.109, "mode": 1, "speechiness": 0.85, "acousticness": 0.668, "instrumentalness": 0, "liveness": 0.168, "valence": 0.301, "tempo": 118.24, "duration_ms": 37827, "time_signature": 5}, {"uri": "spotify:track:6BsqeOxv7N2u5l6fRN10Pr", "name": "Hip Hop Animosity", "artist": "Mike Birbiglia", "popularity": 9, "danceability": 0.569, "energy": 0.614, "key": 2, "loudness": -11.516, "mode": 1, "speechiness": 0.949, "acousticness": 0.808, "instrumentalness": 0, "liveness": 0.942, "valence": 0.46, "tempo": 139.229, "duration_ms": 357000, "time_signature": 4}, {"uri": "spotify:track:5CtgLojr3iSiljoa4RA8vl", "name": "The Guitar Guy At The Party", "artist": "Mike Birbiglia", "popularity": 7, "danceability": 0.414, "energy": 0.713, "key": 7, "loudness": -8.365, "mode": 1, "speechiness": 0.293, "acousticness": 0.772, "instrumentalness": 0, "liveness": 0.74, "valence": 0.673, "tempo": 150.751, "duration_ms": 206000, "time_signature": 4}, {"uri": "spotify:track:3PUIf8rg1PM7ZT1IofYAX1", "name": "Thanks For Coming Song", "artist": "Mike Birbiglia", "popularity": 7, "danceability": 0.424, "energy": 0.619, "key": 7, "loudness": -9.706, "mode": 1, "speechiness": 0.24, "acousticness": 0.838, "instrumentalness": 0, "liveness": 0.958, "valence": 0.431, "tempo": 57.384, "duration_ms": 124720, "time_signature": 3}, {"uri": "spotify:track:5WI3lWAtMaBSI1fUjKtm1K", "name": "The Guitar Guy At The Party - Radio Version", "artist": "Mike Birbiglia", "popularity": 6, "danceability": 0.477, "energy": 0.314, "key": 7, "loudness": -10.683, "mode": 1, "speechiness": 0.126, "acousticness": 0.712, "instrumentalness": 0, "liveness": 0.0975, "valence": 0.744, "tempo": 162.937, "duration_ms": 185120, "time_signature": 4}, {"uri": "spotify:track:7wTMnfTS5JutmUEOjiNlRt", "name": "MTV", "artist": "Lewis Black", "popularity": 5, "danceability": 0.48, "energy": 0.983, "key": 2, "loudness": -6.864, "mode": 1, "speechiness": 0.876, "acousticness": 0.8, "instrumentalness": 0, "liveness": 0.913, "valence": 0.0942, "tempo": 78.929, "duration_ms": 224680, "time_signature": 5}, {"uri": "spotify:track:36FEd0PGXVRyZok3Vu8q1H", "name": "Justin And Janet", "artist": "Lewis Black", "popularity": 5, "danceability": 0.522, "energy": 0.954, "key": 6, "loudness": -7.496, "mode": 1, "speechiness": 0.929, "acousticness": 0.768, "instrumentalness": 0, "liveness": 0.736, "valence": 0.16, "tempo": 135.404, "duration_ms": 239267, "time_signature": 4}, {"uri": "spotify:track:5M469KaLo1PNb4OrCfDVFl", "name": "America Loses It's Mind", "artist": "Lewis Black", "popularity": 8, "danceability": 0.481, "energy": 0.984, "key": 10, "loudness": -7.28, "mode": 1, "speechiness": 0.902, "acousticness": 0.868, "instrumentalness": 1.65e-06, "liveness": 0.701, "valence": 0.044, "tempo": 81.02, "duration_ms": 269227, "time_signature": 4}, {"uri": "spotify:track:7AqbcU8rve7nn8eWDiRUos", "name": "Nipple Clamps", "artist": "Lewis Black", "popularity": 5, "danceability": 0.521, "energy": 0.964, "key": 5, "loudness": -7.297, "mode": 1, "speechiness": 0.896, "acousticness": 0.844, "instrumentalness": 0, "liveness": 0.961, "valence": 0.126, "tempo": 125.797, "duration_ms": 166187, "time_signature": 5}, {"uri": "spotify:track:3Gg1GRIvP09nsMY82At99a", "name": "Scatting", "artist": "Hannibal Buress", "popularity": 17, "danceability": 0.686, "energy": 0.67, "key": 9, "loudness": -8.679, "mode": 1, "speechiness": 0.951, "acousticness": 0.863, "instrumentalness": 0, "liveness": 0.703, "valence": 0.5, "tempo": 87.857, "duration_ms": 236053, "time_signature": 3}, {"uri": "spotify:track:2J2vUuomuC6EpMBBvsv5HO", "name": "MOE", "artist": "Hannibal Buress", "popularity": 17, "danceability": 0.62, "energy": 0.803, "key": 4, "loudness": -8.002, "mode": 1, "speechiness": 0.937, "acousticness": 0.875, "instrumentalness": 0, "liveness": 0.771, "valence": 0.343, "tempo": 109.029, "duration_ms": 221693, "time_signature": 4}, {"uri": "spotify:track:70Kc5ULbaX1UV7k0k6Up2E", "name": "Lil Wayne/Gangsta Questions", "artist": "Hannibal Buress", "popularity": 15, "danceability": 0.59, "energy": 0.665, "key": 6, "loudness": -8.59, "mode": 1, "speechiness": 0.951, "acousticness": 0.871, "instrumentalness": 0, "liveness": 0.739, "valence": 0.502, "tempo": 82.812, "duration_ms": 216665, "time_signature": 3}, {"uri": "spotify:track:5EmFRNZQ82D4C1EfKhuPvd", "name": "Sarah McLachlan", "artist": "Bill Burr", "popularity": 0, "danceability": 0.563, "energy": 0.9, "key": 9, "loudness": -8.012, "mode": 1, "speechiness": 0.927, "acousticness": 0.936, "instrumentalness": 2.8e-05, "liveness": 0.909, "valence": 0.454, "tempo": 85.385, "duration_ms": 139240, "time_signature": 4}, {"uri": "spotify:track:7bGUUI7hnU2TTqPsi8iXLZ", "name": "Madonna - Bonus Track", "artist": "Bill Burr", "popularity": 0, "danceability": 0.635, "energy": 0.529, "key": 6, "loudness": -14.205, "mode": 1, "speechiness": 0.955, "acousticness": 0.874, "instrumentalness": 0, "liveness": 0.911, "valence": 0.503, "tempo": 65.434, "duration_ms": 103253, "time_signature": 3}, {"uri": "spotify:track:16XYKLDXQNjluqeuTLrOnm", "name": "MTV Cribs", "artist": "Bill Burr", "popularity": 0, "danceability": 0.529, "energy": 0.958, "key": 11, "loudness": -5.365, "mode": 1, "speechiness": 0.619, "acousticness": 0.828, "instrumentalness": 0, "liveness": 0.898, "valence": 0.645, "tempo": 130.179, "duration_ms": 177520, "time_signature": 3}, {"uri": "spotify:track:3eQ4v19m3TRJIVlif2nTDg", "name": "Confused For Another Comic", "artist": "Todd Barry", "popularity": 6, "danceability": 0.447, "energy": 0.896, "key": 2, "loudness": -9.127, "mode": 0, "speechiness": 0.927, "acousticness": 0.889, "instrumentalness": 7.58e-06, "liveness": 0.217, "valence": 0.38, "tempo": 76.796, "duration_ms": 131907, "time_signature": 3}, {"uri": "spotify:track:12vYevf7cqf9wtE2FkzLvw", "name": "Movie In Neighborhood", "artist": "Todd Barry", "popularity": 5, "danceability": 0.566, "energy": 0.428, "key": 0, "loudness": -15.972, "mode": 0, "speechiness": 0.95, "acousticness": 0.918, "instrumentalness": 0, "liveness": 0.808, "valence": 0.754, "tempo": 58.793, "duration_ms": 41013, "time_signature": 4}, {"uri": "spotify:track:2ACo9n6BN50SbjmUdWQ9lQ", "name": "Cosmo", "artist": "Todd Barry", "popularity": 5, "danceability": 0.619, "energy": 0.499, "key": 10, "loudness": -15.13, "mode": 0, "speechiness": 0.94, "acousticness": 0.862, "instrumentalness": 0, "liveness": 0.73, "valence": 0.549, "tempo": 88.615, "duration_ms": 74760, "time_signature": 1}, {"uri": "spotify:track:2iROIxu7N330ziO2hSAVWM", "name": "Bj\u00f6rk", "artist": "Margaret Cho", "popularity": 9, "danceability": 0.524, "energy": 0.878, "key": 3, "loudness": -10.283, "mode": 0, "speechiness": 0.914, "acousticness": 0.792, "instrumentalness": 5.81e-06, "liveness": 0.882, "valence": 0.0912, "tempo": 101.771, "duration_ms": 217053, "time_signature": 3}, {"uri": "spotify:track:2WDYNFzXXGYTMiLAEIchpV", "name": "The Grammys", "artist": "Margaret Cho", "popularity": 10, "danceability": 0.515, "energy": 0.85, "key": 6, "loudness": -10.799, "mode": 1, "speechiness": 0.922, "acousticness": 0.744, "instrumentalness": 0, "liveness": 0.678, "valence": 0.122, "tempo": 65.422, "duration_ms": 399373, "time_signature": 4}, {"uri": "spotify:track:1lC6BVuGdbO8ZQlyZNMzKc", "name": "Mommy Don't Like", "artist": "Margaret Cho", "popularity": 0, "danceability": 0.659, "energy": 0.565, "key": 6, "loudness": -13.929, "mode": 0, "speechiness": 0.928, "acousticness": 0.88, "instrumentalness": 0, "liveness": 0.922, "valence": 0.0994, "tempo": 118.004, "duration_ms": 208573, "time_signature": 4}, {"uri": "spotify:track:0JDl3rKrbww5Nigrv4ENy7", "name": "Intervention (feat. Tegan and Sara)", "artist": "Margaret Cho", "popularity": 0, "danceability": 0.598, "energy": 0.605, "key": 0, "loudness": -7.07, "mode": 1, "speechiness": 0.0322, "acousticness": 0.478, "instrumentalness": 1.07e-05, "liveness": 0.154, "valence": 0.646, "tempo": 154.069, "duration_ms": 282355, "time_signature": 4}, {"uri": "spotify:track:36KYW7bgxVu2HbvIdkoSlI", "name": "Calling in Stoned (feat. Tommy Chong)", "artist": "Margaret Cho", "popularity": 0, "danceability": 0.589, "energy": 0.624, "key": 10, "loudness": -7.119, "mode": 1, "speechiness": 0.0266, "acousticness": 0.247, "instrumentalness": 0, "liveness": 0.274, "valence": 0.606, "tempo": 78.953, "duration_ms": 172942, "time_signature": 4}, {"uri": "spotify:track:3QLozSt4A8nOcExzbicP8A", "name": "Your Dick (feat. Ben Lee)", "artist": "Margaret Cho", "popularity": 0, "danceability": 0.451, "energy": 0.597, "key": 9, "loudness": -5.871, "mode": 1, "speechiness": 0.0372, "acousticness": 0.277, "instrumentalness": 1.15e-06, "liveness": 0.319, "valence": 0.316, "tempo": 121.069, "duration_ms": 248454, "time_signature": 3}, {"uri": "spotify:track:3n3rr1GHYVjuYwDRAJQ6P3", "name": "Baby I'm with the Band (feat. Brendan Benson)", "artist": "Margaret Cho", "popularity": 0, "danceability": 0.612, "energy": 0.691, "key": 9, "loudness": -3.975, "mode": 0, "speechiness": 0.0276, "acousticness": 0.0298, "instrumentalness": 0.000454, "liveness": 0.185, "valence": 0.242, "tempo": 123.997, "duration_ms": 215022, "time_signature": 4}, {"uri": "spotify:track:1pHWW9cu587Yq2RRgboS7U", "name": "Hey Big Dog (feat. Fiona Apple)", "artist": "Margaret Cho", "popularity": 0, "danceability": 0.603, "energy": 0.623, "key": 4, "loudness": -7.348, "mode": 1, "speechiness": 0.0261, "acousticness": 0.656, "instrumentalness": 0, "liveness": 0.189, "valence": 0.731, "tempo": 133.008, "duration_ms": 253655, "time_signature": 4}, {"uri": "spotify:track:1Uy3nTWhgsz4APLx1j2vWo", "name": "I'm Sorry (feat. Andrew Bird)", "artist": "Margaret Cho", "popularity": 0, "danceability": 0.568, "energy": 0.437, "key": 10, "loudness": -9.087, "mode": 1, "speechiness": 0.033, "acousticness": 0.234, "instrumentalness": 2.76e-06, "liveness": 0.104, "valence": 0.513, "tempo": 102.504, "duration_ms": 198206, "time_signature": 4}, {"uri": "spotify:track:71ULFwiNlW2mWgGXWl3WTD", "name": "Jim Morrison Cat (The Doors)", "artist": "Moshe Kasher", "popularity": 0, "danceability": 0.656, "energy": 0.919, "key": 4, "loudness": -2.84, "mode": 0, "speechiness": 0.814, "acousticness": 0.816, "instrumentalness": 0, "liveness": 0.873, "valence": 0.774, "tempo": 107.244, "duration_ms": 149453, "time_signature": 4}, {"uri": "spotify:track:2UiiAcZwhF2JVmn9BHVYF5", "name": "I Don't Hate Vampire Weekend", "artist": "Greg Behrendt", "popularity": 18, "danceability": 0.59, "energy": 0.526, "key": 11, "loudness": -10.254, "mode": 1, "speechiness": 0.94, "acousticness": 0.91, "instrumentalness": 0, "liveness": 0.726, "valence": 0.413, "tempo": 61.675, "duration_ms": 289547, "time_signature": 4}, {"uri": "spotify:track:6RgNHoV79i9Q2DPv4y7v9Y", "name": "Punk Rock Shops", "artist": "Greg Behrendt", "popularity": 13, "danceability": 0.626, "energy": 0.45, "key": 6, "loudness": -12.302, "mode": 1, "speechiness": 0.94, "acousticness": 0.876, "instrumentalness": 0, "liveness": 0.657, "valence": 0.567, "tempo": 127.507, "duration_ms": 124600, "time_signature": 4}, {"uri": "spotify:track:7JaSnThbqsuQOrmNrQXd0V", "name": "Adult Rock Show", "artist": "Greg Behrendt", "popularity": 16, "danceability": 0.46, "energy": 0.809, "key": 7, "loudness": -11.173, "mode": 1, "speechiness": 0.946, "acousticness": 0.271, "instrumentalness": 0, "liveness": 0.597, "valence": 0.462, "tempo": 85.562, "duration_ms": 152560, "time_signature": 3}, {"uri": "spotify:track:21lSnDT1yNhgkoGpbNoW6X", "name": "Air Guitar", "artist": "Greg Behrendt", "popularity": 13, "danceability": 0.369, "energy": 0.823, "key": 6, "loudness": -10.322, "mode": 0, "speechiness": 0.845, "acousticness": 0.372, "instrumentalness": 0, "liveness": 0.922, "valence": 0.864, "tempo": 171.816, "duration_ms": 65360, "time_signature": 5}, {"uri": "spotify:track:2E6ZwGkabuOHfP2znwQtKa", "name": "CD Repair Guy", "artist": "Greg Behrendt", "popularity": 13, "danceability": 0.507, "energy": 0.809, "key": 6, "loudness": -10.285, "mode": 1, "speechiness": 0.89, "acousticness": 0.185, "instrumentalness": 0, "liveness": 0.441, "valence": 0.666, "tempo": 105.698, "duration_ms": 172627, "time_signature": 3}, {"uri": "spotify:track:58xID2UtBcC4qae8USE65u", "name": "Rappers + drugs = comedy - Live", "artist": "Hannibal Buress", "popularity": 20, "danceability": 0.744, "energy": 0.885, "key": 11, "loudness": -5.489, "mode": 1, "speechiness": 0.773, "acousticness": 0.854, "instrumentalness": 0, "liveness": 0.707, "valence": 0.477, "tempo": 47.422, "duration_ms": 106049, "time_signature": 4}, {"uri": "spotify:track:3jF0Dh7i1OsdxwtvpUXmao", "name": "L Gaga", "artist": "Andrew Norelli", "popularity": 0, "danceability": 0.572, "energy": 0.8, "key": 8, "loudness": -12.002, "mode": 1, "speechiness": 0.914, "acousticness": 0.822, "instrumentalness": 0, "liveness": 0.651, "valence": 0.407, "tempo": 92.591, "duration_ms": 269533, "time_signature": 3}, {"uri": "spotify:track:3xLCjnRWJo49vATMxSiBv5", "name": "50 Cent Grapefruit Story", "artist": "Aziz Ansari", "popularity": 15, "danceability": 0.581, "energy": 0.844, "key": 6, "loudness": -5.433, "mode": 0, "speechiness": 0.956, "acousticness": 0.803, "instrumentalness": 0, "liveness": 0.873, "valence": 0.226, "tempo": 158.044, "duration_ms": 207947, "time_signature": 3}, {"uri": "spotify:track:7F45KEsDPDejcdo2Mkqv0T", "name": "Elton John", "artist": "Jim Gaffigan", "popularity": 11, "danceability": 0.425, "energy": 0.633, "key": 8, "loudness": -18.038, "mode": 1, "speechiness": 0.937, "acousticness": 0.828, "instrumentalness": 0, "liveness": 0.789, "valence": 0.145, "tempo": 83.237, "duration_ms": 679960, "time_signature": 3}, {"uri": "spotify:track:5M31cT8bZFyJJAtSKnWWLV", "name": "Elvis", "artist": "Bill Hicks", "popularity": 0, "danceability": 0.599, "energy": 0.502, "key": 6, "loudness": -13.655, "mode": 1, "speechiness": 0.913, "acousticness": 0.851, "instrumentalness": 0, "liveness": 0.866, "valence": 0.348, "tempo": 87.41, "duration_ms": 127520, "time_signature": 4}, {"uri": "spotify:track:7r0Y8I77LnxNTvGzWFFOb8", "name": "Little Richard", "artist": "Eddie Murphy", "popularity": 20, "danceability": 0.519, "energy": 0.796, "key": 5, "loudness": -10.862, "mode": 1, "speechiness": 0.841, "acousticness": 0.976, "instrumentalness": 0, "liveness": 0.931, "valence": 0.59, "tempo": 85.285, "duration_ms": 126640, "time_signature": 4}, {"uri": "spotify:track:6dV7Fx9lPph5hqa4Vs3c6g", "name": "Michael Jackson Is The Artist Of The Millennium", "artist": "Jim Norton", "popularity": 0, "danceability": 0.55, "energy": 0.707, "key": 8, "loudness": -11.936, "mode": 0, "speechiness": 0.921, "acousticness": 0.677, "instrumentalness": 0, "liveness": 0.691, "valence": 0.467, "tempo": 109.914, "duration_ms": 176053, "time_signature": 3}, {"uri": "spotify:track:3VXbNAMH4NbyciYBtUzZAK", "name": "Hip Hop", "artist": "Natasha Leggero", "popularity": 24, "danceability": 0.473, "energy": 0.858, "key": 2, "loudness": -6.273, "mode": 1, "speechiness": 0.94, "acousticness": 0.872, "instrumentalness": 0, "liveness": 0.779, "valence": 0.388, "tempo": 85.931, "duration_ms": 165013, "time_signature": 3}, {"uri": "spotify:track:6O5ovrYjGBycT94JCBGPwy", "name": "Hip Hop Testimony", "artist": "Jonathan Slocumb", "popularity": 7, "danceability": 0.53, "energy": 0.574, "key": 9, "loudness": -15.915, "mode": 0, "speechiness": 0.951, "acousticness": 0.796, "instrumentalness": 0, "liveness": 0.932, "valence": 0.15, "tempo": 98.794, "duration_ms": 128440, "time_signature": 3}, {"uri": "spotify:track:6gn5mlwvJZkt5bSCIAnwLM", "name": "Country Music", "artist": "Sean Cullen", "popularity": 8, "danceability": 0.478, "energy": 0.368, "key": 1, "loudness": -16.347, "mode": 1, "speechiness": 0.929, "acousticness": 0.866, "instrumentalness": 0, "liveness": 0.779, "valence": 0.55, "tempo": 71.344, "duration_ms": 112893, "time_signature": 3}, {"uri": "spotify:track:7fCHsh4HXu59K2oS8z5BDu", "name": "The Jokes With Guitar", "artist": "Demetri Martin", "popularity": 15, "danceability": 0.336, "energy": 0.518, "key": 0, "loudness": -10.327, "mode": 1, "speechiness": 0.177, "acousticness": 0.874, "instrumentalness": 3.94e-05, "liveness": 0.921, "valence": 0.529, "tempo": 85.824, "duration_ms": 838960, "time_signature": 4}, {"uri": "spotify:track:2NcCc8dBHOd1hRw8HsVKTi", "name": "The Grapes Song", "artist": "Demetri Martin", "popularity": 12, "danceability": 0.66, "energy": 0.531, "key": 10, "loudness": -7.192, "mode": 1, "speechiness": 0.165, "acousticness": 0.282, "instrumentalness": 0, "liveness": 0.239, "valence": 0.842, "tempo": 153.711, "duration_ms": 162973, "time_signature": 4}, {"uri": "spotify:track:3S5EsRHvydpQNy58OQ4eko", "name": "The Wisdom Song", "artist": "Demetri Martin", "popularity": 12, "danceability": 0.632, "energy": 0.563, "key": 2, "loudness": -6.999, "mode": 1, "speechiness": 0.0849, "acousticness": 0.208, "instrumentalness": 1.13e-05, "liveness": 0.0596, "valence": 0.652, "tempo": 153.616, "duration_ms": 189747, "time_signature": 4}, {"uri": "spotify:track:7h3bN2ufjkSpjoXmHXqrwx", "name": "Fighting / Background Music", "artist": "Pablo Francisco", "popularity": 0, "danceability": 0.573, "energy": 0.596, "key": 6, "loudness": -17.966, "mode": 1, "speechiness": 0.725, "acousticness": 0.765, "instrumentalness": 5.2e-06, "liveness": 0.813, "valence": 0.248, "tempo": 119.796, "duration_ms": 229800, "time_signature": 4}]