[{"uri": "spotify:track:5hKXO3AquHMBqOzWrUh05c", "name": "Are You Lonely?", "artist": "Al Madrigal", "popularity": 16, "danceability": 0.478, "energy": 0.956, "key": 0, "loudness": -4.672, "mode": 1, "speechiness": 0.913, "acousticness": 0.742, "instrumentalness": 0, "liveness": 0.914, "valence": 0.303, "tempo": 129.238, "duration_ms": 490400, "time_signature": 5}, {"uri": "spotify:track:6BE7LslZLKghWcE7KCdN6o", "name": "Are You Guys Drug Dealers?", "artist": "Bill Hicks", "popularity": 0, "danceability": 0.492, "energy": 0.781, "key": 10, "loudness": -14.531, "mode": 0, "speechiness": 0.929, "acousticness": 0.847, "instrumentalness": 0, "liveness": 0.824, "valence": 0.22, "tempo": 80.891, "duration_ms": 110733, "time_signature": 3}, {"uri": "spotify:track:76BsWx5CizTqxtEgWA7qPZ", "name": "You Thinkin' What I'm Thinkin'?", "artist": "Beards Of Comedy", "popularity": 2, "danceability": 0.523, "energy": 0.857, "key": 11, "loudness": -7.489, "mode": 1, "speechiness": 0.907, "acousticness": 0.838, "instrumentalness": 0, "liveness": 0.481, "valence": 0.647, "tempo": 84.418, "duration_ms": 77867, "time_signature": 3}, {"uri": "spotify:track:5B31KBrpz0F2SxANyDJhnV", "name": "Are White People Psyched All The Time?", "artist": "Aziz Ansari", "popularity": 19, "danceability": 0.728, "energy": 0.713, "key": 4, "loudness": -6.425, "mode": 1, "speechiness": 0.942, "acousticness": 0.847, "instrumentalness": 0, "liveness": 0.703, "valence": 0.795, "tempo": 92.896, "duration_ms": 57013, "time_signature": 4}, {"uri": "spotify:track:6dorV9tfLwUml3mBYE3zU9", "name": "Are You Gay?", "artist": "Margaret Cho", "popularity": 11, "danceability": 0.323, "energy": 0.211, "key": 10, "loudness": -18.47, "mode": 0, "speechiness": 0.306, "acousticness": 0.467, "instrumentalness": 0, "liveness": 0.782, "valence": 0.127, "tempo": 85.689, "duration_ms": 252267, "time_signature": 4}, {"uri": "spotify:track:3DRXhIg1LLF9E8XhwmahzW", "name": "A Question For The Ladies", "artist": "Bill Hicks", "popularity": 0, "danceability": 0.614, "energy": 0.596, "key": 11, "loudness": -10.784, "mode": 1, "speechiness": 0.931, "acousticness": 0.957, "instrumentalness": 1.92e-06, "liveness": 0.386, "valence": 0.455, "tempo": 140.699, "duration_ms": 273780, "time_signature": 3}, {"uri": "spotify:track:2WCNV7XBKv5P58Y7tprWF0", "name": "A Question Of The Heart", "artist": "Big Jay Oakerson", "popularity": 23, "danceability": 0.503, "energy": 0.848, "key": 1, "loudness": -8.634, "mode": 1, "speechiness": 0.922, "acousticness": 0.838, "instrumentalness": 0, "liveness": 0.777, "valence": 0.385, "tempo": 140.266, "duration_ms": 159093, "time_signature": 4}, {"uri": "spotify:track:461IkbcnmtpXb2gOYPRbo2", "name": "Answer My Question", "artist": "Andy Ritchie", "popularity": 12, "danceability": 0.522, "energy": 0.683, "key": 2, "loudness": -7.496, "mode": 1, "speechiness": 0.932, "acousticness": 0.852, "instrumentalness": 0, "liveness": 0.613, "valence": 0.648, "tempo": 76.378, "duration_ms": 119513, "time_signature": 4}, {"uri": "spotify:track:2adHZTlefXdwA9nYV3yuaL", "name": "Question Time", "artist": "Billy Connolly", "popularity": 26, "danceability": 0.419, "energy": 0.903, "key": 10, "loudness": -11.255, "mode": 1, "speechiness": 0.937, "acousticness": 0.85, "instrumentalness": 0, "liveness": 0.884, "valence": 0.542, "tempo": 64.612, "duration_ms": 173640, "time_signature": 3}, {"uri": "spotify:track:0lMESPU3xf4nOpcICnfBAm", "name": "Yes Or No Question", "artist": "Christian Finnegan", "popularity": 7, "danceability": 0.461, "energy": 0.723, "key": 1, "loudness": -8.516, "mode": 1, "speechiness": 0.944, "acousticness": 0.844, "instrumentalness": 0, "liveness": 0.927, "valence": 0.466, "tempo": 172.027, "duration_ms": 146067, "time_signature": 3}, {"uri": "spotify:track:5qaqA5YdyTtqO387FgJkS8", "name": "Why Not a Shark Tank?", "artist": "Christian Finnegan", "popularity": 7, "danceability": 0.686, "energy": 0.666, "key": 9, "loudness": -9.368, "mode": 1, "speechiness": 0.943, "acousticness": 0.781, "instrumentalness": 0, "liveness": 0.719, "valence": 0.359, "tempo": 127.466, "duration_ms": 290347, "time_signature": 4}, {"uri": "spotify:track:3MCip4OW2lgBxYDtzhZFnN", "name": "Are You Happy With Your Wash?", "artist": "Eddie Izzard", "popularity": 0, "danceability": 0.487, "energy": 0.557, "key": 4, "loudness": -18.696, "mode": 1, "speechiness": 0.939, "acousticness": 0.905, "instrumentalness": 0, "liveness": 0.953, "valence": 0.336, "tempo": 107.475, "duration_ms": 571200, "time_signature": 5}, {"uri": "spotify:track:6CuCa9WhcyrqdYz8DaFSjC", "name": "Cocktain Show, Vegas-American Photography, a Scientific Question, What I Believe, a Show Biz Moment", "artist": "Steve Martin", "popularity": 10, "danceability": 0.46, "energy": 0.641, "key": 1, "loudness": -12.611, "mode": 1, "speechiness": 0.938, "acousticness": 0.825, "instrumentalness": 3.22e-06, "liveness": 0.917, "valence": 0.318, "tempo": 74.626, "duration_ms": 458133, "time_signature": 4}, {"uri": "spotify:track:1jUvLLc08qa7u4V65wsuj7", "name": "Clinton-Bush / Why Do They Hate Us? / Florida / Al-Qaeda Fighters at the Bed & Breakfast / Heroin Task Force / Marine in the Basement", "artist": "Marc Maron", "popularity": 14, "danceability": 0.431, "energy": 0.897, "key": 5, "loudness": -6.904, "mode": 0, "speechiness": 0.898, "acousticness": 0.716, "instrumentalness": 0, "liveness": 0.861, "valence": 0.468, "tempo": 84.948, "duration_ms": 482371, "time_signature": 4}, {"uri": "spotify:track:6PQpo9nJ0U8t71ppCTLRw2", "name": "What Is It You Can't Face?", "artist": "Caroline Rhea", "popularity": 18, "danceability": 0.48, "energy": 0.853, "key": 5, "loudness": -13.263, "mode": 0, "speechiness": 0.918, "acousticness": 0.737, "instrumentalness": 0, "liveness": 0.944, "valence": 0.307, "tempo": 84.412, "duration_ms": 267053, "time_signature": 4}, {"uri": "spotify:track:6tkuQ2i8sODagSbb4tGR76", "name": "Q&A - Live (1998 Broadhurst Theatre)", "artist": "Jerry Seinfeld", "popularity": 0, "danceability": 0.544, "energy": 0.885, "key": 1, "loudness": -9.219, "mode": 1, "speechiness": 0.946, "acousticness": 0.776, "instrumentalness": 0, "liveness": 0.977, "valence": 0.333, "tempo": 102.894, "duration_ms": 293907, "time_signature": 4}, {"uri": "spotify:track:2DfTlNasfXdQkxwDHEv5CY", "name": "Q&A - 3 Questions, 2 Girls, 1 Cup", "artist": "Joe Rogan", "popularity": 12, "danceability": 0.636, "energy": 0.935, "key": 11, "loudness": -2.79, "mode": 0, "speechiness": 0.885, "acousticness": 0.751, "instrumentalness": 0, "liveness": 0.779, "valence": 0.476, "tempo": 79.467, "duration_ms": 163373, "time_signature": 4}, {"uri": "spotify:track:0rIDtmE1YaPQHmSeJtdSyi", "name": "Q&A - Monkeys On Mushrooms", "artist": "Joe Rogan", "popularity": 11, "danceability": 0.627, "energy": 0.843, "key": 11, "loudness": -3.052, "mode": 1, "speechiness": 0.612, "acousticness": 0.786, "instrumentalness": 0, "liveness": 0.712, "valence": 0.847, "tempo": 92.869, "duration_ms": 100253, "time_signature": 4}, {"uri": "spotify:track:40fjnZjSWkw5dBSjUvMZPb", "name": "Q&A: Advice for the Audience", "artist": "Eugene Mirman", "popularity": 18, "danceability": 0.483, "energy": 0.954, "key": 1, "loudness": -6.139, "mode": 1, "speechiness": 0.942, "acousticness": 0.79, "instrumentalness": 0, "liveness": 0.834, "valence": 0.195, "tempo": 85.207, "duration_ms": 387107, "time_signature": 4}, {"uri": "spotify:track:30I4xIABs2mAQHznGlB9fz", "name": "Opening \"Why Is This A Track?\"", "artist": "T.J. Miller", "popularity": 5, "danceability": 0.381, "energy": 0.985, "key": 11, "loudness": -6.809, "mode": 1, "speechiness": 0.814, "acousticness": 0.898, "instrumentalness": 0.00432, "liveness": 0.861, "valence": 0.0606, "tempo": 87.248, "duration_ms": 52442, "time_signature": 3}]