[{"uri": "spotify:track:0lEjxUUlKqjqXrVlIHFduD", "name": "P power (feat. Drake)", "artist": "Gunna", "popularity": 0, "danceability": 0.828, "energy": 0.591, "key": 1, "loudness": -6.217, "mode": 1, "speechiness": 0.109, "acousticness": 0.0199, "instrumentalness": 0.000323, "liveness": 0.361, "valence": 0.202, "tempo": 119.251, "duration_ms": 193347, "time_signature": 4}, {"uri": "spotify:track:6oOJL3xj8zRz6URS0SwlXC", "name": "Chronicles (feat. H.E.R. & Lil Durk)", "artist": "Cordae", "popularity": 0, "danceability": 0.678, "energy": 0.527, "key": 4, "loudness": -9.038, "mode": 0, "speechiness": 0.301, "acousticness": 0.3, "instrumentalness": 0, "liveness": 0.119, "valence": 0.583, "tempo": 76.847, "duration_ms": 212077, "time_signature": 4}, {"uri": "spotify:track:66fCNfMdIKsXOnSphorrwg", "name": "jealousy (feat. rema)", "artist": "FKA twigs", "popularity": 34, "danceability": 0.828, "energy": 0.638, "key": 1, "loudness": -5.346, "mode": 0, "speechiness": 0.0767, "acousticness": 0.285, "instrumentalness": 7.27e-05, "liveness": 0.133, "valence": 0.525, "tempo": 113.486, "duration_ms": 159667, "time_signature": 5}, {"uri": "spotify:track:1wlbeqO0XpftrT2pVqcxaL", "name": "Whiskey Sour", "artist": "Kane Brown", "popularity": 0, "danceability": 0.505, "energy": 0.348, "key": 1, "loudness": -8.528, "mode": 1, "speechiness": 0.0328, "acousticness": 0.793, "instrumentalness": 0, "liveness": 0.0988, "valence": 0.715, "tempo": 163.639, "duration_ms": 209740, "time_signature": 4}, {"uri": "spotify:track:3kfqYE0jGONOrkVpkPPOd5", "name": "Iffy", "artist": "Chris Brown", "popularity": 0, "danceability": 0.415, "energy": 0.83, "key": 6, "loudness": -5.621, "mode": 0, "speechiness": 0.18, "acousticness": 0.0144, "instrumentalness": 0, "liveness": 0.14, "valence": 0.485, "tempo": 194.746, "duration_ms": 173549, "time_signature": 4}, {"uri": "spotify:track:4jUAn4mBt4LBsRREJkeCSr", "name": "Love It When You Hate Me (feat. blackbear)", "artist": "Avril Lavigne", "popularity": 0, "danceability": 0.611, "energy": 0.803, "key": 5, "loudness": -4.368, "mode": 1, "speechiness": 0.0394, "acousticness": 0.00437, "instrumentalness": 1.41e-06, "liveness": 0.604, "valence": 0.624, "tempo": 92.497, "duration_ms": 145103, "time_signature": 4}, {"uri": "spotify:track:13plTOJUDmgBrTEd7yzTgq", "name": "Cowboys Don\u2019t Cry", "artist": "Oliver Tree", "popularity": 51, "danceability": 0.608, "energy": 0.638, "key": 8, "loudness": -7.215, "mode": 1, "speechiness": 0.0561, "acousticness": 0.217, "instrumentalness": 0, "liveness": 0.324, "valence": 0.457, "tempo": 87.956, "duration_ms": 189969, "time_signature": 4}, {"uri": "spotify:track:3RceLAxBxCr8HihEVC24K9", "name": "Too Hot (feat. Moneybagg Yo)", "artist": "NLE Choppa", "popularity": 0, "danceability": 0.917, "energy": 0.499, "key": 5, "loudness": -4.288, "mode": 0, "speechiness": 0.417, "acousticness": 0.282, "instrumentalness": 0, "liveness": 0.0976, "valence": 0.234, "tempo": 120.064, "duration_ms": 216357, "time_signature": 4}, {"uri": "spotify:track:2OnrjKShafw7qtoyLkKNR2", "name": "Love Me More", "artist": "Mitski", "popularity": 56, "danceability": 0.55, "energy": 0.707, "key": 1, "loudness": -6.222, "mode": 0, "speechiness": 0.0323, "acousticness": 0.323, "instrumentalness": 2.56e-06, "liveness": 0.098, "valence": 0.487, "tempo": 136.318, "duration_ms": 212661, "time_signature": 4}, {"uri": "spotify:track:6EafRI0UtUidrZbbKpFRYq", "name": "Forget About Me", "artist": "Aluna", "popularity": 0, "danceability": 0.721, "energy": 0.894, "key": 3, "loudness": -7.59, "mode": 0, "speechiness": 0.0488, "acousticness": 0.0428, "instrumentalness": 0.502, "liveness": 0.134, "valence": 0.88, "tempo": 127.005, "duration_ms": 177638, "time_signature": 4}, {"uri": "spotify:track:7bp3zmEvpHLa0h32nhDUkB", "name": "L\u2019enfer", "artist": "Stromae", "popularity": 76, "danceability": 0.4, "energy": 0.547, "key": 2, "loudness": -8.381, "mode": 0, "speechiness": 0.177, "acousticness": 0.33, "instrumentalness": 0, "liveness": 0.241, "valence": 0.606, "tempo": 177.595, "duration_ms": 189720, "time_signature": 4}, {"uri": "spotify:track:0fVDu1evgjX9CFD0cmuRrM", "name": "LAst dAy oN EaRTh", "artist": "Tai Verdes", "popularity": 25, "danceability": 0.494, "energy": 0.553, "key": 5, "loudness": -5.57, "mode": 1, "speechiness": 0.197, "acousticness": 0.413, "instrumentalness": 4.17e-05, "liveness": 0.218, "valence": 0.359, "tempo": 82.061, "duration_ms": 172756, "time_signature": 4}, {"uri": "spotify:track:6b1eBxLC6cD3qvqZXrirgq", "name": "String Lights", "artist": "Peter McPoland", "popularity": 0, "danceability": 0.405, "energy": 0.465, "key": 5, "loudness": -6.095, "mode": 1, "speechiness": 0.031, "acousticness": 0.543, "instrumentalness": 5.09e-05, "liveness": 0.113, "valence": 0.311, "tempo": 127.78, "duration_ms": 230200, "time_signature": 3}, {"uri": "spotify:track:7l987hjMH9FBNXBE93Hrs7", "name": "WHERE WE ARE", "artist": "The Lumineers", "popularity": 0, "danceability": 0.573, "energy": 0.507, "key": 11, "loudness": -8.084, "mode": 1, "speechiness": 0.0342, "acousticness": 0.759, "instrumentalness": 1.37e-06, "liveness": 0.377, "valence": 0.363, "tempo": 123.183, "duration_ms": 172800, "time_signature": 4}, {"uri": "spotify:track:72W07qFR4D8v0vcAuWoanj", "name": "Bitter", "artist": "Kota the Friend", "popularity": 0, "danceability": 0.522, "energy": 0.674, "key": 6, "loudness": -7.292, "mode": 1, "speechiness": 0.368, "acousticness": 0.502, "instrumentalness": 0, "liveness": 0.109, "valence": 0.336, "tempo": 173.46, "duration_ms": 142281, "time_signature": 4}, {"uri": "spotify:track:79zOijd7A1FGKKGBQMqBKl", "name": "One Shot (feat. Blxst & Wale)", "artist": "Murda Beatz", "popularity": 0, "danceability": 0.684, "energy": 0.575, "key": 4, "loudness": -7.419, "mode": 1, "speechiness": 0.383, "acousticness": 0.242, "instrumentalness": 0, "liveness": 0.113, "valence": 0.724, "tempo": 89.401, "duration_ms": 153195, "time_signature": 4}, {"uri": "spotify:track:7imJEoNqRJL4n8OQEChzWG", "name": "Little Bother (feat. Foushe\u00e9)", "artist": "King Princess", "popularity": 0, "danceability": 0.484, "energy": 0.789, "key": 11, "loudness": -5.743, "mode": 1, "speechiness": 0.139, "acousticness": 0.403, "instrumentalness": 4.82e-06, "liveness": 0.296, "valence": 0.363, "tempo": 163.729, "duration_ms": 160682, "time_signature": 4}, {"uri": "spotify:track:6hIr2IDeBDXfRFk0rYe5Tz", "name": "Won\u2019t Stand Down", "artist": "Muse", "popularity": 0, "danceability": 0.514, "energy": 0.882, "key": 7, "loudness": -4.406, "mode": 1, "speechiness": 0.0862, "acousticness": 0.0043, "instrumentalness": 2.52e-06, "liveness": 0.156, "valence": 0.424, "tempo": 104.85, "duration_ms": 209061, "time_signature": 4}, {"uri": "spotify:track:6Au9UDzjeGFen7qMEDKju7", "name": "Shut Off The Lights", "artist": "Bastille", "popularity": 0, "danceability": 0.623, "energy": 0.904, "key": 10, "loudness": -3.24, "mode": 1, "speechiness": 0.124, "acousticness": 0.385, "instrumentalness": 0, "liveness": 0.147, "valence": 0.641, "tempo": 105.034, "duration_ms": 187364, "time_signature": 4}, {"uri": "spotify:track:10LSITr9KpQs2uCh7g2QQh", "name": "Come Close", "artist": "Anson Seabra", "popularity": 51, "danceability": 0.44, "energy": 0.241, "key": 7, "loudness": -11.581, "mode": 1, "speechiness": 0.0512, "acousticness": 0.884, "instrumentalness": 0, "liveness": 0.112, "valence": 0.277, "tempo": 78.083, "duration_ms": 179796, "time_signature": 4}, {"uri": "spotify:track:1f32820VZo8vu4eTzdOWAo", "name": "On My Own", "artist": "charlieonnafriday", "popularity": 0, "danceability": 0.725, "energy": 0.604, "key": 0, "loudness": -7.09, "mode": 0, "speechiness": 0.0346, "acousticness": 0.0293, "instrumentalness": 0, "liveness": 0.133, "valence": 0.148, "tempo": 97.031, "duration_ms": 170723, "time_signature": 4}, {"uri": "spotify:track:7CxH1tODk6zn4VrqXmJ0MF", "name": "Do No Wrong (feat. Trippie Redd & PnB Rock)", "artist": "Tyla Yaweh", "popularity": 0, "danceability": 0.699, "energy": 0.634, "key": 8, "loudness": -8.471, "mode": 0, "speechiness": 0.305, "acousticness": 0.175, "instrumentalness": 0, "liveness": 0.0968, "valence": 0.776, "tempo": 159.941, "duration_ms": 179390, "time_signature": 4}, {"uri": "spotify:track:0cp97b37sFNsdIbQH6po3T", "name": "Surround Sound (feat. 21 Savage & Baby Tate)", "artist": "JID", "popularity": 0, "danceability": 0.576, "energy": 0.577, "key": 5, "loudness": -7.111, "mode": 1, "speechiness": 0.477, "acousticness": 0.159, "instrumentalness": 0, "liveness": 0.26, "valence": 0.476, "tempo": 75.961, "duration_ms": 229938, "time_signature": 4}, {"uri": "spotify:track:2qvc0vB4AAW39DR9j6vXa1", "name": "THE REV3NGE", "artist": "Joey Bada$$", "popularity": 0, "danceability": 0.665, "energy": 0.846, "key": 8, "loudness": -3.874, "mode": 1, "speechiness": 0.0686, "acousticness": 0.0205, "instrumentalness": 0, "liveness": 0.157, "valence": 0.44, "tempo": 130.946, "duration_ms": 147213, "time_signature": 4}, {"uri": "spotify:track:6X1zhbLzOH4Pw5ip4MTnM1", "name": "No Puede Ser - with Eladio Carrion", "artist": "Mau y Ricky", "popularity": 0, "danceability": 0.682, "energy": 0.786, "key": 0, "loudness": -4.944, "mode": 1, "speechiness": 0.0395, "acousticness": 0.0622, "instrumentalness": 0, "liveness": 0.116, "valence": 0.609, "tempo": 152.021, "duration_ms": 191360, "time_signature": 4}, {"uri": "spotify:track:2QLdrqojYq2yRKHqv6tXh1", "name": "Sooner Or Later", "artist": "Years & Years", "popularity": 0, "danceability": 0.543, "energy": 0.774, "key": 10, "loudness": -4.053, "mode": 1, "speechiness": 0.0588, "acousticness": 0.00944, "instrumentalness": 0, "liveness": 0.0753, "valence": 0.501, "tempo": 121.081, "duration_ms": 200322, "time_signature": 3}, {"uri": "spotify:track:7qTf2TeEGdz9W1hFGPUiMK", "name": "Rapture In Blue", "artist": "Cautious Clay", "popularity": 37, "danceability": 0.601, "energy": 0.691, "key": 6, "loudness": -7.406, "mode": 0, "speechiness": 0.0506, "acousticness": 0.0132, "instrumentalness": 0.000246, "liveness": 0.249, "valence": 0.688, "tempo": 160.023, "duration_ms": 144131, "time_signature": 4}, {"uri": "spotify:track:5DlYApPK4CTb6Bkyn68VQf", "name": "Hard Being Alive (feat. Chloe Moriondo)", "artist": "Oscar Scheller", "popularity": 0, "danceability": 0.568, "energy": 0.682, "key": 5, "loudness": -4.363, "mode": 1, "speechiness": 0.0338, "acousticness": 0.00888, "instrumentalness": 0.00642, "liveness": 0.0839, "valence": 0.488, "tempo": 160.095, "duration_ms": 176253, "time_signature": 4}, {"uri": "spotify:track:0uSVWoWfql3wPIMlJqBbOS", "name": "Lye", "artist": "Earl Sweatshirt", "popularity": 0, "danceability": 0.463, "energy": 0.717, "key": 1, "loudness": -4.446, "mode": 1, "speechiness": 0.216, "acousticness": 0.106, "instrumentalness": 0, "liveness": 0.169, "valence": 0.67, "tempo": 149.99, "duration_ms": 112788, "time_signature": 4}, {"uri": "spotify:track:7xDWUhy7YerkQMFUGwwaOr", "name": "Come With Me", "artist": "Ant Clemons", "popularity": 0, "danceability": 0.615, "energy": 0.347, "key": 8, "loudness": -10.01, "mode": 1, "speechiness": 0.0974, "acousticness": 0.563, "instrumentalness": 5.28e-05, "liveness": 0.3, "valence": 0.571, "tempo": 128.5, "duration_ms": 154547, "time_signature": 4}, {"uri": "spotify:track:4lSNyiHil3tuiwtvEpN1qq", "name": "Trouble With A Heartbreak", "artist": "Jason Aldean", "popularity": 0, "danceability": 0.582, "energy": 0.797, "key": 5, "loudness": -4.926, "mode": 1, "speechiness": 0.0334, "acousticness": 0.23, "instrumentalness": 0, "liveness": 0.132, "valence": 0.595, "tempo": 135.973, "duration_ms": 196027, "time_signature": 4}, {"uri": "spotify:track:64n7p9bHvB2OMksxeUyQi1", "name": "Want That Back", "artist": "Brett Eldredge", "popularity": 0, "danceability": 0.342, "energy": 0.47, "key": 11, "loudness": -6.87, "mode": 1, "speechiness": 0.0386, "acousticness": 0.615, "instrumentalness": 0, "liveness": 0.241, "valence": 0.319, "tempo": 87.669, "duration_ms": 193693, "time_signature": 4}, {"uri": "spotify:track:1cRY1p6f4k8B1fGt7hnP5H", "name": "A LOT", "artist": "John K", "popularity": 0, "danceability": 0.9, "energy": 0.389, "key": 5, "loudness": -8.805, "mode": 1, "speechiness": 0.045, "acousticness": 0.603, "instrumentalness": 2.24e-06, "liveness": 0.0975, "valence": 0.546, "tempo": 90.98, "duration_ms": 181945, "time_signature": 4}, {"uri": "spotify:track:22uD6yBefgzRTLrohe4IZs", "name": "Ride or Die", "artist": "Hippo Campus", "popularity": 52, "danceability": 0.544, "energy": 0.716, "key": 9, "loudness": -6.182, "mode": 1, "speechiness": 0.0458, "acousticness": 0.214, "instrumentalness": 1.62e-06, "liveness": 0.114, "valence": 0.784, "tempo": 183.977, "duration_ms": 210609, "time_signature": 4}, {"uri": "spotify:track:7mftg8God1V8NdHIukbGgx", "name": "Regres\u00e9", "artist": "Sebastian Yatra", "popularity": 0, "danceability": 0.766, "energy": 0.648, "key": 2, "loudness": -3.914, "mode": 1, "speechiness": 0.106, "acousticness": 0.166, "instrumentalness": 1.83e-06, "liveness": 0.218, "valence": 0.682, "tempo": 74.979, "duration_ms": 195507, "time_signature": 4}, {"uri": "spotify:track:0rCBbW26RIbOH4i1CHmxP3", "name": "Remember", "artist": "Russ", "popularity": 0, "danceability": 0.747, "energy": 0.318, "key": 3, "loudness": -7.352, "mode": 0, "speechiness": 0.0665, "acousticness": 0.887, "instrumentalness": 0.122, "liveness": 0.104, "valence": 0.164, "tempo": 124.849, "duration_ms": 199680, "time_signature": 4}, {"uri": "spotify:track:774RwZfAI8Ge5RcFu0pzD6", "name": "Come My Way (feat. Krayzie Bone)", "artist": "Saba", "popularity": 0, "danceability": 0.733, "energy": 0.586, "key": 1, "loudness": -7.077, "mode": 0, "speechiness": 0.0865, "acousticness": 0.151, "instrumentalness": 6.84e-06, "liveness": 0.109, "valence": 0.435, "tempo": 140.861, "duration_ms": 190653, "time_signature": 4}, {"uri": "spotify:track:3EgG8FCbyTpVBU0BgDpiMF", "name": "All Eyes On Me", "artist": "EARTHGANG", "popularity": 0, "danceability": 0.913, "energy": 0.52, "key": 2, "loudness": -8.502, "mode": 0, "speechiness": 0.325, "acousticness": 0.542, "instrumentalness": 0, "liveness": 0.0938, "valence": 0.466, "tempo": 90.004, "duration_ms": 240289, "time_signature": 4}, {"uri": "spotify:track:2P6438nC3xrOGBy9dwMFqK", "name": "WIN", "artist": "BEAM", "popularity": 0, "danceability": 0.804, "energy": 0.64, "key": 1, "loudness": -6.301, "mode": 0, "speechiness": 0.322, "acousticness": 0.011, "instrumentalness": 0.00479, "liveness": 0.755, "valence": 0.152, "tempo": 150.091, "duration_ms": 169340, "time_signature": 4}, {"uri": "spotify:track:4hH46xhExjwEGfuWFgnOc3", "name": "i think i wanna text u", "artist": "vaultboy", "popularity": 0, "danceability": 0.454, "energy": 0.419, "key": 7, "loudness": -9.184, "mode": 1, "speechiness": 0.0352, "acousticness": 0.179, "instrumentalness": 0, "liveness": 0.132, "valence": 0.224, "tempo": 76.925, "duration_ms": 196481, "time_signature": 4}, {"uri": "spotify:track:1DiDwTApBRcmxV1Cw2JBc0", "name": "LOUD", "artist": "Sofia Carson", "popularity": 0, "danceability": 0.45, "energy": 0.373, "key": 6, "loudness": -8.276, "mode": 0, "speechiness": 0.0536, "acousticness": 0.116, "instrumentalness": 1.19e-05, "liveness": 0.107, "valence": 0.176, "tempo": 181.586, "duration_ms": 212101, "time_signature": 3}, {"uri": "spotify:track:1KMEDSIl2j1NwYa9mgvMyg", "name": "Memory Lane", "artist": "Haley Joelle", "popularity": 13, "danceability": 0.488, "energy": 0.103, "key": 1, "loudness": -12.009, "mode": 1, "speechiness": 0.0522, "acousticness": 0.933, "instrumentalness": 0, "liveness": 0.107, "valence": 0.326, "tempo": 120.141, "duration_ms": 154000, "time_signature": 4}, {"uri": "spotify:track:0xIo8d1CLxARzQhaZwJ1RM", "name": "Age of Phase", "artist": "Bonobo", "popularity": 0, "danceability": 0.706, "energy": 0.697, "key": 6, "loudness": -8.455, "mode": 0, "speechiness": 0.0361, "acousticness": 0.316, "instrumentalness": 0.763, "liveness": 0.0681, "valence": 0.377, "tempo": 123.993, "duration_ms": 342053, "time_signature": 4}, {"uri": "spotify:track:2FcfiX8WugD8q3k5UUrKN2", "name": "Next to Normal", "artist": "Lucius", "popularity": 28, "danceability": 0.853, "energy": 0.558, "key": 2, "loudness": -5.931, "mode": 0, "speechiness": 0.0365, "acousticness": 0.138, "instrumentalness": 0.000272, "liveness": 0.289, "valence": 0.962, "tempo": 106.998, "duration_ms": 190965, "time_signature": 4}, {"uri": "spotify:track:5anYF2hAddGXTmeHufKsHN", "name": "Brother the Cloud", "artist": "Eddie Vedder", "popularity": 0, "danceability": 0.562, "energy": 0.864, "key": 8, "loudness": -5.41, "mode": 1, "speechiness": 0.0379, "acousticness": 0.000987, "instrumentalness": 0, "liveness": 0.114, "valence": 0.412, "tempo": 138.033, "duration_ms": 262227, "time_signature": 4}, {"uri": "spotify:track:2PhJC1jsvVIbpbBjDs9Bkv", "name": "Angels", "artist": "Thomas Rhett", "popularity": 0, "danceability": 0.287, "energy": 0.474, "key": 1, "loudness": -6.088, "mode": 1, "speechiness": 0.0271, "acousticness": 0.117, "instrumentalness": 3.82e-05, "liveness": 0.111, "valence": 0.321, "tempo": 60.462, "duration_ms": 214040, "time_signature": 3}, {"uri": "spotify:track:5pdva7MBVV6DSzs8LHu9uO", "name": "Somewhere In A Small Town", "artist": "Conner Smith", "popularity": 0, "danceability": 0.519, "energy": 0.953, "key": 6, "loudness": -3.438, "mode": 1, "speechiness": 0.104, "acousticness": 0.0357, "instrumentalness": 0, "liveness": 0.0997, "valence": 0.25, "tempo": 120.038, "duration_ms": 207507, "time_signature": 4}, {"uri": "spotify:track:4PsWkgvetxEeApf3RBHDbV", "name": "Party, Humo y Alcohol", "artist": "CNCO", "popularity": 0, "danceability": 0.82, "energy": 0.83, "key": 3, "loudness": -3.318, "mode": 1, "speechiness": 0.0286, "acousticness": 0.0488, "instrumentalness": 0, "liveness": 0.0899, "valence": 0.52, "tempo": 108.013, "duration_ms": 216447, "time_signature": 4}, {"uri": "spotify:track:1rJgKcK3ilp4xg7WxTs4RG", "name": "Love Brand New", "artist": "Bob Moses", "popularity": 0, "danceability": 0.476, "energy": 0.869, "key": 11, "loudness": -3.584, "mode": 0, "speechiness": 0.0752, "acousticness": 0.00569, "instrumentalness": 0.00011, "liveness": 0.134, "valence": 0.221, "tempo": 92.987, "duration_ms": 198480, "time_signature": 4}, {"uri": "spotify:track:7ecbsiAQ6PNdiAq0hplVZo", "name": "Blessed-Cursed", "artist": "ENHYPEN", "popularity": 74, "danceability": 0.604, "energy": 0.886, "key": 4, "loudness": -3.523, "mode": 0, "speechiness": 0.061, "acousticness": 0.0925, "instrumentalness": 0, "liveness": 0.596, "valence": 0.401, "tempo": 127.098, "duration_ms": 170805, "time_signature": 4}, {"uri": "spotify:track:3QWIMcT8jEbBaGAXZDRmel", "name": "Picture Myself", "artist": "Stephanie Poetri", "popularity": 0, "danceability": 0.674, "energy": 0.343, "key": 10, "loudness": -7.059, "mode": 0, "speechiness": 0.0286, "acousticness": 0.948, "instrumentalness": 1.15e-05, "liveness": 0.124, "valence": 0.292, "tempo": 146.019, "duration_ms": 211337, "time_signature": 4}, {"uri": "spotify:track:0G9v9DMNKxWk8w25CWLilK", "name": "Quarry", "artist": "Barrie", "popularity": 32, "danceability": 0.616, "energy": 0.541, "key": 1, "loudness": -9.156, "mode": 1, "speechiness": 0.0458, "acousticness": 0.621, "instrumentalness": 0.119, "liveness": 0.107, "valence": 0.539, "tempo": 140.045, "duration_ms": 172888, "time_signature": 4}, {"uri": "spotify:track:0byJI4UB0ibHxUVz5Fz5Ne", "name": "squares", "artist": "Cavetown", "popularity": 0, "danceability": 0.641, "energy": 0.154, "key": 0, "loudness": -16.087, "mode": 1, "speechiness": 0.034, "acousticness": 0.894, "instrumentalness": 0.229, "liveness": 0.101, "valence": 0.0396, "tempo": 130.056, "duration_ms": 267031, "time_signature": 4}, {"uri": "spotify:track:1Fh7lpiy8m6ZU9y3yLAFnW", "name": "It's Easy", "artist": "Yot Club", "popularity": 0, "danceability": 0.536, "energy": 0.569, "key": 1, "loudness": -9.847, "mode": 1, "speechiness": 0.031, "acousticness": 0.0165, "instrumentalness": 0.93, "liveness": 0.194, "valence": 0.119, "tempo": 174.026, "duration_ms": 220668, "time_signature": 4}, {"uri": "spotify:track:5ZsJidhpJJ4qFhmp5h5oyk", "name": "Love Is Selfish", "artist": "Jack White", "popularity": 0, "danceability": 0.595, "energy": 0.392, "key": 0, "loudness": -10.426, "mode": 1, "speechiness": 0.0282, "acousticness": 0.735, "instrumentalness": 0.00065, "liveness": 0.111, "valence": 0.198, "tempo": 82.005, "duration_ms": 172885, "time_signature": 4}, {"uri": "spotify:track:6uoAE0LHNKqNsL6Jk6uwUV", "name": "Taurus", "artist": "Jacques Greene", "popularity": 2, "danceability": 0.594, "energy": 0.87, "key": 9, "loudness": -6.36, "mode": 0, "speechiness": 0.042, "acousticness": 0.0869, "instrumentalness": 0.865, "liveness": 0.119, "valence": 0.161, "tempo": 132.03, "duration_ms": 282091, "time_signature": 4}, {"uri": "spotify:track:1siBeqPJIFu48T8ZihxeuN", "name": "Dancing With The Devil", "artist": "Babyface Ray", "popularity": 0, "danceability": 0.802, "energy": 0.614, "key": 5, "loudness": -6.115, "mode": 0, "speechiness": 0.432, "acousticness": 0.264, "instrumentalness": 0, "liveness": 0.124, "valence": 0.259, "tempo": 91.955, "duration_ms": 169717, "time_signature": 4}, {"uri": "spotify:track:4ooLeGJxmJ89FwaqojgI0D", "name": "Back It Up", "artist": "Popp Hunna", "popularity": 0, "danceability": 0.817, "energy": 0.576, "key": 8, "loudness": -5.918, "mode": 1, "speechiness": 0.261, "acousticness": 0.15, "instrumentalness": 0, "liveness": 0.29, "valence": 0.819, "tempo": 144.999, "duration_ms": 158897, "time_signature": 4}, {"uri": "spotify:track:512YmmPt5AELP0TLAdzSUW", "name": "Boom (ft. JID)", "artist": "Token", "popularity": 18, "danceability": 0.858, "energy": 0.729, "key": 1, "loudness": -7.344, "mode": 1, "speechiness": 0.216, "acousticness": 0.0387, "instrumentalness": 0, "liveness": 0.315, "valence": 0.327, "tempo": 125.998, "duration_ms": 154906, "time_signature": 4}, {"uri": "spotify:track:1zJji00l6MIBJ8elu1a9zC", "name": "Motorola Era", "artist": "AZ", "popularity": 0, "danceability": 0.674, "energy": 0.689, "key": 1, "loudness": -6.826, "mode": 1, "speechiness": 0.271, "acousticness": 0.273, "instrumentalness": 0, "liveness": 0.347, "valence": 0.777, "tempo": 163.838, "duration_ms": 166799, "time_signature": 4}, {"uri": "spotify:track:7A9JSq4XOYn9bhSFcGJxto", "name": "pity party (feat. Royal & The Serpent)", "artist": "Stand Atlantic", "popularity": 0, "danceability": 0.579, "energy": 0.846, "key": 0, "loudness": -5.155, "mode": 1, "speechiness": 0.0474, "acousticness": 0.000984, "instrumentalness": 0, "liveness": 0.0707, "valence": 0.74, "tempo": 149.954, "duration_ms": 161562, "time_signature": 4}, {"uri": "spotify:track:697MdxMbVWn1Ajbw8iaPv5", "name": "Last Birthday", "artist": "Valley", "popularity": 41, "danceability": 0.706, "energy": 0.644, "key": 8, "loudness": -7.772, "mode": 1, "speechiness": 0.0318, "acousticness": 0.14, "instrumentalness": 0, "liveness": 0.154, "valence": 0.603, "tempo": 120.002, "duration_ms": 237231, "time_signature": 4}, {"uri": "spotify:track:5XlnAIPiOSEODsogL9Doxz", "name": "I Never Learn", "artist": "Ai Bendr", "popularity": 0, "danceability": 0.667, "energy": 0.581, "key": 8, "loudness": -7.859, "mode": 1, "speechiness": 0.0664, "acousticness": 0.0802, "instrumentalness": 0, "liveness": 0.103, "valence": 0.162, "tempo": 82.477, "duration_ms": 197473, "time_signature": 4}, {"uri": "spotify:track:5qysxEb8AgQ5GLNg1cpGcp", "name": "Naked", "artist": "BAYNK", "popularity": 0, "danceability": 0.878, "energy": 0.582, "key": 11, "loudness": -4.788, "mode": 1, "speechiness": 0.0705, "acousticness": 0.549, "instrumentalness": 0.00131, "liveness": 0.0724, "valence": 0.291, "tempo": 117.025, "duration_ms": 188724, "time_signature": 4}, {"uri": "spotify:track:3mMWre0KnZ4aPuhZF62KmV", "name": "Day By Day", "artist": "Frank Walker", "popularity": 0, "danceability": 0.615, "energy": 0.806, "key": 8, "loudness": -7.022, "mode": 1, "speechiness": 0.104, "acousticness": 0.481, "instrumentalness": 0.33, "liveness": 0.315, "valence": 0.422, "tempo": 123.057, "duration_ms": 168586, "time_signature": 4}, {"uri": "spotify:track:2L87cMenk89nNivoM1fmPU", "name": "Payback (feat. Knucks)", "artist": "Kojey Radical", "popularity": 0, "danceability": 0.911, "energy": 0.685, "key": 5, "loudness": -3.527, "mode": 1, "speechiness": 0.324, "acousticness": 0.0452, "instrumentalness": 0, "liveness": 0.0693, "valence": 0.822, "tempo": 98.189, "duration_ms": 164962, "time_signature": 4}, {"uri": "spotify:track:0SBnx2rzXbh1Gt2WmmMX0g", "name": "No One Gets Me (feat. RMR)", "artist": "Johan Lenox", "popularity": 0, "danceability": 0.533, "energy": 0.592, "key": 0, "loudness": -6.938, "mode": 1, "speechiness": 0.0516, "acousticness": 0.27, "instrumentalness": 1.03e-05, "liveness": 0.126, "valence": 0.161, "tempo": 152.023, "duration_ms": 202253, "time_signature": 4}, {"uri": "spotify:track:63HeOmi0Cav15rLsktJq8W", "name": "Liberation", "artist": "BUZZ", "popularity": 1, "danceability": 0.364, "energy": 0.173, "key": 7, "loudness": -10.503, "mode": 1, "speechiness": 0.0425, "acousticness": 0.639, "instrumentalness": 0, "liveness": 0.153, "valence": 0.217, "tempo": 115.993, "duration_ms": 158770, "time_signature": 4}, {"uri": "spotify:track:3nfC5ikuvw3mxDEE10c7EA", "name": "Hold Me Down", "artist": "Niko Rubio", "popularity": 0, "danceability": 0.71, "energy": 0.489, "key": 9, "loudness": -6.374, "mode": 0, "speechiness": 0.0276, "acousticness": 0.514, "instrumentalness": 0, "liveness": 0.307, "valence": 0.509, "tempo": 96.027, "duration_ms": 162730, "time_signature": 4}, {"uri": "spotify:track:3zAOcNGOFq5Q1OsN0tcxA0", "name": "Everything She Ain\u2019t", "artist": "Hailey Whitters", "popularity": 0, "danceability": 0.796, "energy": 0.621, "key": 2, "loudness": -6.129, "mode": 1, "speechiness": 0.0346, "acousticness": 0.175, "instrumentalness": 0, "liveness": 0.274, "valence": 0.808, "tempo": 121.904, "duration_ms": 151973, "time_signature": 4}, {"uri": "spotify:track:0iVbEBizaS8X9RW1MLzKB8", "name": "Break My Heart Again", "artist": "Danielle Bradbery", "popularity": 0, "danceability": 0.572, "energy": 0.406, "key": 0, "loudness": -8.462, "mode": 1, "speechiness": 0.032, "acousticness": 0.641, "instrumentalness": 0, "liveness": 0.107, "valence": 0.35, "tempo": 81.768, "duration_ms": 201256, "time_signature": 4}, {"uri": "spotify:track:3kgUL6z42w6qC6Tp5FrZrU", "name": "This Car Drives All by Itself", "artist": "The Wombats", "popularity": 0, "danceability": 0.606, "energy": 0.949, "key": 5, "loudness": -5.216, "mode": 1, "speechiness": 0.0534, "acousticness": 0.000257, "instrumentalness": 0.00253, "liveness": 0.311, "valence": 0.245, "tempo": 129.307, "duration_ms": 285187, "time_signature": 4}, {"uri": "spotify:track:3mOf4VKJR7S8fHXlMakRK1", "name": "Did You Sleep Last Night?", "artist": "LAUNDRY DAY", "popularity": 0, "danceability": 0.536, "energy": 0.887, "key": 1, "loudness": -6.719, "mode": 0, "speechiness": 0.0719, "acousticness": 0.0639, "instrumentalness": 0, "liveness": 0.129, "valence": 0.439, "tempo": 99.912, "duration_ms": 190000, "time_signature": 4}, {"uri": "spotify:track:0N5AyKOTiKUDMNKidsGK5w", "name": "Tesla", "artist": "The Simps", "popularity": 48, "danceability": 0.533, "energy": 0.546, "key": 0, "loudness": -11.41, "mode": 0, "speechiness": 0.0359, "acousticness": 0.427, "instrumentalness": 0.771, "liveness": 0.114, "valence": 0.145, "tempo": 77.18, "duration_ms": 236547, "time_signature": 4}, {"uri": "spotify:track:5fzFsmKy3ey9HHkUxrKYhW", "name": "Too Dead Inside", "artist": "yeule", "popularity": 14, "danceability": 0.628, "energy": 0.786, "key": 5, "loudness": -8.15, "mode": 0, "speechiness": 0.0593, "acousticness": 0.153, "instrumentalness": 0.000772, "liveness": 0.0777, "valence": 0.243, "tempo": 103.01, "duration_ms": 205775, "time_signature": 4}, {"uri": "spotify:track:2CAQr9uW764IVG1eIQyeSg", "name": "Walking On Water (feat. Totally Enormous Extinct Dinosaurs)", "artist": "The Knocks", "popularity": 0, "danceability": 0.768, "energy": 0.613, "key": 7, "loudness": -7.098, "mode": 0, "speechiness": 0.133, "acousticness": 0.399, "instrumentalness": 0.524, "liveness": 0.196, "valence": 0.218, "tempo": 124.956, "duration_ms": 216107, "time_signature": 4}, {"uri": "spotify:track:7Fbx8mVJy36dsVq9IYTRXu", "name": "Sextacy", "artist": "SIDEPIECE", "popularity": 0, "danceability": 0.809, "energy": 0.953, "key": 1, "loudness": -4.793, "mode": 0, "speechiness": 0.048, "acousticness": 0.00439, "instrumentalness": 0.312, "liveness": 0.312, "valence": 0.873, "tempo": 125.008, "duration_ms": 153600, "time_signature": 4}, {"uri": "spotify:track:4ZZqSUo5sAxJq9yxUkQY0o", "name": "The Best", "artist": "Erica Banks", "popularity": 0, "danceability": 0.938, "energy": 0.317, "key": 1, "loudness": -5.854, "mode": 1, "speechiness": 0.276, "acousticness": 0.00951, "instrumentalness": 4.91e-06, "liveness": 0.0805, "valence": 0.473, "tempo": 135.931, "duration_ms": 152647, "time_signature": 4}, {"uri": "spotify:track:14ebwzoKQJcoDjrOZUbWrS", "name": "BANTER.", "artist": "KDVSGOLIATH", "popularity": 0, "danceability": 0.886, "energy": 0.598, "key": 9, "loudness": -5.363, "mode": 0, "speechiness": 0.166, "acousticness": 0.0772, "instrumentalness": 0, "liveness": 0.242, "valence": 0.702, "tempo": 130.092, "duration_ms": 120115, "time_signature": 4}, {"uri": "spotify:track:4VuSIe4YFYH7QrkDJtTEuK", "name": "Consequences", "artist": "Wintr", "popularity": 0, "danceability": 0.815, "energy": 0.64, "key": 7, "loudness": -11.029, "mode": 1, "speechiness": 0.231, "acousticness": 0.053, "instrumentalness": 0, "liveness": 0.138, "valence": 0.54, "tempo": 144.014, "duration_ms": 146667, "time_signature": 4}, {"uri": "spotify:track:3yy7wABKnsE3v8cysgPGaV", "name": "Keep Coming Back for More (feat. Salt Cathedral)", "artist": "Matisyahu", "popularity": 0, "danceability": 0.699, "energy": 0.487, "key": 0, "loudness": -9.188, "mode": 1, "speechiness": 0.0467, "acousticness": 0.221, "instrumentalness": 2.53e-05, "liveness": 0.104, "valence": 0.565, "tempo": 90.027, "duration_ms": 249067, "time_signature": 4}, {"uri": "spotify:track:4oxqZP2uWGdY5DQLeOQkgg", "name": "Bag", "artist": "Amanda Reifer", "popularity": 0, "danceability": 0.875, "energy": 0.575, "key": 11, "loudness": -7.742, "mode": 0, "speechiness": 0.208, "acousticness": 0.0174, "instrumentalness": 0, "liveness": 0.098, "valence": 0.433, "tempo": 99.995, "duration_ms": 178321, "time_signature": 4}, {"uri": "spotify:track:7wDgmIFI9Yv039Upip0mO5", "name": "More Pressure", "artist": "Kae Tempest", "popularity": 42, "danceability": 0.912, "energy": 0.751, "key": 2, "loudness": -9.76, "mode": 1, "speechiness": 0.109, "acousticness": 0.152, "instrumentalness": 1.46e-05, "liveness": 0.088, "valence": 0.435, "tempo": 117.983, "duration_ms": 194173, "time_signature": 4}, {"uri": "spotify:track:6bO7GeKYXEvOEDi9O3zMOC", "name": "Paramaniac", "artist": "Abby Roberts", "popularity": 12, "danceability": 0.477, "energy": 0.76, "key": 9, "loudness": -5.745, "mode": 1, "speechiness": 0.054, "acousticness": 0.00425, "instrumentalness": 6.46e-06, "liveness": 0.337, "valence": 0.465, "tempo": 132.909, "duration_ms": 180302, "time_signature": 4}, {"uri": "spotify:track:27q9snUZ3LptuVJyXgrHPk", "name": "Kind of Love", "artist": "Natalie Jane", "popularity": 0, "danceability": 0.531, "energy": 0.616, "key": 11, "loudness": -6.254, "mode": 1, "speechiness": 0.0576, "acousticness": 0.788, "instrumentalness": 0, "liveness": 0.227, "valence": 0.337, "tempo": 129.818, "duration_ms": 218080, "time_signature": 4}, {"uri": "spotify:track:2yHmIxXi48DFl6zQlIhEaj", "name": "Wildfire", "artist": "Against The Current", "popularity": 56, "danceability": 0.569, "energy": 0.884, "key": 6, "loudness": -5.654, "mode": 0, "speechiness": 0.0316, "acousticness": 0.000158, "instrumentalness": 0.000619, "liveness": 0.199, "valence": 0.429, "tempo": 121.01, "duration_ms": 166779, "time_signature": 4}, {"uri": "spotify:track:7l35PR5pQl5w3QjpBROEl3", "name": "Destiny", "artist": "Skillet", "popularity": 0, "danceability": 0.32, "energy": 0.966, "key": 11, "loudness": -4.261, "mode": 0, "speechiness": 0.265, "acousticness": 0.00915, "instrumentalness": 0, "liveness": 0.406, "valence": 0.208, "tempo": 112.01, "duration_ms": 242194, "time_signature": 5}, {"uri": "spotify:track:1orUxXlzRhWpIRZj1XcY6Q", "name": "The Boy Named If", "artist": "Elvis Costello", "popularity": 0, "danceability": 0.504, "energy": 0.732, "key": 7, "loudness": -5.712, "mode": 0, "speechiness": 0.0358, "acousticness": 0.00158, "instrumentalness": 1.29e-05, "liveness": 0.148, "valence": 0.375, "tempo": 148.062, "duration_ms": 264640, "time_signature": 4}, {"uri": "spotify:track:5qXbNSvVp8rB4Kcy2DTTIt", "name": "Make It Out (feat. Maisie Peters)", "artist": "Henry Jamison", "popularity": 0, "danceability": 0.533, "energy": 0.226, "key": 2, "loudness": -13.178, "mode": 1, "speechiness": 0.0493, "acousticness": 0.784, "instrumentalness": 0.000237, "liveness": 0.117, "valence": 0.0758, "tempo": 138.461, "duration_ms": 183360, "time_signature": 4}, {"uri": "spotify:track:0lwRMQQ6BxVBV0WaokbQ22", "name": "Lawn", "artist": "Aldous Harding", "popularity": 12, "danceability": 0.643, "energy": 0.537, "key": 11, "loudness": -9.051, "mode": 1, "speechiness": 0.0294, "acousticness": 0.41, "instrumentalness": 0.000374, "liveness": 0.0846, "valence": 0.595, "tempo": 94.972, "duration_ms": 217067, "time_signature": 4}, {"uri": "spotify:track:2xYVyHIRMmA6dVqSrn3ReA", "name": "you can't stay mad at me", "artist": "lael", "popularity": 0, "danceability": 0.699, "energy": 0.615, "key": 2, "loudness": -5.186, "mode": 1, "speechiness": 0.0451, "acousticness": 0.282, "instrumentalness": 0, "liveness": 0.0827, "valence": 0.435, "tempo": 159.987, "duration_ms": 136770, "time_signature": 4}, {"uri": "spotify:track:1iuxawB2mf8iBWtagkzciJ", "name": "Different", "artist": "dexter", "popularity": 13, "danceability": 0.685, "energy": 0.339, "key": 3, "loudness": -13.202, "mode": 1, "speechiness": 0.0371, "acousticness": 0.943, "instrumentalness": 0.000619, "liveness": 0.115, "valence": 0.303, "tempo": 121.049, "duration_ms": 168267, "time_signature": 4}, {"uri": "spotify:track:1DxRMgLoWXgmIFF2Unp5pD", "name": "Packs and Potions", "artist": "HAZEY", "popularity": 0, "danceability": 0.872, "energy": 0.525, "key": 11, "loudness": -6.374, "mode": 1, "speechiness": 0.419, "acousticness": 0.272, "instrumentalness": 1.76e-06, "liveness": 0.0691, "valence": 0.701, "tempo": 144.941, "duration_ms": 160552, "time_signature": 4}, {"uri": "spotify:track:7uZVOTiEJU5ZEDHpHGGfPZ", "name": "Passing Thru", "artist": "Keedron Bryant", "popularity": 0, "danceability": 0.511, "energy": 0.576, "key": 8, "loudness": -8.194, "mode": 1, "speechiness": 0.0389, "acousticness": 0.0235, "instrumentalness": 2.26e-06, "liveness": 0.28, "valence": 0.484, "tempo": 134.339, "duration_ms": 180048, "time_signature": 3}, {"uri": "spotify:track:2MxHuZWC99rsELX9SrCW7K", "name": "Buenos D\u00edas", "artist": "Wisin", "popularity": 0, "danceability": 0.679, "energy": 0.806, "key": 8, "loudness": -4.226, "mode": 1, "speechiness": 0.0517, "acousticness": 0.0671, "instrumentalness": 0, "liveness": 0.0847, "valence": 0.966, "tempo": 171.915, "duration_ms": 199827, "time_signature": 4}, {"uri": "spotify:track:0h0PVL7SoC7l4sJ5AYQZX5", "name": "When's It Gonna Happen", "artist": "Tenille Townes", "popularity": 0, "danceability": 0.644, "energy": 0.812, "key": 0, "loudness": -4.777, "mode": 1, "speechiness": 0.0288, "acousticness": 0.0294, "instrumentalness": 1.86e-05, "liveness": 0.0757, "valence": 0.587, "tempo": 102.021, "duration_ms": 217647, "time_signature": 4}, {"uri": "spotify:track:3izibnOkKCvSjKWYXAS2BO", "name": "April", "artist": "Ben Kessler", "popularity": 0, "danceability": 0.599, "energy": 0.485, "key": 4, "loudness": -10.102, "mode": 1, "speechiness": 0.0791, "acousticness": 0.319, "instrumentalness": 9.95e-06, "liveness": 0.506, "valence": 0.578, "tempo": 105.057, "duration_ms": 154289, "time_signature": 4}]