[{"uri": "spotify:track:2WfaOiMkCvy7F5fcp2zZ8L", "name": "Take on Me", "artist": "a-ha", "popularity": 86, "danceability": 0.573, "energy": 0.902, "key": 6, "loudness": -7.638, "mode": 0, "speechiness": 0.054, "acousticness": 0.018, "instrumentalness": 0.00125, "liveness": 0.0928, "valence": 0.876, "tempo": 84.412, "duration_ms": 225280, "time_signature": 4}, {"uri": "spotify:track:5huh0htdiJDatAtbHLtpfz", "name": "A Groovy Kind Of Love", "artist": "Phil Collins", "popularity": 0, "danceability": 0.46, "energy": 0.182, "key": 2, "loudness": -14.711, "mode": 1, "speechiness": 0.0303, "acousticness": 0.283, "instrumentalness": 2.57e-05, "liveness": 0.101, "valence": 0.188, "tempo": 144.066, "duration_ms": 209333, "time_signature": 4}, {"uri": "spotify:track:1Jj6MF0xDOMA3Ut2Z368Bx", "name": "Time After Time", "artist": "Cyndi Lauper", "popularity": 74, "danceability": 0.724, "energy": 0.436, "key": 0, "loudness": -9.321, "mode": 1, "speechiness": 0.0282, "acousticness": 0.576, "instrumentalness": 1.19e-06, "liveness": 0.0908, "valence": 0.324, "tempo": 130.439, "duration_ms": 243067, "time_signature": 4}, {"uri": "spotify:track:4kOfxxnW1ukZdsNbCKY9br", "name": "What's Love Got to Do with It", "artist": "Tina Turner", "popularity": 74, "danceability": 0.851, "energy": 0.406, "key": 1, "loudness": -11.631, "mode": 1, "speechiness": 0.0661, "acousticness": 0.219, "instrumentalness": 6.41e-06, "liveness": 0.0853, "valence": 0.792, "tempo": 97.84, "duration_ms": 226880, "time_signature": 4}, {"uri": "spotify:track:7FwBtcecmlpc1sLySPXeGE", "name": "Dancing In the Dark", "artist": "Bruce Springsteen", "popularity": 80, "danceability": 0.527, "energy": 0.942, "key": 1, "loudness": -5.64, "mode": 0, "speechiness": 0.0366, "acousticness": 0.0115, "instrumentalness": 0, "liveness": 0.188, "valence": 0.495, "tempo": 148.723, "duration_ms": 241307, "time_signature": 4}, {"uri": "spotify:track:0SNGe4xksgp7CGnY5kMXOJ", "name": "Every Breath You Take", "artist": "The Police", "popularity": 71, "danceability": 0.822, "energy": 0.478, "key": 1, "loudness": -8.746, "mode": 1, "speechiness": 0.0343, "acousticness": 0.559, "instrumentalness": 0.0073, "liveness": 0.0813, "valence": 0.722, "tempo": 117.394, "duration_ms": 251573, "time_signature": 4}, {"uri": "spotify:track:4NH4xiPQ7TqNGqj6pZV4ki", "name": "Karma Chameleon", "artist": "Culture Club", "popularity": 68, "danceability": 0.668, "energy": 0.473, "key": 10, "loudness": -15.402, "mode": 1, "speechiness": 0.0336, "acousticness": 0.231, "instrumentalness": 0, "liveness": 0.115, "valence": 0.962, "tempo": 91.976, "duration_ms": 242200, "time_signature": 4}, {"uri": "spotify:track:5ChkMS8OtdzJeqyybCc9R5", "name": "Billie Jean", "artist": "Michael Jackson", "popularity": 85, "danceability": 0.92, "energy": 0.654, "key": 11, "loudness": -3.051, "mode": 0, "speechiness": 0.0401, "acousticness": 0.0236, "instrumentalness": 0.0158, "liveness": 0.0359, "valence": 0.847, "tempo": 117.046, "duration_ms": 293827, "time_signature": 4}, {"uri": "spotify:track:2tUBqZG2AbRi7Q0BIrVrEj", "name": "I Wanna Dance with Somebody (Who Loves Me)", "artist": "Whitney Houston", "popularity": 83, "danceability": 0.709, "energy": 0.824, "key": 1, "loudness": -8.824, "mode": 1, "speechiness": 0.0453, "acousticness": 0.207, "instrumentalness": 0.000307, "liveness": 0.0888, "valence": 0.867, "tempo": 118.818, "duration_ms": 291293, "time_signature": 4}, {"uri": "spotify:track:0GONea6G2XdnHWjNZd6zt3", "name": "Summer Of '69", "artist": "Bryan Adams", "popularity": 82, "danceability": 0.508, "energy": 0.834, "key": 2, "loudness": -6.205, "mode": 1, "speechiness": 0.0386, "acousticness": 0.0183, "instrumentalness": 0, "liveness": 0.0732, "valence": 0.774, "tempo": 139.131, "duration_ms": 216053, "time_signature": 4}, {"uri": "spotify:track:3koCCeSaVUyrRo3N2gHrd8", "name": "Let's Groove", "artist": "Earth, Wind & Fire", "popularity": 83, "danceability": 0.869, "energy": 0.648, "key": 11, "loudness": -8.698, "mode": 0, "speechiness": 0.0633, "acousticness": 0.121, "instrumentalness": 2.17e-05, "liveness": 0.126, "valence": 0.9, "tempo": 125.035, "duration_ms": 339320, "time_signature": 4}, {"uri": "spotify:track:0nd1Vs5BIoIU4TJlzR8KVB", "name": "Faith - Remastered", "artist": "George Michael", "popularity": 62, "danceability": 0.887, "energy": 0.48, "key": 11, "loudness": -11.994, "mode": 1, "speechiness": 0.117, "acousticness": 0.0094, "instrumentalness": 3.58e-05, "liveness": 0.0662, "valence": 0.607, "tempo": 95.846, "duration_ms": 193200, "time_signature": 4}, {"uri": "spotify:track:6pPWRBubXOBAHnjl5ZIujB", "name": "The Best", "artist": "Tina Turner", "popularity": 72, "danceability": 0.662, "energy": 0.737, "key": 0, "loudness": -9.54, "mode": 1, "speechiness": 0.0296, "acousticness": 0.108, "instrumentalness": 0.0191, "liveness": 0.119, "valence": 0.744, "tempo": 103.867, "duration_ms": 329800, "time_signature": 4}, {"uri": "spotify:track:4YwbSZaYeYja8Umyt222Qf", "name": "You Can't Hurry Love - 2016 Remaster", "artist": "Phil Collins", "popularity": 77, "danceability": 0.62, "energy": 0.936, "key": 7, "loudness": -4.593, "mode": 1, "speechiness": 0.0308, "acousticness": 0.0261, "instrumentalness": 0, "liveness": 0.0679, "valence": 0.763, "tempo": 97.527, "duration_ms": 175747, "time_signature": 4}, {"uri": "spotify:track:6apPqjW8ezpKEicAkkBlvO", "name": "Islands in the Stream", "artist": "Dolly Parton", "popularity": 70, "danceability": 0.611, "energy": 0.524, "key": 8, "loudness": -8.256, "mode": 1, "speechiness": 0.035, "acousticness": 0.68, "instrumentalness": 0, "liveness": 0.0753, "valence": 0.73, "tempo": 203.787, "duration_ms": 250053, "time_signature": 4}, {"uri": "spotify:track:0A4PZuepTcIQVvA5m7R0M1", "name": "Don't You (Forget About Me) - Remastered", "artist": "Simple Minds", "popularity": 2, "danceability": 0.602, "energy": 0.784, "key": 11, "loudness": -7.976, "mode": 0, "speechiness": 0.0313, "acousticness": 0.00398, "instrumentalness": 0.0852, "liveness": 0.0931, "valence": 0.918, "tempo": 133.019, "duration_ms": 263973, "time_signature": 4}, {"uri": "spotify:track:6xdLJrVj4vIXwhuG8TMopk", "name": "Crazy Little Thing Called Love - Remastered 2011", "artist": "Queen", "popularity": 77, "danceability": 0.599, "energy": 0.761, "key": 0, "loudness": -6.887, "mode": 1, "speechiness": 0.0421, "acousticness": 0.713, "instrumentalness": 4.74e-06, "liveness": 0.349, "valence": 0.712, "tempo": 77.015, "duration_ms": 163373, "time_signature": 4}, {"uri": "spotify:track:7gozgbG5EBTukCFWToTRA5", "name": "I Still Haven't Found What I'm Looking For - Remastered 2007", "artist": "U2", "popularity": 0, "danceability": 0.565, "energy": 0.764, "key": 1, "loudness": -9.43, "mode": 1, "speechiness": 0.0351, "acousticness": 0.0139, "instrumentalness": 0.00488, "liveness": 0.079, "valence": 0.686, "tempo": 100.891, "duration_ms": 277480, "time_signature": 4}, {"uri": "spotify:track:0snPJPxkk0MbTc0xeUvAPt", "name": "Dancing On The Ceiling", "artist": "Lionel Richie", "popularity": 72, "danceability": 0.698, "energy": 0.774, "key": 0, "loudness": -8.642, "mode": 1, "speechiness": 0.048, "acousticness": 0.12, "instrumentalness": 2.26e-06, "liveness": 0.394, "valence": 0.731, "tempo": 133.197, "duration_ms": 270720, "time_signature": 4}, {"uri": "spotify:track:31H6au3jhblhr6MMJiXnCq", "name": "Hungry Eyes - From \"Dirty Dancing\" Soundtrack", "artist": "Eric Carmen", "popularity": 75, "danceability": 0.712, "energy": 0.549, "key": 5, "loudness": -9.484, "mode": 1, "speechiness": 0.0254, "acousticness": 0.011, "instrumentalness": 0, "liveness": 0.118, "valence": 0.552, "tempo": 109.882, "duration_ms": 251067, "time_signature": 4}, {"uri": "spotify:track:1KsI8NEeAna8ZIdojI3FiT", "name": "Hungry Heart", "artist": "Bruce Springsteen", "popularity": 70, "danceability": 0.641, "energy": 0.894, "key": 8, "loudness": -7.41, "mode": 1, "speechiness": 0.0273, "acousticness": 0.0857, "instrumentalness": 0.009, "liveness": 0.157, "valence": 0.972, "tempo": 109.823, "duration_ms": 199453, "time_signature": 4}, {"uri": "spotify:track:44aTAUBF0g6sMkMNE8I5kd", "name": "Every Little Thing She Does Is Magic", "artist": "The Police", "popularity": 75, "danceability": 0.558, "energy": 0.768, "key": 2, "loudness": -9.997, "mode": 1, "speechiness": 0.0343, "acousticness": 0.121, "instrumentalness": 0.0626, "liveness": 0.124, "valence": 0.429, "tempo": 81.909, "duration_ms": 260573, "time_signature": 4}, {"uri": "spotify:track:05wIrZSwuaVWhcv5FfqeH0", "name": "Walking On Sunshine", "artist": "Katrina & The Waves", "popularity": 79, "danceability": 0.596, "energy": 0.869, "key": 10, "loudness": -11.97, "mode": 1, "speechiness": 0.037, "acousticness": 0.0116, "instrumentalness": 0.173, "liveness": 0.0678, "valence": 0.944, "tempo": 109.902, "duration_ms": 238733, "time_signature": 4}, {"uri": "spotify:track:4tyl9OMKMG8F2L0RUYQMH3", "name": "Walk Of Life", "artist": "Dire Straits", "popularity": 0, "danceability": 0.461, "energy": 0.918, "key": 4, "loudness": -8.507, "mode": 1, "speechiness": 0.0959, "acousticness": 0.405, "instrumentalness": 0.00033, "liveness": 0.126, "valence": 0.802, "tempo": 172.435, "duration_ms": 249960, "time_signature": 4}, {"uri": "spotify:track:2olVm1lHicpveMAo4AUDRB", "name": "The Power Of Love", "artist": "Huey Lewis & The News", "popularity": 75, "danceability": 0.768, "energy": 0.829, "key": 5, "loudness": -5.109, "mode": 1, "speechiness": 0.0313, "acousticness": 0.0964, "instrumentalness": 2.92e-05, "liveness": 0.097, "valence": 0.962, "tempo": 118.773, "duration_ms": 234333, "time_signature": 4}, {"uri": "spotify:track:2vEQ9zBiwbAVXzS2SOxodY", "name": "Nothing's Gonna Stop Us Now", "artist": "Starship", "popularity": 0, "danceability": 0.643, "energy": 0.801, "key": 6, "loudness": -4.921, "mode": 1, "speechiness": 0.0228, "acousticness": 0.0298, "instrumentalness": 0, "liveness": 0.0719, "valence": 0.534, "tempo": 95.988, "duration_ms": 270333, "time_signature": 4}, {"uri": "spotify:track:1kIu9zpYtWjgrLlsactlna", "name": "Jump (Original Mix)", "artist": "The Pointer Sisters", "popularity": 67, "danceability": 0.846, "energy": 0.826, "key": 10, "loudness": -7.909, "mode": 0, "speechiness": 0.098, "acousticness": 0.0867, "instrumentalness": 0, "liveness": 0.12, "valence": 0.813, "tempo": 134.454, "duration_ms": 262560, "time_signature": 4}, {"uri": "spotify:track:5zA8vzDGqPl2AzZkEYQGKh", "name": "Uptown Girl", "artist": "Billy Joel", "popularity": 79, "danceability": 0.701, "energy": 0.944, "key": 4, "loudness": -2.986, "mode": 1, "speechiness": 0.0455, "acousticness": 0.0755, "instrumentalness": 0, "liveness": 0.601, "valence": 0.792, "tempo": 128.993, "duration_ms": 197707, "time_signature": 4}, {"uri": "spotify:track:4czNORk5MjW5WOn98bki32", "name": "All Night Long (All Night) - Single Version", "artist": "Lionel Richie", "popularity": 69, "danceability": 0.748, "energy": 0.603, "key": 1, "loudness": -12.044, "mode": 1, "speechiness": 0.043, "acousticness": 0.15, "instrumentalness": 0.000261, "liveness": 0.0269, "valence": 0.827, "tempo": 108.831, "duration_ms": 258667, "time_signature": 4}, {"uri": "spotify:track:798fUF6UnRn27xiVuKyJCi", "name": "Manic Monday", "artist": "The Bangles", "popularity": 53, "danceability": 0.685, "energy": 0.571, "key": 2, "loudness": -11.623, "mode": 1, "speechiness": 0.0299, "acousticness": 0.335, "instrumentalness": 2.38e-06, "liveness": 0.214, "valence": 0.869, "tempo": 121.737, "duration_ms": 184173, "time_signature": 4}, {"uri": "spotify:track:3OeUlriM0EZHdWleJtjoVr", "name": "Got My Mind Set On You - Remastered 2004", "artist": "George Harrison", "popularity": 74, "danceability": 0.767, "energy": 0.854, "key": 4, "loudness": -6.947, "mode": 1, "speechiness": 0.0426, "acousticness": 0.465, "instrumentalness": 2.03e-06, "liveness": 0.485, "valence": 0.963, "tempo": 149.206, "duration_ms": 234653, "time_signature": 4}, {"uri": "spotify:track:7aS418hRnOnYrXeyrZilwk", "name": "A Little Respect - 2009 - Remaster", "artist": "Erasure", "popularity": 4, "danceability": 0.605, "energy": 0.785, "key": 0, "loudness": -7.961, "mode": 1, "speechiness": 0.0257, "acousticness": 0.0303, "instrumentalness": 4.14e-06, "liveness": 0.288, "valence": 0.628, "tempo": 113.803, "duration_ms": 213987, "time_signature": 4}, {"uri": "spotify:track:2cFl7utlqyZjCXN1G5nRvA", "name": "Stuck With You", "artist": "Huey Lewis & The News", "popularity": 66, "danceability": 0.704, "energy": 0.544, "key": 4, "loudness": -11.402, "mode": 0, "speechiness": 0.026, "acousticness": 0.0873, "instrumentalness": 1.66e-05, "liveness": 0.041, "valence": 0.628, "tempo": 120.717, "duration_ms": 269573, "time_signature": 4}, {"uri": "spotify:track:23l1kVpqMVREiwU1YAlcr4", "name": "I Guess That's Why They Call It The Blues", "artist": "Elton John", "popularity": 71, "danceability": 0.673, "energy": 0.663, "key": 0, "loudness": -7.29, "mode": 1, "speechiness": 0.0269, "acousticness": 0.217, "instrumentalness": 0.017, "liveness": 0.177, "valence": 0.671, "tempo": 120.634, "duration_ms": 285333, "time_signature": 3}, {"uri": "spotify:track:0f6pHbsLzpWxl5CfhOUjBA", "name": "I Knew You Were Waiting (For Me)", "artist": "George Michael", "popularity": 0, "danceability": 0.71, "energy": 0.639, "key": 4, "loudness": -12.839, "mode": 1, "speechiness": 0.045, "acousticness": 0.23, "instrumentalness": 0, "liveness": 0.172, "valence": 0.733, "tempo": 107.947, "duration_ms": 241000, "time_signature": 4}, {"uri": "spotify:track:77NNZQSqzLNqh2A9JhLRkg", "name": "Don't Stop Believin'", "artist": "Journey", "popularity": 74, "danceability": 0.491, "energy": 0.802, "key": 4, "loudness": -7.106, "mode": 1, "speechiness": 0.0392, "acousticness": 0.25, "instrumentalness": 0, "liveness": 0.387, "valence": 0.472, "tempo": 119.25, "duration_ms": 248907, "time_signature": 4}, {"uri": "spotify:track:1UvTPXlImVd4jcucK4qJwb", "name": "(I've Had) The Time of My Life - From \"Dirty Dancing\" Soundtrack", "artist": "Bill Medley", "popularity": 61, "danceability": 0.7, "energy": 0.781, "key": 6, "loudness": -8.255, "mode": 0, "speechiness": 0.0507, "acousticness": 0.0869, "instrumentalness": 0.00342, "liveness": 0.059, "valence": 0.385, "tempo": 108.694, "duration_ms": 289067, "time_signature": 4}, {"uri": "spotify:track:2vz1CsL5WBsbpBcwgboTAw", "name": "Footloose - From \"Footloose\" Soundtrack", "artist": "Kenny Loggins", "popularity": 73, "danceability": 0.583, "energy": 0.905, "key": 2, "loudness": -6.132, "mode": 1, "speechiness": 0.0733, "acousticness": 0.0984, "instrumentalness": 0.00019, "liveness": 0.0593, "valence": 0.646, "tempo": 173.982, "duration_ms": 226827, "time_signature": 4}, {"uri": "spotify:track:5XsMz0YfEaHZE0MTb1aujs", "name": "Wake Me Up Before You Go-Go", "artist": "Wham!", "popularity": 0, "danceability": 0.618, "energy": 0.764, "key": 0, "loudness": -6.027, "mode": 1, "speechiness": 0.0562, "acousticness": 0.186, "instrumentalness": 0, "liveness": 0.12, "valence": 0.876, "tempo": 81.366, "duration_ms": 230693, "time_signature": 4}, {"uri": "spotify:track:480dDrqG7LO6qDaphHeXlM", "name": "Invisible Touch - Remastered 2007", "artist": "Genesis", "popularity": 70, "danceability": 0.623, "energy": 0.94, "key": 0, "loudness": -5.731, "mode": 1, "speechiness": 0.0365, "acousticness": 0.202, "instrumentalness": 0.00184, "liveness": 0.0472, "valence": 0.837, "tempo": 131.037, "duration_ms": 210133, "time_signature": 4}, {"uri": "spotify:track:0lzpfrTARexLFXEACKSXTh", "name": "I'm Still Standing", "artist": "Elton John", "popularity": 0, "danceability": 0.489, "energy": 0.927, "key": 10, "loudness": -6.298, "mode": 0, "speechiness": 0.17, "acousticness": 0.455, "instrumentalness": 0.00165, "liveness": 0.305, "valence": 0.79, "tempo": 177.354, "duration_ms": 181787, "time_signature": 4}, {"uri": "spotify:track:0ZfM5XfJTtFPhOxAERRnNY", "name": "The Look", "artist": "Roxette", "popularity": 2, "danceability": 0.634, "energy": 0.838, "key": 2, "loudness": -5.363, "mode": 1, "speechiness": 0.0413, "acousticness": 0.0531, "instrumentalness": 8.34e-06, "liveness": 0.0522, "valence": 0.541, "tempo": 95.011, "duration_ms": 237320, "time_signature": 4}, {"uri": "spotify:track:07ABETRdek3ACMpRPvQuaT", "name": "Always on My Mind", "artist": "Pet Shop Boys", "popularity": 72, "danceability": 0.533, "energy": 0.783, "key": 7, "loudness": -10.61, "mode": 1, "speechiness": 0.0366, "acousticness": 0.0116, "instrumentalness": 0.0565, "liveness": 0.186, "valence": 0.726, "tempo": 124.874, "duration_ms": 234907, "time_signature": 4}, {"uri": "spotify:track:6mYrhCAGWzTdF8QnKuchXM", "name": "If I Could Turn Back Time", "artist": "Cher", "popularity": 73, "danceability": 0.658, "energy": 0.575, "key": 11, "loudness": -10.365, "mode": 1, "speechiness": 0.0267, "acousticness": 0.243, "instrumentalness": 0, "liveness": 0.122, "valence": 0.504, "tempo": 108.329, "duration_ms": 239827, "time_signature": 4}, {"uri": "spotify:track:7sMGwiS4vOMcz86ZY3vKYM", "name": "Girls Just Want to Have Fun", "artist": "Cyndi Lauper", "popularity": 65, "danceability": 0.705, "energy": 0.847, "key": 6, "loudness": -2.588, "mode": 1, "speechiness": 0.0361, "acousticness": 0.414, "instrumentalness": 3.21e-06, "liveness": 0.406, "valence": 0.743, "tempo": 120.527, "duration_ms": 228120, "time_signature": 4}, {"uri": "spotify:track:7INi4pMPG4IE0Smx5y4KVf", "name": "Easy Lover", "artist": "Philip Bailey", "popularity": 70, "danceability": 0.749, "energy": 0.699, "key": 1, "loudness": -13.108, "mode": 1, "speechiness": 0.0371, "acousticness": 0.0674, "instrumentalness": 0.00192, "liveness": 0.0763, "valence": 0.935, "tempo": 128.904, "duration_ms": 304507, "time_signature": 4}, {"uri": "spotify:track:5izGeTxueiFX1UPFGohY9w", "name": "Addicted To Love", "artist": "Robert Palmer", "popularity": 72, "danceability": 0.702, "energy": 0.578, "key": 2, "loudness": -13.415, "mode": 1, "speechiness": 0.031, "acousticness": 0.382, "instrumentalness": 5.89e-06, "liveness": 0.0425, "valence": 0.975, "tempo": 111.617, "duration_ms": 363640, "time_signature": 4}, {"uri": "spotify:track:3nQuDlaVZApyrG6tdsETe0", "name": "Valerie", "artist": "Steve Winwood", "popularity": 0, "danceability": 0.722, "energy": 0.518, "key": 9, "loudness": -10.78, "mode": 1, "speechiness": 0.0296, "acousticness": 0.593, "instrumentalness": 0.00453, "liveness": 0.0854, "valence": 0.753, "tempo": 116.289, "duration_ms": 246667, "time_signature": 4}, {"uri": "spotify:track:0qxYx4F3vm1AOnfux6dDxP", "name": "You Can Call Me Al", "artist": "Paul Simon", "popularity": 76, "danceability": 0.776, "energy": 0.763, "key": 5, "loudness": -8.124, "mode": 1, "speechiness": 0.0534, "acousticness": 0.182, "instrumentalness": 0.00647, "liveness": 0.077, "valence": 0.82, "tempo": 128.433, "duration_ms": 280000, "time_signature": 4}, {"uri": "spotify:track:37Q5anxoGWYdRsyeXkkNoI", "name": "Heaven Is a Place on Earth", "artist": "Belinda Carlisle", "popularity": 71, "danceability": 0.64, "energy": 0.852, "key": 1, "loudness": -8.119, "mode": 0, "speechiness": 0.0345, "acousticness": 0.0243, "instrumentalness": 1.82e-06, "liveness": 0.0497, "valence": 0.793, "tempo": 122.902, "duration_ms": 246520, "time_signature": 4}, {"uri": "spotify:track:50XXRUFNjs85P0MjCZ1c9X", "name": "We Don't Need Another Hero (Thunderdome)", "artist": "Tina Turner", "popularity": 57, "danceability": 0.69, "energy": 0.674, "key": 8, "loudness": -5.866, "mode": 0, "speechiness": 0.047, "acousticness": 0.2, "instrumentalness": 0.00648, "liveness": 0.115, "valence": 0.714, "tempo": 98.85, "duration_ms": 255187, "time_signature": 4}, {"uri": "spotify:track:6i8ecOsx4J2Px1maiqzqoG", "name": "Everywhere", "artist": "Fleetwood Mac", "popularity": 0, "danceability": 0.69, "energy": 0.54, "key": 4, "loudness": -10.516, "mode": 1, "speechiness": 0.0317, "acousticness": 0.218, "instrumentalness": 0.00657, "liveness": 0.115, "valence": 0.764, "tempo": 114.846, "duration_ms": 222733, "time_signature": 4}, {"uri": "spotify:track:6Wiamk8BAAP50gAAJopsy2", "name": "Don't Get Me Wrong - 2007 Remaster", "artist": "Pretenders", "popularity": 66, "danceability": 0.46, "energy": 0.932, "key": 0, "loudness": -6.264, "mode": 1, "speechiness": 0.0468, "acousticness": 0.139, "instrumentalness": 0.00504, "liveness": 0.114, "valence": 0.849, "tempo": 203.617, "duration_ms": 227463, "time_signature": 4}, {"uri": "spotify:track:6V50MyHPGhEmwYu0Wdyf0t", "name": "The Way It Is", "artist": "Bruce Hornsby", "popularity": 71, "danceability": 0.582, "energy": 0.689, "key": 7, "loudness": -12.203, "mode": 1, "speechiness": 0.0277, "acousticness": 0.607, "instrumentalness": 0.0571, "liveness": 0.145, "valence": 0.531, "tempo": 111.166, "duration_ms": 297853, "time_signature": 4}, {"uri": "spotify:track:63CHa6rmamv9OsehkRD8oz", "name": "Against All Odds (Take a Look at Me Now) - 2016 Remaster", "artist": "Phil Collins", "popularity": 76, "danceability": 0.58, "energy": 0.498, "key": 1, "loudness": -6.901, "mode": 1, "speechiness": 0.0277, "acousticness": 0.198, "instrumentalness": 0, "liveness": 0.132, "valence": 0.111, "tempo": 116.271, "duration_ms": 206360, "time_signature": 4}, {"uri": "spotify:track:3L7RtEcu1Hw3OXrpnthngx", "name": "Don't You Want Me", "artist": "The Human League", "popularity": 76, "danceability": 0.731, "energy": 0.738, "key": 9, "loudness": -8.125, "mode": 0, "speechiness": 0.0377, "acousticness": 0.184, "instrumentalness": 0, "liveness": 0.214, "valence": 0.958, "tempo": 117.656, "duration_ms": 236920, "time_signature": 4}, {"uri": "spotify:track:37BTh5g05cxBIRYMbw8g2T", "name": "Rosanna", "artist": "TOTO", "popularity": 74, "danceability": 0.365, "energy": 0.513, "key": 7, "loudness": -13.034, "mode": 0, "speechiness": 0.0357, "acousticness": 0.0208, "instrumentalness": 0.000147, "liveness": 0.205, "valence": 0.739, "tempo": 80.647, "duration_ms": 331200, "time_signature": 4}, {"uri": "spotify:track:5UU5FbITNm5OunvHQdsKME", "name": "When the Going Gets Tough, The Tough Get Going", "artist": "Billy Ocean", "popularity": 65, "danceability": 0.755, "energy": 0.763, "key": 4, "loudness": -6.318, "mode": 1, "speechiness": 0.0473, "acousticness": 0.405, "instrumentalness": 0, "liveness": 0.318, "valence": 0.932, "tempo": 122.045, "duration_ms": 248000, "time_signature": 4}, {"uri": "spotify:track:3G0ENKW9vzV0SuYKaWFflI", "name": "Nikita", "artist": "Elton John", "popularity": 70, "danceability": 0.632, "energy": 0.656, "key": 7, "loudness": -9.29, "mode": 1, "speechiness": 0.0277, "acousticness": 0.123, "instrumentalness": 0.000264, "liveness": 0.0735, "valence": 0.752, "tempo": 86.605, "duration_ms": 343240, "time_signature": 4}, {"uri": "spotify:track:4gvea7UlDkAvsJBPZAd4oB", "name": "The Boys Of Summer", "artist": "Don Henley", "popularity": 77, "danceability": 0.516, "energy": 0.549, "key": 6, "loudness": -13.741, "mode": 1, "speechiness": 0.0373, "acousticness": 0.501, "instrumentalness": 0.00572, "liveness": 0.184, "valence": 0.907, "tempo": 176.941, "duration_ms": 288733, "time_signature": 4}, {"uri": "spotify:track:1A2PWRltFrX8iB8IP3CUgo", "name": "St. Elmos Fire (Man in Motion)", "artist": "John Parr", "popularity": 68, "danceability": 0.612, "energy": 0.6, "key": 9, "loudness": -10.945, "mode": 1, "speechiness": 0.0327, "acousticness": 0.15, "instrumentalness": 3.04e-06, "liveness": 0.222, "valence": 0.471, "tempo": 111.203, "duration_ms": 251800, "time_signature": 4}, {"uri": "spotify:track:2Y90nL1ohB4sgYELDs7uNx", "name": "Glory Days", "artist": "Bruce Springsteen", "popularity": 72, "danceability": 0.574, "energy": 0.96, "key": 9, "loudness": -4.906, "mode": 1, "speechiness": 0.032, "acousticness": 0.0457, "instrumentalness": 0, "liveness": 0.121, "valence": 0.978, "tempo": 117.486, "duration_ms": 254733, "time_signature": 4}, {"uri": "spotify:track:4YBIuDWPsVy9pXLCUBORZN", "name": "The Living Years", "artist": "Mike & The Mechanics", "popularity": 68, "danceability": 0.527, "energy": 0.429, "key": 8, "loudness": -12.431, "mode": 1, "speechiness": 0.0321, "acousticness": 0.655, "instrumentalness": 0, "liveness": 0.0865, "valence": 0.277, "tempo": 97.893, "duration_ms": 332333, "time_signature": 4}, {"uri": "spotify:track:65E62rOSbm7SZbAMYjNTJq", "name": "Pride (In The Name Of Love) - Remastered 2009", "artist": "U2", "popularity": 70, "danceability": 0.458, "energy": 0.843, "key": 4, "loudness": -7.201, "mode": 1, "speechiness": 0.0316, "acousticness": 0.00135, "instrumentalness": 0.000296, "liveness": 0.778, "valence": 0.713, "tempo": 105.701, "duration_ms": 228427, "time_signature": 4}, {"uri": "spotify:track:2374M0fQpWi3dLnB54qaLX", "name": "Africa", "artist": "TOTO", "popularity": 84, "danceability": 0.671, "energy": 0.373, "key": 9, "loudness": -18.064, "mode": 1, "speechiness": 0.0323, "acousticness": 0.257, "instrumentalness": 8.01e-05, "liveness": 0.0481, "valence": 0.732, "tempo": 92.718, "duration_ms": 295893, "time_signature": 4}, {"uri": "spotify:track:5NwkWwfRJaT55hEPtCmJHx", "name": "You're the Voice", "artist": "John Farnham", "popularity": 64, "danceability": 0.369, "energy": 0.762, "key": 10, "loudness": -8.993, "mode": 1, "speechiness": 0.0464, "acousticness": 0.22, "instrumentalness": 2.8e-05, "liveness": 0.579, "valence": 0.644, "tempo": 84.957, "duration_ms": 302107, "time_signature": 4}, {"uri": "spotify:track:7aHRctaQ7vjxVTVmY8OhAA", "name": "We Built This City", "artist": "Starship", "popularity": 1, "danceability": 0.661, "energy": 0.908, "key": 5, "loudness": -4.897, "mode": 1, "speechiness": 0.039, "acousticness": 0.052, "instrumentalness": 0, "liveness": 0.0708, "valence": 0.656, "tempo": 144.091, "duration_ms": 296080, "time_signature": 4}, {"uri": "spotify:track:2D4D3hiOf5U0W6SvJoCQph", "name": "Get Outta My Dreams, Get Into My Car", "artist": "Billy Ocean", "popularity": 63, "danceability": 0.666, "energy": 0.91, "key": 4, "loudness": -6.457, "mode": 1, "speechiness": 0.0399, "acousticness": 0.0874, "instrumentalness": 8.41e-06, "liveness": 0.336, "valence": 0.919, "tempo": 117.14, "duration_ms": 284373, "time_signature": 4}, {"uri": "spotify:track:56GbZVwxMdf1DENCluYS8A", "name": "Don't Dream It's Over", "artist": "Crowded House", "popularity": 68, "danceability": 0.451, "energy": 0.752, "key": 8, "loudness": -6.993, "mode": 1, "speechiness": 0.0412, "acousticness": 0.00939, "instrumentalness": 0.000202, "liveness": 0.0844, "valence": 0.358, "tempo": 81.917, "duration_ms": 238173, "time_signature": 4}, {"uri": "spotify:track:4w3tQBXhn5345eUXDGBWZG", "name": "9 to 5", "artist": "Dolly Parton", "popularity": 78, "danceability": 0.554, "energy": 0.783, "key": 6, "loudness": -5.852, "mode": 1, "speechiness": 0.0457, "acousticness": 0.416, "instrumentalness": 1.54e-06, "liveness": 0.631, "valence": 0.813, "tempo": 105.39, "duration_ms": 162467, "time_signature": 4}, {"uri": "spotify:track:0odIT9B9BvOCnXfS0e4lB5", "name": "Bette Davis Eyes", "artist": "Kim Carnes", "popularity": 75, "danceability": 0.675, "energy": 0.649, "key": 5, "loudness": -10.271, "mode": 1, "speechiness": 0.0319, "acousticness": 0.0204, "instrumentalness": 0, "liveness": 0.0959, "valence": 0.596, "tempo": 116.624, "duration_ms": 228000, "time_signature": 4}, {"uri": "spotify:track:4m2GdLuOhDt6rFbgOFMHIL", "name": "Purple Rain", "artist": "Prince", "popularity": 0, "danceability": 0.383, "energy": 0.57, "key": 10, "loudness": -7.019, "mode": 1, "speechiness": 0.0318, "acousticness": 0.0416, "instrumentalness": 0.00683, "liveness": 0.746, "valence": 0.183, "tempo": 114.147, "duration_ms": 522307, "time_signature": 4}, {"uri": "spotify:track:0ire4j2mcGovF5JA1D2cTp", "name": "Don't Leave Me This Way (with Sarah Jane Morris)", "artist": "The Communards", "popularity": 69, "danceability": 0.64, "energy": 0.926, "key": 3, "loudness": -5.597, "mode": 1, "speechiness": 0.0322, "acousticness": 0.135, "instrumentalness": 2.04e-06, "liveness": 0.134, "valence": 0.901, "tempo": 131.997, "duration_ms": 271067, "time_signature": 4}, {"uri": "spotify:track:6ADSaE87h8Y3lccZlBJdXH", "name": "With Or Without You - Remastered", "artist": "U2", "popularity": 81, "danceability": 0.54, "energy": 0.429, "key": 2, "loudness": -11.822, "mode": 1, "speechiness": 0.0285, "acousticness": 0.000202, "instrumentalness": 0.355, "liveness": 0.141, "valence": 0.113, "tempo": 110.171, "duration_ms": 295516, "time_signature": 4}, {"uri": "spotify:track:3oEkrIfXfSh9zGnE7eBzSV", "name": "The Winner Takes It All", "artist": "ABBA", "popularity": 75, "danceability": 0.454, "energy": 0.788, "key": 6, "loudness": -6.748, "mode": 1, "speechiness": 0.0371, "acousticness": 0.574, "instrumentalness": 0.000766, "liveness": 0.0859, "valence": 0.52, "tempo": 126.15, "duration_ms": 294720, "time_signature": 4}, {"uri": "spotify:track:4CoSCPlKNrWli7E5kFtbcl", "name": "Little Lies - 2017 Remaster", "artist": "Fleetwood Mac", "popularity": 73, "danceability": 0.64, "energy": 0.649, "key": 2, "loudness": -10.345, "mode": 1, "speechiness": 0.0264, "acousticness": 0.216, "instrumentalness": 8.3e-05, "liveness": 0.0551, "valence": 0.865, "tempo": 124.825, "duration_ms": 221053, "time_signature": 4}, {"uri": "spotify:track:1y748kOQshZECWk5MddfOv", "name": "Love Changes (Everything)", "artist": "Climie Fisher", "popularity": 67, "danceability": 0.624, "energy": 0.868, "key": 5, "loudness": -5.867, "mode": 1, "speechiness": 0.0269, "acousticness": 0.305, "instrumentalness": 1.38e-05, "liveness": 0.186, "valence": 0.806, "tempo": 111.143, "duration_ms": 268187, "time_signature": 4}, {"uri": "spotify:track:7HKez549fwJQDzx3zLjHKC", "name": "Start Me Up - Remastered 2009", "artist": "The Rolling Stones", "popularity": 78, "danceability": 0.631, "energy": 0.932, "key": 5, "loudness": -4.142, "mode": 1, "speechiness": 0.0354, "acousticness": 0.0436, "instrumentalness": 0.137, "liveness": 0.0918, "valence": 0.971, "tempo": 122.429, "duration_ms": 213067, "time_signature": 4}, {"uri": "spotify:track:07itbZUgkAmBi4CEH5NniJ", "name": "I Got You Babe", "artist": "UB40", "popularity": 67, "danceability": 0.756, "energy": 0.61, "key": 5, "loudness": -13.002, "mode": 1, "speechiness": 0.0709, "acousticness": 0.0806, "instrumentalness": 7.89e-05, "liveness": 0.114, "valence": 0.863, "tempo": 173.818, "duration_ms": 189093, "time_signature": 4}, {"uri": "spotify:track:0PXw9NKvolWTo7U9JkNzmc", "name": "The Heat Is On - From \"Beverly Hills Cop\" Soundtrack", "artist": "Glenn Frey", "popularity": 68, "danceability": 0.622, "energy": 0.865, "key": 7, "loudness": -6.369, "mode": 1, "speechiness": 0.0531, "acousticness": 0.0167, "instrumentalness": 2.34e-05, "liveness": 0.0692, "valence": 0.87, "tempo": 149.706, "duration_ms": 227800, "time_signature": 4}, {"uri": "spotify:track:66S14BkJDxgkYxLl5DCqOz", "name": "I'm Gonna Be (500 Miles)", "artist": "The Proclaimers", "popularity": 74, "danceability": 0.851, "energy": 0.551, "key": 4, "loudness": -5.177, "mode": 1, "speechiness": 0.0396, "acousticness": 0.151, "instrumentalness": 0, "liveness": 0.0827, "valence": 0.807, "tempo": 131.922, "duration_ms": 219467, "time_signature": 4}, {"uri": "spotify:track:2v7ywbUzCgcVohHaKUcacV", "name": "Like a Prayer", "artist": "Madonna", "popularity": 67, "danceability": 0.66, "energy": 0.629, "key": 5, "loudness": -12.359, "mode": 1, "speechiness": 0.0387, "acousticness": 0.432, "instrumentalness": 7.3e-05, "liveness": 0.172, "valence": 0.324, "tempo": 111.926, "duration_ms": 340867, "time_signature": 4}, {"uri": "spotify:track:2fMAEEhdpXo4ROX5eZcbOg", "name": "The Whole Of The Moon - 2004 Remastered Version", "artist": "The Waterboys", "popularity": 0, "danceability": 0.606, "energy": 0.794, "key": 0, "loudness": -7.168, "mode": 1, "speechiness": 0.0291, "acousticness": 0.119, "instrumentalness": 7.16e-06, "liveness": 0.125, "valence": 0.584, "tempo": 105.813, "duration_ms": 302827, "time_signature": 4}, {"uri": "spotify:track:7wuJGgpTNzbUyn26IOY6rj", "name": "Total Eclipse of the Heart", "artist": "Bonnie Tyler", "popularity": 79, "danceability": 0.431, "energy": 0.723, "key": 8, "loudness": -5.887, "mode": 1, "speechiness": 0.0568, "acousticness": 0.145, "instrumentalness": 0, "liveness": 0.374, "valence": 0.19, "tempo": 130.141, "duration_ms": 267360, "time_signature": 4}, {"uri": "spotify:track:2fuCquhmrzHpu5xcA1ci9x", "name": "Under Pressure - Remastered 2011", "artist": "Queen", "popularity": 81, "danceability": 0.671, "energy": 0.712, "key": 2, "loudness": -7.815, "mode": 1, "speechiness": 0.0476, "acousticness": 0.429, "instrumentalness": 0, "liveness": 0.103, "valence": 0.462, "tempo": 113.805, "duration_ms": 248440, "time_signature": 4}, {"uri": "spotify:track:0Zt9fqRK58Y0onY1VwaKp7", "name": "She Drives Me Crazy", "artist": "Fine Young Cannibals", "popularity": 0, "danceability": 0.796, "energy": 0.693, "key": 2, "loudness": -6.02, "mode": 1, "speechiness": 0.0413, "acousticness": 0.164, "instrumentalness": 1.77e-05, "liveness": 0.0408, "valence": 0.954, "tempo": 108.8, "duration_ms": 218907, "time_signature": 4}, {"uri": "spotify:track:5NoUgO4Kr93QymQGQlBC7b", "name": "Up Where We Belong", "artist": "Joe Cocker", "popularity": 63, "danceability": 0.573, "energy": 0.429, "key": 2, "loudness": -8.68, "mode": 1, "speechiness": 0.0294, "acousticness": 0.597, "instrumentalness": 8.18e-05, "liveness": 0.0839, "valence": 0.361, "tempo": 139.097, "duration_ms": 233240, "time_signature": 4}, {"uri": "spotify:track:1KU5EHSz04JhGg3rReGJ0N", "name": "Black Velvet", "artist": "Alannah Myles", "popularity": 73, "danceability": 0.754, "energy": 0.366, "key": 8, "loudness": -10.07, "mode": 1, "speechiness": 0.0312, "acousticness": 0.273, "instrumentalness": 9.04e-05, "liveness": 0.106, "valence": 0.469, "tempo": 91.147, "duration_ms": 287440, "time_signature": 4}, {"uri": "spotify:track:1mskmld5ZKEhRaNvYVPoqZ", "name": "Gloria", "artist": "Laura Branigan", "popularity": 66, "danceability": 0.776, "energy": 0.743, "key": 9, "loudness": -6.807, "mode": 1, "speechiness": 0.0289, "acousticness": 0.107, "instrumentalness": 0.293, "liveness": 0.149, "valence": 0.84, "tempo": 131.343, "duration_ms": 289853, "time_signature": 4}, {"uri": "spotify:track:5MoDQWMDMaAGDEiWsJfeCi", "name": "Eternal Flame", "artist": "The Bangles", "popularity": 70, "danceability": 0.526, "energy": 0.358, "key": 4, "loudness": -7.239, "mode": 0, "speechiness": 0.0243, "acousticness": 0.525, "instrumentalness": 0, "liveness": 0.0942, "valence": 0.399, "tempo": 78.989, "duration_ms": 238027, "time_signature": 3}, {"uri": "spotify:track:7arHM2KZ0KzIZXFVDRGClI", "name": "Holiday", "artist": "Madonna", "popularity": 61, "danceability": 0.813, "energy": 0.699, "key": 7, "loudness": -8.656, "mode": 1, "speechiness": 0.0458, "acousticness": 0.0251, "instrumentalness": 0.0135, "liveness": 0.0527, "valence": 0.732, "tempo": 117.548, "duration_ms": 231560, "time_signature": 4}, {"uri": "spotify:track:2RWFncSWZEhSRRifqiDNVV", "name": "Run To You", "artist": "Bryan Adams", "popularity": 69, "danceability": 0.561, "energy": 0.811, "key": 4, "loudness": -6.157, "mode": 1, "speechiness": 0.0265, "acousticness": 0.00515, "instrumentalness": 3.6e-05, "liveness": 0.287, "valence": 0.635, "tempo": 126.593, "duration_ms": 233270, "time_signature": 4}, {"uri": "spotify:track:6r20M5DWYdIoCDmDViBxuz", "name": "You Got It", "artist": "Roy Orbison", "popularity": 70, "danceability": 0.649, "energy": 0.618, "key": 9, "loudness": -10.728, "mode": 1, "speechiness": 0.0265, "acousticness": 0.596, "instrumentalness": 1.46e-06, "liveness": 0.192, "valence": 0.667, "tempo": 114.688, "duration_ms": 210267, "time_signature": 4}, {"uri": "spotify:track:7yBl8YmvcgwwYlazJcvowE", "name": "Fame", "artist": "Irene Cara", "popularity": 0, "danceability": 0.7, "energy": 0.73, "key": 0, "loudness": -8.763, "mode": 0, "speechiness": 0.0311, "acousticness": 0.132, "instrumentalness": 0, "liveness": 0.133, "valence": 0.961, "tempo": 130.519, "duration_ms": 316067, "time_signature": 4}, {"uri": "spotify:track:2TSVJz7sJIUInkzWVJIsCf", "name": "I Can Dream About You", "artist": "Dan Hartman", "popularity": 0, "danceability": 0.747, "energy": 0.533, "key": 9, "loudness": -12.165, "mode": 1, "speechiness": 0.0554, "acousticness": 0.1, "instrumentalness": 0, "liveness": 0.0344, "valence": 0.875, "tempo": 112.987, "duration_ms": 247800, "time_signature": 4}, {"uri": "spotify:track:17Ng10tIgnYmAitl0SgT3R", "name": "Higher Love - Single Version", "artist": "Steve Winwood", "popularity": 61, "danceability": 0.696, "energy": 0.89, "key": 5, "loudness": -6.819, "mode": 1, "speechiness": 0.0441, "acousticness": 0.055, "instrumentalness": 0.0596, "liveness": 0.5, "valence": 0.922, "tempo": 98.742, "duration_ms": 252227, "time_signature": 4}, {"uri": "spotify:track:4W4wYHtsrgDiivRASVOINL", "name": "Love Shack", "artist": "The B-52's", "popularity": 73, "danceability": 0.701, "energy": 0.803, "key": 5, "loudness": -6.786, "mode": 0, "speechiness": 0.0545, "acousticness": 0.0544, "instrumentalness": 1.54e-06, "liveness": 0.7, "valence": 0.903, "tempo": 133.608, "duration_ms": 320680, "time_signature": 4}, {"uri": "spotify:track:1cx2NcSnJYdr3kvHWmX7fF", "name": "That's What Friends Are For (with Elton John, Gladys Knight & Stevie Wonder)", "artist": "Dionne Warwick", "popularity": 43, "danceability": 0.683, "energy": 0.284, "key": 0, "loudness": -15.207, "mode": 0, "speechiness": 0.0314, "acousticness": 0.333, "instrumentalness": 0, "liveness": 0.0608, "valence": 0.207, "tempo": 120.233, "duration_ms": 257360, "time_signature": 4}, {"uri": "spotify:track:0qi4b1l0eT3jpzeNHeFXDT", "name": "Just Can't Get Enough", "artist": "Depeche Mode", "popularity": 73, "danceability": 0.766, "energy": 0.772, "key": 0, "loudness": -9.362, "mode": 1, "speechiness": 0.0353, "acousticness": 0.403, "instrumentalness": 0.0584, "liveness": 0.183, "valence": 0.919, "tempo": 128.168, "duration_ms": 220893, "time_signature": 4}, {"uri": "spotify:track:5RYLa5P4qweEAKq5U1gdcK", "name": "A Kind Of Magic - Remastered 2011", "artist": "Queen", "popularity": 71, "danceability": 0.67, "energy": 0.776, "key": 9, "loudness": -5.874, "mode": 1, "speechiness": 0.0356, "acousticness": 0.0184, "instrumentalness": 0.00294, "liveness": 0.128, "valence": 0.703, "tempo": 130.128, "duration_ms": 264253, "time_signature": 4}, {"uri": "spotify:track:37ZJ0p5Jm13JPevGcx4SkF", "name": "Livin' On A Prayer", "artist": "Bon Jovi", "popularity": 85, "danceability": 0.532, "energy": 0.887, "key": 0, "loudness": -3.757, "mode": 1, "speechiness": 0.0335, "acousticness": 0.0778, "instrumentalness": 0.000214, "liveness": 0.294, "valence": 0.795, "tempo": 122.511, "duration_ms": 249293, "time_signature": 4}, {"uri": "spotify:track:000u1dTg7y1XCDXi80hbBX", "name": "I Don't Want A Lover", "artist": "Texas", "popularity": 64, "danceability": 0.756, "energy": 0.47, "key": 7, "loudness": -12.615, "mode": 1, "speechiness": 0.0394, "acousticness": 0.196, "instrumentalness": 0.000487, "liveness": 0.126, "valence": 0.43, "tempo": 120.484, "duration_ms": 300600, "time_signature": 4}, {"uri": "spotify:track:62LJFaYihsdVrrkgUOJC05", "name": "Kiss", "artist": "Prince", "popularity": 75, "danceability": 0.898, "energy": 0.271, "key": 7, "loudness": -12.238, "mode": 1, "speechiness": 0.091, "acousticness": 0.0135, "instrumentalness": 0.00138, "liveness": 0.0461, "valence": 0.742, "tempo": 111.485, "duration_ms": 226240, "time_signature": 4}, {"uri": "spotify:track:6A8OnjnpShshNpcqWtZRjr", "name": "Papa Don't Preach", "artist": "Madonna", "popularity": 68, "danceability": 0.833, "energy": 0.934, "key": 5, "loudness": -3.243, "mode": 0, "speechiness": 0.0313, "acousticness": 0.343, "instrumentalness": 7.55e-06, "liveness": 0.0521, "valence": 0.964, "tempo": 121.879, "duration_ms": 268533, "time_signature": 4}, {"uri": "spotify:track:0J2p4KYdr6Mg4ET6JPlbe1", "name": "Super Trouper", "artist": "ABBA", "popularity": 72, "danceability": 0.764, "energy": 0.626, "key": 0, "loudness": -8.274, "mode": 1, "speechiness": 0.0288, "acousticness": 0.457, "instrumentalness": 6.35e-06, "liveness": 0.201, "valence": 0.961, "tempo": 118.34, "duration_ms": 252853, "time_signature": 4}, {"uri": "spotify:track:0F1O42piteiHP3dRvKUz6p", "name": "Let's Dance - Single Version [Remastered]", "artist": "David Bowie", "popularity": 49, "danceability": 0.643, "energy": 0.627, "key": 8, "loudness": -10.972, "mode": 1, "speechiness": 0.0405, "acousticness": 0.00773, "instrumentalness": 0.00259, "liveness": 0.123, "valence": 0.725, "tempo": 114.477, "duration_ms": 248587, "time_signature": 4}, {"uri": "spotify:track:6lUXKiuZ4n7fgLJU8wJtBf", "name": "Ebony & Ivory", "artist": "Paul McCartney", "popularity": 0, "danceability": 0.632, "energy": 0.559, "key": 4, "loudness": -11.564, "mode": 1, "speechiness": 0.0355, "acousticness": 0.148, "instrumentalness": 0, "liveness": 0.0515, "valence": 0.757, "tempo": 80.709, "duration_ms": 222467, "time_signature": 4}, {"uri": "spotify:track:1JLn8RhQzHz3qDqsChcmBl", "name": "I Want to Know What Love Is - 1999 Remaster", "artist": "Foreigner", "popularity": 80, "danceability": 0.477, "energy": 0.471, "key": 6, "loudness": -10.036, "mode": 1, "speechiness": 0.0277, "acousticness": 0.193, "instrumentalness": 1.76e-06, "liveness": 0.131, "valence": 0.423, "tempo": 81.204, "duration_ms": 304787, "time_signature": 4}, {"uri": "spotify:track:2J9yZBKajggHsCmoSiaVCw", "name": "Together In Electric Dreams", "artist": "The Human League", "popularity": 59, "danceability": 0.697, "energy": 0.611, "key": 3, "loudness": -11.746, "mode": 1, "speechiness": 0.0258, "acousticness": 0.18, "instrumentalness": 2.04e-06, "liveness": 0.0876, "valence": 0.808, "tempo": 129.96, "duration_ms": 233493, "time_signature": 4}, {"uri": "spotify:track:029NqmIySn1kOY305AAhxT", "name": "Sledgehammer", "artist": "Peter Gabriel", "popularity": 67, "danceability": 0.657, "energy": 0.685, "key": 1, "loudness": -5.203, "mode": 1, "speechiness": 0.0334, "acousticness": 0.0246, "instrumentalness": 0, "liveness": 0.037, "valence": 0.424, "tempo": 96.458, "duration_ms": 313533, "time_signature": 4}, {"uri": "spotify:track:3cbV252akVZInSvJk7jAYX", "name": "Flashdance...What a Feeling - Radio Edit", "artist": "Irene Cara", "popularity": 76, "danceability": 0.572, "energy": 0.654, "key": 7, "loudness": -7.027, "mode": 0, "speechiness": 0.0344, "acousticness": 0.0058, "instrumentalness": 3.21e-06, "liveness": 0.09, "valence": 0.399, "tempo": 122.491, "duration_ms": 237053, "time_signature": 4}, {"uri": "spotify:track:5tdKaKLnC4SgtDZ6RlWeal", "name": "How Will I Know", "artist": "Whitney Houston", "popularity": 73, "danceability": 0.832, "energy": 0.544, "key": 6, "loudness": -12.697, "mode": 1, "speechiness": 0.0442, "acousticness": 0.201, "instrumentalness": 0.000139, "liveness": 0.632, "valence": 0.928, "tempo": 119.49, "duration_ms": 275533, "time_signature": 4}, {"uri": "spotify:track:2xcrseImDFEf8Urommws03", "name": "New Sensation", "artist": "INXS", "popularity": 68, "danceability": 0.682, "energy": 0.954, "key": 9, "loudness": -4.951, "mode": 1, "speechiness": 0.0625, "acousticness": 0.00712, "instrumentalness": 4.04e-05, "liveness": 0.052, "valence": 0.928, "tempo": 115.475, "duration_ms": 220160, "time_signature": 4}, {"uri": "spotify:track:6G3afsR0udhKnAU0Tut25j", "name": "Mary's Prayer", "artist": "Danny Wilson", "popularity": 62, "danceability": 0.682, "energy": 0.571, "key": 0, "loudness": -13.139, "mode": 1, "speechiness": 0.0367, "acousticness": 0.235, "instrumentalness": 0, "liveness": 0.116, "valence": 0.657, "tempo": 135.109, "duration_ms": 234467, "time_signature": 4}, {"uri": "spotify:track:2OZyDYkNED6mIDi8RXLnWy", "name": "Kokomo", "artist": "The Beach Boys", "popularity": 3, "danceability": 0.684, "energy": 0.643, "key": 0, "loudness": -10.252, "mode": 1, "speechiness": 0.0329, "acousticness": 0.0107, "instrumentalness": 0, "liveness": 0.292, "valence": 0.922, "tempo": 115.571, "duration_ms": 215573, "time_signature": 4}, {"uri": "spotify:track:7Ewz6bJ97vUqk5HdkvguFQ", "name": "Heaven", "artist": "Bryan Adams", "popularity": 77, "danceability": 0.382, "energy": 0.589, "key": 9, "loudness": -7.315, "mode": 0, "speechiness": 0.0267, "acousticness": 0.0465, "instrumentalness": 0, "liveness": 0.122, "valence": 0.335, "tempo": 140.059, "duration_ms": 243360, "time_signature": 4}, {"uri": "spotify:track:5JjdJK0uGRUk4skRTuQdUZ", "name": "Private Dancer - 2015 Remaster", "artist": "Tina Turner", "popularity": 60, "danceability": 0.587, "energy": 0.572, "key": 2, "loudness": -9.656, "mode": 1, "speechiness": 0.0413, "acousticness": 0.363, "instrumentalness": 0.0871, "liveness": 0.0915, "valence": 0.471, "tempo": 115.466, "duration_ms": 434373, "time_signature": 4}, {"uri": "spotify:track:54b8qPFqYqIndfdxiLApea", "name": "Alone", "artist": "Heart", "popularity": 75, "danceability": 0.418, "energy": 0.452, "key": 1, "loudness": -13.099, "mode": 1, "speechiness": 0.0356, "acousticness": 0.638, "instrumentalness": 0.00026, "liveness": 0.0959, "valence": 0.168, "tempo": 175.088, "duration_ms": 218733, "time_signature": 4}, {"uri": "spotify:track:0dOg1ySSI7NkpAe89Zo0b9", "name": "Born in the U.S.A.", "artist": "Bruce Springsteen", "popularity": 77, "danceability": 0.398, "energy": 0.952, "key": 4, "loudness": -6.042, "mode": 1, "speechiness": 0.061, "acousticness": 0.000373, "instrumentalness": 7.75e-05, "liveness": 0.1, "valence": 0.584, "tempo": 122.093, "duration_ms": 278680, "time_signature": 4}, {"uri": "spotify:track:7j74lucZ59vqN67Ipe2ZcY", "name": "Maneater", "artist": "Daryl Hall & John Oates", "popularity": 76, "danceability": 0.724, "energy": 0.498, "key": 11, "loudness": -13.083, "mode": 0, "speechiness": 0.0423, "acousticness": 0.0405, "instrumentalness": 8.56e-05, "liveness": 0.0761, "valence": 0.823, "tempo": 88.825, "duration_ms": 273173, "time_signature": 4}, {"uri": "spotify:track:0sKlV58cODrjxGFOyf9IXY", "name": "The Way You Make Me Feel - 2012 Remaster", "artist": "Michael Jackson", "popularity": 75, "danceability": 0.877, "energy": 0.854, "key": 1, "loudness": -4.523, "mode": 1, "speechiness": 0.147, "acousticness": 0.0544, "instrumentalness": 5.5e-05, "liveness": 0.144, "valence": 0.54, "tempo": 114.472, "duration_ms": 298120, "time_signature": 4}, {"uri": "spotify:track:1eyq8cjUQ2daFthW2PC2GM", "name": "Glory of Love", "artist": "Peter Cetera", "popularity": 74, "danceability": 0.52, "energy": 0.61, "key": 5, "loudness": -7.935, "mode": 1, "speechiness": 0.0282, "acousticness": 0.0805, "instrumentalness": 2.95e-06, "liveness": 0.276, "valence": 0.329, "tempo": 144.983, "duration_ms": 258333, "time_signature": 4}, {"uri": "spotify:track:1GjbTNFImFrjFsNdleDe78", "name": "Never Tear Us Apart", "artist": "INXS", "popularity": 71, "danceability": 0.664, "energy": 0.613, "key": 0, "loudness": -7.56, "mode": 1, "speechiness": 0.0273, "acousticness": 0.00309, "instrumentalness": 0.000128, "liveness": 0.175, "valence": 0.193, "tempo": 96.6, "duration_ms": 184587, "time_signature": 3}, {"uri": "spotify:track:0BTsVL5VMdq5zGNRSTHozJ", "name": "Our House - 2009 - Remaster", "artist": "Madness", "popularity": 57, "danceability": 0.524, "energy": 0.803, "key": 0, "loudness": -5.13, "mode": 1, "speechiness": 0.0432, "acousticness": 0.0267, "instrumentalness": 3.58e-06, "liveness": 0.224, "valence": 0.713, "tempo": 121.353, "duration_ms": 190840, "time_signature": 4}, {"uri": "spotify:track:3K7Q9PHUWPTaknlbFPThn2", "name": "Celebration", "artist": "Kool & The Gang", "popularity": 75, "danceability": 0.885, "energy": 0.664, "key": 1, "loudness": -11.795, "mode": 1, "speechiness": 0.0524, "acousticness": 0.145, "instrumentalness": 0.0483, "liveness": 0.0767, "valence": 0.906, "tempo": 121.632, "duration_ms": 298867, "time_signature": 4}, {"uri": "spotify:track:5jSz894ljfWE0IcHBSM39i", "name": "Raspberry Beret", "artist": "Prince", "popularity": 68, "danceability": 0.761, "energy": 0.67, "key": 2, "loudness": -12.759, "mode": 1, "speechiness": 0.0438, "acousticness": 0.21, "instrumentalness": 0.000426, "liveness": 0.0685, "valence": 0.91, "tempo": 120.752, "duration_ms": 215173, "time_signature": 4}, {"uri": "spotify:track:7woZGXjtaYwuvSoU1zToB3", "name": "Free Fallin'", "artist": "Tom Petty", "popularity": 1, "danceability": 0.617, "energy": 0.435, "key": 5, "loudness": -13.547, "mode": 1, "speechiness": 0.0256, "acousticness": 0.178, "instrumentalness": 0, "liveness": 0.0822, "valence": 0.601, "tempo": 84.382, "duration_ms": 256667, "time_signature": 4}, {"uri": "spotify:track:1ot6jEe4w4hYnsOPjd3xKQ", "name": "I'm So Excited", "artist": "The Pointer Sisters", "popularity": 74, "danceability": 0.59, "energy": 0.868, "key": 5, "loudness": -5.832, "mode": 0, "speechiness": 0.048, "acousticness": 0.0962, "instrumentalness": 0.000322, "liveness": 0.442, "valence": 0.798, "tempo": 184.348, "duration_ms": 230640, "time_signature": 4}, {"uri": "spotify:track:4qgZs0RNjdzKAS22lP0QjY", "name": "Where The Streets Have No Name - Remastered", "artist": "U2", "popularity": 69, "danceability": 0.49, "energy": 0.724, "key": 2, "loudness": -9.581, "mode": 1, "speechiness": 0.0366, "acousticness": 0.00976, "instrumentalness": 0.0046, "liveness": 0.159, "valence": 0.292, "tempo": 125.812, "duration_ms": 337506, "time_signature": 4}, {"uri": "spotify:track:6Nd6ntkzr4t8o1FKPGOSMt", "name": "Here I Go Again - 2018 Remaster", "artist": "Whitesnake", "popularity": 71, "danceability": 0.292, "energy": 0.823, "key": 7, "loudness": -6.763, "mode": 1, "speechiness": 0.0407, "acousticness": 0.0117, "instrumentalness": 7.79e-05, "liveness": 0.155, "valence": 0.244, "tempo": 89.939, "duration_ms": 275395, "time_signature": 4}, {"uri": "spotify:track:3h04eZTnmFLRMjZajbrp2R", "name": "Need You Tonight", "artist": "INXS", "popularity": 72, "danceability": 0.795, "energy": 0.63, "key": 10, "loudness": -7.217, "mode": 0, "speechiness": 0.0841, "acousticness": 0.0419, "instrumentalness": 0.575, "liveness": 0.0894, "valence": 0.785, "tempo": 108.701, "duration_ms": 181107, "time_signature": 4}, {"uri": "spotify:track:3v9ELl9T121dhadZyIiQVn", "name": "Thorn in My Side - Remastered", "artist": "Eurythmics", "popularity": 60, "danceability": 0.663, "energy": 0.903, "key": 7, "loudness": -2.529, "mode": 1, "speechiness": 0.0294, "acousticness": 0.0421, "instrumentalness": 1.44e-05, "liveness": 0.131, "valence": 0.775, "tempo": 122.206, "duration_ms": 253400, "time_signature": 4}, {"uri": "spotify:track:3Cx4yrFaX8CeHwBMReOWXI", "name": "We Didn't Start the Fire", "artist": "Billy Joel", "popularity": 76, "danceability": 0.712, "energy": 0.967, "key": 7, "loudness": -5.206, "mode": 1, "speechiness": 0.047, "acousticness": 0.0771, "instrumentalness": 0, "liveness": 0.356, "valence": 0.895, "tempo": 145.024, "duration_ms": 287733, "time_signature": 4}, {"uri": "spotify:track:58qBa4R0T7u0ZiuRvMJRUN", "name": "Sweet Little Mystery", "artist": "Wet Wet Wet", "popularity": 64, "danceability": 0.711, "energy": 0.581, "key": 0, "loudness": -14.108, "mode": 1, "speechiness": 0.0357, "acousticness": 0.408, "instrumentalness": 0, "liveness": 0.0709, "valence": 0.949, "tempo": 117.084, "duration_ms": 224933, "time_signature": 4}, {"uri": "spotify:track:0yJvWbn8xQKiDZ84VN5lQG", "name": "De Do Do Do, De Da Da Da", "artist": "The Police", "popularity": 67, "danceability": 0.78, "energy": 0.523, "key": 9, "loudness": -8.884, "mode": 1, "speechiness": 0.051, "acousticness": 0.06, "instrumentalness": 0.0629, "liveness": 0.24, "valence": 0.855, "tempo": 147.86, "duration_ms": 247293, "time_signature": 4}, {"uri": "spotify:track:5tE2kEW1Jom3Qc93UPBT79", "name": "All Right", "artist": "Christopher Cross", "popularity": 64, "danceability": 0.711, "energy": 0.647, "key": 6, "loudness": -5.225, "mode": 0, "speechiness": 0.0353, "acousticness": 0.17, "instrumentalness": 0, "liveness": 0.234, "valence": 0.504, "tempo": 132.752, "duration_ms": 253653, "time_signature": 4}, {"uri": "spotify:track:2A6yzRGMgSQCUapR2ptm6A", "name": "True Colors", "artist": "Cyndi Lauper", "popularity": 72, "danceability": 0.397, "energy": 0.207, "key": 0, "loudness": -13.155, "mode": 1, "speechiness": 0.0331, "acousticness": 0.701, "instrumentalness": 3.07e-05, "liveness": 0.116, "valence": 0.268, "tempo": 171.282, "duration_ms": 227600, "time_signature": 4}, {"uri": "spotify:track:0e3yhVeNaTfKIWQRw9U9sY", "name": "Sacrifice", "artist": "Elton John", "popularity": 76, "danceability": 0.756, "energy": 0.422, "key": 11, "loudness": -12.967, "mode": 0, "speechiness": 0.0292, "acousticness": 0.0165, "instrumentalness": 0.00183, "liveness": 0.0368, "valence": 0.487, "tempo": 112.751, "duration_ms": 304133, "time_signature": 4}, {"uri": "spotify:track:4qM461TqtpnP4GLRIXwEnW", "name": "Sussudio - 2016 Remaster", "artist": "Phil Collins", "popularity": 69, "danceability": 0.714, "energy": 0.935, "key": 5, "loudness": -5.195, "mode": 1, "speechiness": 0.0849, "acousticness": 0.0529, "instrumentalness": 0.0934, "liveness": 0.0515, "valence": 0.725, "tempo": 121.232, "duration_ms": 263107, "time_signature": 4}, {"uri": "spotify:track:7N3PAbqfTjSEU1edb2tY8j", "name": "Jump - 2015 Remaster", "artist": "Van Halen", "popularity": 80, "danceability": 0.572, "energy": 0.835, "key": 0, "loudness": -6.219, "mode": 1, "speechiness": 0.0317, "acousticness": 0.171, "instrumentalness": 0.000377, "liveness": 0.0702, "valence": 0.795, "tempo": 129.981, "duration_ms": 241600, "time_signature": 4}, {"uri": "spotify:track:5veJDT0MLsLbhYsx42GXUD", "name": "Don't Stand So Close To Me", "artist": "The Police", "popularity": 71, "danceability": 0.799, "energy": 0.506, "key": 2, "loudness": -9.414, "mode": 1, "speechiness": 0.0606, "acousticness": 0.0453, "instrumentalness": 0.00107, "liveness": 0.0365, "valence": 0.518, "tempo": 140.309, "duration_ms": 242667, "time_signature": 4}, {"uri": "spotify:track:1YJ4vpxPL6Wgo8gmRnvqSp", "name": "There Must Be an Angel (Playing With My Heart)", "artist": "Eurythmics", "popularity": 61, "danceability": 0.539, "energy": 0.672, "key": 0, "loudness": -11.36, "mode": 1, "speechiness": 0.0472, "acousticness": 0.342, "instrumentalness": 1.05e-05, "liveness": 0.123, "valence": 0.611, "tempo": 112.399, "duration_ms": 280360, "time_signature": 4}, {"uri": "spotify:track:3PzsbWSQdLCKDLxn7YZfkM", "name": "I'm On Fire", "artist": "Bruce Springsteen", "popularity": 76, "danceability": 0.62, "energy": 0.446, "key": 1, "loudness": -14.451, "mode": 0, "speechiness": 0.0347, "acousticness": 0.589, "instrumentalness": 0.0299, "liveness": 0.0727, "valence": 0.868, "tempo": 88.591, "duration_ms": 155880, "time_signature": 4}, {"uri": "spotify:track:7DFawVSjI88xR9mjnWwURg", "name": "If You Don't Know Me by Now - 2008 Remaster", "artist": "Simply Red", "popularity": 73, "danceability": 0.638, "energy": 0.352, "key": 10, "loudness": -9.266, "mode": 1, "speechiness": 0.0268, "acousticness": 0.492, "instrumentalness": 0, "liveness": 0.105, "valence": 0.204, "tempo": 94.173, "duration_ms": 204000, "time_signature": 3}, {"uri": "spotify:track:60mGckXEG1EzR4VmjYLfEW", "name": "Guilty (feat. Barry Gibb)", "artist": "Barbra Streisand", "popularity": 67, "danceability": 0.626, "energy": 0.425, "key": 0, "loudness": -15.656, "mode": 1, "speechiness": 0.0356, "acousticness": 0.231, "instrumentalness": 0, "liveness": 0.114, "valence": 0.952, "tempo": 150.875, "duration_ms": 264333, "time_signature": 4}, {"uri": "spotify:track:5xGsNXXTu545MWoeuFfjxT", "name": "It's Only Love", "artist": "Bryan Adams", "popularity": 59, "danceability": 0.515, "energy": 0.805, "key": 5, "loudness": -4.491, "mode": 1, "speechiness": 0.0345, "acousticness": 0.00993, "instrumentalness": 1.57e-05, "liveness": 0.419, "valence": 0.743, "tempo": 101.161, "duration_ms": 194618, "time_signature": 4}, {"uri": "spotify:track:4ByEFOBuLXpCqvO1kw8Wdm", "name": "(I Just) Died In Your Arms", "artist": "Cutting Crew", "popularity": 76, "danceability": 0.625, "energy": 0.726, "key": 11, "loudness": -11.402, "mode": 0, "speechiness": 0.0444, "acousticness": 0.0158, "instrumentalness": 0.000169, "liveness": 0.0625, "valence": 0.507, "tempo": 124.945, "duration_ms": 280400, "time_signature": 4}, {"uri": "spotify:track:3yDhZq8f17SmumVmEyCaRN", "name": "Give It Up", "artist": "KC & The Sunshine Band", "popularity": 69, "danceability": 0.862, "energy": 0.624, "key": 3, "loudness": -11.63, "mode": 1, "speechiness": 0.0565, "acousticness": 0.0192, "instrumentalness": 0.000153, "liveness": 0.0465, "valence": 0.882, "tempo": 124.896, "duration_ms": 254240, "time_signature": 4}, {"uri": "spotify:track:1I6q6nwNjNgik1Qe8Oi0Y7", "name": "Do You Really Want To Hurt Me", "artist": "Culture Club", "popularity": 68, "danceability": 0.744, "energy": 0.376, "key": 4, "loudness": -14.996, "mode": 0, "speechiness": 0.0366, "acousticness": 0.0815, "instrumentalness": 0, "liveness": 0.108, "valence": 0.42, "tempo": 100.78, "duration_ms": 262173, "time_signature": 4}, {"uri": "spotify:track:5JvsxPAHsGxwNq4xto2HtM", "name": "Listen To Your Heart", "artist": "Roxette", "popularity": 74, "danceability": 0.539, "energy": 0.583, "key": 1, "loudness": -4.935, "mode": 0, "speechiness": 0.0275, "acousticness": 0.108, "instrumentalness": 0, "liveness": 0.111, "valence": 0.337, "tempo": 86.063, "duration_ms": 328093, "time_signature": 4}]