[{"uri": "spotify:track:2u8yti7fZtXMbwqex7M0DZ", "name": "All You Need Is Love - Remastered", "artist": "The Beatles", "popularity": 0, "danceability": 0.4, "energy": 0.463, "key": 7, "loudness": -8.455, "mode": 1, "speechiness": 0.0288, "acousticness": 0.345, "instrumentalness": 4.59e-05, "liveness": 0.286, "valence": 0.627, "tempo": 103.103, "duration_ms": 231213, "time_signature": 4}, {"uri": "spotify:track:0wBS0cVvsderMUaLLTbGv6", "name": "Hey Jude - Remastered", "artist": "The Beatles", "popularity": 0, "danceability": 0.402, "energy": 0.552, "key": 10, "loudness": -10.158, "mode": 1, "speechiness": 0.0258, "acousticness": 0.028, "instrumentalness": 1.36e-05, "liveness": 0.0929, "valence": 0.668, "tempo": 145.164, "duration_ms": 431333, "time_signature": 4}, {"uri": "spotify:track:5EBoNoVE7BoGQ7Hfd2uGUR", "name": "Don't Let Me Down - Remastered", "artist": "The Beatles", "popularity": 0, "danceability": 0.593, "energy": 0.289, "key": 4, "loudness": -11.049, "mode": 1, "speechiness": 0.0259, "acousticness": 0.568, "instrumentalness": 0.000829, "liveness": 0.0928, "valence": 0.733, "tempo": 77.119, "duration_ms": 215733, "time_signature": 4}, {"uri": "spotify:track:41OmMzncZxO3J2YlYK96i6", "name": "Things We Said Today - Remastered", "artist": "The Beatles", "popularity": 0, "danceability": 0.551, "energy": 0.575, "key": 2, "loudness": -8.208, "mode": 0, "speechiness": 0.0332, "acousticness": 0.239, "instrumentalness": 0, "liveness": 0.112, "valence": 0.516, "tempo": 137.054, "duration_ms": 155333, "time_signature": 4}, {"uri": "spotify:track:45yEy5WJywhJ3sDI28ajTm", "name": "Here Comes The Sun - Remastered", "artist": "The Beatles", "popularity": 2, "danceability": 0.557, "energy": 0.54, "key": 9, "loudness": -10.484, "mode": 1, "speechiness": 0.0347, "acousticness": 0.0339, "instrumentalness": 0.00248, "liveness": 0.179, "valence": 0.394, "tempo": 129.171, "duration_ms": 185733, "time_signature": 4}, {"uri": "spotify:track:5QqdvVeYLL1xvZ1ndUjxnO", "name": "In My Life - Remastered", "artist": "The Beatles", "popularity": 0, "danceability": 0.688, "energy": 0.435, "key": 9, "loudness": -11.359, "mode": 1, "speechiness": 0.0323, "acousticness": 0.449, "instrumentalness": 0, "liveness": 0.113, "valence": 0.435, "tempo": 103.239, "duration_ms": 146333, "time_signature": 4}, {"uri": "spotify:track:4DRBaZ760gyk7LWnaJFqsJ", "name": "I Want To Hold Your Hand - Remastered 2015", "artist": "The Beatles", "popularity": 0, "danceability": 0.49, "energy": 0.715, "key": 7, "loudness": -5.549, "mode": 1, "speechiness": 0.0476, "acousticness": 0.386, "instrumentalness": 0, "liveness": 0.311, "valence": 0.866, "tempo": 130.726, "duration_ms": 145747, "time_signature": 4}, {"uri": "spotify:track:2NhsqMeZfboBcBkfozARJW", "name": "This Boy - Remastered", "artist": "The Beatles", "popularity": 0, "danceability": 0.661, "energy": 0.337, "key": 11, "loudness": -11.552, "mode": 0, "speechiness": 0.0279, "acousticness": 0.208, "instrumentalness": 9.86e-06, "liveness": 0.148, "valence": 0.715, "tempo": 110.184, "duration_ms": 136080, "time_signature": 3}, {"uri": "spotify:track:7oSUp4yZ0FbuSvVmCxH2ty", "name": "Something - Remastered", "artist": "The Beatles", "popularity": 0, "danceability": 0.396, "energy": 0.338, "key": 0, "loudness": -10.872, "mode": 1, "speechiness": 0.0304, "acousticness": 0.198, "instrumentalness": 2.62e-06, "liveness": 0.138, "valence": 0.377, "tempo": 133.522, "duration_ms": 182293, "time_signature": 4}, {"uri": "spotify:track:5f8TozGCJHwR82EOCajZjU", "name": "I'll Follow The Sun - Remastered", "artist": "The Beatles", "popularity": 0, "danceability": 0.689, "energy": 0.313, "key": 0, "loudness": -10.073, "mode": 1, "speechiness": 0.0366, "acousticness": 0.789, "instrumentalness": 0, "liveness": 0.144, "valence": 0.625, "tempo": 133.754, "duration_ms": 108853, "time_signature": 4}, {"uri": "spotify:track:0Gm34HBxrXlaAf1jdJMjx2", "name": "I Feel Fine - Remastered 2015", "artist": "The Beatles", "popularity": 0, "danceability": 0.564, "energy": 0.827, "key": 7, "loudness": -7.089, "mode": 1, "speechiness": 0.0283, "acousticness": 0.0904, "instrumentalness": 3.73e-06, "liveness": 0.127, "valence": 0.912, "tempo": 89.847, "duration_ms": 139347, "time_signature": 4}, {"uri": "spotify:track:5wDeBT033SeEW9qY9yNU9i", "name": "I'll Be Back - Remastered", "artist": "The Beatles", "popularity": 0, "danceability": 0.721, "energy": 0.527, "key": 9, "loudness": -7.224, "mode": 1, "speechiness": 0.0293, "acousticness": 0.744, "instrumentalness": 0, "liveness": 0.186, "valence": 0.641, "tempo": 123.902, "duration_ms": 144187, "time_signature": 4}, {"uri": "spotify:track:2Q2Gu7Bv8iLenuygtBgDUw", "name": "From Me To You - Mono / Remastered", "artist": "The Beatles", "popularity": 0, "danceability": 0.581, "energy": 0.821, "key": 0, "loudness": -4.387, "mode": 1, "speechiness": 0.0318, "acousticness": 0.507, "instrumentalness": 0, "liveness": 0.108, "valence": 0.968, "tempo": 136.145, "duration_ms": 116160, "time_signature": 4}, {"uri": "spotify:track:2Iccm3cKBQHWt5yk0yX9nh", "name": "Please Please Me - Remastered", "artist": "The Beatles", "popularity": 0, "danceability": 0.527, "energy": 0.48, "key": 4, "loudness": -9.61, "mode": 1, "speechiness": 0.028, "acousticness": 0.334, "instrumentalness": 0, "liveness": 0.0702, "valence": 0.706, "tempo": 139.388, "duration_ms": 120853, "time_signature": 4}, {"uri": "spotify:track:4DE42oDol0KHxympBsaiYu", "name": "Norwegian Wood (This Bird Has Flown) - Remastered", "artist": "The Beatles", "popularity": 0, "danceability": 0.425, "energy": 0.369, "key": 4, "loudness": -11.876, "mode": 1, "speechiness": 0.0379, "acousticness": 0.183, "instrumentalness": 0.00126, "liveness": 0.112, "valence": 0.65, "tempo": 176.625, "duration_ms": 124693, "time_signature": 3}, {"uri": "spotify:track:6mZGglJLWfy0HxbVL8i9BL", "name": "And I Love Her - Remastered", "artist": "The Beatles", "popularity": 0, "danceability": 0.767, "energy": 0.331, "key": 1, "loudness": -10.777, "mode": 0, "speechiness": 0.0337, "acousticness": 0.64, "instrumentalness": 0, "liveness": 0.0681, "valence": 0.636, "tempo": 113.312, "duration_ms": 149693, "time_signature": 4}, {"uri": "spotify:track:7pd4f00gq8Rsg9PBkq8dhD", "name": "If I Fell - Remastered", "artist": "The Beatles", "popularity": 0, "danceability": 0.665, "energy": 0.31, "key": 2, "loudness": -8.928, "mode": 1, "speechiness": 0.0278, "acousticness": 0.68, "instrumentalness": 0, "liveness": 0.0877, "valence": 0.568, "tempo": 108.211, "duration_ms": 139467, "time_signature": 4}, {"uri": "spotify:track:2zO5cQdHLBOPlnQqWeNCFM", "name": "Ticket To Ride - Remastered", "artist": "The Beatles", "popularity": 0, "danceability": 0.519, "energy": 0.85, "key": 9, "loudness": -6.777, "mode": 1, "speechiness": 0.0678, "acousticness": 0.0457, "instrumentalness": 0, "liveness": 0.233, "valence": 0.749, "tempo": 123.419, "duration_ms": 189680, "time_signature": 4}, {"uri": "spotify:track:4Y1wDuG8wnlT6GuKgkgjNT", "name": "Yes It Is - Remastered", "artist": "The Beatles", "popularity": 0, "danceability": 0.544, "energy": 0.316, "key": 4, "loudness": -8.051, "mode": 1, "speechiness": 0.0309, "acousticness": 0.616, "instrumentalness": 0, "liveness": 0.11, "valence": 0.44, "tempo": 100.074, "duration_ms": 162413, "time_signature": 3}, {"uri": "spotify:track:7cPPyMrSAQY7A686Cn9eUP", "name": "All My Loving - Remastered", "artist": "The Beatles", "popularity": 0, "danceability": 0.416, "energy": 0.563, "key": 1, "loudness": -8.724, "mode": 0, "speechiness": 0.0298, "acousticness": 0.207, "instrumentalness": 0, "liveness": 0.343, "valence": 0.9, "tempo": 77.56, "duration_ms": 127853, "time_signature": 4}, {"uri": "spotify:track:08BCg1JcswBkQVgEkcAM97", "name": "You Really Got A Hold On Me - Remastered", "artist": "The Beatles", "popularity": 0, "danceability": 0.373, "energy": 0.388, "key": 9, "loudness": -9.31, "mode": 1, "speechiness": 0.0337, "acousticness": 0.525, "instrumentalness": 0, "liveness": 0.267, "valence": 0.687, "tempo": 77.643, "duration_ms": 181347, "time_signature": 4}, {"uri": "spotify:track:67VdmhC89bZ6yK2XRys0lA", "name": "I've Just Seen A Face - Remastered", "artist": "The Beatles", "popularity": 0, "danceability": 0.647, "energy": 0.56, "key": 9, "loudness": -8.809, "mode": 1, "speechiness": 0.0387, "acousticness": 0.723, "instrumentalness": 0, "liveness": 0.118, "valence": 0.913, "tempo": 120.418, "duration_ms": 125040, "time_signature": 3}, {"uri": "spotify:track:7zmMlHeeN2DW8D8aKQYC0i", "name": "She Loves You - Mono / Remastered", "artist": "The Beatles", "popularity": 0, "danceability": 0.308, "energy": 0.895, "key": 7, "loudness": -5.157, "mode": 1, "speechiness": 0.0463, "acousticness": 0.389, "instrumentalness": 0, "liveness": 0.177, "valence": 0.902, "tempo": 150.109, "duration_ms": 142653, "time_signature": 4}, {"uri": "spotify:track:7KmRz1oKEwgj9qpfn72OfO", "name": "Can't Buy Me Love - Remastered", "artist": "The Beatles", "popularity": 0, "danceability": 0.483, "energy": 0.677, "key": 0, "loudness": -5.91, "mode": 1, "speechiness": 0.0593, "acousticness": 0.283, "instrumentalness": 0, "liveness": 0.321, "valence": 0.842, "tempo": 170.72, "duration_ms": 131867, "time_signature": 4}, {"uri": "spotify:track:5FBxWhG0nbBAF6lWgJFklM", "name": "Do You Want To Know A Secret - Remastered", "artist": "The Beatles", "popularity": 0, "danceability": 0.673, "energy": 0.349, "key": 4, "loudness": -12.414, "mode": 1, "speechiness": 0.0368, "acousticness": 0.608, "instrumentalness": 0, "liveness": 0.38, "valence": 0.609, "tempo": 124.451, "duration_ms": 117013, "time_signature": 4}, {"uri": "spotify:track:2B3ArhTa6DRox1W4CJZ1dM", "name": "Eight Days A Week - Remastered", "artist": "The Beatles", "popularity": 0, "danceability": 0.652, "energy": 0.583, "key": 9, "loudness": -7.811, "mode": 1, "speechiness": 0.038, "acousticness": 0.412, "instrumentalness": 0, "liveness": 0.119, "valence": 0.744, "tempo": 138.134, "duration_ms": 163600, "time_signature": 4}, {"uri": "spotify:track:6pTIIBntNSvDeUdZS3E8vz", "name": "You've Got To Hide Your Love Away - Remastered", "artist": "The Beatles", "popularity": 0, "danceability": 0.398, "energy": 0.392, "key": 7, "loudness": -9.05, "mode": 1, "speechiness": 0.0282, "acousticness": 0.207, "instrumentalness": 0, "liveness": 0.102, "valence": 0.378, "tempo": 184.267, "duration_ms": 129120, "time_signature": 3}, {"uri": "spotify:track:5AcM8eAOtusLByGW7XbRA6", "name": "I Need You - Remastered", "artist": "The Beatles", "popularity": 0, "danceability": 0.601, "energy": 0.489, "key": 9, "loudness": -8.554, "mode": 1, "speechiness": 0.0455, "acousticness": 0.277, "instrumentalness": 0, "liveness": 0.0988, "valence": 0.638, "tempo": 136.215, "duration_ms": 148787, "time_signature": 4}, {"uri": "spotify:track:0yZEKwCNhkyaqk1ZyCZU7A", "name": "Michelle - Remastered", "artist": "The Beatles", "popularity": 0, "danceability": 0.578, "energy": 0.29, "key": 5, "loudness": -12.501, "mode": 0, "speechiness": 0.0341, "acousticness": 0.652, "instrumentalness": 0, "liveness": 0.105, "valence": 0.666, "tempo": 117.403, "duration_ms": 162373, "time_signature": 4}, {"uri": "spotify:track:19lAT1lAVe4HzFkVNFHGen", "name": "Girl - Remastered", "artist": "The Beatles", "popularity": 0, "danceability": 0.699, "energy": 0.294, "key": 5, "loudness": -13.205, "mode": 0, "speechiness": 0.0294, "acousticness": 0.587, "instrumentalness": 0, "liveness": 0.117, "valence": 0.893, "tempo": 96.615, "duration_ms": 151720, "time_signature": 4}, {"uri": "spotify:track:0ciN57sh0lG9SjeN4CiU0E", "name": "Words Of Love - Remastered", "artist": "The Beatles", "popularity": 0, "danceability": 0.551, "energy": 0.533, "key": 9, "loudness": -9.8, "mode": 1, "speechiness": 0.0297, "acousticness": 0.323, "instrumentalness": 0.722, "liveness": 0.173, "valence": 0.85, "tempo": 122.358, "duration_ms": 124320, "time_signature": 4}, {"uri": "spotify:track:1dCGa0fzXpCWvQbpuoe28D", "name": "Here, There And Everywhere - Remastered", "artist": "The Beatles", "popularity": 0, "danceability": 0.29, "energy": 0.247, "key": 7, "loudness": -12.125, "mode": 1, "speechiness": 0.0383, "acousticness": 0.921, "instrumentalness": 0.00565, "liveness": 0.0917, "valence": 0.36, "tempo": 165.361, "duration_ms": 144880, "time_signature": 4}, {"uri": "spotify:track:19aATlcb67bbIdjcMA0rOa", "name": "For No One - Remastered", "artist": "The Beatles", "popularity": 0, "danceability": 0.483, "energy": 0.351, "key": 1, "loudness": -10.487, "mode": 0, "speechiness": 0.0278, "acousticness": 0.783, "instrumentalness": 0, "liveness": 0.115, "valence": 0.713, "tempo": 81.208, "duration_ms": 119813, "time_signature": 4}, {"uri": "spotify:track:1NrbnHlR2BFREcyWXHIHip", "name": "When I'm Sixty Four - Remastered 2009", "artist": "The Beatles", "popularity": 66, "danceability": 0.704, "energy": 0.241, "key": 1, "loudness": -13.258, "mode": 1, "speechiness": 0.0476, "acousticness": 0.625, "instrumentalness": 2.8e-05, "liveness": 0.0868, "valence": 0.661, "tempo": 140.411, "duration_ms": 157667, "time_signature": 4}, {"uri": "spotify:track:09x9v1o51dbqi5H0u7UGfp", "name": "I Will - Remastered 2009", "artist": "The Beatles", "popularity": 66, "danceability": 0.631, "energy": 0.387, "key": 5, "loudness": -11.529, "mode": 1, "speechiness": 0.0262, "acousticness": 0.742, "instrumentalness": 0.000406, "liveness": 0.0822, "valence": 0.832, "tempo": 103.11, "duration_ms": 105933, "time_signature": 4}, {"uri": "spotify:track:5FnpXVgDOk2sLT58qM22Of", "name": "Julia - Remastered 2009", "artist": "The Beatles", "popularity": 59, "danceability": 0.512, "energy": 0.0953, "key": 2, "loudness": -16.082, "mode": 1, "speechiness": 0.0304, "acousticness": 0.828, "instrumentalness": 0.000268, "liveness": 0.117, "valence": 0.193, "tempo": 134.706, "duration_ms": 176667, "time_signature": 4}, {"uri": "spotify:track:4meU26wATqPVl2nkxe0hT0", "name": "Love You To - Remastered", "artist": "The Beatles", "popularity": 0, "danceability": 0.391, "energy": 0.593, "key": 5, "loudness": -8.999, "mode": 1, "speechiness": 0.0413, "acousticness": 0.7, "instrumentalness": 0.000249, "liveness": 0.0829, "valence": 0.707, "tempo": 123.986, "duration_ms": 179827, "time_signature": 4}, {"uri": "spotify:track:4cLoL5KPfE1hAwfsO84FX7", "name": "Because - Remastered", "artist": "The Beatles", "popularity": 0, "danceability": 0.328, "energy": 0.249, "key": 2, "loudness": -11.777, "mode": 1, "speechiness": 0.0272, "acousticness": 0.754, "instrumentalness": 5.77e-06, "liveness": 0.134, "valence": 0.162, "tempo": 81.257, "duration_ms": 165667, "time_signature": 4}, {"uri": "spotify:track:72Ob0wrObCXgvGYhFs8vip", "name": "Across The Universe - Remastered", "artist": "The Beatles", "popularity": 0, "danceability": 0.257, "energy": 0.412, "key": 1, "loudness": -11.788, "mode": 1, "speechiness": 0.0287, "acousticness": 0.361, "instrumentalness": 8.68e-05, "liveness": 0.0702, "valence": 0.858, "tempo": 152.126, "duration_ms": 228133, "time_signature": 4}, {"uri": "spotify:track:7c76SiAfT7JkMiCm8BBCcP", "name": "Hello, Goodbye - Remastered", "artist": "The Beatles", "popularity": 0, "danceability": 0.479, "energy": 0.733, "key": 0, "loudness": -8.753, "mode": 1, "speechiness": 0.0256, "acousticness": 0.306, "instrumentalness": 2.4e-05, "liveness": 0.414, "valence": 0.806, "tempo": 99.307, "duration_ms": 208840, "time_signature": 4}, {"uri": "spotify:track:2tBv9tAdqEbLNDi5smSjbg", "name": "Sexy Sadie - Remastered 2009", "artist": "The Beatles", "popularity": 55, "danceability": 0.577, "energy": 0.624, "key": 0, "loudness": -9.626, "mode": 1, "speechiness": 0.0285, "acousticness": 0.33, "instrumentalness": 0.00622, "liveness": 0.117, "valence": 0.671, "tempo": 75.478, "duration_ms": 195267, "time_signature": 4}, {"uri": "spotify:track:6h9W5FxX4E9lUFsyq8j1AD", "name": "Lovely Rita - Remastered 2009", "artist": "The Beatles", "popularity": 57, "danceability": 0.61, "energy": 0.471, "key": 8, "loudness": -9.151, "mode": 0, "speechiness": 0.0261, "acousticness": 0.0634, "instrumentalness": 0, "liveness": 0.118, "valence": 0.63, "tempo": 87.379, "duration_ms": 162093, "time_signature": 4}, {"uri": "spotify:track:5VsIn7QQqcacePIb0vO0ow", "name": "Not A Second Time - Remastered", "artist": "The Beatles", "popularity": 0, "danceability": 0.471, "energy": 0.817, "key": 7, "loudness": -9.999, "mode": 1, "speechiness": 0.0372, "acousticness": 0.213, "instrumentalness": 0, "liveness": 0.498, "valence": 0.961, "tempo": 124.848, "duration_ms": 126827, "time_signature": 4}, {"uri": "spotify:track:59CLXQLZKxRPzMW8S8Gt9N", "name": "Oh! Darling - Remastered", "artist": "The Beatles", "popularity": 0, "danceability": 0.422, "energy": 0.656, "key": 4, "loudness": -8.412, "mode": 1, "speechiness": 0.0397, "acousticness": 0.0126, "instrumentalness": 0.0279, "liveness": 0.268, "valence": 0.549, "tempo": 173.93, "duration_ms": 207240, "time_signature": 3}, {"uri": "spotify:track:57n1teNb2tkcfiYagPmUWr", "name": "Two Of Us - Remastered", "artist": "The Beatles", "popularity": 0, "danceability": 0.726, "energy": 0.702, "key": 7, "loudness": -10.757, "mode": 1, "speechiness": 0.032, "acousticness": 0.0974, "instrumentalness": 3.46e-05, "liveness": 0.239, "valence": 0.931, "tempo": 109.114, "duration_ms": 216813, "time_signature": 4}, {"uri": "spotify:track:1gFNm7cXfG1vSMcxPpSxec", "name": "Ob-La-Di, Ob-La-Da - Remastered 2009", "artist": "The Beatles", "popularity": 73, "danceability": 0.818, "energy": 0.728, "key": 10, "loudness": -8.331, "mode": 1, "speechiness": 0.0314, "acousticness": 0.232, "instrumentalness": 0.0642, "liveness": 0.251, "valence": 0.975, "tempo": 113.059, "duration_ms": 188960, "time_signature": 4}, {"uri": "spotify:track:43feVCF6QfqIt9LnLs9BAH", "name": "Boys - Remastered", "artist": "The Beatles", "popularity": 0, "danceability": 0.402, "energy": 0.86, "key": 4, "loudness": -10.31, "mode": 1, "speechiness": 0.0504, "acousticness": 0.607, "instrumentalness": 0, "liveness": 0.736, "valence": 0.822, "tempo": 142.445, "duration_ms": 146440, "time_signature": 4}, {"uri": "spotify:track:69d54YOS8TOQiUYjX57XeA", "name": "A Hard Day's Night - Remastered", "artist": "The Beatles", "popularity": 0, "danceability": 0.59, "energy": 0.805, "key": 0, "loudness": -6.481, "mode": 1, "speechiness": 0.0371, "acousticness": 0.137, "instrumentalness": 0, "liveness": 0.0996, "valence": 0.797, "tempo": 138.514, "duration_ms": 154200, "time_signature": 4}, {"uri": "spotify:track:03v6sgKUUFliGse1h04ecC", "name": "I've Got A Feeling - Remastered", "artist": "The Beatles", "popularity": 0, "danceability": 0.44, "energy": 0.609, "key": 2, "loudness": -8.824, "mode": 1, "speechiness": 0.0358, "acousticness": 0.0715, "instrumentalness": 0, "liveness": 0.582, "valence": 0.364, "tempo": 165.156, "duration_ms": 217560, "time_signature": 4}, {"uri": "spotify:track:33Qw6xhfiA4Ja10lOpW9fl", "name": "Blackbird/Yesterday - Love Version", "artist": "The Beatles", "popularity": 0, "danceability": 0.483, "energy": 0.107, "key": 5, "loudness": -15.465, "mode": 1, "speechiness": 0.031, "acousticness": 0.828, "instrumentalness": 0, "liveness": 0.092, "valence": 0.195, "tempo": 94.371, "duration_ms": 151992, "time_signature": 4}]