[{"uri": "spotify:track:2ayIgfvWo3SfYP2pVOr4pC", "name": "Gone", "artist": "ROS\u00c9", "popularity": 73, "danceability": 0.647, "energy": 0.377, "key": 6, "loudness": -6.003, "mode": 1, "speechiness": 0.0375, "acousticness": 0.594, "instrumentalness": 0, "liveness": 0.0768, "valence": 0.653, "tempo": 79.936, "duration_ms": 207164, "time_signature": 4}, {"uri": "spotify:track:52CBUrIdyf8tbZaUY9iawE", "name": "After School", "artist": "Weeekly", "popularity": 78, "danceability": 0.634, "energy": 0.928, "key": 1, "loudness": -1.609, "mode": 1, "speechiness": 0.0514, "acousticness": 0.00719, "instrumentalness": 2.55e-06, "liveness": 0.0626, "valence": 0.738, "tempo": 164.007, "duration_ms": 205373, "time_signature": 4}, {"uri": "spotify:track:3mmLyEhphJAaW7hyEXAD8l", "name": "Some", "artist": "BOL4", "popularity": 1, "danceability": 0.659, "energy": 0.799, "key": 1, "loudness": -2.849, "mode": 0, "speechiness": 0.0629, "acousticness": 0.417, "instrumentalness": 0, "liveness": 0.0562, "valence": 0.782, "tempo": 103.99, "duration_ms": 181373, "time_signature": 4}, {"uri": "spotify:track:0BJMgVrnWIvgYsjq8KaPeh", "name": "SCIENTIST", "artist": "TWICE", "popularity": 82, "danceability": 0.786, "energy": 0.858, "key": 11, "loudness": -3.74, "mode": 1, "speechiness": 0.0675, "acousticness": 0.0487, "instrumentalness": 0, "liveness": 0.126, "valence": 0.649, "tempo": 112.999, "duration_ms": 194600, "time_signature": 4}, {"uri": "spotify:track:1Z8TPHiKeCUyClxV6WTTIf", "name": "0X1=LOVESONG (I Know I Love You) feat. Seori", "artist": "TOMORROW X TOGETHER", "popularity": 80, "danceability": 0.584, "energy": 0.836, "key": 0, "loudness": -4.925, "mode": 1, "speechiness": 0.079, "acousticness": 0.0558, "instrumentalness": 0, "liveness": 0.0663, "valence": 0.484, "tempo": 104.973, "duration_ms": 202204, "time_signature": 4}, {"uri": "spotify:track:249gnXrbfmV8NG6jTEMSwD", "name": "Life Goes On", "artist": "BTS", "popularity": 74, "danceability": 0.566, "energy": 0.716, "key": 1, "loudness": -5.733, "mode": 1, "speechiness": 0.0424, "acousticness": 0.00691, "instrumentalness": 0, "liveness": 0.37, "valence": 0.45, "tempo": 81.068, "duration_ms": 207481, "time_signature": 4}, {"uri": "spotify:track:2pn8dNVSpYnAtlKFC8Q0DJ", "name": "On The Ground", "artist": "ROS\u00c9", "popularity": 74, "danceability": 0.311, "energy": 0.607, "key": 1, "loudness": -6.578, "mode": 1, "speechiness": 0.11, "acousticness": 0.0174, "instrumentalness": 0, "liveness": 0.131, "valence": 0.286, "tempo": 188.7, "duration_ms": 168086, "time_signature": 4}, {"uri": "spotify:track:64EDGnUytmCV7TfOo67810", "name": "90's Love", "artist": "NCT U", "popularity": 57, "danceability": 0.743, "energy": 0.924, "key": 1, "loudness": -1.501, "mode": 0, "speechiness": 0.0642, "acousticness": 0.0688, "instrumentalness": 0, "liveness": 0.112, "valence": 0.702, "tempo": 107.995, "duration_ms": 213667, "time_signature": 4}, {"uri": "spotify:track:4RewTiGEGoO7FWNZUmp1f4", "name": "Celebrity", "artist": "IU", "popularity": 69, "danceability": 0.73, "energy": 0.784, "key": 9, "loudness": -2.62, "mode": 1, "speechiness": 0.0691, "acousticness": 0.191, "instrumentalness": 0, "liveness": 0.0956, "valence": 0.673, "tempo": 99.995, "duration_ms": 195547, "time_signature": 4}, {"uri": "spotify:track:1GMufNnkKAnPLnqKJ5HHxW", "name": "Lovesick Girls", "artist": "BLACKPINK", "popularity": 74, "danceability": 0.658, "energy": 0.732, "key": 6, "loudness": -4.762, "mode": 1, "speechiness": 0.0654, "acousticness": 0.00513, "instrumentalness": 0, "liveness": 0.13, "valence": 0.409, "tempo": 127.995, "duration_ms": 192765, "time_signature": 4}, {"uri": "spotify:track:3CYH422oy1cZNoo0GTG1TK", "name": "Psycho", "artist": "Red Velvet", "popularity": 78, "danceability": 0.664, "energy": 0.666, "key": 8, "loudness": -2.203, "mode": 1, "speechiness": 0.0446, "acousticness": 0.193, "instrumentalness": 0, "liveness": 0.0854, "valence": 0.405, "tempo": 139.987, "duration_ms": 210560, "time_signature": 4}, {"uri": "spotify:track:2FymmKBuog0loCuNXMwQID", "name": "Ready to love", "artist": "SEVENTEEN", "popularity": 72, "danceability": 0.668, "energy": 0.705, "key": 9, "loudness": -5.731, "mode": 0, "speechiness": 0.0356, "acousticness": 0.0274, "instrumentalness": 0, "liveness": 0.215, "valence": 0.549, "tempo": 129.984, "duration_ms": 186760, "time_signature": 4}, {"uri": "spotify:track:2xtP8RNbo2BEMzLX7tK7aq", "name": "CRY FOR ME", "artist": "TWICE", "popularity": 75, "danceability": 0.702, "energy": 0.692, "key": 10, "loudness": -5.405, "mode": 1, "speechiness": 0.0539, "acousticness": 0.0542, "instrumentalness": 0, "liveness": 0.0877, "valence": 0.419, "tempo": 144.896, "duration_ms": 204168, "time_signature": 4}, {"uri": "spotify:track:0br4r9VlPdofrWXxPorlYd", "name": "Why Why Why", "artist": "iKON", "popularity": 62, "danceability": 0.749, "energy": 0.634, "key": 0, "loudness": -5.964, "mode": 0, "speechiness": 0.0595, "acousticness": 0.172, "instrumentalness": 0, "liveness": 0.109, "valence": 0.274, "tempo": 123.997, "duration_ms": 206856, "time_signature": 4}, {"uri": "spotify:track:3ObPkJQAgjAhTwYvDhPrAW", "name": "Blue Hour", "artist": "TOMORROW X TOGETHER", "popularity": 75, "danceability": 0.71, "energy": 0.82, "key": 3, "loudness": -4.362, "mode": 0, "speechiness": 0.0836, "acousticness": 0.00962, "instrumentalness": 0, "liveness": 0.0871, "valence": 0.746, "tempo": 112.005, "duration_ms": 209105, "time_signature": 4}, {"uri": "spotify:track:0JL7DoEqAUcOntWmBuOSdh", "name": "For You", "artist": "LeeHi", "popularity": 66, "danceability": 0.588, "energy": 0.452, "key": 7, "loudness": -7.778, "mode": 1, "speechiness": 0.039, "acousticness": 0.724, "instrumentalness": 0, "liveness": 0.107, "valence": 0.267, "tempo": 83.936, "duration_ms": 205120, "time_signature": 4}, {"uri": "spotify:track:3cGp1jXxLReLKz7QgVbWZR", "name": "Hello", "artist": "JOY", "popularity": 70, "danceability": 0.392, "energy": 0.894, "key": 2, "loudness": -1.399, "mode": 1, "speechiness": 0.0459, "acousticness": 0.351, "instrumentalness": 0, "liveness": 0.349, "valence": 0.644, "tempo": 185.869, "duration_ms": 218880, "time_signature": 4}, {"uri": "spotify:track:1wcr8DjnN59Awev8nnKpQ4", "name": "Drunk-Dazed", "artist": "ENHYPEN", "popularity": 80, "danceability": 0.599, "energy": 0.869, "key": 5, "loudness": -5.174, "mode": 0, "speechiness": 0.0618, "acousticness": 0.000707, "instrumentalness": 0, "liveness": 0.0911, "valence": 0.453, "tempo": 132.889, "duration_ms": 193260, "time_signature": 4}, {"uri": "spotify:track:2QdH0rKlV3d9Y6lWzcnlBH", "name": "In the morning", "artist": "ITZY", "popularity": 78, "danceability": 0.847, "energy": 0.814, "key": 11, "loudness": -4.668, "mode": 0, "speechiness": 0.152, "acousticness": 0.0825, "instrumentalness": 0.000507, "liveness": 0.0948, "valence": 0.711, "tempo": 140.057, "duration_ms": 172359, "time_signature": 4}, {"uri": "spotify:track:0pYacDCZuRhcrwGUA5nTBe", "name": "eight(Prod.&Feat. SUGA of BTS)", "artist": "IU", "popularity": 76, "danceability": 0.676, "energy": 0.869, "key": 1, "loudness": -1.573, "mode": 1, "speechiness": 0.0423, "acousticness": 0.115, "instrumentalness": 0, "liveness": 0.132, "valence": 0.594, "tempo": 120.029, "duration_ms": 167573, "time_signature": 4}, {"uri": "spotify:track:4FXKLGkXw4v5Kw3pEWCTYV", "name": "Side By Side - Korean Version", "artist": "THE 8", "popularity": 59, "danceability": 0.808, "energy": 0.752, "key": 8, "loudness": -3.618, "mode": 0, "speechiness": 0.0693, "acousticness": 0.269, "instrumentalness": 0, "liveness": 0.108, "valence": 0.702, "tempo": 96.99, "duration_ms": 179555, "time_signature": 4}, {"uri": "spotify:track:0BTaaKT4RMbs5M73tOHX5Y", "name": "Alcohol-Free", "artist": "TWICE", "popularity": 79, "danceability": 0.688, "energy": 0.909, "key": 8, "loudness": -1.992, "mode": 1, "speechiness": 0.0624, "acousticness": 0.0474, "instrumentalness": 1.35e-06, "liveness": 0.0674, "valence": 0.702, "tempo": 97.097, "duration_ms": 210573, "time_signature": 4}, {"uri": "spotify:track:1t2qYCAjUAoGfeFeoBlK51", "name": "Black Mamba", "artist": "aespa", "popularity": 78, "danceability": 0.52, "energy": 0.915, "key": 2, "loudness": -2.862, "mode": 1, "speechiness": 0.103, "acousticness": 0.0618, "instrumentalness": 0.000946, "liveness": 0.0856, "valence": 0.5, "tempo": 90.069, "duration_ms": 174933, "time_signature": 4}, {"uri": "spotify:track:4M58f8RgOr3jr5ccG6hRTb", "name": "illa illa", "artist": "B.I", "popularity": 61, "danceability": 0.74, "energy": 0.625, "key": 11, "loudness": -7.199, "mode": 0, "speechiness": 0.0807, "acousticness": 0.0926, "instrumentalness": 0, "liveness": 0.0762, "valence": 0.469, "tempo": 101.003, "duration_ms": 205003, "time_signature": 4}, {"uri": "spotify:track:69WpV0U7OMNFGyq8I63dcC", "name": "Given-Taken", "artist": "ENHYPEN", "popularity": 76, "danceability": 0.631, "energy": 0.649, "key": 8, "loudness": -4.939, "mode": 0, "speechiness": 0.0377, "acousticness": 0.17, "instrumentalness": 0, "liveness": 0.321, "valence": 0.459, "tempo": 108.07, "duration_ms": 183090, "time_signature": 4}, {"uri": "spotify:track:33NAYATbWRoo5RuEP30JBZ", "name": "Love Shot", "artist": "EXO", "popularity": 0, "danceability": 0.689, "energy": 0.678, "key": 5, "loudness": -4.287, "mode": 0, "speechiness": 0.119, "acousticness": 0.0702, "instrumentalness": 0, "liveness": 0.0889, "valence": 0.335, "tempo": 145.883, "duration_ms": 200306, "time_signature": 4}, {"uri": "spotify:track:2VJOpzv5sBpstCX9venJr5", "name": "Rollin'", "artist": "Brave Girls", "popularity": 10, "danceability": 0.69, "energy": 0.878, "key": 1, "loudness": -3.908, "mode": 1, "speechiness": 0.0917, "acousticness": 0.0312, "instrumentalness": 0, "liveness": 0.188, "valence": 0.548, "tempo": 124.948, "duration_ms": 197694, "time_signature": 4}, {"uri": "spotify:track:1Jk8M1iFFoTcL0IMuDHdsJ", "name": "Like Ooh-Ahh", "artist": "TWICE", "popularity": 0, "danceability": 0.72, "energy": 0.876, "key": 6, "loudness": -1.166, "mode": 1, "speechiness": 0.0776, "acousticness": 0.241, "instrumentalness": 0.000101, "liveness": 0.382, "valence": 0.694, "tempo": 141.997, "duration_ms": 215080, "time_signature": 4}, {"uri": "spotify:track:5xrtzzzikpG3BLbo4q1Yul", "name": "LILAC", "artist": "IU", "popularity": 78, "danceability": 0.738, "energy": 0.89, "key": 2, "loudness": -2.275, "mode": 0, "speechiness": 0.0748, "acousticness": 0.0895, "instrumentalness": 1.89e-06, "liveness": 0.213, "valence": 0.75, "tempo": 114.942, "duration_ms": 214253, "time_signature": 4}, {"uri": "spotify:track:347PJwH4XqRbeaKaIW9sX3", "name": "Bittersweet (feat. LeeHi)", "artist": "WONWOO", "popularity": 67, "danceability": 0.824, "energy": 0.68, "key": 10, "loudness": -6.331, "mode": 0, "speechiness": 0.0425, "acousticness": 0.425, "instrumentalness": 0, "liveness": 0.0849, "valence": 0.772, "tempo": 110.077, "duration_ms": 174773, "time_signature": 4}, {"uri": "spotify:track:3VqeTFIvhxu3DIe4eZVzGq", "name": "Butter", "artist": "BTS", "popularity": 25, "danceability": 0.759, "energy": 0.459, "key": 8, "loudness": -5.187, "mode": 1, "speechiness": 0.0948, "acousticness": 0.00323, "instrumentalness": 0, "liveness": 0.0906, "valence": 0.695, "tempo": 109.997, "duration_ms": 164442, "time_signature": 4}, {"uri": "spotify:track:42fR3oINF3KfXCDtheoNiY", "name": "Don't fight the feeling", "artist": "EXO", "popularity": 69, "danceability": 0.707, "energy": 0.838, "key": 9, "loudness": -2.983, "mode": 0, "speechiness": 0.117, "acousticness": 0.0585, "instrumentalness": 0, "liveness": 0.095, "valence": 0.832, "tempo": 128.007, "duration_ms": 176547, "time_signature": 4}, {"uri": "spotify:track:0CnpSTdL9l5vQM4YnzXtyo", "name": "Panorama", "artist": "IZ*ONE", "popularity": 70, "danceability": 0.726, "energy": 0.963, "key": 9, "loudness": -1.111, "mode": 0, "speechiness": 0.0916, "acousticness": 0.0429, "instrumentalness": 0.00157, "liveness": 0.128, "valence": 0.769, "tempo": 126.062, "duration_ms": 222853, "time_signature": 4}, {"uri": "spotify:track:37ZtpRBkHcaq6hHy0X98zn", "name": "I CAN'T STOP ME", "artist": "TWICE", "popularity": 79, "danceability": 0.657, "energy": 0.88, "key": 10, "loudness": -3.672, "mode": 0, "speechiness": 0.102, "acousticness": 0.121, "instrumentalness": 0, "liveness": 0.463, "valence": 0.769, "tempo": 150.084, "duration_ms": 205493, "time_signature": 4}, {"uri": "spotify:track:3wS47sXPddjE6rbhU7u20w", "name": "Je T'aime", "artist": "JOY", "popularity": 55, "danceability": 0.574, "energy": 0.594, "key": 2, "loudness": -3.911, "mode": 1, "speechiness": 0.0295, "acousticness": 0.601, "instrumentalness": 0, "liveness": 0.0676, "valence": 0.352, "tempo": 110.917, "duration_ms": 261120, "time_signature": 4}, {"uri": "spotify:track:1Y8KxQUmP1xuaF5mNTYE0x", "name": "riBBon", "artist": "BamBam", "popularity": 62, "danceability": 0.7, "energy": 0.885, "key": 6, "loudness": -3.83, "mode": 1, "speechiness": 0.0483, "acousticness": 0.196, "instrumentalness": 0, "liveness": 0.101, "valence": 0.963, "tempo": 160.002, "duration_ms": 187133, "time_signature": 4}, {"uri": "spotify:track:6AE0npeqcZIebU2EN7jMtL", "name": "DO or NOT", "artist": "PENTAGON", "popularity": 58, "danceability": 0.664, "energy": 0.905, "key": 0, "loudness": -2.072, "mode": 1, "speechiness": 0.0402, "acousticness": 0.0122, "instrumentalness": 0, "liveness": 0.0904, "valence": 0.605, "tempo": 130.055, "duration_ms": 188240, "time_signature": 4}, {"uri": "spotify:track:3MkYUoEo1Yk1peHN4cof0c", "name": "To My Youth", "artist": "BOL4", "popularity": 0, "danceability": 0.422, "energy": 0.561, "key": 9, "loudness": -4.62, "mode": 1, "speechiness": 0.0561, "acousticness": 0.686, "instrumentalness": 0, "liveness": 0.292, "valence": 0.438, "tempo": 173.483, "duration_ms": 222680, "time_signature": 4}, {"uri": "spotify:track:0awQIOFGtg18LCJ0WhFf8s", "name": "House Party", "artist": "SUPER JUNIOR", "popularity": 57, "danceability": 0.489, "energy": 0.876, "key": 0, "loudness": -3.279, "mode": 1, "speechiness": 0.125, "acousticness": 0.0797, "instrumentalness": 0, "liveness": 0.139, "valence": 0.833, "tempo": 114.959, "duration_ms": 241453, "time_signature": 4}, {"uri": "spotify:track:3NxuezMdSLgt4OwHzBoUhL", "name": "Way Back Home", "artist": "SHAUN", "popularity": 75, "danceability": 0.745, "energy": 0.739, "key": 10, "loudness": -4.591, "mode": 1, "speechiness": 0.0327, "acousticness": 0.405, "instrumentalness": 0.000183, "liveness": 0.127, "valence": 0.556, "tempo": 99.913, "duration_ms": 214137, "time_signature": 4}, {"uri": "spotify:track:60VaORSJ5x1D4ZPSc0g2En", "name": "Bambi", "artist": "BAEKHYUN", "popularity": 69, "danceability": 0.438, "energy": 0.632, "key": 7, "loudness": -4.447, "mode": 0, "speechiness": 0.0417, "acousticness": 0.434, "instrumentalness": 0, "liveness": 0.214, "valence": 0.386, "tempo": 61.45, "duration_ms": 213053, "time_signature": 4}, {"uri": "spotify:track:3nQ7liRYD6pXWAP0oVPtW2", "name": "\uc6b0\ub9ac\uc9d1 My House", "artist": "2PM", "popularity": 61, "danceability": 0.557, "energy": 0.74, "key": 6, "loudness": -3.686, "mode": 0, "speechiness": 0.236, "acousticness": 0.00152, "instrumentalness": 0, "liveness": 0.0663, "valence": 0.781, "tempo": 176.021, "duration_ms": 187644, "time_signature": 4}, {"uri": "spotify:track:2mf9FitEJnH6mcUU6y0Hkw", "name": "Encore", "artist": "GOT7", "popularity": 58, "danceability": 0.492, "energy": 0.756, "key": 2, "loudness": -4.482, "mode": 1, "speechiness": 0.0406, "acousticness": 0.0434, "instrumentalness": 0, "liveness": 0.887, "valence": 0.262, "tempo": 173.82, "duration_ms": 212870, "time_signature": 4}, {"uri": "spotify:track:71WZ7yFuwxmQz5jJUpvkGv", "name": "\uc608\ubee4\uc5b4 You Were Beautiful", "artist": "DAY6", "popularity": 69, "danceability": 0.458, "energy": 0.617, "key": 5, "loudness": -3.464, "mode": 0, "speechiness": 0.0331, "acousticness": 0.0649, "instrumentalness": 0, "liveness": 0.109, "valence": 0.418, "tempo": 167.925, "duration_ms": 283160, "time_signature": 4}, {"uri": "spotify:track:14pjnaIqkpReO5D0tHofAS", "name": "Daisy", "artist": "PENTAGON", "popularity": 65, "danceability": 0.563, "energy": 0.869, "key": 5, "loudness": -2.235, "mode": 1, "speechiness": 0.0532, "acousticness": 0.0362, "instrumentalness": 0, "liveness": 0.138, "valence": 0.48, "tempo": 85.016, "duration_ms": 189000, "time_signature": 4}, {"uri": "spotify:track:0ZeGfEAL5Rl4pd5LZBGuEK", "name": "Maria", "artist": "Hwa Sa", "popularity": 75, "danceability": 0.658, "energy": 0.749, "key": 9, "loudness": -2.967, "mode": 0, "speechiness": 0.0634, "acousticness": 0.238, "instrumentalness": 2.03e-06, "liveness": 0.272, "valence": 0.442, "tempo": 128.909, "duration_ms": 199027, "time_signature": 4}, {"uri": "spotify:track:3LcFQsZw01tRvjCNLgSmTv", "name": "10 Months", "artist": "ENHYPEN", "popularity": 69, "danceability": 0.876, "energy": 0.73, "key": 6, "loudness": -4.276, "mode": 0, "speechiness": 0.0492, "acousticness": 0.0345, "instrumentalness": 1.11e-06, "liveness": 0.11, "valence": 0.709, "tempo": 110.006, "duration_ms": 194220, "time_signature": 4}, {"uri": "spotify:track:3Wu4lFjkhcXxB6WWaX9gtr", "name": "What Do I Call You", "artist": "TAEYEON", "popularity": 63, "danceability": 0.75, "energy": 0.586, "key": 11, "loudness": -4.639, "mode": 0, "speechiness": 0.0674, "acousticness": 0.0733, "instrumentalness": 0, "liveness": 0.347, "valence": 0.835, "tempo": 139.889, "duration_ms": 167747, "time_signature": 4}, {"uri": "spotify:track:4Dq2FjRkOTHcssggMdYK8J", "name": "MY TREASURE", "artist": "TREASURE", "popularity": 63, "danceability": 0.727, "energy": 0.75, "key": 6, "loudness": -5.532, "mode": 1, "speechiness": 0.0813, "acousticness": 0.114, "instrumentalness": 0, "liveness": 0.137, "valence": 0.536, "tempo": 107.932, "duration_ms": 195982, "time_signature": 4}, {"uri": "spotify:track:4as4XEOR03oGm1STUKl6pa", "name": "BBIBBI", "artist": "IU", "popularity": 71, "danceability": 0.839, "energy": 0.617, "key": 7, "loudness": -4.692, "mode": 1, "speechiness": 0.331, "acousticness": 0.241, "instrumentalness": 0, "liveness": 0.3, "valence": 0.821, "tempo": 143.894, "duration_ms": 194426, "time_signature": 4}, {"uri": "spotify:track:2pNJ0TsgiRc4mGdYHazD5w", "name": "water color", "artist": "Whee In", "popularity": 62, "danceability": 0.739, "energy": 0.607, "key": 0, "loudness": -3.462, "mode": 0, "speechiness": 0.0613, "acousticness": 0.0571, "instrumentalness": 0, "liveness": 0.046, "valence": 0.751, "tempo": 107.947, "duration_ms": 189987, "time_signature": 4}, {"uri": "spotify:track:43XnkkNisqmZkEsy1YgqbP", "name": "Amusement Park", "artist": "BAEKHYUN", "popularity": 52, "danceability": 0.635, "energy": 0.562, "key": 5, "loudness": -5.374, "mode": 1, "speechiness": 0.0333, "acousticness": 0.85, "instrumentalness": 0, "liveness": 0.173, "valence": 0.299, "tempo": 84.925, "duration_ms": 256693, "time_signature": 4}, {"uri": "spotify:track:0TxSk5fpK01cBLV9ePqcE6", "name": "She's In The Rain", "artist": "The Rose", "popularity": 0, "danceability": 0.36, "energy": 0.533, "key": 3, "loudness": -4.394, "mode": 1, "speechiness": 0.0302, "acousticness": 0.375, "instrumentalness": 0, "liveness": 0.0768, "valence": 0.421, "tempo": 92.854, "duration_ms": 237577, "time_signature": 4}, {"uri": "spotify:track:3Y4SnP9NDIjEj69mMY4NVp", "name": "You make Me", "artist": "DAY6", "popularity": 62, "danceability": 0.646, "energy": 0.617, "key": 6, "loudness": -5.606, "mode": 0, "speechiness": 0.0338, "acousticness": 0.339, "instrumentalness": 0, "liveness": 0.129, "valence": 0.384, "tempo": 100.995, "duration_ms": 218984, "time_signature": 4}, {"uri": "spotify:track:5MwfxCtqMFGYp9Nc1BkTrS", "name": "Wow Thing", "artist": "SEULGI", "popularity": 59, "danceability": 0.703, "energy": 0.894, "key": 5, "loudness": -3.52, "mode": 0, "speechiness": 0.281, "acousticness": 0.115, "instrumentalness": 0, "liveness": 0.363, "valence": 0.737, "tempo": 104.043, "duration_ms": 171998, "time_signature": 4}, {"uri": "spotify:track:1Q5SpQeocfNXefx76svqkl", "name": "Make A Wish (Birthday Song)", "artist": "NCT U", "popularity": 70, "danceability": 0.732, "energy": 0.795, "key": 8, "loudness": -2.263, "mode": 1, "speechiness": 0.1, "acousticness": 0.0632, "instrumentalness": 0, "liveness": 0.0569, "valence": 0.693, "tempo": 100.954, "duration_ms": 229400, "time_signature": 4}, {"uri": "spotify:track:47jhKD8sm2I3Aoktj4G5J8", "name": "Wish You Were Here", "artist": "CL", "popularity": 56, "danceability": 0.719, "energy": 0.432, "key": 5, "loudness": -13.221, "mode": 0, "speechiness": 0.155, "acousticness": 0.122, "instrumentalness": 0.0501, "liveness": 0.107, "valence": 0.137, "tempo": 122.055, "duration_ms": 221218, "time_signature": 3}, {"uri": "spotify:track:5BXr7hYZQOeRttkeWYTq5S", "name": "ASAP", "artist": "STAYC", "popularity": 74, "danceability": 0.764, "energy": 0.802, "key": 0, "loudness": -4.217, "mode": 1, "speechiness": 0.0351, "acousticness": 0.102, "instrumentalness": 0, "liveness": 0.189, "valence": 0.323, "tempo": 132.02, "duration_ms": 194080, "time_signature": 4}, {"uri": "spotify:track:0cLXk75Pan3mhRlWqHiynh", "name": "Where Are We Now", "artist": "MAMAMOO", "popularity": 57, "danceability": 0.407, "energy": 0.494, "key": 8, "loudness": -5.272, "mode": 1, "speechiness": 0.0343, "acousticness": 0.744, "instrumentalness": 1.62e-05, "liveness": 0.157, "valence": 0.325, "tempo": 117.55, "duration_ms": 223547, "time_signature": 4}, {"uri": "spotify:track:5tXdUaMqWa15Rs2frNQMwX", "name": "What You Waiting For", "artist": "JEON SOMI", "popularity": 57, "danceability": 0.765, "energy": 0.688, "key": 8, "loudness": -5.072, "mode": 1, "speechiness": 0.0731, "acousticness": 0.0164, "instrumentalness": 0, "liveness": 0.112, "valence": 0.794, "tempo": 121.901, "duration_ms": 175327, "time_signature": 4}, {"uri": "spotify:track:45WEkgFSP5Af8Huepaj4P1", "name": "Cinema", "artist": "CIX", "popularity": 56, "danceability": 0.669, "energy": 0.751, "key": 1, "loudness": -3.676, "mode": 1, "speechiness": 0.056, "acousticness": 0.121, "instrumentalness": 0, "liveness": 0.334, "valence": 0.633, "tempo": 100.96, "duration_ms": 192133, "time_signature": 4}, {"uri": "spotify:track:5SEvxpu5ImOFOcXyeM8fbx", "name": "Dream of You (with R3HAB)", "artist": "CHUNG HA", "popularity": 0, "danceability": 0.659, "energy": 0.738, "key": 5, "loudness": -3.894, "mode": 0, "speechiness": 0.0659, "acousticness": 0.0347, "instrumentalness": 2.26e-06, "liveness": 0.114, "valence": 0.615, "tempo": 117.081, "duration_ms": 192735, "time_signature": 4}, {"uri": "spotify:track:1m1ho1lkZHAGe7rv5K8Ift", "name": "Switch It Up (feat. sokodomo) - Prod. Cha Cha Malone", "artist": "JAY B", "popularity": 59, "danceability": 0.643, "energy": 0.812, "key": 1, "loudness": -6.862, "mode": 0, "speechiness": 0.0366, "acousticness": 0.0476, "instrumentalness": 1.34e-06, "liveness": 0.276, "valence": 0.274, "tempo": 86.984, "duration_ms": 215197, "time_signature": 4}, {"uri": "spotify:track:2HtcPHFdo7eu4Ilbvb0BVI", "name": "Feel Special", "artist": "TWICE", "popularity": 3, "danceability": 0.709, "energy": 0.959, "key": 1, "loudness": -1.339, "mode": 1, "speechiness": 0.0603, "acousticness": 0.0296, "instrumentalness": 0.00188, "liveness": 0.107, "valence": 0.644, "tempo": 128.983, "duration_ms": 206867, "time_signature": 4}, {"uri": "spotify:track:2zlgwqw8BLX2JGB76LIFeF", "name": "Missing You", "artist": "BTOB", "popularity": 66, "danceability": 0.633, "energy": 0.736, "key": 7, "loudness": -5.775, "mode": 1, "speechiness": 0.131, "acousticness": 0.65, "instrumentalness": 0, "liveness": 0.128, "valence": 0.477, "tempo": 168.05, "duration_ms": 236829, "time_signature": 4}, {"uri": "spotify:track:3Ea1CNsTqBY4RtAESrBeNI", "name": "Going Dumb (with Stray Kids)", "artist": "Alesso", "popularity": 65, "danceability": 0.834, "energy": 0.651, "key": 6, "loudness": -4.855, "mode": 0, "speechiness": 0.0595, "acousticness": 0.153, "instrumentalness": 0, "liveness": 0.146, "valence": 0.49, "tempo": 121.978, "duration_ms": 169506, "time_signature": 4}, {"uri": "spotify:track:2QfGWFmHJJFLL1JKygFQjk", "name": "INSIDE OUT", "artist": "NU'EST", "popularity": 55, "danceability": 0.518, "energy": 0.789, "key": 10, "loudness": -5.131, "mode": 0, "speechiness": 0.181, "acousticness": 0.176, "instrumentalness": 0, "liveness": 0.343, "valence": 0.794, "tempo": 113.813, "duration_ms": 197307, "time_signature": 4}, {"uri": "spotify:track:2MsNSKQNQNRklkKFxxvIav", "name": "9 and Three Quarters (Run Away)", "artist": "TOMORROW X TOGETHER", "popularity": 1, "danceability": 0.639, "energy": 0.756, "key": 1, "loudness": -4.42, "mode": 1, "speechiness": 0.0608, "acousticness": 0.0055, "instrumentalness": 0, "liveness": 0.13, "valence": 0.532, "tempo": 128.937, "duration_ms": 211867, "time_signature": 4}, {"uri": "spotify:track:2Ghu1DdMwxS3VAyB7i38Wo", "name": "That's okay", "artist": "D.O.", "popularity": 65, "danceability": 0.679, "energy": 0.442, "key": 7, "loudness": -8.928, "mode": 1, "speechiness": 0.0637, "acousticness": 0.723, "instrumentalness": 0, "liveness": 0.231, "valence": 0.628, "tempo": 129.671, "duration_ms": 221373, "time_signature": 4}, {"uri": "spotify:track:0bDYceyQd1jnJO4sK47YxU", "name": "Dingga", "artist": "MAMAMOO", "popularity": 67, "danceability": 0.772, "energy": 0.925, "key": 9, "loudness": -2.788, "mode": 0, "speechiness": 0.108, "acousticness": 0.0549, "instrumentalness": 0, "liveness": 0.201, "valence": 0.795, "tempo": 119.963, "duration_ms": 179080, "time_signature": 4}]