[{"uri": "spotify:track:3s1KwrLP0NlFWiWbjz6bfQ", "name": "Peru", "artist": "Fireboy DML", "popularity": 83, "danceability": 0.956, "energy": 0.417, "key": 7, "loudness": -7.892, "mode": 0, "speechiness": 0.0926, "acousticness": 0.572, "instrumentalness": 0.00071, "liveness": 0.0782, "valence": 0.714, "tempo": 108.015, "duration_ms": 187111, "time_signature": 4}, {"uri": "spotify:track:3yCYQ0uzJyX0GwJoF3QvAe", "name": "Holy Father", "artist": "Mayorkun", "popularity": 67, "danceability": 0.784, "energy": 0.865, "key": 11, "loudness": -5.679, "mode": 0, "speechiness": 0.155, "acousticness": 0.301, "instrumentalness": 0.000324, "liveness": 0.11, "valence": 0.491, "tempo": 115.96, "duration_ms": 184000, "time_signature": 4}, {"uri": "spotify:track:4NLFnAPoMAiuuK8iXnit6W", "name": "Ozumba Mbadiwe", "artist": "Reekado Banks", "popularity": 66, "danceability": 0.785, "energy": 0.782, "key": 5, "loudness": -6.803, "mode": 0, "speechiness": 0.0358, "acousticness": 0.424, "instrumentalness": 0.00644, "liveness": 0.108, "valence": 0.635, "tempo": 109.961, "duration_ms": 212636, "time_signature": 4}, {"uri": "spotify:track:7JtWy2vvKVXLaymyTXUJ0K", "name": "Nkao Tempela", "artist": "Ch'cco", "popularity": 64, "danceability": 0.791, "energy": 0.417, "key": 4, "loudness": -12.139, "mode": 0, "speechiness": 0.0522, "acousticness": 0.0295, "instrumentalness": 0.0104, "liveness": 0.0789, "valence": 0.225, "tempo": 112.008, "duration_ms": 361528, "time_signature": 4}, {"uri": "spotify:track:7l8VNas2HcqyvsvOSjXDQt", "name": "High", "artist": "Adekunle Gold", "popularity": 70, "danceability": 0.802, "energy": 0.864, "key": 6, "loudness": -5.442, "mode": 0, "speechiness": 0.0386, "acousticness": 0.106, "instrumentalness": 0.00107, "liveness": 0.0408, "valence": 0.828, "tempo": 115.997, "duration_ms": 193758, "time_signature": 4}, {"uri": "spotify:track:1zwZ26A7OA5wTrA3FejCLL", "name": "Monalisa", "artist": "Lojay", "popularity": 72, "danceability": 0.827, "energy": 0.705, "key": 10, "loudness": -6.756, "mode": 0, "speechiness": 0.0429, "acousticness": 0.0813, "instrumentalness": 0.00556, "liveness": 0.102, "valence": 0.624, "tempo": 113.006, "duration_ms": 213992, "time_signature": 4}, {"uri": "spotify:track:3cC17ZyEHU4ljycyCaWbbr", "name": "Understand", "artist": "Omah Lay", "popularity": 62, "danceability": 0.695, "energy": 0.646, "key": 0, "loudness": -7.291, "mode": 1, "speechiness": 0.103, "acousticness": 0.178, "instrumentalness": 0.216, "liveness": 0.0913, "valence": 0.639, "tempo": 99.983, "duration_ms": 174545, "time_signature": 4}, {"uri": "spotify:track:3ketN3dth18vSJ1T3HIztN", "name": "B. D\u2019OR (feat. Wizkid)", "artist": "Burna Boy", "popularity": 73, "danceability": 0.873, "energy": 0.658, "key": 4, "loudness": -8.031, "mode": 0, "speechiness": 0.108, "acousticness": 0.00858, "instrumentalness": 0.0061, "liveness": 0.0999, "valence": 0.483, "tempo": 104.033, "duration_ms": 189800, "time_signature": 4}, {"uri": "spotify:track:21pRTkAdSPCP3tAn7ECYzs", "name": "10111 (feat. M.J, Djy Ma'Ten & Matute Boy)", "artist": "Mr JazziQ", "popularity": 58, "danceability": 0.853, "energy": 0.636, "key": 8, "loudness": -5.029, "mode": 1, "speechiness": 0.0822, "acousticness": 0.064, "instrumentalness": 0.000756, "liveness": 0.137, "valence": 0.567, "tempo": 112.032, "duration_ms": 432852, "time_signature": 4}, {"uri": "spotify:track:450u5gGMGwQXmtLSR7AN2s", "name": "Love Nwantiti (Acoustic Version)", "artist": "CKay", "popularity": 69, "danceability": 0.586, "energy": 0.316, "key": 5, "loudness": -11.81, "mode": 0, "speechiness": 0.0345, "acousticness": 0.972, "instrumentalness": 0.00364, "liveness": 0.126, "valence": 0.367, "tempo": 89.967, "duration_ms": 184196, "time_signature": 4}, {"uri": "spotify:track:4tr4oHjFijp0EgISHYDIXe", "name": "Sip (Alcohol)", "artist": "Joeboy", "popularity": 75, "danceability": 0.812, "energy": 0.616, "key": 10, "loudness": -7.377, "mode": 0, "speechiness": 0.174, "acousticness": 0.792, "instrumentalness": 0.000464, "liveness": 0.0971, "valence": 0.842, "tempo": 99.996, "duration_ms": 158400, "time_signature": 4}, {"uri": "spotify:track:5dFSwQk7dEGgccEpyzqskS", "name": "Big Thug Boys", "artist": "AV", "popularity": 65, "danceability": 0.861, "energy": 0.721, "key": 10, "loudness": -4.473, "mode": 0, "speechiness": 0.133, "acousticness": 0.39, "instrumentalness": 0.00827, "liveness": 0.108, "valence": 0.831, "tempo": 108.105, "duration_ms": 172690, "time_signature": 4}, {"uri": "spotify:track:3k6Y1ESBwF1low4hHsY4wu", "name": "Sinner", "artist": "Adekunle Gold", "popularity": 67, "danceability": 0.507, "energy": 0.548, "key": 1, "loudness": -6.509, "mode": 0, "speechiness": 0.38, "acousticness": 0.745, "instrumentalness": 0, "liveness": 0.198, "valence": 0.51, "tempo": 136.041, "duration_ms": 174118, "time_signature": 5}, {"uri": "spotify:track:0a5uK28NPc4qV3McAxIw5i", "name": "Possessed Whistle", "artist": "Mellow & Sleazy", "popularity": 56, "danceability": 0.81, "energy": 0.48, "key": 8, "loudness": -12.672, "mode": 1, "speechiness": 0.0501, "acousticness": 0.0877, "instrumentalness": 0.874, "liveness": 0.106, "valence": 0.203, "tempo": 112.011, "duration_ms": 394302, "time_signature": 4}, {"uri": "spotify:track:60lUecrFeE2t6QMJ1Nmsve", "name": "Anoti", "artist": "WizKid", "popularity": 66, "danceability": 0.634, "energy": 0.73, "key": 11, "loudness": -7.353, "mode": 0, "speechiness": 0.385, "acousticness": 0.378, "instrumentalness": 2.04e-05, "liveness": 0.0985, "valence": 0.575, "tempo": 101.901, "duration_ms": 181360, "time_signature": 4}, {"uri": "spotify:track:5jVpi3fFf5OGAZ5bpe4Bhy", "name": "Lie", "artist": "Kizz Daniel", "popularity": 66, "danceability": 0.495, "energy": 0.633, "key": 6, "loudness": -6.675, "mode": 1, "speechiness": 0.294, "acousticness": 0.511, "instrumentalness": 0.00337, "liveness": 0.0927, "valence": 0.738, "tempo": 201.726, "duration_ms": 156600, "time_signature": 4}, {"uri": "spotify:track:5F5OkyidOWn8gj4vQhD7QM", "name": "CHOPLIFE (feat. Patoranking)", "artist": "King Promise", "popularity": 59, "danceability": 0.758, "energy": 0.676, "key": 9, "loudness": -5.777, "mode": 0, "speechiness": 0.175, "acousticness": 0.0624, "instrumentalness": 0, "liveness": 0.104, "valence": 0.75, "tempo": 99.706, "duration_ms": 213870, "time_signature": 4}, {"uri": "spotify:track:6858xmZthZ7jEe06VyZxbN", "name": "Running", "artist": "LADIPOE", "popularity": 66, "danceability": 0.482, "energy": 0.492, "key": 11, "loudness": -11.698, "mode": 1, "speechiness": 0.499, "acousticness": 0.228, "instrumentalness": 0, "liveness": 0.103, "valence": 0.637, "tempo": 207.572, "duration_ms": 214615, "time_signature": 4}, {"uri": "spotify:track:7fWotHT92my4vLN713vFTa", "name": "D O D O", "artist": "Tayc", "popularity": 78, "danceability": 0.678, "energy": 0.646, "key": 5, "loudness": -7.996, "mode": 0, "speechiness": 0.112, "acousticness": 0.304, "instrumentalness": 0.000405, "liveness": 0.154, "valence": 0.582, "tempo": 98.816, "duration_ms": 179240, "time_signature": 4}, {"uri": "spotify:track:0vNY7uNEG8El6doRdP21D5", "name": "Emiliana", "artist": "CKay", "popularity": 76, "danceability": 0.738, "energy": 0.549, "key": 6, "loudness": -9.704, "mode": 1, "speechiness": 0.0513, "acousticness": 0.638, "instrumentalness": 0.402, "liveness": 0.111, "valence": 0.475, "tempo": 98.965, "duration_ms": 164848, "time_signature": 4}, {"uri": "spotify:track:0lk5tzmaJWVAv5GBvpm3xu", "name": "Peru", "artist": "Fireboy DML", "popularity": 79, "danceability": 0.951, "energy": 0.415, "key": 7, "loudness": -6.847, "mode": 0, "speechiness": 0.077, "acousticness": 0.572, "instrumentalness": 0.00403, "liveness": 0.0792, "valence": 0.633, "tempo": 108.014, "duration_ms": 151641, "time_signature": 4}, {"uri": "spotify:track:2ES66yWZasJXbM3KADo35a", "name": "Door", "artist": "Joeboy", "popularity": 52, "danceability": 0.721, "energy": 0.829, "key": 8, "loudness": -6.147, "mode": 0, "speechiness": 0.111, "acousticness": 0.79, "instrumentalness": 0.033, "liveness": 0.134, "valence": 0.771, "tempo": 96.948, "duration_ms": 152042, "time_signature": 4}, {"uri": "spotify:track:0tBpxTpcKDamZkjfHqVCEC", "name": "Tinkerbell (feat. Wizkid)", "artist": "R2Bees", "popularity": 58, "danceability": 0.736, "energy": 0.715, "key": 5, "loudness": -3.019, "mode": 1, "speechiness": 0.112, "acousticness": 0.626, "instrumentalness": 0, "liveness": 0.137, "valence": 0.706, "tempo": 96.11, "duration_ms": 183500, "time_signature": 4}, {"uri": "spotify:track:729blbra42RS4hrSqGOU3t", "name": "C'est toi", "artist": "Jo\u00e9 Dw\u00e8t Fil\u00e9", "popularity": 61, "danceability": 0.744, "energy": 0.517, "key": 2, "loudness": -7.416, "mode": 1, "speechiness": 0.153, "acousticness": 0.159, "instrumentalness": 0.000115, "liveness": 0.305, "valence": 0.666, "tempo": 82.007, "duration_ms": 160667, "time_signature": 4}, {"uri": "spotify:track:6wQvbzsxSLKqYrPc26jd9S", "name": "Phakade Lami", "artist": "Nomfundo Moh", "popularity": 59, "danceability": 0.618, "energy": 0.389, "key": 11, "loudness": -11.236, "mode": 0, "speechiness": 0.0481, "acousticness": 0.146, "instrumentalness": 1.19e-05, "liveness": 0.072, "valence": 0.516, "tempo": 166.021, "duration_ms": 261476, "time_signature": 4}, {"uri": "spotify:track:574QNMkQGedluLOgr275s9", "name": "Second Sermon - Remix", "artist": "Black Sherif", "popularity": 62, "danceability": 0.583, "energy": 0.689, "key": 1, "loudness": -5.19, "mode": 1, "speechiness": 0.132, "acousticness": 0.251, "instrumentalness": 0, "liveness": 0.0791, "valence": 0.932, "tempo": 139.284, "duration_ms": 194864, "time_signature": 4}, {"uri": "spotify:track:6F70m9aMK4PSJKBfp1H8DZ", "name": "Asibe Happy", "artist": "Kabza De Small", "popularity": 65, "danceability": 0.805, "energy": 0.626, "key": 4, "loudness": -12.542, "mode": 0, "speechiness": 0.0473, "acousticness": 0.0712, "instrumentalness": 0.0793, "liveness": 0.256, "valence": 0.188, "tempo": 113.0, "duration_ms": 458778, "time_signature": 4}, {"uri": "spotify:track:3vTW0qXIitjhZW5kfTwBTv", "name": "Champion Sound", "artist": "DaVido", "popularity": 67, "danceability": 0.861, "energy": 0.475, "key": 1, "loudness": -11.952, "mode": 0, "speechiness": 0.0537, "acousticness": 0.0325, "instrumentalness": 0.322, "liveness": 0.0708, "valence": 0.248, "tempo": 113.016, "duration_ms": 237876, "time_signature": 4}, {"uri": "spotify:track:29e2gdZN35wxeGgDtkXjIa", "name": "Feeling", "artist": "LADIPOE", "popularity": 68, "danceability": 0.615, "energy": 0.575, "key": 7, "loudness": -6.515, "mode": 0, "speechiness": 0.4, "acousticness": 0.26, "instrumentalness": 4.27e-06, "liveness": 0.324, "valence": 0.552, "tempo": 134.791, "duration_ms": 224000, "time_signature": 5}, {"uri": "spotify:track:32YvTUCswxgGAiIzUp4zLy", "name": "Tayari", "artist": "Serge Ibaka", "popularity": 56, "danceability": 0.73, "energy": 0.805, "key": 9, "loudness": -5.519, "mode": 1, "speechiness": 0.164, "acousticness": 0.00532, "instrumentalness": 1.48e-05, "liveness": 0.176, "valence": 0.52, "tempo": 106.113, "duration_ms": 158004, "time_signature": 4}, {"uri": "spotify:track:74N8lnMrguCPF0TRVLYG1t", "name": "Faster", "artist": "L.A.X", "popularity": 57, "danceability": 0.851, "energy": 0.741, "key": 8, "loudness": -4.712, "mode": 1, "speechiness": 0.0679, "acousticness": 0.00796, "instrumentalness": 0.0275, "liveness": 0.0488, "valence": 0.713, "tempo": 112.975, "duration_ms": 240000, "time_signature": 4}, {"uri": "spotify:track:1IqNlIUJivQXXSp6MgCwRl", "name": "Your Body (feat. Buju)", "artist": "Basketmouth", "popularity": 58, "danceability": 0.678, "energy": 0.596, "key": 5, "loudness": -8.481, "mode": 0, "speechiness": 0.304, "acousticness": 0.382, "instrumentalness": 0, "liveness": 0.114, "valence": 0.784, "tempo": 90.195, "duration_ms": 130918, "time_signature": 4}, {"uri": "spotify:track:62cC7k1opRIS9sdviJnVj5", "name": "Abeg", "artist": "DJ Neptune", "popularity": 62, "danceability": 0.632, "energy": 0.516, "key": 7, "loudness": -6.674, "mode": 0, "speechiness": 0.133, "acousticness": 0.239, "instrumentalness": 1.77e-05, "liveness": 0.392, "valence": 0.339, "tempo": 122.11, "duration_ms": 159130, "time_signature": 5}, {"uri": "spotify:track:2dTQe0W5KXs6TNVV7yi2oS", "name": "Adiwele (feat. Kabza De Small & DJ Maphorisa)", "artist": "Young Stunna", "popularity": 66, "danceability": 0.848, "energy": 0.621, "key": 5, "loudness": -12.027, "mode": 0, "speechiness": 0.0424, "acousticness": 0.00776, "instrumentalness": 0.000438, "liveness": 0.0468, "valence": 0.742, "tempo": 112.002, "duration_ms": 471429, "time_signature": 4}, {"uri": "spotify:track:0SVGaPNKJYl3JtVoScM7tF", "name": "Mayana", "artist": "A\u1e63a", "popularity": 54, "danceability": 0.775, "energy": 0.691, "key": 1, "loudness": -6.093, "mode": 1, "speechiness": 0.0536, "acousticness": 0.199, "instrumentalness": 0.0991, "liveness": 0.123, "valence": 0.73, "tempo": 99.98, "duration_ms": 158400, "time_signature": 4}, {"uri": "spotify:track:1mSdbey7RstGLY2udgXv74", "name": "Essence (feat. Justin Bieber & Tems)", "artist": "WizKid", "popularity": 76, "danceability": 0.835, "energy": 0.691, "key": 0, "loudness": -5.828, "mode": 1, "speechiness": 0.113, "acousticness": 0.0159, "instrumentalness": 1.44e-05, "liveness": 0.108, "valence": 0.581, "tempo": 103.999, "duration_ms": 263289, "time_signature": 4}, {"uri": "spotify:track:5UrCA7KEkxjCQQEvCohIAn", "name": "Tigini - Remix", "artist": "Kikimoteleba", "popularity": 65, "danceability": 0.755, "energy": 0.622, "key": 6, "loudness": -6.89, "mode": 0, "speechiness": 0.228, "acousticness": 0.253, "instrumentalness": 0, "liveness": 0.102, "valence": 0.599, "tempo": 135.017, "duration_ms": 196034, "time_signature": 4}, {"uri": "spotify:track:1Be17HOs0GnuguW8pBaYAr", "name": "Addiction (feat. Harmonize)", "artist": "Ibraah", "popularity": 49, "danceability": 0.846, "energy": 0.902, "key": 4, "loudness": -4.382, "mode": 0, "speechiness": 0.0375, "acousticness": 0.591, "instrumentalness": 0.00041, "liveness": 0.504, "valence": 0.663, "tempo": 112.996, "duration_ms": 214270, "time_signature": 4}, {"uri": "spotify:track:5VQagemEOLpJJikcLzDNYR", "name": "Crazy Tings", "artist": "Tems", "popularity": 69, "danceability": 0.659, "energy": 0.502, "key": 6, "loudness": -11.088, "mode": 0, "speechiness": 0.405, "acousticness": 0.556, "instrumentalness": 5.46e-05, "liveness": 0.0953, "valence": 0.497, "tempo": 199.891, "duration_ms": 182400, "time_signature": 4}, {"uri": "spotify:track:15HMh4yxdf4wyxSZSlOgGZ", "name": "SAD GIRLZ LUV MONEY Remix (feat. Kali Uchis and Moliy)", "artist": "Amaarae", "popularity": 79, "danceability": 0.859, "energy": 0.525, "key": 1, "loudness": -8.051, "mode": 0, "speechiness": 0.0592, "acousticness": 0.434, "instrumentalness": 2.34e-05, "liveness": 0.108, "valence": 0.312, "tempo": 110.066, "duration_ms": 204764, "time_signature": 4}, {"uri": "spotify:track:6OOKa5alX6PoKUhSqg0ph7", "name": "Question (feat. Don Jazzy)", "artist": "Burna Boy", "popularity": 55, "danceability": 0.852, "energy": 0.525, "key": 4, "loudness": -9.363, "mode": 1, "speechiness": 0.0478, "acousticness": 0.0938, "instrumentalness": 0.000304, "liveness": 0.153, "valence": 0.745, "tempo": 104.046, "duration_ms": 168462, "time_signature": 4}, {"uri": "spotify:track:2qxgejJTaZIHNSHDD22Uhl", "name": "Abalele", "artist": "Kabza De Small", "popularity": 65, "danceability": 0.788, "energy": 0.449, "key": 5, "loudness": -16.197, "mode": 0, "speechiness": 0.0835, "acousticness": 0.181, "instrumentalness": 0.027, "liveness": 0.133, "valence": 0.59, "tempo": 113.001, "duration_ms": 416322, "time_signature": 4}, {"uri": "spotify:track:3R2Etej4zzbt8LTs3rvJA1", "name": "Fashion Killer", "artist": "Ayra Starr", "popularity": 64, "danceability": 0.777, "energy": 0.674, "key": 5, "loudness": -8.998, "mode": 0, "speechiness": 0.147, "acousticness": 0.236, "instrumentalness": 0.00039, "liveness": 0.138, "valence": 0.336, "tempo": 99.966, "duration_ms": 177000, "time_signature": 4}, {"uri": "spotify:track:1JvW2HjzFdEcaFrpsEeq0e", "name": "Ojuju", "artist": "Troniq Music", "popularity": 30, "danceability": 0.51, "energy": 0.71, "key": 8, "loudness": -6.883, "mode": 1, "speechiness": 0.304, "acousticness": 0.263, "instrumentalness": 0, "liveness": 0.108, "valence": 0.784, "tempo": 57.182, "duration_ms": 187300, "time_signature": 4}, {"uri": "spotify:track:1JatNOHjkqO8omLaTCNTSU", "name": "Wishes", "artist": "Harmonize", "popularity": 48, "danceability": 0.925, "energy": 0.595, "key": 6, "loudness": -10.468, "mode": 1, "speechiness": 0.0847, "acousticness": 0.0826, "instrumentalness": 1.52e-06, "liveness": 0.0828, "valence": 0.697, "tempo": 120.026, "duration_ms": 276010, "time_signature": 4}, {"uri": "spotify:track:1eAoxRoicPL7yEBe2yUXg9", "name": "Kunjani", "artist": "Nandy", "popularity": 50, "danceability": 0.782, "energy": 0.682, "key": 10, "loudness": -7.909, "mode": 0, "speechiness": 0.0432, "acousticness": 0.037, "instrumentalness": 0.0636, "liveness": 0.0498, "valence": 0.809, "tempo": 113.991, "duration_ms": 261897, "time_signature": 4}, {"uri": "spotify:track:3n8cVzL2mibNoBC6aR5lo0", "name": "MOSLADO", "artist": "Teni", "popularity": 59, "danceability": 0.891, "energy": 0.614, "key": 3, "loudness": -7.749, "mode": 0, "speechiness": 0.0745, "acousticness": 0.0431, "instrumentalness": 0.0286, "liveness": 0.123, "valence": 0.655, "tempo": 109.938, "duration_ms": 206000, "time_signature": 4}, {"uri": "spotify:track:3Z9B9GQ2fFx4IRCG8bbWys", "name": "Somebody\u2019s Son (Ft Brandy)", "artist": "Tiwa Savage", "popularity": 68, "danceability": 0.705, "energy": 0.809, "key": 5, "loudness": -4.484, "mode": 1, "speechiness": 0.068, "acousticness": 0.145, "instrumentalness": 5.75e-05, "liveness": 0.216, "valence": 0.508, "tempo": 107.21, "duration_ms": 218131, "time_signature": 4}, {"uri": "spotify:track:15NVnnLI5oXQSw10lKrR51", "name": "Kilometre", "artist": "Burna Boy", "popularity": 52, "danceability": 0.866, "energy": 0.805, "key": 9, "loudness": -4.029, "mode": 1, "speechiness": 0.128, "acousticness": 0.0466, "instrumentalness": 0, "liveness": 0.0196, "valence": 0.496, "tempo": 102.971, "duration_ms": 153786, "time_signature": 4}, {"uri": "spotify:track:5SGR2GjHKy0V75xLwSsfWj", "name": "25 Tao", "artist": "DaLootz", "popularity": 48, "danceability": 0.813, "energy": 0.538, "key": 2, "loudness": -9.705, "mode": 0, "speechiness": 0.06, "acousticness": 0.0152, "instrumentalness": 0.777, "liveness": 0.0651, "valence": 0.503, "tempo": 112.011, "duration_ms": 352215, "time_signature": 4}]