[{"uri": "spotify:track:1dlwBmalURXIQ29gMXYBnt", "name": "Crank It Up", "artist": "Colt Ford", "popularity": 0, "danceability": 0.76, "energy": 0.68, "key": 7, "loudness": -4.481, "mode": 1, "speechiness": 0.0456, "acousticness": 0.00686, "instrumentalness": 0, "liveness": 0.0633, "valence": 0.962, "tempo": 112.969, "duration_ms": 200442, "time_signature": 4}, {"uri": "spotify:track:0kgRRHa5CMeCciIgYT67re", "name": "Colt 45 (Country Remix)", "artist": "Cooper Alan", "popularity": 65, "danceability": 0.631, "energy": 0.744, "key": 5, "loudness": -3.299, "mode": 0, "speechiness": 0.203, "acousticness": 0.293, "instrumentalness": 0, "liveness": 0.142, "valence": 0.845, "tempo": 184.021, "duration_ms": 203804, "time_signature": 4}, {"uri": "spotify:track:1p5VeCCFyeafMMDaXak10E", "name": "Down by the Riverside", "artist": "Willie Jones", "popularity": 55, "danceability": 0.678, "energy": 0.911, "key": 11, "loudness": -3.847, "mode": 0, "speechiness": 0.0525, "acousticness": 0.0217, "instrumentalness": 0, "liveness": 0.356, "valence": 0.859, "tempo": 135.916, "duration_ms": 179742, "time_signature": 4}, {"uri": "spotify:track:0zpxJZIcJUZZTAuhpkmas2", "name": "Stuck", "artist": "Redferrin", "popularity": 49, "danceability": 0.641, "energy": 0.628, "key": 4, "loudness": -5.658, "mode": 0, "speechiness": 0.0463, "acousticness": 0.759, "instrumentalness": 0, "liveness": 0.085, "valence": 0.487, "tempo": 156.027, "duration_ms": 189259, "time_signature": 4}, {"uri": "spotify:track:70R1opiyUhg85fPBxDNXnC", "name": "Cowboy Way", "artist": "The Maverick Mikel Knight", "popularity": 34, "danceability": 0.709, "energy": 0.82, "key": 10, "loudness": -4.52, "mode": 0, "speechiness": 0.1, "acousticness": 0.566, "instrumentalness": 0, "liveness": 0.153, "valence": 0.45, "tempo": 133.016, "duration_ms": 278388, "time_signature": 4}, {"uri": "spotify:track:4FzkPnSgAVkCLZDdL0W7ja", "name": "Way Down South (feat. Kyle Cook, Danny Boone, and Demun Jones)", "artist": "Bubba Sparxxx", "popularity": 0, "danceability": 0.673, "energy": 0.842, "key": 6, "loudness": -5.237, "mode": 0, "speechiness": 0.11, "acousticness": 0.146, "instrumentalness": 0, "liveness": 0.21, "valence": 0.764, "tempo": 94.006, "duration_ms": 218787, "time_signature": 4}, {"uri": "spotify:track:6auBQyfcdFBG4IZvdXBkdr", "name": "My Town", "artist": "Colt Ford", "popularity": 38, "danceability": 0.65, "energy": 0.882, "key": 0, "loudness": -3.88, "mode": 1, "speechiness": 0.0437, "acousticness": 0.1, "instrumentalness": 0, "liveness": 0.212, "valence": 0.805, "tempo": 116.055, "duration_ms": 177485, "time_signature": 4}, {"uri": "spotify:track:5dHF4UXvJ70xefCqD2Wj9N", "name": "Fire Up The Night (feat. HARDY)", "artist": "Blake Shelton", "popularity": 60, "danceability": 0.477, "energy": 0.93, "key": 0, "loudness": -4.78, "mode": 1, "speechiness": 0.0562, "acousticness": 0.00142, "instrumentalness": 6.54e-05, "liveness": 0.338, "valence": 0.54, "tempo": 168.017, "duration_ms": 192467, "time_signature": 4}, {"uri": "spotify:track:2fSxsqpLU6RqjK8BeRd3do", "name": "Hillbilly Shake - Shake-A-Leg Remix", "artist": "Ac Thomas", "popularity": 26, "danceability": 0.616, "energy": 0.881, "key": 5, "loudness": -6.581, "mode": 1, "speechiness": 0.0395, "acousticness": 0.0198, "instrumentalness": 0, "liveness": 0.448, "valence": 0.629, "tempo": 108.01, "duration_ms": 203531, "time_signature": 4}, {"uri": "spotify:track:74g98VNWX3HclMI3JfazVn", "name": "Tall Boy", "artist": "Shaboozey", "popularity": 53, "danceability": 0.664, "energy": 0.82, "key": 2, "loudness": -5.274, "mode": 1, "speechiness": 0.181, "acousticness": 0.469, "instrumentalness": 0, "liveness": 0.233, "valence": 0.721, "tempo": 160.103, "duration_ms": 140129, "time_signature": 4}, {"uri": "spotify:track:7j6UqfFyPh6VX58JgQ0YVa", "name": "Camouflage Mirage", "artist": "Taylor Ray Holbrook", "popularity": 38, "danceability": 0.663, "energy": 0.679, "key": 9, "loudness": -5.204, "mode": 1, "speechiness": 0.045, "acousticness": 0.0413, "instrumentalness": 2.11e-06, "liveness": 0.0552, "valence": 0.392, "tempo": 99.965, "duration_ms": 194000, "time_signature": 4}, {"uri": "spotify:track:7jQIEyRMj8H6QqIOYT0dHV", "name": "Put in Work", "artist": "Bubba Sparxxx", "popularity": 49, "danceability": 0.758, "energy": 0.601, "key": 1, "loudness": -7.634, "mode": 0, "speechiness": 0.314, "acousticness": 0.116, "instrumentalness": 0, "liveness": 0.259, "valence": 0.29, "tempo": 168.187, "duration_ms": 211888, "time_signature": 4}, {"uri": "spotify:track:2QmpdwkRlSABLeVCIE3o8r", "name": "Dirt Road", "artist": "Rvshvd", "popularity": 47, "danceability": 0.792, "energy": 0.583, "key": 7, "loudness": -7.604, "mode": 1, "speechiness": 0.0584, "acousticness": 0.027, "instrumentalness": 0, "liveness": 0.64, "valence": 0.452, "tempo": 143.007, "duration_ms": 165042, "time_signature": 4}, {"uri": "spotify:track:2NB5htgkwRdIau2l2wQXEf", "name": "Redneck for Life", "artist": "The Lacs", "popularity": 40, "danceability": 0.666, "energy": 0.828, "key": 6, "loudness": -4.84, "mode": 0, "speechiness": 0.0769, "acousticness": 0.000406, "instrumentalness": 1.32e-05, "liveness": 0.271, "valence": 0.536, "tempo": 99.993, "duration_ms": 172849, "time_signature": 4}, {"uri": "spotify:track:3QkxCzzUXEGjqNlXeB0fMy", "name": "Mustang on Mud Tires", "artist": "Jay Allen", "popularity": 40, "danceability": 0.589, "energy": 0.794, "key": 9, "loudness": -5.41, "mode": 1, "speechiness": 0.0404, "acousticness": 0.04, "instrumentalness": 8.2e-06, "liveness": 0.274, "valence": 0.564, "tempo": 150.196, "duration_ms": 220595, "time_signature": 4}, {"uri": "spotify:track:5TKsfF1CEzUOWe4GDhKKKh", "name": "The Dream", "artist": "Cypress Spring", "popularity": 30, "danceability": 0.798, "energy": 0.586, "key": 10, "loudness": -3.786, "mode": 1, "speechiness": 0.195, "acousticness": 0.175, "instrumentalness": 0, "liveness": 0.122, "valence": 0.674, "tempo": 79.994, "duration_ms": 192101, "time_signature": 4}, {"uri": "spotify:track:3Ps0JFaxBuamCoQTx6X8LT", "name": "Beverly Hills", "artist": "Shaboozey", "popularity": 74, "danceability": 0.814, "energy": 0.611, "key": 0, "loudness": -6.526, "mode": 1, "speechiness": 0.0515, "acousticness": 0.289, "instrumentalness": 0, "liveness": 0.252, "valence": 0.585, "tempo": 113.016, "duration_ms": 138318, "time_signature": 4}, {"uri": "spotify:track:36YL11gGDlMvhPvrIOYqQn", "name": "When I Pull Up", "artist": "Justin Champagne", "popularity": 67, "danceability": 0.46, "energy": 0.666, "key": 6, "loudness": -7.57, "mode": 1, "speechiness": 0.0975, "acousticness": 0.0294, "instrumentalness": 0.0621, "liveness": 0.107, "valence": 0.567, "tempo": 89.952, "duration_ms": 146667, "time_signature": 4}, {"uri": "spotify:track:5pxcfxlMIcIqFglo9qiNRv", "name": "Kickin' It in Tennessee", "artist": "SMO", "popularity": 27, "danceability": 0.608, "energy": 0.904, "key": 7, "loudness": -9.853, "mode": 1, "speechiness": 0.0795, "acousticness": 0.000536, "instrumentalness": 0, "liveness": 0.115, "valence": 0.738, "tempo": 156.011, "duration_ms": 226923, "time_signature": 4}, {"uri": "spotify:track:6BOqVMxqQxkxknO3COfzrG", "name": "Rippin It up (feat. Bubba Sparxxx, Boondock Kingz, Porch Matthews & Jawga Boyz)", "artist": "Jawga Sparxxx", "popularity": 46, "danceability": 0.825, "energy": 0.468, "key": 10, "loudness": -5.998, "mode": 0, "speechiness": 0.0477, "acousticness": 0.19, "instrumentalness": 0, "liveness": 0.323, "valence": 0.24, "tempo": 91.032, "duration_ms": 192215, "time_signature": 4}, {"uri": "spotify:track:5ypnnr3iqI0JuyZteBPPQu", "name": "Out Here", "artist": "The Lacs", "popularity": 0, "danceability": 0.652, "energy": 0.662, "key": 0, "loudness": -7.842, "mode": 1, "speechiness": 0.0517, "acousticness": 0.061, "instrumentalness": 0, "liveness": 0.103, "valence": 0.81, "tempo": 135.048, "duration_ms": 279880, "time_signature": 4}, {"uri": "spotify:track:0YJRsd068DzbWWMMUiY5EJ", "name": "Dam", "artist": "Demun Jones", "popularity": 37, "danceability": 0.653, "energy": 0.753, "key": 7, "loudness": -6.477, "mode": 1, "speechiness": 0.121, "acousticness": 0.0706, "instrumentalness": 0, "liveness": 0.108, "valence": 0.53, "tempo": 81.013, "duration_ms": 186500, "time_signature": 4}, {"uri": "spotify:track:1GTj920e9eMA0NPgGQePjZ", "name": "Dirt Road Code", "artist": "SMO", "popularity": 29, "danceability": 0.698, "energy": 0.739, "key": 8, "loudness": -4.811, "mode": 1, "speechiness": 0.0471, "acousticness": 0.000305, "instrumentalness": 7.71e-05, "liveness": 0.6, "valence": 0.624, "tempo": 82.026, "duration_ms": 229665, "time_signature": 4}, {"uri": "spotify:track:4P9Ubi9gxlFNNR27g3ML1t", "name": "AutoPilot", "artist": "DurtE", "popularity": 31, "danceability": 0.61, "energy": 0.903, "key": 0, "loudness": -4.529, "mode": 1, "speechiness": 0.0616, "acousticness": 0.0492, "instrumentalness": 0, "liveness": 0.106, "valence": 0.608, "tempo": 143.99, "duration_ms": 220164, "time_signature": 4}, {"uri": "spotify:track:0ZvKNZwQrri0K9RwUWvO79", "name": "Small Town", "artist": "SMO", "popularity": 25, "danceability": 0.682, "energy": 0.857, "key": 1, "loudness": -7.657, "mode": 0, "speechiness": 0.0513, "acousticness": 0.00329, "instrumentalness": 0, "liveness": 0.302, "valence": 0.65, "tempo": 132.018, "duration_ms": 244924, "time_signature": 4}, {"uri": "spotify:track:6xwn1ce0YplRNLH2bFaYdg", "name": "Keep It Redneck (Remix) [feat. Cypress Spring]", "artist": "The Lacs", "popularity": 0, "danceability": 0.636, "energy": 0.781, "key": 2, "loudness": -4.681, "mode": 1, "speechiness": 0.0517, "acousticness": 0.00117, "instrumentalness": 0, "liveness": 0.0346, "valence": 0.418, "tempo": 83.002, "duration_ms": 274619, "time_signature": 4}, {"uri": "spotify:track:4578UyGpgGCGZHfSlHOwFc", "name": "MAGIC CITY COWBOY", "artist": "Jamie Ray", "popularity": 60, "danceability": 0.693, "energy": 0.748, "key": 0, "loudness": -6.629, "mode": 1, "speechiness": 0.0823, "acousticness": 0.0174, "instrumentalness": 0, "liveness": 0.116, "valence": 0.49, "tempo": 160.034, "duration_ms": 124000, "time_signature": 4}, {"uri": "spotify:track:27cntMbTvzUyvklZB6bSXP", "name": "Southern Boy", "artist": "Charlie Farley", "popularity": 35, "danceability": 0.662, "energy": 0.654, "key": 0, "loudness": -6.159, "mode": 1, "speechiness": 0.0905, "acousticness": 0.0464, "instrumentalness": 0, "liveness": 0.119, "valence": 0.363, "tempo": 73.037, "duration_ms": 194064, "time_signature": 4}, {"uri": "spotify:track:4CmYl83JZSKuMMjssiALgs", "name": "Down the Road (feat. Colt Ford) - Remix", "artist": "Kidd G", "popularity": 56, "danceability": 0.622, "energy": 0.696, "key": 9, "loudness": -5.853, "mode": 1, "speechiness": 0.388, "acousticness": 0.394, "instrumentalness": 0, "liveness": 0.112, "valence": 0.469, "tempo": 76.334, "duration_ms": 165316, "time_signature": 4}, {"uri": "spotify:track:2SGjJdLuSIvyVB5eXAJXm7", "name": "We All Country (feat. Colt Ford, Sarah Ross & Charlie Farley)", "artist": "Moonshine Bandits", "popularity": 52, "danceability": 0.721, "energy": 0.944, "key": 8, "loudness": -5.982, "mode": 1, "speechiness": 0.159, "acousticness": 0.013, "instrumentalness": 0, "liveness": 0.32, "valence": 0.626, "tempo": 85.002, "duration_ms": 262760, "time_signature": 4}, {"uri": "spotify:track:4QJpdcOcFubTS0VEWu5Guj", "name": "Hood", "artist": "Colt Ford", "popularity": 55, "danceability": 0.573, "energy": 0.892, "key": 11, "loudness": -3.442, "mode": 1, "speechiness": 0.24, "acousticness": 0.103, "instrumentalness": 0, "liveness": 0.175, "valence": 0.799, "tempo": 162.156, "duration_ms": 189253, "time_signature": 4}, {"uri": "spotify:track:5nWcMMEUUY7QeNHCrQoiKe", "name": "Duramax (feat. Young Gunner)", "artist": "Lenny Cooper", "popularity": 53, "danceability": 0.718, "energy": 0.751, "key": 11, "loudness": -6.698, "mode": 1, "speechiness": 0.0791, "acousticness": 0.0124, "instrumentalness": 0, "liveness": 0.0645, "valence": 0.364, "tempo": 160.04, "duration_ms": 186261, "time_signature": 4}, {"uri": "spotify:track:3fkuueBznTgIz9Qx6C2Vp8", "name": "Jack in My Coke (feat. Montgomery Gentry)", "artist": "The Lacs", "popularity": 0, "danceability": 0.515, "energy": 0.857, "key": 1, "loudness": -6.078, "mode": 0, "speechiness": 0.17, "acousticness": 0.00661, "instrumentalness": 0.000292, "liveness": 0.35, "valence": 0.726, "tempo": 154.887, "duration_ms": 232941, "time_signature": 4}, {"uri": "spotify:track:15x3Tsc72Wjspe8DlsIRp2", "name": "LEGENDS", "artist": "YA'BOYZ", "popularity": 34, "danceability": 0.644, "energy": 0.802, "key": 1, "loudness": -3.88, "mode": 0, "speechiness": 0.0938, "acousticness": 0.0243, "instrumentalness": 7.65e-06, "liveness": 0.412, "valence": 0.884, "tempo": 149.715, "duration_ms": 144164, "time_signature": 4}, {"uri": "spotify:track:6hbwFerDj55bMGZZvcInze", "name": "Bottoms Up - Remix", "artist": "Brantley Gilbert", "popularity": 62, "danceability": 0.559, "energy": 0.754, "key": 7, "loudness": -5.509, "mode": 1, "speechiness": 0.0712, "acousticness": 0.0153, "instrumentalness": 0, "liveness": 0.355, "valence": 0.303, "tempo": 169.977, "duration_ms": 221573, "time_signature": 4}, {"uri": "spotify:track:4IYnTLWG9mP1MNeFNjZm7T", "name": "Po-Dunk", "artist": "Kid Rock", "popularity": 43, "danceability": 0.656, "energy": 0.816, "key": 7, "loudness": -4.172, "mode": 1, "speechiness": 0.115, "acousticness": 0.0603, "instrumentalness": 1.82e-05, "liveness": 0.0322, "valence": 0.524, "tempo": 80.005, "duration_ms": 271134, "time_signature": 4}, {"uri": "spotify:track:6llkjVv0O5lSXD56Ns7R6b", "name": "Reload (feat. Taylor Ray Holbrook)", "artist": "Colt Ford", "popularity": 35, "danceability": 0.633, "energy": 0.787, "key": 11, "loudness": -6.11, "mode": 0, "speechiness": 0.129, "acousticness": 0.121, "instrumentalness": 0, "liveness": 0.172, "valence": 0.646, "tempo": 160.034, "duration_ms": 177704, "time_signature": 4}, {"uri": "spotify:track:3RmKYjsOGP80pentPT6BVR", "name": "White Trash", "artist": "Cypress Spring", "popularity": 0, "danceability": 0.573, "energy": 0.717, "key": 6, "loudness": -4.591, "mode": 1, "speechiness": 0.24, "acousticness": 0.0241, "instrumentalness": 9.31e-06, "liveness": 0.197, "valence": 0.779, "tempo": 164.242, "duration_ms": 167393, "time_signature": 4}, {"uri": "spotify:track:6TAtFV2RxtPoF8K9gXv6iA", "name": "Talladega Nights", "artist": "BirdsFlyStoned", "popularity": 20, "danceability": 0.797, "energy": 0.665, "key": 7, "loudness": -6.703, "mode": 1, "speechiness": 0.139, "acousticness": 0.408, "instrumentalness": 0, "liveness": 0.194, "valence": 0.862, "tempo": 139.977, "duration_ms": 125143, "time_signature": 4}, {"uri": "spotify:track:13KyJdVV5uKFdwwkJiK7Vc", "name": "Dirt Road Anthem (Revisited)", "artist": "Brantley Gilbert", "popularity": 47, "danceability": 0.756, "energy": 0.726, "key": 7, "loudness": -8.279, "mode": 1, "speechiness": 0.0471, "acousticness": 0.28, "instrumentalness": 1.24e-06, "liveness": 0.125, "valence": 0.911, "tempo": 129.999, "duration_ms": 278493, "time_signature": 4}, {"uri": "spotify:track:4QnytqrOi9fZdqydZIaFDG", "name": "Roll With Me (feat. Chris Hurt)", "artist": "I4NI", "popularity": 31, "danceability": 0.572, "energy": 0.826, "key": 2, "loudness": -5.167, "mode": 1, "speechiness": 0.132, "acousticness": 0.152, "instrumentalness": 0, "liveness": 0.113, "valence": 0.408, "tempo": 167.988, "duration_ms": 235416, "time_signature": 4}, {"uri": "spotify:track:5pIS6NPdQS6qwb3mvUSfBB", "name": "Rural Legends", "artist": "DurtE", "popularity": 42, "danceability": 0.71, "energy": 0.748, "key": 10, "loudness": -6.614, "mode": 0, "speechiness": 0.237, "acousticness": 0.0167, "instrumentalness": 0.0153, "liveness": 0.439, "valence": 0.779, "tempo": 153.052, "duration_ms": 296490, "time_signature": 4}, {"uri": "spotify:track:24LyKCgvEia1eAPUbuISlk", "name": "Dirt Road", "artist": "Kidd G", "popularity": 67, "danceability": 0.796, "energy": 0.516, "key": 8, "loudness": -7.891, "mode": 1, "speechiness": 0.0744, "acousticness": 0.519, "instrumentalness": 0, "liveness": 0.126, "valence": 0.181, "tempo": 140.012, "duration_ms": 150890, "time_signature": 4}, {"uri": "spotify:track:0gvThRb8Wfo7Lotup0uVTg", "name": "Shawty In The Truck", "artist": "DJ CANNON BANYON", "popularity": 33, "danceability": 0.769, "energy": 0.668, "key": 9, "loudness": -5.995, "mode": 0, "speechiness": 0.141, "acousticness": 0.0993, "instrumentalness": 0, "liveness": 0.602, "valence": 0.549, "tempo": 137.019, "duration_ms": 273501, "time_signature": 4}, {"uri": "spotify:track:2eVjwdtfFveTtDcYjJd2EB", "name": "Boom In The Boondocks", "artist": "Shy Carter", "popularity": 26, "danceability": 0.633, "energy": 0.875, "key": 11, "loudness": -4.747, "mode": 0, "speechiness": 0.116, "acousticness": 0.0416, "instrumentalness": 0.000104, "liveness": 0.108, "valence": 0.714, "tempo": 152.046, "duration_ms": 182813, "time_signature": 4}, {"uri": "spotify:track:32Eh7vvmKgkPpycVxrRaiX", "name": "Slow Cookin'", "artist": "Willie Jones", "popularity": 41, "danceability": 0.599, "energy": 0.774, "key": 6, "loudness": -4.437, "mode": 1, "speechiness": 0.0644, "acousticness": 0.00903, "instrumentalness": 1.5e-06, "liveness": 0.392, "valence": 0.229, "tempo": 109.599, "duration_ms": 208189, "time_signature": 3}, {"uri": "spotify:track:27SlfCkQ5pxaGz7XnomXuM", "name": "Honky Tonkin'", "artist": "SMO", "popularity": 22, "danceability": 0.636, "energy": 0.851, "key": 9, "loudness": -9.609, "mode": 1, "speechiness": 0.165, "acousticness": 0.132, "instrumentalness": 0, "liveness": 0.461, "valence": 0.705, "tempo": 94.016, "duration_ms": 224681, "time_signature": 4}, {"uri": "spotify:track:0L0dOOe5RvPL80FRNdNY4f", "name": "The Barn", "artist": "Dustin Collins", "popularity": 24, "danceability": 0.501, "energy": 0.895, "key": 4, "loudness": -5.696, "mode": 1, "speechiness": 0.0397, "acousticness": 0.0477, "instrumentalness": 0.0204, "liveness": 0.14, "valence": 0.835, "tempo": 176.036, "duration_ms": 205515, "time_signature": 4}, {"uri": "spotify:track:6lzl1UeETmlBNWzC7PHOcR", "name": "Back to Them Backroads", "artist": "Colt Ford", "popularity": 44, "danceability": 0.769, "energy": 0.817, "key": 9, "loudness": -5.514, "mode": 0, "speechiness": 0.0348, "acousticness": 0.0144, "instrumentalness": 5.96e-06, "liveness": 0.197, "valence": 0.469, "tempo": 124.046, "duration_ms": 191669, "time_signature": 4}, {"uri": "spotify:track:4ZV4p0hFrtU4HW9jpd6kUK", "name": "Live for Today", "artist": "Twang and Round", "popularity": 27, "danceability": 0.664, "energy": 0.766, "key": 0, "loudness": -6.077, "mode": 1, "speechiness": 0.0342, "acousticness": 0.0238, "instrumentalness": 0, "liveness": 0.114, "valence": 0.517, "tempo": 81.997, "duration_ms": 210425, "time_signature": 4}, {"uri": "spotify:track:2di1pqbuFLM3tLsBVPHqdf", "name": "STOMP YOUR BOOTS", "artist": "YA'BOYZ", "popularity": 33, "danceability": 0.76, "energy": 0.806, "key": 0, "loudness": -3.12, "mode": 1, "speechiness": 0.0506, "acousticness": 0.265, "instrumentalness": 0, "liveness": 0.279, "valence": 0.866, "tempo": 108.012, "duration_ms": 151652, "time_signature": 4}, {"uri": "spotify:track:5BzDjeCZYxDd35rYSWY0yk", "name": "Drivin\u2019 Around Song (feat. Jason Aldean)", "artist": "Colt Ford", "popularity": 57, "danceability": 0.613, "energy": 0.709, "key": 7, "loudness": -7.408, "mode": 1, "speechiness": 0.0387, "acousticness": 0.0819, "instrumentalness": 0, "liveness": 0.11, "valence": 0.523, "tempo": 134.972, "duration_ms": 220125, "time_signature": 4}, {"uri": "spotify:track:3LLYOFp0hDXvyc3RX0wvgc", "name": "Willie Nelson", "artist": "The Lacs", "popularity": 0, "danceability": 0.72, "energy": 0.83, "key": 6, "loudness": -4.356, "mode": 1, "speechiness": 0.0858, "acousticness": 0.0568, "instrumentalness": 0, "liveness": 0.224, "valence": 0.648, "tempo": 125.988, "duration_ms": 229773, "time_signature": 4}, {"uri": "spotify:track:7GSxIF5RhPeJNYfMMVrPwE", "name": "Country Made", "artist": "Lenny Cooper", "popularity": 0, "danceability": 0.622, "energy": 0.601, "key": 5, "loudness": -6.596, "mode": 0, "speechiness": 0.378, "acousticness": 0.119, "instrumentalness": 0, "liveness": 0.109, "valence": 0.613, "tempo": 200.184, "duration_ms": 209978, "time_signature": 4}, {"uri": "spotify:track:4b38at0k1ZK4FKFCBO1Ipv", "name": "Slow Rollin'", "artist": "The Cadillac Three", "popularity": 0, "danceability": 0.546, "energy": 0.927, "key": 2, "loudness": -4.581, "mode": 1, "speechiness": 0.046, "acousticness": 0.0683, "instrumentalness": 2.14e-05, "liveness": 0.322, "valence": 0.614, "tempo": 140.08, "duration_ms": 164335, "time_signature": 4}, {"uri": "spotify:track:0CrhIYKizM7cLxJVh2AocH", "name": "Read Me My Rights", "artist": "Brantley Gilbert", "popularity": 58, "danceability": 0.424, "energy": 0.945, "key": 1, "loudness": -4.785, "mode": 1, "speechiness": 0.0748, "acousticness": 0.00467, "instrumentalness": 0.000602, "liveness": 0.0806, "valence": 0.579, "tempo": 174.029, "duration_ms": 234880, "time_signature": 4}, {"uri": "spotify:track:7MZzRMgH869ato8v567j0F", "name": "Camo Bikini", "artist": "Danny Boone", "popularity": 50, "danceability": 0.653, "energy": 0.756, "key": 2, "loudness": -5.927, "mode": 1, "speechiness": 0.065, "acousticness": 0.0793, "instrumentalness": 0, "liveness": 0.111, "valence": 0.6, "tempo": 97.983, "duration_ms": 201302, "time_signature": 4}, {"uri": "spotify:track:5WJoBmX2BfMlzVy1epNwpO", "name": "Outback (Extended Remix) [feat. The Lacs, Redneck Souljers, Bubba Sparxxx, Demun Jones, Durwood Black, D. Thrash, Moccasin Creek & Lenny Cooper]", "artist": "Moonshine Bandits", "popularity": 0, "danceability": 0.793, "energy": 0.789, "key": 11, "loudness": -4.845, "mode": 0, "speechiness": 0.181, "acousticness": 0.0587, "instrumentalness": 0, "liveness": 0.101, "valence": 0.615, "tempo": 95.017, "duration_ms": 489361, "time_signature": 4}, {"uri": "spotify:track:3IXRx2tstonB4eUtITZEWV", "name": "Way of Life (feat. the Lacs & Danny Boone)", "artist": "Cypress Spring", "popularity": 0, "danceability": 0.641, "energy": 0.837, "key": 11, "loudness": -5.22, "mode": 0, "speechiness": 0.151, "acousticness": 0.0471, "instrumentalness": 0, "liveness": 0.0742, "valence": 0.583, "tempo": 140.029, "duration_ms": 224853, "time_signature": 4}, {"uri": "spotify:track:38HqbvZgTBA7ZDWrzoVdVM", "name": "The Plane", "artist": "Good Ol' Boyz", "popularity": 27, "danceability": 0.807, "energy": 0.573, "key": 4, "loudness": -11.383, "mode": 0, "speechiness": 0.391, "acousticness": 0.128, "instrumentalness": 0, "liveness": 0.104, "valence": 0.546, "tempo": 77.468, "duration_ms": 350004, "time_signature": 4}, {"uri": "spotify:track:5Nwyg9vefS3tLj8AnId4PD", "name": "Stomp Them Boots", "artist": "Young Gunner", "popularity": 0, "danceability": 0.824, "energy": 0.6, "key": 9, "loudness": -7.735, "mode": 1, "speechiness": 0.0511, "acousticness": 0.0336, "instrumentalness": 1.74e-05, "liveness": 0.248, "valence": 0.577, "tempo": 127.977, "duration_ms": 235161, "time_signature": 4}, {"uri": "spotify:track:64BkdcaYd99CXIh0rwcsgU", "name": "Keep 'Em Movin' (feat. Cap Bailey)", "artist": "Twang and Round", "popularity": 31, "danceability": 0.586, "energy": 0.786, "key": 7, "loudness": -6.546, "mode": 1, "speechiness": 0.208, "acousticness": 0.00072, "instrumentalness": 0.000853, "liveness": 0.373, "valence": 0.527, "tempo": 64.94, "duration_ms": 196467, "time_signature": 4}, {"uri": "spotify:track:4AVGNAuDKWYpdFKavRF8pB", "name": "Bumpy Road", "artist": "SMO", "popularity": 45, "danceability": 0.854, "energy": 0.741, "key": 2, "loudness": -6.565, "mode": 1, "speechiness": 0.208, "acousticness": 0.125, "instrumentalness": 0, "liveness": 0.324, "valence": 0.618, "tempo": 97.01, "duration_ms": 170400, "time_signature": 4}, {"uri": "spotify:track:6OEX8FPaHyUyftZJWsve3Y", "name": "Slow Ride", "artist": "Colt Ford", "popularity": 60, "danceability": 0.671, "energy": 0.771, "key": 11, "loudness": -4.732, "mode": 0, "speechiness": 0.0463, "acousticness": 0.00284, "instrumentalness": 0, "liveness": 0.187, "valence": 0.639, "tempo": 142.01, "duration_ms": 174635, "time_signature": 4}, {"uri": "spotify:track:0pjDpLLR4716mecRz06ikh", "name": "Standard American", "artist": "Gunnar & The Grizzly Boys", "popularity": 34, "danceability": 0.72, "energy": 0.922, "key": 11, "loudness": -4.827, "mode": 0, "speechiness": 0.113, "acousticness": 0.0323, "instrumentalness": 0, "liveness": 0.452, "valence": 0.687, "tempo": 93.004, "duration_ms": 209053, "time_signature": 4}, {"uri": "spotify:track:5iPAaPFEMm9adSSaD5vCid", "name": "Kiss My Ass", "artist": "Sam Grow", "popularity": 32, "danceability": 0.536, "energy": 0.802, "key": 11, "loudness": -4.871, "mode": 1, "speechiness": 0.0621, "acousticness": 0.0284, "instrumentalness": 0, "liveness": 0.0579, "valence": 0.715, "tempo": 172.065, "duration_ms": 162333, "time_signature": 4}, {"uri": "spotify:track:2bWaQyC68Bt7FSXCACY2aN", "name": "If That Ain't Country", "artist": "Jessta James", "popularity": 40, "danceability": 0.441, "energy": 0.928, "key": 10, "loudness": -3.182, "mode": 1, "speechiness": 0.0778, "acousticness": 0.0315, "instrumentalness": 0, "liveness": 0.126, "valence": 0.547, "tempo": 160.104, "duration_ms": 255427, "time_signature": 4}, {"uri": "spotify:track:1I3jpw3JLC1reCHuUHjNLT", "name": "It Ain't Over Yet", "artist": "Charlie Farley", "popularity": 31, "danceability": 0.721, "energy": 0.558, "key": 6, "loudness": -7.284, "mode": 1, "speechiness": 0.0979, "acousticness": 0.13, "instrumentalness": 0, "liveness": 0.0964, "valence": 0.54, "tempo": 97.99, "duration_ms": 170902, "time_signature": 4}, {"uri": "spotify:track:0XHSON9IsT1AfiDrjbYxzi", "name": "Bad Beer", "artist": "Colt Ford", "popularity": 39, "danceability": 0.501, "energy": 0.905, "key": 0, "loudness": -3.568, "mode": 1, "speechiness": 0.0544, "acousticness": 0.00328, "instrumentalness": 0.000109, "liveness": 0.391, "valence": 0.839, "tempo": 155.031, "duration_ms": 191072, "time_signature": 4}, {"uri": "spotify:track:2DI1SvvgzhIybzuM0AjyvR", "name": "Field Party", "artist": "The Lacs", "popularity": 36, "danceability": 0.628, "energy": 0.817, "key": 2, "loudness": -5.096, "mode": 1, "speechiness": 0.114, "acousticness": 0.023, "instrumentalness": 0, "liveness": 0.258, "valence": 0.654, "tempo": 149.99, "duration_ms": 263707, "time_signature": 4}, {"uri": "spotify:track:2fvmEuEwISvAN0Rg10yjpe", "name": "John Wayne", "artist": "J. Hartley", "popularity": 46, "danceability": 0.569, "energy": 0.86, "key": 8, "loudness": -4.701, "mode": 0, "speechiness": 0.0496, "acousticness": 0.0246, "instrumentalness": 0, "liveness": 0.351, "valence": 0.581, "tempo": 158.039, "duration_ms": 158685, "time_signature": 4}, {"uri": "spotify:track:3Xnf9l8bZHtXxQf0CajdXh", "name": "Good Vibes Only", "artist": "Dusty Leigh", "popularity": 45, "danceability": 0.806, "energy": 0.607, "key": 11, "loudness": -6.327, "mode": 0, "speechiness": 0.0442, "acousticness": 0.035, "instrumentalness": 0, "liveness": 0.0874, "valence": 0.393, "tempo": 100.012, "duration_ms": 157431, "time_signature": 4}, {"uri": "spotify:track:66il80iAlMZqtGDRaHkg1n", "name": "Rodeo", "artist": "Lenny Cooper", "popularity": 26, "danceability": 0.749, "energy": 0.795, "key": 8, "loudness": -7.06, "mode": 1, "speechiness": 0.0518, "acousticness": 0.00137, "instrumentalness": 0, "liveness": 0.0499, "valence": 0.488, "tempo": 124.997, "duration_ms": 175787, "time_signature": 4}, {"uri": "spotify:track:6gshpXdlUNPFQyWsgLXxsh", "name": "Goin\u2019 Back Down (feat. Colt Ford)", "artist": "Redneck Social Club", "popularity": 0, "danceability": 0.518, "energy": 0.877, "key": 10, "loudness": -4.924, "mode": 0, "speechiness": 0.106, "acousticness": 0.0542, "instrumentalness": 1.31e-05, "liveness": 0.307, "valence": 0.632, "tempo": 170.211, "duration_ms": 225740, "time_signature": 4}, {"uri": "spotify:track:35T4rqTGxHPv5fDfOLsjrx", "name": "I'm Still Me", "artist": "Colt Ford", "popularity": 32, "danceability": 0.509, "energy": 0.855, "key": 1, "loudness": -5.402, "mode": 1, "speechiness": 0.0589, "acousticness": 0.0132, "instrumentalness": 6.19e-05, "liveness": 0.239, "valence": 0.698, "tempo": 160.121, "duration_ms": 172843, "time_signature": 4}, {"uri": "spotify:track:75RsCkcyXJvc26HmmwKhlu", "name": "Backroads Life (feat. The Lacs)", "artist": "Charlie Farley", "popularity": 49, "danceability": 0.732, "energy": 0.738, "key": 0, "loudness": -5.716, "mode": 1, "speechiness": 0.0715, "acousticness": 0.611, "instrumentalness": 0, "liveness": 0.127, "valence": 0.604, "tempo": 136.122, "duration_ms": 282000, "time_signature": 4}, {"uri": "spotify:track:6ZtUAt1b7sEY6RmRSGfIaB", "name": "Redneck Dirt Road Riders", "artist": "Jawga Boyz", "popularity": 44, "danceability": 0.83, "energy": 0.673, "key": 0, "loudness": -8.108, "mode": 1, "speechiness": 0.0459, "acousticness": 0.352, "instrumentalness": 0.915, "liveness": 0.17, "valence": 0.797, "tempo": 109.944, "duration_ms": 212400, "time_signature": 4}, {"uri": "spotify:track:2lErv44OSwPKKFTRFkOnBO", "name": "BOSS HOGG", "artist": "SMO", "popularity": 35, "danceability": 0.85, "energy": 0.725, "key": 7, "loudness": -12.867, "mode": 1, "speechiness": 0.32, "acousticness": 0.0106, "instrumentalness": 0, "liveness": 0.207, "valence": 0.907, "tempo": 154.932, "duration_ms": 177835, "time_signature": 4}, {"uri": "spotify:track:1bePzEP477kCICdIjzxHZ6", "name": "Get Her Done (feat. Bottleneck)", "artist": "Danny Duke", "popularity": 30, "danceability": 0.433, "energy": 0.919, "key": 8, "loudness": -4.429, "mode": 1, "speechiness": 0.132, "acousticness": 0.0429, "instrumentalness": 0, "liveness": 0.322, "valence": 0.455, "tempo": 180.034, "duration_ms": 188057, "time_signature": 4}, {"uri": "spotify:track:7eE8qUTi5in1pkshmphRec", "name": "Remember My Name", "artist": "Jonezen", "popularity": 37, "danceability": 0.605, "energy": 0.804, "key": 11, "loudness": -5.006, "mode": 1, "speechiness": 0.0669, "acousticness": 0.236, "instrumentalness": 0, "liveness": 0.178, "valence": 0.48, "tempo": 84.993, "duration_ms": 184059, "time_signature": 4}, {"uri": "spotify:track:0q8DxBCyj91Wrh1zlmcx5H", "name": "Watch This", "artist": "Moccasin Creek", "popularity": 33, "danceability": 0.806, "energy": 0.719, "key": 8, "loudness": -6.08, "mode": 1, "speechiness": 0.26, "acousticness": 0.0462, "instrumentalness": 0, "liveness": 0.17, "valence": 0.283, "tempo": 90.042, "duration_ms": 231823, "time_signature": 4}, {"uri": "spotify:track:5KZhXRh1uDFJLHwz7La3j0", "name": "Fire\u2019t Up", "artist": "Brantley Gilbert", "popularity": 0, "danceability": 0.624, "energy": 0.883, "key": 5, "loudness": -5.212, "mode": 1, "speechiness": 0.0409, "acousticness": 0.00642, "instrumentalness": 0.000113, "liveness": 0.361, "valence": 0.526, "tempo": 108.064, "duration_ms": 176507, "time_signature": 4}]