[{"uri": "spotify:track:3T9HSgS5jBFdXIBPav51gj", "name": "Fanfare for the Common Man", "artist": "Aaron Copland", "popularity": 36, "danceability": 0.228, "energy": 0.179, "key": 10, "loudness": -15.727, "mode": 1, "speechiness": 0.0382, "acousticness": 0.986, "instrumentalness": 0.954, "liveness": 0.0575, "valence": 0.0378, "tempo": 104.304, "duration_ms": 196467, "time_signature": 4}, {"uri": "spotify:track:7maXeXu5QQFJ8KsJDVDNcK", "name": "One Note Fantasy...", "artist": "Steve Martland", "popularity": 20, "danceability": 0.236, "energy": 0.086, "key": 5, "loudness": -18.732, "mode": 1, "speechiness": 0.0407, "acousticness": 0.988, "instrumentalness": 0.937, "liveness": 0.0926, "valence": 0.0837, "tempo": 72.525, "duration_ms": 247267, "time_signature": 4}, {"uri": "spotify:track:5Wtas7dfnJQRzoDiMaj1Zz", "name": "Carmen: Prelude - les Toreadors - Habanera - Danse Boheme - Chanson du Toreador", "artist": "Georges Bizet", "popularity": 6, "danceability": 0.445, "energy": 0.214, "key": 2, "loudness": -15.113, "mode": 0, "speechiness": 0.0394, "acousticness": 0.988, "instrumentalness": 0.887, "liveness": 0.0542, "valence": 0.319, "tempo": 148.033, "duration_ms": 389787, "time_signature": 4}, {"uri": "spotify:track:3Ld3VB6a8UFFAXR3XwCdsC", "name": "A Moorside Suite, H. 173: II. Nocturne. Adagio", "artist": "Gustav Holst", "popularity": 5, "danceability": 0.0635, "energy": 0.00461, "key": 7, "loudness": -38.575, "mode": 0, "speechiness": 0.0481, "acousticness": 0.971, "instrumentalness": 0.928, "liveness": 0.0981, "valence": 0.0378, "tempo": 64.116, "duration_ms": 486000, "time_signature": 3}, {"uri": "spotify:track:1kf44GgR5RuMLKSBBZNTUu", "name": "Zomby Woof (Arr. P. Hess)", "artist": "Frank Zappa", "popularity": 27, "danceability": 0.627, "energy": 0.792, "key": 2, "loudness": -6.595, "mode": 1, "speechiness": 0.179, "acousticness": 0.125, "instrumentalness": 0.335, "liveness": 0.295, "valence": 0.678, "tempo": 94.489, "duration_ms": 246200, "time_signature": 4}, {"uri": "spotify:track:2I5Ft9KPVa2CYMj2GfZCdR", "name": "The Duke of Marlborough Fanfare", "artist": "Percy Grainger", "popularity": 17, "danceability": 0.327, "energy": 0.00792, "key": 10, "loudness": -16.04, "mode": 1, "speechiness": 0.053, "acousticness": 0.988, "instrumentalness": 0.118, "liveness": 0.0637, "valence": 0.133, "tempo": 117.486, "duration_ms": 183427, "time_signature": 4}, {"uri": "spotify:track:2WUvQ0KM6NQp4oxFTdYb1M", "name": "Trumpet Tune", "artist": "Henry Purcell", "popularity": 0, "danceability": 0.283, "energy": 0.0853, "key": 2, "loudness": -22.163, "mode": 1, "speechiness": 0.0365, "acousticness": 0.768, "instrumentalness": 0.892, "liveness": 0.0862, "valence": 0.12, "tempo": 109.14, "duration_ms": 156267, "time_signature": 4}, {"uri": "spotify:track:2WU9yUDBoRhHHNfI4NUtB1", "name": "Severn Suite, Op. 87: II. Toccata: Tournament \u2014", "artist": "Edward Elgar", "popularity": 15, "danceability": 0.412, "energy": 0.156, "key": 5, "loudness": -21.857, "mode": 1, "speechiness": 0.0425, "acousticness": 0.982, "instrumentalness": 0.876, "liveness": 0.102, "valence": 0.238, "tempo": 118.594, "duration_ms": 249840, "time_signature": 4}, {"uri": "spotify:track:3bDeckaQ3xcSgvAUcMMfMa", "name": "Crown Imperial: Coronation March (arr. J. Kreines)", "artist": "William Walton", "popularity": 21, "danceability": 0.371, "energy": 0.451, "key": 0, "loudness": -10.204, "mode": 1, "speechiness": 0.0481, "acousticness": 0.888, "instrumentalness": 0.747, "liveness": 0.079, "valence": 0.21, "tempo": 112.981, "duration_ms": 370947, "time_signature": 4}, {"uri": "spotify:track:3ch2FwDF6r45yGtZX2nbsi", "name": "Skylines", "artist": "Paul Lovatt-Cooper", "popularity": 0, "danceability": 0.463, "energy": 0.473, "key": 8, "loudness": -12.399, "mode": 1, "speechiness": 0.0526, "acousticness": 0.909, "instrumentalness": 0.963, "liveness": 0.873, "valence": 0.408, "tempo": 116.624, "duration_ms": 416880, "time_signature": 4}, {"uri": "spotify:track:0VKmMyFbLiSADdpN5fJFm5", "name": "Concertino Classico For Two Trumpets", "artist": "Joseph Horovitz", "popularity": 0, "danceability": 0.583, "energy": 0.215, "key": 5, "loudness": -18.094, "mode": 1, "speechiness": 0.0379, "acousticness": 0.988, "instrumentalness": 0.906, "liveness": 0.0778, "valence": 0.482, "tempo": 115.342, "duration_ms": 189627, "time_signature": 3}, {"uri": "spotify:track:5GAiDvemhUBQPcaT1OG2eF", "name": "Set To", "artist": "Mark-Anthony Turnage", "popularity": 13, "danceability": 0.322, "energy": 0.208, "key": 10, "loudness": -18.585, "mode": 0, "speechiness": 0.0391, "acousticness": 0.984, "instrumentalness": 0.919, "liveness": 0.0823, "valence": 0.142, "tempo": 103.628, "duration_ms": 490093, "time_signature": 4}, {"uri": "spotify:track:3mDAIqn4nv4RwxP72PaUk8", "name": "The Dam Busters (Arr. Duthoit)", "artist": "Eric Coates", "popularity": 15, "danceability": 0.373, "energy": 0.205, "key": 0, "loudness": -16.191, "mode": 1, "speechiness": 0.0396, "acousticness": 0.977, "instrumentalness": 0.94, "liveness": 0.168, "valence": 0.3, "tempo": 145.889, "duration_ms": 231880, "time_signature": 4}, {"uri": "spotify:track:1DdTJpZqyr9ABOxIxBfICY", "name": "Entry of the Gladiators (Arr. for Brass Ensemble)", "artist": "Julius Fu\u010d\u00edk", "popularity": 19, "danceability": 0.512, "energy": 0.51, "key": 8, "loudness": -13.84, "mode": 1, "speechiness": 0.039, "acousticness": 0.927, "instrumentalness": 0.891, "liveness": 0.0306, "valence": 0.679, "tempo": 113.419, "duration_ms": 178933, "time_signature": 4}, {"uri": "spotify:track:7gCFW2rnrVA5seKvVojT9g", "name": "Dark Arteries: These Scars Across Your Heart", "artist": "Gavin Higgins", "popularity": 13, "danceability": 0.0643, "energy": 0.0393, "key": 10, "loudness": -30.331, "mode": 0, "speechiness": 0.0453, "acousticness": 0.965, "instrumentalness": 0.934, "liveness": 0.0884, "valence": 0.0341, "tempo": 68.645, "duration_ms": 831107, "time_signature": 4}, {"uri": "spotify:track:5YwgDD71kfBGIUMNrOvPCv", "name": "Funeral Sentences for the death of Queen Mary II: The Queen's Funeral March (Procession)", "artist": "Henry Purcell", "popularity": 18, "danceability": 0.235, "energy": 0.178, "key": 10, "loudness": -23.753, "mode": 0, "speechiness": 0.0321, "acousticness": 0.835, "instrumentalness": 0.726, "liveness": 0.111, "valence": 0.0537, "tempo": 84.91, "duration_ms": 143027, "time_signature": 4}, {"uri": "spotify:track:5OUV11OuJ4l3GPCcOPfRgs", "name": "Salamander", "artist": "John McCabe", "popularity": 13, "danceability": 0.246, "energy": 0.0671, "key": 3, "loudness": -24.02, "mode": 1, "speechiness": 0.0433, "acousticness": 0.933, "instrumentalness": 0.921, "liveness": 0.0862, "valence": 0.0383, "tempo": 134.255, "duration_ms": 745560, "time_signature": 3}, {"uri": "spotify:track:4YnkKa1mb3gcBkPSHVVyzI", "name": "Prelude and Scherzo: Scherzo", "artist": "Philip Sparke", "popularity": 17, "danceability": 0.466, "energy": 0.154, "key": 3, "loudness": -23.108, "mode": 1, "speechiness": 0.0415, "acousticness": 0.992, "instrumentalness": 0.95, "liveness": 0.0944, "valence": 0.612, "tempo": 138.66, "duration_ms": 260133, "time_signature": 4}, {"uri": "spotify:track:4zGVvy3uimYz82NDFUmzRf", "name": "Canzone prima a 5 - 1.", "artist": "Giovanni Gabrieli", "popularity": 23, "danceability": 0.442, "energy": 0.084, "key": 4, "loudness": -19.283, "mode": 0, "speechiness": 0.0383, "acousticness": 0.995, "instrumentalness": 0.872, "liveness": 0.0925, "valence": 0.346, "tempo": 112.479, "duration_ms": 140000, "time_signature": 4}, {"uri": "spotify:track:7wYhiueKctltN4tdo1TdlS", "name": "Fire Dance", "artist": "Anthony DiLorenzo", "popularity": 2, "danceability": 0.372, "energy": 0.189, "key": 0, "loudness": -17.683, "mode": 1, "speechiness": 0.0366, "acousticness": 0.986, "instrumentalness": 0.909, "liveness": 0.202, "valence": 0.178, "tempo": 159.571, "duration_ms": 226440, "time_signature": 4}, {"uri": "spotify:track:3Yzm5ZKYFNAEEBspzqvlgQ", "name": "Pure Gold: A 4x4 Relay Race", "artist": "Luke Carver Goss", "popularity": 11, "danceability": 0.328, "energy": 0.149, "key": 0, "loudness": -28.425, "mode": 0, "speechiness": 0.19, "acousticness": 0.889, "instrumentalness": 0.00151, "liveness": 0.669, "valence": 0.106, "tempo": 112.229, "duration_ms": 851877, "time_signature": 5}, {"uri": "spotify:track:50e0bnvfTTu2nZjOkescnS", "name": "Jacuchzet, frohlocket! from Christmas Oratorio BWV 248 - 2005 Digital Remaster", "artist": "Johann Sebastian Bach", "popularity": 18, "danceability": 0.389, "energy": 0.392, "key": 2, "loudness": -12.504, "mode": 1, "speechiness": 0.0331, "acousticness": 0.93, "instrumentalness": 0.907, "liveness": 0.109, "valence": 0.376, "tempo": 122.827, "duration_ms": 380493, "time_signature": 4}, {"uri": "spotify:track:2dvcbzYgH3V80RYkNx99Cv", "name": "Playgrounds for Angels", "artist": "Einojuhani Rautavaara", "popularity": 10, "danceability": 0.284, "energy": 0.0599, "key": 6, "loudness": -23.891, "mode": 1, "speechiness": 0.0515, "acousticness": 0.98, "instrumentalness": 0.693, "liveness": 0.535, "valence": 0.038, "tempo": 106.248, "duration_ms": 822267, "time_signature": 4}, {"uri": "spotify:track:2G93L34H3s1zQZOFlpA87S", "name": "Legend in Brass: I. Fanfare: Allegro moderato e maestoso", "artist": "James Curnow", "popularity": 13, "danceability": 0.267, "energy": 0.204, "key": 10, "loudness": -19.416, "mode": 1, "speechiness": 0.0336, "acousticness": 0.969, "instrumentalness": 0.936, "liveness": 0.338, "valence": 0.179, "tempo": 103.153, "duration_ms": 224640, "time_signature": 4}, {"uri": "spotify:track:3QpWDL7QTGnfKoup3QDPVw", "name": "Variations on The Shining River, Op. 101 (arr. for brass band)", "artist": "Edmund Rubbra", "popularity": 10, "danceability": 0.0958, "energy": 0.0151, "key": 5, "loudness": -27.415, "mode": 1, "speechiness": 0.0376, "acousticness": 0.985, "instrumentalness": 0.961, "liveness": 0.0953, "valence": 0.0569, "tempo": 82.496, "duration_ms": 649440, "time_signature": 4}, {"uri": "spotify:track:1rKmGi76oc5qQNxW18KQB9", "name": "North West Passage", "artist": "Roy Newsome", "popularity": 10, "danceability": 0.259, "energy": 0.145, "key": 7, "loudness": -19.343, "mode": 1, "speechiness": 0.0528, "acousticness": 0.977, "instrumentalness": 0.892, "liveness": 0.273, "valence": 0.157, "tempo": 69.603, "duration_ms": 468573, "time_signature": 4}, {"uri": "spotify:track:2eYmyI2DdoKWt6bjiVmh5Z", "name": "A Russian Fantasy", "artist": "Gordon Langford", "popularity": 14, "danceability": 0.264, "energy": 0.0549, "key": 5, "loudness": -21.521, "mode": 0, "speechiness": 0.0395, "acousticness": 0.982, "instrumentalness": 0.907, "liveness": 0.225, "valence": 0.153, "tempo": 77.067, "duration_ms": 465840, "time_signature": 4}, {"uri": "spotify:track:22rQLc3KbFiZ54UtkH1JtB", "name": "Prometheus unbound", "artist": "Granville Bantock", "popularity": 11, "danceability": 0.166, "energy": 0.0168, "key": 6, "loudness": -23.68, "mode": 1, "speechiness": 0.0375, "acousticness": 0.96, "instrumentalness": 0.946, "liveness": 0.108, "valence": 0.0567, "tempo": 61.101, "duration_ms": 587880, "time_signature": 4}, {"uri": "spotify:track:1c0DFp3911Ln9P2Ztlo5lF", "name": "Altitude", "artist": "George Benjamin", "popularity": 10, "danceability": 0.143, "energy": 0.0197, "key": 6, "loudness": -25.877, "mode": 0, "speechiness": 0.0394, "acousticness": 0.968, "instrumentalness": 0.956, "liveness": 0.0575, "valence": 0.0311, "tempo": 155.302, "duration_ms": 522960, "time_signature": 4}, {"uri": "spotify:track:4JrTdosJgl5UeseqCvR79O", "name": "James Cook - Circumnavigator", "artist": "Gilbert Vinter", "popularity": 11, "danceability": 0.236, "energy": 0.118, "key": 10, "loudness": -22.262, "mode": 1, "speechiness": 0.0419, "acousticness": 0.948, "instrumentalness": 0.951, "liveness": 0.0825, "valence": 0.0837, "tempo": 110.285, "duration_ms": 671400, "time_signature": 4}, {"uri": "spotify:track:6dFhN2fZK3lDnLOin49ajY", "name": "Wiener Philharmoniker Fanfare, TrV 248", "artist": "Richard Strauss", "popularity": 15, "danceability": 0.346, "energy": 0.208, "key": 3, "loudness": -17.364, "mode": 1, "speechiness": 0.0428, "acousticness": 0.926, "instrumentalness": 0.93, "liveness": 0.0939, "valence": 0.225, "tempo": 96.775, "duration_ms": 141120, "time_signature": 4}, {"uri": "spotify:track:6BN7xr2XIa4N5gU7FkR6t6", "name": "From the Monteregian Hills Suite: II. Chanson melancolique", "artist": "Morley Calvert", "popularity": 1, "danceability": 0.121, "energy": 0.0428, "key": 8, "loudness": -23.984, "mode": 1, "speechiness": 0.0378, "acousticness": 0.981, "instrumentalness": 0.826, "liveness": 0.078, "valence": 0.0352, "tempo": 73.312, "duration_ms": 182880, "time_signature": 3}, {"uri": "spotify:track:5Yug4bg6Z0JlNLUJofh4JE", "name": "Fantasy, Op. 114a: Fantasy for Brass Band", "artist": "Malcolm Arnold", "popularity": 2, "danceability": 0.342, "energy": 0.255, "key": 9, "loudness": -20.828, "mode": 0, "speechiness": 0.0783, "acousticness": 0.977, "instrumentalness": 0.925, "liveness": 0.104, "valence": 0.0394, "tempo": 113.356, "duration_ms": 565200, "time_signature": 4}, {"uri": "spotify:track:6W4QQDBV7KaZkk8RyzqPJZ", "name": "Volcano", "artist": "Robert Simpson", "popularity": 10, "danceability": 0.204, "energy": 0.0422, "key": 2, "loudness": -23.895, "mode": 1, "speechiness": 0.0412, "acousticness": 0.874, "instrumentalness": 0.921, "liveness": 0.121, "valence": 0.0381, "tempo": 105.865, "duration_ms": 652680, "time_signature": 4}, {"uri": "spotify:track:6FJnA5UvE9W4LLZCcvX6iQ", "name": "Tenth Regiment March, \"Death or Glory\"", "artist": "Robert Browne Hall", "popularity": 2, "danceability": 0.513, "energy": 0.373, "key": 10, "loudness": -16.313, "mode": 1, "speechiness": 0.0493, "acousticness": 0.857, "instrumentalness": 0.16, "liveness": 0.0689, "valence": 0.499, "tempo": 115.111, "duration_ms": 222000, "time_signature": 4}, {"uri": "spotify:track:5NNppXqdhEfo0OGmRAtjix", "name": "The Plantagenets", "artist": "Edward Gregson", "popularity": 13, "danceability": 0.331, "energy": 0.134, "key": 3, "loudness": -19.278, "mode": 1, "speechiness": 0.0497, "acousticness": 0.988, "instrumentalness": 0.932, "liveness": 0.128, "valence": 0.085, "tempo": 100.718, "duration_ms": 716027, "time_signature": 4}, {"uri": "spotify:track:3oAgPMbLwuUvOn76wpBfa1", "name": "Fanfare for a New Theatre", "artist": "Igor Stravinsky", "popularity": 8, "danceability": 0.519, "energy": 0.234, "key": 8, "loudness": -16.874, "mode": 1, "speechiness": 0.0814, "acousticness": 0.977, "instrumentalness": 0.94, "liveness": 0.284, "valence": 0.273, "tempo": 124.957, "duration_ms": 38973, "time_signature": 3}, {"uri": "spotify:track:4r2gP0vmnsd4QM5qXFNDVH", "name": "Rhapsody on Negro Spirituals", "artist": "Eric Ball", "popularity": 12, "danceability": 0.0886, "energy": 0.0122, "key": 5, "loudness": -26.858, "mode": 0, "speechiness": 0.0345, "acousticness": 0.951, "instrumentalness": 0.953, "liveness": 0.0882, "valence": 0.104, "tempo": 65.426, "duration_ms": 483840, "time_signature": 4}, {"uri": "spotify:track:2KIo7D9iSwxvrMSGMCrXXn", "name": "Fanfare For The Lord Mayor Of London", "artist": "Arthur Bliss", "popularity": 17, "danceability": 0.424, "energy": 0.202, "key": 10, "loudness": -14.49, "mode": 1, "speechiness": 0.0388, "acousticness": 0.954, "instrumentalness": 0.918, "liveness": 0.0914, "valence": 0.0954, "tempo": 90.259, "duration_ms": 104040, "time_signature": 4}, {"uri": "spotify:track:5NZAUJXpKrQomyqQdvFixK", "name": "Variants with Solo Cadenzas", "artist": "William Schmidt", "popularity": 0, "danceability": 0.299, "energy": 0.0232, "key": 1, "loudness": -27.316, "mode": 1, "speechiness": 0.0461, "acousticness": 0.826, "instrumentalness": 0.119, "liveness": 0.0692, "valence": 0.0376, "tempo": 98.705, "duration_ms": 479794, "time_signature": 4}, {"uri": "spotify:track:2ff3UuYhzgfCtxT6qcXowm", "name": "Concerto Grosso Op.61", "artist": "Derek Bourgeois", "popularity": 0, "danceability": 0.239, "energy": 0.288, "key": 2, "loudness": -14.171, "mode": 0, "speechiness": 0.0595, "acousticness": 0.985, "instrumentalness": 0.899, "liveness": 0.081, "valence": 0.0392, "tempo": 70.968, "duration_ms": 1287545, "time_signature": 4}, {"uri": "spotify:track:0uS7eyvSfWmyVd2QSjcIBi", "name": "Fanfare for St. Edmundsbury for 3 Trumpets", "artist": "Benjamin Britten", "popularity": 10, "danceability": 0.391, "energy": 0.0262, "key": 7, "loudness": -29.019, "mode": 1, "speechiness": 0.0545, "acousticness": 0.972, "instrumentalness": 0.896, "liveness": 0.108, "valence": 0.143, "tempo": 134.229, "duration_ms": 204973, "time_signature": 4}, {"uri": "spotify:track:5YZmD7H0xKMCxYy1YZtmHU", "name": "Fanfare for the Wedding of Princess Elizabeth", "artist": "Arnold Bax", "popularity": 7, "danceability": 0.303, "energy": 0.232, "key": 0, "loudness": -17.251, "mode": 1, "speechiness": 0.0446, "acousticness": 0.986, "instrumentalness": 0.841, "liveness": 0.239, "valence": 0.0741, "tempo": 147.277, "duration_ms": 108853, "time_signature": 4}, {"uri": "spotify:track:6KNMMG7KI0CqEFSWx57KzQ", "name": "Variations", "artist": "Ralph Vaughan Williams", "popularity": 9, "danceability": 0.322, "energy": 0.107, "key": 10, "loudness": -19.932, "mode": 1, "speechiness": 0.0408, "acousticness": 0.984, "instrumentalness": 0.93, "liveness": 0.0701, "valence": 0.163, "tempo": 109.898, "duration_ms": 762827, "time_signature": 4}, {"uri": "spotify:track:5nxccCD67TuanOIKDNpvgn", "name": "Lucifer: New Babylon", "artist": "Geoffrey Poole", "popularity": 8, "danceability": 0.283, "energy": 0.238, "key": 6, "loudness": -23.749, "mode": 1, "speechiness": 0.074, "acousticness": 0.949, "instrumentalness": 0.632, "liveness": 0.317, "valence": 0.142, "tempo": 85.19, "duration_ms": 370733, "time_signature": 4}, {"uri": "spotify:track:6ZFDxBFBE6yPnru8kHzsze", "name": "War Memorial, Op. 50: No. 2. From Hills and Valleys", "artist": "Robin Holloway", "popularity": 9, "danceability": 0.181, "energy": 0.0279, "key": 1, "loudness": -21.789, "mode": 1, "speechiness": 0.038, "acousticness": 0.977, "instrumentalness": 0.901, "liveness": 0.0438, "valence": 0.0399, "tempo": 71.811, "duration_ms": 800227, "time_signature": 4}, {"uri": "spotify:track:76AVAb2vkjnXo5nfzFvJ6A", "name": "Battle Suite: I. Intrada", "artist": "Samuel Scheidt", "popularity": 16, "danceability": 0.35, "energy": 0.242, "key": 7, "loudness": -18.077, "mode": 1, "speechiness": 0.0375, "acousticness": 0.985, "instrumentalness": 0.915, "liveness": 0.0898, "valence": 0.246, "tempo": 77.745, "duration_ms": 95333, "time_signature": 4}, {"uri": "spotify:track:3cQsUDsKqYGmUG24fGw5iw", "name": "Mini-Overture: Mini Overture", "artist": "Witold Lutos\u0142awski", "popularity": 9, "danceability": 0.561, "energy": 0.156, "key": 0, "loudness": -17.782, "mode": 1, "speechiness": 0.0531, "acousticness": 0.991, "instrumentalness": 0.897, "liveness": 0.0792, "valence": 0.114, "tempo": 132.473, "duration_ms": 192427, "time_signature": 4}, {"uri": "spotify:track:4QvgOI0c6SUoJg1ygKdX69", "name": "4 Outings: II. Blues tempo", "artist": "Andr\u00e9 Previn", "popularity": 9, "danceability": 0.266, "energy": 0.00549, "key": 10, "loudness": -25.881, "mode": 1, "speechiness": 0.0335, "acousticness": 0.967, "instrumentalness": 0.912, "liveness": 0.106, "valence": 0.0383, "tempo": 70.074, "duration_ms": 290160, "time_signature": 4}, {"uri": "spotify:track:4ade8N1IfKGmqx9ripCKO3", "name": "3 Figures - Tryptych", "artist": "Herbert Howells", "popularity": 8, "danceability": 0.319, "energy": 0.0494, "key": 8, "loudness": -19.951, "mode": 1, "speechiness": 0.0456, "acousticness": 0.981, "instrumentalness": 0.936, "liveness": 0.0811, "valence": 0.103, "tempo": 121.292, "duration_ms": 773040, "time_signature": 4}]