[{"uri": "spotify:track:6TqYadgz6qObDRYkcQe21L", "name": "Copal", "artist": "Oliver Koletzki", "popularity": 50, "danceability": 0.739, "energy": 0.646, "key": 1, "loudness": -10.847, "mode": 1, "speechiness": 0.0497, "acousticness": 0.00502, "instrumentalness": 0.83, "liveness": 0.108, "valence": 0.0739, "tempo": 108.014, "duration_ms": 364544, "time_signature": 4}, {"uri": "spotify:track:4HFO4JUkrkqNIKh4kwgQpR", "name": "Before the Storm", "artist": "Santi & Tu\u011f\u00e7e", "popularity": 45, "danceability": 0.906, "energy": 0.561, "key": 2, "loudness": -10.921, "mode": 1, "speechiness": 0.0639, "acousticness": 0.182, "instrumentalness": 0.887, "liveness": 0.109, "valence": 0.0374, "tempo": 110.027, "duration_ms": 445211, "time_signature": 4}, {"uri": "spotify:track:4xFCGg8grxbA3pGYrX1Mcp", "name": "Sumeru", "artist": "islandman", "popularity": 0, "danceability": 0.674, "energy": 0.514, "key": 2, "loudness": -9.755, "mode": 1, "speechiness": 0.0434, "acousticness": 0.849, "instrumentalness": 0.829, "liveness": 0.0588, "valence": 0.571, "tempo": 93.002, "duration_ms": 297918, "time_signature": 4}, {"uri": "spotify:track:5cPkKWedtNGlXW4sUdAgvz", "name": "Feather - Iorie & Madmotormiquel Remix", "artist": "Nhii", "popularity": 46, "danceability": 0.86, "energy": 0.512, "key": 6, "loudness": -9.277, "mode": 1, "speechiness": 0.0525, "acousticness": 0.0917, "instrumentalness": 0.889, "liveness": 0.0919, "valence": 0.237, "tempo": 114.002, "duration_ms": 427103, "time_signature": 4}, {"uri": "spotify:track:5MW3qryOqGjk2TBtZNloIK", "name": "Twilight - Xique-Xique Nightflow Rework", "artist": "Noema", "popularity": 35, "danceability": 0.669, "energy": 0.612, "key": 10, "loudness": -12.004, "mode": 0, "speechiness": 0.11, "acousticness": 0.577, "instrumentalness": 0.884, "liveness": 0.107, "valence": 0.722, "tempo": 197.879, "duration_ms": 429760, "time_signature": 4}, {"uri": "spotify:track:6bexT12e03xTtGzBgNe0dE", "name": "Kidz of Tibet", "artist": "Kleintierschaukel", "popularity": 49, "danceability": 0.781, "energy": 0.49, "key": 4, "loudness": -9.881, "mode": 0, "speechiness": 0.0305, "acousticness": 0.0908, "instrumentalness": 0.746, "liveness": 0.108, "valence": 0.396, "tempo": 108.998, "duration_ms": 362411, "time_signature": 4}, {"uri": "spotify:track:69NmsHtvnzA6sMu1bEAFcA", "name": "Bananat", "artist": "Akkan", "popularity": 39, "danceability": 0.68, "energy": 0.872, "key": 7, "loudness": -5.126, "mode": 1, "speechiness": 0.0405, "acousticness": 0.0738, "instrumentalness": 0.539, "liveness": 0.11, "valence": 0.438, "tempo": 107.999, "duration_ms": 270993, "time_signature": 4}, {"uri": "spotify:track:5MUhD2L9BTIaX9xkMqSnVr", "name": "Mori Shej", "artist": "Satori", "popularity": 49, "danceability": 0.66, "energy": 0.58, "key": 7, "loudness": -9.455, "mode": 1, "speechiness": 0.0337, "acousticness": 0.279, "instrumentalness": 0.764, "liveness": 0.106, "valence": 0.0435, "tempo": 118.022, "duration_ms": 274262, "time_signature": 4}, {"uri": "spotify:track:2lAZJjUyFklZXQK5vDjzbp", "name": "Alongside - Omeria & NU Edit", "artist": "Nu", "popularity": 47, "danceability": 0.797, "energy": 0.493, "key": 10, "loudness": -13.174, "mode": 0, "speechiness": 0.0761, "acousticness": 0.29, "instrumentalness": 0.899, "liveness": 0.0979, "valence": 0.144, "tempo": 108.973, "duration_ms": 410000, "time_signature": 4}, {"uri": "spotify:track:5yNkX0lW8C2ccVN3Q1xRm9", "name": "Caminata", "artist": "Montezuma", "popularity": 43, "danceability": 0.69, "energy": 0.675, "key": 7, "loudness": -8.967, "mode": 0, "speechiness": 0.0332, "acousticness": 0.319, "instrumentalness": 0.854, "liveness": 0.744, "valence": 0.0739, "tempo": 123.009, "duration_ms": 416267, "time_signature": 4}, {"uri": "spotify:track:386PnZfbszq42M8GprZnVt", "name": "Whistleman", "artist": "Bedouin", "popularity": 51, "danceability": 0.813, "energy": 0.749, "key": 1, "loudness": -12.281, "mode": 1, "speechiness": 0.0615, "acousticness": 0.00118, "instrumentalness": 0.898, "liveness": 0.0676, "valence": 0.264, "tempo": 115.004, "duration_ms": 479920, "time_signature": 4}, {"uri": "spotify:track:35ghbtx6xt8cSCvJXwUkLF", "name": "Respira - San Miguel Remix", "artist": "Santi & Tu\u011f\u00e7e", "popularity": 49, "danceability": 0.885, "energy": 0.545, "key": 0, "loudness": -11.14, "mode": 1, "speechiness": 0.0729, "acousticness": 0.487, "instrumentalness": 0.459, "liveness": 0.0991, "valence": 0.0719, "tempo": 100.014, "duration_ms": 538040, "time_signature": 4}, {"uri": "spotify:track:017gRJ8IE2WZHWkt3S3XFo", "name": "Childhood", "artist": "KIDS\u00d8", "popularity": 44, "danceability": 0.694, "energy": 0.552, "key": 9, "loudness": -8.73, "mode": 0, "speechiness": 0.0367, "acousticness": 0.376, "instrumentalness": 0.812, "liveness": 0.907, "valence": 0.323, "tempo": 121.983, "duration_ms": 242146, "time_signature": 4}, {"uri": "spotify:track:3jCB8uRUxUjownKn5xaQzE", "name": "Neunivai - Original Mix", "artist": "Volen Sentir", "popularity": 45, "danceability": 0.683, "energy": 0.893, "key": 5, "loudness": -6.804, "mode": 1, "speechiness": 0.0468, "acousticness": 0.00585, "instrumentalness": 0.887, "liveness": 0.114, "valence": 0.329, "tempo": 122.022, "duration_ms": 261639, "time_signature": 4}, {"uri": "spotify:track:6ZD6KxJrALrxyx0E01Rkgf", "name": "Nterini - Sparrow & Barbossa Remix", "artist": "Fatoumata Diawara", "popularity": 44, "danceability": 0.793, "energy": 0.9, "key": 1, "loudness": -7.839, "mode": 0, "speechiness": 0.0537, "acousticness": 0.0088, "instrumentalness": 0.733, "liveness": 0.123, "valence": 0.467, "tempo": 123.003, "duration_ms": 363765, "time_signature": 4}, {"uri": "spotify:track:0pivFXWc9scNbb0HChzrRq", "name": "Mencitaimu", "artist": "Yulia Niko", "popularity": 41, "danceability": 0.765, "energy": 0.84, "key": 7, "loudness": -7.506, "mode": 1, "speechiness": 0.048, "acousticness": 1.61e-05, "instrumentalness": 0.796, "liveness": 0.1, "valence": 0.0599, "tempo": 121.995, "duration_ms": 488187, "time_signature": 4}, {"uri": "spotify:track:4blmNPKr7Nkfaj6GDAKU5P", "name": "Graceland", "artist": "Till Von Sein", "popularity": 41, "danceability": 0.786, "energy": 0.609, "key": 0, "loudness": -16.771, "mode": 1, "speechiness": 0.0466, "acousticness": 0.22, "instrumentalness": 0.9, "liveness": 0.0999, "valence": 0.379, "tempo": 117.983, "duration_ms": 405213, "time_signature": 4}, {"uri": "spotify:track:0HcuetqlzCA2yDfhKuWrxz", "name": "The Oracle", "artist": "Mollono.Bass", "popularity": 48, "danceability": 0.746, "energy": 0.55, "key": 4, "loudness": -10.943, "mode": 0, "speechiness": 0.0474, "acousticness": 0.000741, "instrumentalness": 0.889, "liveness": 0.0904, "valence": 0.532, "tempo": 120.006, "duration_ms": 282520, "time_signature": 4}, {"uri": "spotify:track:4sAXWtXJa4XO3oFt9Bhrk0", "name": "Eliso Lyamu Katata", "artist": "Pablo Nouvelle", "popularity": 41, "danceability": 0.854, "energy": 0.62, "key": 10, "loudness": -7.733, "mode": 0, "speechiness": 0.203, "acousticness": 0.0991, "instrumentalness": 0.564, "liveness": 0.214, "valence": 0.661, "tempo": 105.082, "duration_ms": 176839, "time_signature": 4}, {"uri": "spotify:track:4L7g38G0N4RWSdaciFkTdQ", "name": "Caminando de Noche", "artist": "Niko Schwind", "popularity": 39, "danceability": 0.805, "energy": 0.444, "key": 9, "loudness": -10.148, "mode": 0, "speechiness": 0.0488, "acousticness": 0.125, "instrumentalness": 0.886, "liveness": 0.0875, "valence": 0.334, "tempo": 118.011, "duration_ms": 464237, "time_signature": 4}, {"uri": "spotify:track:1shr9FbwrECsQ3i9hJtz5y", "name": "Amazon", "artist": "Beyhude", "popularity": 46, "danceability": 0.718, "energy": 0.637, "key": 7, "loudness": -8.473, "mode": 1, "speechiness": 0.0714, "acousticness": 0.121, "instrumentalness": 0.919, "liveness": 0.102, "valence": 0.129, "tempo": 180.022, "duration_ms": 544183, "time_signature": 4}, {"uri": "spotify:track:5lWVqc9kPplvlDmLtFls02", "name": "When The Interlude Sounds Like Falling Rain", "artist": "Nandu", "popularity": 40, "danceability": 0.811, "energy": 0.65, "key": 5, "loudness": -11.214, "mode": 0, "speechiness": 0.068, "acousticness": 0.364, "instrumentalness": 0.923, "liveness": 0.108, "valence": 0.713, "tempo": 106.017, "duration_ms": 300669, "time_signature": 4}, {"uri": "spotify:track:7BG0uaqYbhpq4ZjYDURkf6", "name": "Calido", "artist": "Rey&Kjavik", "popularity": 30, "danceability": 0.857, "energy": 0.461, "key": 1, "loudness": -10.912, "mode": 1, "speechiness": 0.0712, "acousticness": 0.0816, "instrumentalness": 0.601, "liveness": 0.205, "valence": 0.286, "tempo": 117.983, "duration_ms": 353586, "time_signature": 4}, {"uri": "spotify:track:6WVvJAAzcrcYJhimrjqEIh", "name": "State the Obvious", "artist": "Be Svendsen", "popularity": 42, "danceability": 0.808, "energy": 0.775, "key": 7, "loudness": -9.595, "mode": 1, "speechiness": 0.0433, "acousticness": 0.0272, "instrumentalness": 0.86, "liveness": 0.117, "valence": 0.0451, "tempo": 116.011, "duration_ms": 469336, "time_signature": 4}, {"uri": "spotify:track:7qAQDREJCagJ3f8WD2tWkZ", "name": "Trailblazer", "artist": "Omeria", "popularity": 40, "danceability": 0.799, "energy": 0.646, "key": 6, "loudness": -8.588, "mode": 1, "speechiness": 0.0475, "acousticness": 0.055, "instrumentalness": 0.866, "liveness": 0.137, "valence": 0.236, "tempo": 115.002, "duration_ms": 376174, "time_signature": 4}, {"uri": "spotify:track:4oxWMQjQLpDZ3UOS0km3JB", "name": "Kite Zo A", "artist": "Lakou Mizik", "popularity": 40, "danceability": 0.658, "energy": 0.662, "key": 2, "loudness": -9.836, "mode": 1, "speechiness": 0.0333, "acousticness": 0.242, "instrumentalness": 0.00954, "liveness": 0.156, "valence": 0.148, "tempo": 125.015, "duration_ms": 354043, "time_signature": 4}, {"uri": "spotify:track:6Dtmck4yTQkCEjnOhKfOBh", "name": "Rio Secreto", "artist": "BLOND:ISH", "popularity": 43, "danceability": 0.689, "energy": 0.739, "key": 7, "loudness": -8.91, "mode": 1, "speechiness": 0.0414, "acousticness": 0.00168, "instrumentalness": 0.842, "liveness": 0.111, "valence": 0.335, "tempo": 119.0, "duration_ms": 374828, "time_signature": 4}, {"uri": "spotify:track:73dICB4SbDjpD4ShzTyLM1", "name": "Voodoo Guitar - Timboletti Remix", "artist": "Dan Bay", "popularity": 41, "danceability": 0.697, "energy": 0.641, "key": 4, "loudness": -11.631, "mode": 0, "speechiness": 0.0524, "acousticness": 0.272, "instrumentalness": 0.867, "liveness": 0.0953, "valence": 0.369, "tempo": 109.999, "duration_ms": 637456, "time_signature": 4}, {"uri": "spotify:track:7sOQGEBjsGKjlocniTTWR4", "name": "5 Dollar Shake", "artist": "Dandara", "popularity": 33, "danceability": 0.839, "energy": 0.516, "key": 8, "loudness": -10.069, "mode": 0, "speechiness": 0.137, "acousticness": 0.0423, "instrumentalness": 0.912, "liveness": 0.0789, "valence": 0.313, "tempo": 108.993, "duration_ms": 469072, "time_signature": 4}, {"uri": "spotify:track:20qCEmcOcBQC7DS2T70Pz4", "name": "Aruna Chandra", "artist": "Mashti", "popularity": 46, "danceability": 0.771, "energy": 0.652, "key": 2, "loudness": -11.477, "mode": 1, "speechiness": 0.0388, "acousticness": 0.00491, "instrumentalness": 0.756, "liveness": 0.107, "valence": 0.21, "tempo": 100.001, "duration_ms": 538000, "time_signature": 4}, {"uri": "spotify:track:6RoewzonORYsuQGYuCXW27", "name": "Mantra", "artist": "Monkey Safari", "popularity": 49, "danceability": 0.808, "energy": 0.767, "key": 11, "loudness": -8.798, "mode": 1, "speechiness": 0.128, "acousticness": 0.000546, "instrumentalness": 0.82, "liveness": 0.101, "valence": 0.705, "tempo": 125.996, "duration_ms": 465976, "time_signature": 4}, {"uri": "spotify:track:1FcjPH0eyBwrCV4JVjizQV", "name": "Mahe - Original Mix", "artist": "Fulltone", "popularity": 0, "danceability": 0.794, "energy": 0.812, "key": 10, "loudness": -7.955, "mode": 0, "speechiness": 0.0948, "acousticness": 0.026, "instrumentalness": 0.86, "liveness": 0.132, "valence": 0.333, "tempo": 118.013, "duration_ms": 406780, "time_signature": 4}, {"uri": "spotify:track:0kkl54s2QMnS0xb91HmyDT", "name": "Oloro Nyager", "artist": "Djuma Soundsystem", "popularity": 45, "danceability": 0.741, "energy": 0.709, "key": 11, "loudness": -11.157, "mode": 0, "speechiness": 0.0619, "acousticness": 0.0106, "instrumentalness": 0.68, "liveness": 0.0716, "valence": 0.218, "tempo": 121.978, "duration_ms": 410731, "time_signature": 4}, {"uri": "spotify:track:4smPVWbEXf5aq92BcNevXu", "name": "Izivunguvungu - Chlo\u00e9 Remix", "artist": "Urban Village", "popularity": 42, "danceability": 0.706, "energy": 0.482, "key": 0, "loudness": -10.112, "mode": 1, "speechiness": 0.0473, "acousticness": 0.0598, "instrumentalness": 0.811, "liveness": 0.116, "valence": 0.408, "tempo": 120.025, "duration_ms": 384331, "time_signature": 4}, {"uri": "spotify:track:2bq3BcwuIjsvS18KXgqzZV", "name": "Pastorcita", "artist": "Marco Tegui", "popularity": 37, "danceability": 0.751, "energy": 0.707, "key": 1, "loudness": -8.038, "mode": 1, "speechiness": 0.0929, "acousticness": 0.0189, "instrumentalness": 0.716, "liveness": 0.107, "valence": 0.629, "tempo": 191.995, "duration_ms": 383776, "time_signature": 4}, {"uri": "spotify:track:6CVzxgkKa7TEBsnj9TgVoL", "name": "Experiencing a Significant Gravitas Shortfall - TACHES Remix", "artist": "Commoner", "popularity": 35, "danceability": 0.82, "energy": 0.777, "key": 5, "loudness": -11.629, "mode": 1, "speechiness": 0.0488, "acousticness": 0.0255, "instrumentalness": 0.704, "liveness": 0.075, "valence": 0.0709, "tempo": 120.003, "duration_ms": 292000, "time_signature": 4}, {"uri": "spotify:track:1hUrzM2slGJzaKv8P96yVm", "name": "No Return, No Escape - Mistake Mix", "artist": "UNDERHER", "popularity": 39, "danceability": 0.708, "energy": 0.396, "key": 7, "loudness": -15.422, "mode": 1, "speechiness": 0.0481, "acousticness": 0.0586, "instrumentalness": 0.511, "liveness": 0.0987, "valence": 0.166, "tempo": 96.007, "duration_ms": 501392, "time_signature": 4}, {"uri": "spotify:track:4e9UIKY0dESrEdVGlxeVRW", "name": "As Time Goes By", "artist": "Zuma Dionys", "popularity": 48, "danceability": 0.832, "energy": 0.599, "key": 2, "loudness": -11.718, "mode": 1, "speechiness": 0.0695, "acousticness": 0.0906, "instrumentalness": 0.809, "liveness": 0.0408, "valence": 0.465, "tempo": 101.996, "duration_ms": 469000, "time_signature": 4}, {"uri": "spotify:track:1ljBBK6uIhjuxmL7etHP39", "name": "Oriental Tales", "artist": "Rapossa", "popularity": 49, "danceability": 0.751, "energy": 0.598, "key": 2, "loudness": -7.636, "mode": 1, "speechiness": 0.0412, "acousticness": 0.000476, "instrumentalness": 0.831, "liveness": 0.0616, "valence": 0.176, "tempo": 99.991, "duration_ms": 503400, "time_signature": 4}, {"uri": "spotify:track:3yL7kzJIDk6wkoAVBh0wxH", "name": "Ostium", "artist": "Dandara", "popularity": 37, "danceability": 0.657, "energy": 0.782, "key": 9, "loudness": -9.724, "mode": 0, "speechiness": 0.0325, "acousticness": 0.0503, "instrumentalness": 0.926, "liveness": 0.0451, "valence": 0.513, "tempo": 109.987, "duration_ms": 408000, "time_signature": 4}, {"uri": "spotify:track:6G4JWB0ddvIa5NyXDS8EjU", "name": "Monday Prayers", "artist": "Y\u00f6urr", "popularity": 40, "danceability": 0.794, "energy": 0.716, "key": 10, "loudness": -10.836, "mode": 0, "speechiness": 0.0487, "acousticness": 0.149, "instrumentalness": 0.736, "liveness": 0.0764, "valence": 0.352, "tempo": 120.008, "duration_ms": 400513, "time_signature": 4}, {"uri": "spotify:track:5MfAEVAD5xWUeHcwuoD79D", "name": "Euphoria", "artist": "Kellerkind", "popularity": 36, "danceability": 0.809, "energy": 0.808, "key": 8, "loudness": -7.325, "mode": 1, "speechiness": 0.0547, "acousticness": 8.93e-05, "instrumentalness": 0.901, "liveness": 0.043, "valence": 0.274, "tempo": 121.986, "duration_ms": 444699, "time_signature": 4}, {"uri": "spotify:track:5G2pbqhXrpVbGOYoWaz04J", "name": "Maasai - Doctor Flake Remix", "artist": "Kutiman", "popularity": 45, "danceability": 0.648, "energy": 0.874, "key": 6, "loudness": -5.851, "mode": 0, "speechiness": 0.0342, "acousticness": 0.0104, "instrumentalness": 0.932, "liveness": 0.107, "valence": 0.339, "tempo": 101.994, "duration_ms": 470838, "time_signature": 4}, {"uri": "spotify:track:6G6ScMNc9FBe9zUI0eaEW8", "name": "Showdown", "artist": "Victor Norman", "popularity": 0, "danceability": 0.824, "energy": 0.46, "key": 7, "loudness": -10.435, "mode": 1, "speechiness": 0.0677, "acousticness": 0.287, "instrumentalness": 0.859, "liveness": 0.11, "valence": 0.444, "tempo": 115.006, "duration_ms": 468767, "time_signature": 4}, {"uri": "spotify:track:3YJIq3N5IQy1hhkmUnt2NM", "name": "Between Dreams and Reality - Niko Schwind Remix", "artist": "Stereo Express", "popularity": 44, "danceability": 0.715, "energy": 0.707, "key": 11, "loudness": -8.286, "mode": 1, "speechiness": 0.038, "acousticness": 0.00479, "instrumentalness": 0.836, "liveness": 0.094, "valence": 0.143, "tempo": 110.01, "duration_ms": 528410, "time_signature": 4}, {"uri": "spotify:track:79HMJ5AO1qCA4JLZAsrM5j", "name": "Mirage", "artist": "Sam Shure", "popularity": 41, "danceability": 0.755, "energy": 0.643, "key": 1, "loudness": -8.384, "mode": 1, "speechiness": 0.0585, "acousticness": 0.024, "instrumentalness": 0.851, "liveness": 0.087, "valence": 0.342, "tempo": 119.014, "duration_ms": 388478, "time_signature": 4}, {"uri": "spotify:track:5AzouEvFfanX3ldNVHSv82", "name": "Seymour", "artist": "Omeria", "popularity": 0, "danceability": 0.84, "energy": 0.489, "key": 5, "loudness": -12.721, "mode": 1, "speechiness": 0.0415, "acousticness": 0.204, "instrumentalness": 0.809, "liveness": 0.0984, "valence": 0.715, "tempo": 118.02, "duration_ms": 327750, "time_signature": 4}, {"uri": "spotify:track:1Xs3LqFit5BSZPrGyxJBYw", "name": "Forlorn Hope", "artist": "Oceanvs Orientalis", "popularity": 44, "danceability": 0.757, "energy": 0.779, "key": 2, "loudness": -10.27, "mode": 1, "speechiness": 0.0374, "acousticness": 0.0265, "instrumentalness": 0.773, "liveness": 0.186, "valence": 0.142, "tempo": 109.993, "duration_ms": 520043, "time_signature": 4}, {"uri": "spotify:track:3Lg0Kn4AXZCRRYclJWh9ce", "name": "Mazbata", "artist": "TUTAN", "popularity": 41, "danceability": 0.797, "energy": 0.718, "key": 7, "loudness": -9.282, "mode": 1, "speechiness": 0.0575, "acousticness": 0.0115, "instrumentalness": 0.892, "liveness": 0.0747, "valence": 0.54, "tempo": 108.003, "duration_ms": 366886, "time_signature": 4}, {"uri": "spotify:track:0vUB2nn0o2el8Q5Z2Bdf55", "name": "Dimitro", "artist": "islandman", "popularity": 0, "danceability": 0.639, "energy": 0.641, "key": 4, "loudness": -8.116, "mode": 0, "speechiness": 0.06, "acousticness": 0.521, "instrumentalness": 0.389, "liveness": 0.0901, "valence": 0.818, "tempo": 160.004, "duration_ms": 278569, "time_signature": 4}, {"uri": "spotify:track:7DlIf50uAWVSsf6X8nZ9L8", "name": "Fuji", "artist": "Geju", "popularity": 43, "danceability": 0.784, "energy": 0.339, "key": 7, "loudness": -15.744, "mode": 1, "speechiness": 0.0408, "acousticness": 0.0468, "instrumentalness": 0.892, "liveness": 0.0983, "valence": 0.124, "tempo": 101.993, "duration_ms": 417588, "time_signature": 4}, {"uri": "spotify:track:1RiRfhBguCU7nmxkdK1cdW", "name": "Marimba", "artist": "Kermesse", "popularity": 48, "danceability": 0.779, "energy": 0.619, "key": 5, "loudness": -8.251, "mode": 0, "speechiness": 0.0987, "acousticness": 0.455, "instrumentalness": 0.788, "liveness": 0.292, "valence": 0.635, "tempo": 105.981, "duration_ms": 359808, "time_signature": 4}, {"uri": "spotify:track:6Bg9rnY8OXQZOG79lCveyu", "name": "Milambi", "artist": "Pablo Nouvelle", "popularity": 47, "danceability": 0.699, "energy": 0.487, "key": 8, "loudness": -9.33, "mode": 1, "speechiness": 0.194, "acousticness": 0.295, "instrumentalness": 0.000903, "liveness": 0.232, "valence": 0.426, "tempo": 122.062, "duration_ms": 193279, "time_signature": 3}, {"uri": "spotify:track:636ieo1frTLl9XvQwalG1o", "name": "Anatolia", "artist": "Thylacine", "popularity": 53, "danceability": 0.795, "energy": 0.645, "key": 1, "loudness": -11.672, "mode": 1, "speechiness": 0.0675, "acousticness": 0.152, "instrumentalness": 0.831, "liveness": 0.108, "valence": 0.149, "tempo": 120.009, "duration_ms": 309847, "time_signature": 4}, {"uri": "spotify:track:3T1kFqevhSk1AvF72lf3VL", "name": "Lenny in the Sea with Dolphins", "artist": "Oliver Koletzki", "popularity": 46, "danceability": 0.761, "energy": 0.56, "key": 6, "loudness": -9.649, "mode": 1, "speechiness": 0.041, "acousticness": 0.0203, "instrumentalness": 0.816, "liveness": 0.0785, "valence": 0.343, "tempo": 110.004, "duration_ms": 331115, "time_signature": 4}, {"uri": "spotify:track:3HIyzleWbghroY372GMajL", "name": "Mesta", "artist": "Oceanvs Orientalis", "popularity": 44, "danceability": 0.711, "energy": 0.634, "key": 6, "loudness": -11.368, "mode": 0, "speechiness": 0.0348, "acousticness": 0.395, "instrumentalness": 0.881, "liveness": 0.182, "valence": 0.297, "tempo": 107.017, "duration_ms": 371107, "time_signature": 4}, {"uri": "spotify:track:0GUtJVzvD7WJ7THGzqOkTG", "name": "Khidr + Ilyas - Dub", "artist": "Mehmet Aslan", "popularity": 0, "danceability": 0.764, "energy": 0.533, "key": 1, "loudness": -11.005, "mode": 1, "speechiness": 0.0519, "acousticness": 0.0393, "instrumentalness": 0.609, "liveness": 0.113, "valence": 0.273, "tempo": 105.977, "duration_ms": 375293, "time_signature": 4}, {"uri": "spotify:track:06uE6yOg0nc1HFTJWOhFYJ", "name": "Man Dies Alone - Short Version", "artist": "Depart", "popularity": 44, "danceability": 0.866, "energy": 0.477, "key": 6, "loudness": -8.697, "mode": 1, "speechiness": 0.0885, "acousticness": 0.0539, "instrumentalness": 0.866, "liveness": 0.142, "valence": 0.301, "tempo": 104.986, "duration_ms": 279000, "time_signature": 4}, {"uri": "spotify:track:0SAjLXaOeCjGYJPFJmkJ6q", "name": "Recollection - Zigan Aldi Remix", "artist": "Literatura", "popularity": 39, "danceability": 0.774, "energy": 0.559, "key": 4, "loudness": -10.205, "mode": 0, "speechiness": 0.0359, "acousticness": 0.0413, "instrumentalness": 0.882, "liveness": 0.0996, "valence": 0.183, "tempo": 116.006, "duration_ms": 551752, "time_signature": 4}, {"uri": "spotify:track:2IiYV4muGj5HVGPRASTRpJ", "name": "Osuga", "artist": "Djuma Soundsystem", "popularity": 42, "danceability": 0.762, "energy": 0.62, "key": 8, "loudness": -9.125, "mode": 0, "speechiness": 0.0656, "acousticness": 0.0832, "instrumentalness": 0.892, "liveness": 0.108, "valence": 0.189, "tempo": 119.997, "duration_ms": 544250, "time_signature": 4}]