[{"uri": "spotify:track:0jHVNBt8A9L8qEAB8XxGuB", "name": "Alone With You", "artist": "Alina Baraz", "popularity": 66, "danceability": 0.567, "energy": 0.348, "key": 10, "loudness": -12.658, "mode": 1, "speechiness": 0.0667, "acousticness": 0.767, "instrumentalness": 0.0145, "liveness": 0.114, "valence": 0.305, "tempo": 124.692, "duration_ms": 226278, "time_signature": 3}, {"uri": "spotify:track:1DRvHjFX73BH9hLUF7NgOF", "name": "R\u00e9sum\u00e9", "artist": "Jenevieve", "popularity": 17, "danceability": 0.82, "energy": 0.447, "key": 0, "loudness": -7.686, "mode": 1, "speechiness": 0.085, "acousticness": 0.277, "instrumentalness": 4.1e-05, "liveness": 0.0583, "valence": 0.661, "tempo": 149.98, "duration_ms": 180357, "time_signature": 4}, {"uri": "spotify:track:1FlH4OcYNclGCb2nIvKmld", "name": "Your Guilty Pleasure", "artist": "Henry Verus", "popularity": 42, "danceability": 0.513, "energy": 0.0999, "key": 9, "loudness": -18.501, "mode": 0, "speechiness": 0.169, "acousticness": 0.888, "instrumentalness": 0.0977, "liveness": 0.118, "valence": 0.269, "tempo": 142.674, "duration_ms": 174102, "time_signature": 3}, {"uri": "spotify:track:3xRH6FPVtheDyNla3T1FE7", "name": "Hrs and Hrs", "artist": "Muni Long", "popularity": 77, "danceability": 0.511, "energy": 0.525, "key": 8, "loudness": -4.595, "mode": 0, "speechiness": 0.183, "acousticness": 0.604, "instrumentalness": 0, "liveness": 0.111, "valence": 0.661, "tempo": 139.885, "duration_ms": 204317, "time_signature": 3}, {"uri": "spotify:track:0DxUIAw4ZlsOOo2KPFU3Hf", "name": "Sunny & 62", "artist": "Mac Ayres", "popularity": 50, "danceability": 0.331, "energy": 0.476, "key": 3, "loudness": -9.151, "mode": 0, "speechiness": 0.0569, "acousticness": 0.851, "instrumentalness": 0.00394, "liveness": 0.382, "valence": 0.193, "tempo": 81.693, "duration_ms": 261024, "time_signature": 4}, {"uri": "spotify:track:60lNUvQVzMnORIJvDEZG8Z", "name": "TOO SWEET (feat. Unknown Mortal Orchestra)", "artist": "India Shawn", "popularity": 43, "danceability": 0.697, "energy": 0.675, "key": 10, "loudness": -6.261, "mode": 0, "speechiness": 0.0607, "acousticness": 0.109, "instrumentalness": 8.05e-05, "liveness": 0.147, "valence": 0.674, "tempo": 119.793, "duration_ms": 226065, "time_signature": 4}, {"uri": "spotify:track:0CawrCDxkBgaR2ImcpQYMm", "name": "So Good", "artist": "OAFF", "popularity": 44, "danceability": 0.767, "energy": 0.431, "key": 8, "loudness": -12.553, "mode": 0, "speechiness": 0.0754, "acousticness": 0.436, "instrumentalness": 0.0247, "liveness": 0.0812, "valence": 0.473, "tempo": 149.936, "duration_ms": 179085, "time_signature": 4}, {"uri": "spotify:track:0J7HbHY6yqBtHHd44ofbxb", "name": "Are You in Love?", "artist": "Kyle Lux", "popularity": 0, "danceability": 0.572, "energy": 0.442, "key": 9, "loudness": -8.015, "mode": 0, "speechiness": 0.0641, "acousticness": 0.273, "instrumentalness": 2.26e-06, "liveness": 0.0901, "valence": 0.203, "tempo": 176.852, "duration_ms": 246177, "time_signature": 3}, {"uri": "spotify:track:0clFAwVWulBUHBLZbNVu7d", "name": "Always Maybe", "artist": "Isabella", "popularity": 39, "danceability": 0.4, "energy": 0.403, "key": 11, "loudness": -10.945, "mode": 0, "speechiness": 0.0485, "acousticness": 0.65, "instrumentalness": 0, "liveness": 0.149, "valence": 0.223, "tempo": 99.116, "duration_ms": 249600, "time_signature": 4}, {"uri": "spotify:track:5CadVyJeeehuMNhESZxvvM", "name": "Heaven", "artist": "Amaal", "popularity": 45, "danceability": 0.59, "energy": 0.353, "key": 6, "loudness": -10.772, "mode": 0, "speechiness": 0.41, "acousticness": 0.201, "instrumentalness": 0, "liveness": 0.105, "valence": 0.355, "tempo": 59.284, "duration_ms": 183587, "time_signature": 3}, {"uri": "spotify:track:6iP5RyT5UYri2lBXF5HXPv", "name": "Scatterbrain", "artist": "DLG.", "popularity": 46, "danceability": 0.856, "energy": 0.321, "key": 9, "loudness": -12.063, "mode": 0, "speechiness": 0.124, "acousticness": 0.0237, "instrumentalness": 0.0248, "liveness": 0.113, "valence": 0.403, "tempo": 110.039, "duration_ms": 228545, "time_signature": 4}, {"uri": "spotify:track:7AhEDoVzlBZT3nFxzoGqwX", "name": "Solid", "artist": "Savannah R\u00e9", "popularity": 45, "danceability": 0.639, "energy": 0.5, "key": 5, "loudness": -6.04, "mode": 0, "speechiness": 0.0313, "acousticness": 0.175, "instrumentalness": 5.47e-06, "liveness": 0.0937, "valence": 0.362, "tempo": 60.0, "duration_ms": 219516, "time_signature": 4}, {"uri": "spotify:track:2uNaZDWpXOuB9r5Wi5wTzk", "name": "Jelly", "artist": "Phabo", "popularity": 47, "danceability": 0.857, "energy": 0.49, "key": 6, "loudness": -8.525, "mode": 0, "speechiness": 0.123, "acousticness": 0.196, "instrumentalness": 0, "liveness": 0.172, "valence": 0.486, "tempo": 108.712, "duration_ms": 169956, "time_signature": 4}, {"uri": "spotify:track:12ZIJvwUlRiu8KXomPkihd", "name": "Love song", "artist": "Mar\u00eda Isabel", "popularity": 46, "danceability": 0.544, "energy": 0.373, "key": 11, "loudness": -12.172, "mode": 0, "speechiness": 0.0885, "acousticness": 0.877, "instrumentalness": 0.00107, "liveness": 0.0984, "valence": 0.329, "tempo": 136.741, "duration_ms": 207880, "time_signature": 3}, {"uri": "spotify:track:58VNpcJpI5dEKxYByCkbXc", "name": "Miss Summer", "artist": "ODIE", "popularity": 70, "danceability": 0.589, "energy": 0.527, "key": 0, "loudness": -9.962, "mode": 1, "speechiness": 0.0342, "acousticness": 0.599, "instrumentalness": 0.000111, "liveness": 0.0853, "valence": 0.132, "tempo": 133.981, "duration_ms": 162377, "time_signature": 4}, {"uri": "spotify:track:3SMd9iGyHF47xNZw3SXFPE", "name": "Black Woman", "artist": "Emanuel", "popularity": 43, "danceability": 0.384, "energy": 0.149, "key": 9, "loudness": -11.051, "mode": 0, "speechiness": 0.0304, "acousticness": 0.952, "instrumentalness": 2.06e-06, "liveness": 0.115, "valence": 0.219, "tempo": 141.192, "duration_ms": 238243, "time_signature": 4}, {"uri": "spotify:track:4lSbrjFmZNMIjXZzosSCHI", "name": "Honey", "artist": "Amaal", "popularity": 42, "danceability": 0.878, "energy": 0.434, "key": 6, "loudness": -6.005, "mode": 1, "speechiness": 0.0838, "acousticness": 0.0295, "instrumentalness": 0.000734, "liveness": 0.069, "valence": 0.594, "tempo": 92.951, "duration_ms": 201533, "time_signature": 4}, {"uri": "spotify:track:6SHuwpzmG1QRujJggCOiOP", "name": "Lucky", "artist": "Njomza", "popularity": 49, "danceability": 0.5, "energy": 0.221, "key": 4, "loudness": -10.746, "mode": 1, "speechiness": 0.048, "acousticness": 0.925, "instrumentalness": 4.74e-05, "liveness": 0.1, "valence": 0.194, "tempo": 79.699, "duration_ms": 202240, "time_signature": 4}, {"uri": "spotify:track:3LcFNj04sHJson5SIrRPAe", "name": "single af", "artist": "Foushe\u00e9", "popularity": 55, "danceability": 0.67, "energy": 0.511, "key": 0, "loudness": -7.244, "mode": 1, "speechiness": 0.0609, "acousticness": 0.646, "instrumentalness": 3.47e-05, "liveness": 0.316, "valence": 0.44, "tempo": 124.896, "duration_ms": 186240, "time_signature": 3}, {"uri": "spotify:track:2ialELOk7yrM8Nfo87sifD", "name": "Invisible", "artist": "Yuna", "popularity": 0, "danceability": 0.69, "energy": 0.347, "key": 7, "loudness": -7.645, "mode": 1, "speechiness": 0.0513, "acousticness": 0.516, "instrumentalness": 0.00113, "liveness": 0.0995, "valence": 0.106, "tempo": 147.91, "duration_ms": 228649, "time_signature": 4}, {"uri": "spotify:track:04PuCEpDuWlGdBznrcK7uy", "name": "Know My Place", "artist": "N\u00e1poles", "popularity": 45, "danceability": 0.817, "energy": 0.345, "key": 11, "loudness": -6.769, "mode": 0, "speechiness": 0.0522, "acousticness": 0.134, "instrumentalness": 0, "liveness": 0.103, "valence": 0.375, "tempo": 115.969, "duration_ms": 163500, "time_signature": 4}, {"uri": "spotify:track:7rNjupJkjsc3ANGeW0RCYj", "name": "Teen Scene feat. Buddy", "artist": "Maeta", "popularity": 50, "danceability": 0.336, "energy": 0.741, "key": 11, "loudness": -6.413, "mode": 1, "speechiness": 0.717, "acousticness": 0.471, "instrumentalness": 0, "liveness": 0.193, "valence": 0.585, "tempo": 214.527, "duration_ms": 250362, "time_signature": 4}, {"uri": "spotify:track:18kMrxuEwLL0i4lHnlF5rK", "name": "Fast Car", "artist": "Syd", "popularity": 55, "danceability": 0.822, "energy": 0.48, "key": 11, "loudness": -7.175, "mode": 0, "speechiness": 0.0475, "acousticness": 0.069, "instrumentalness": 0.00486, "liveness": 0.322, "valence": 0.577, "tempo": 111.959, "duration_ms": 210000, "time_signature": 4}, {"uri": "spotify:track:5nRm6kz4ntiBGtygxGg5Dy", "name": "Slow Down", "artist": "VanJess", "popularity": 49, "danceability": 0.692, "energy": 0.599, "key": 11, "loudness": -5.941, "mode": 1, "speechiness": 0.0398, "acousticness": 0.198, "instrumentalness": 0.000315, "liveness": 0.392, "valence": 0.369, "tempo": 113.034, "duration_ms": 228933, "time_signature": 4}, {"uri": "spotify:track:4iC9bQomdbH5YPYi4HrECX", "name": "When Love's Around (feat. Syd)", "artist": "ZAYN", "popularity": 49, "danceability": 0.695, "energy": 0.582, "key": 8, "loudness": -9.405, "mode": 0, "speechiness": 0.146, "acousticness": 0.303, "instrumentalness": 0.00769, "liveness": 0.0717, "valence": 0.346, "tempo": 173.976, "duration_ms": 191933, "time_signature": 4}, {"uri": "spotify:track:04vYVsWbhkQaTLx2kgVNks", "name": "Better Than I Imagined (Feat. H.E.R. & Meshell Ndegeocello)", "artist": "Robert Glasper", "popularity": 59, "danceability": 0.646, "energy": 0.483, "key": 10, "loudness": -9.147, "mode": 0, "speechiness": 0.0631, "acousticness": 0.0252, "instrumentalness": 0.0161, "liveness": 0.0887, "valence": 0.407, "tempo": 143.866, "duration_ms": 299367, "time_signature": 4}, {"uri": "spotify:track:6ywzdDgKmTBBvJzDA91XKJ", "name": "Julie.", "artist": "Gallant", "popularity": 51, "danceability": 0.424, "energy": 0.647, "key": 2, "loudness": -6.593, "mode": 0, "speechiness": 0.156, "acousticness": 0.293, "instrumentalness": 0, "liveness": 0.209, "valence": 0.571, "tempo": 147.681, "duration_ms": 231733, "time_signature": 4}, {"uri": "spotify:track:0v0iiy4gktlrDWb6P0w1Xx", "name": "Me & Mrs. Wong", "artist": "Slodown", "popularity": 7, "danceability": 0.564, "energy": 0.613, "key": 5, "loudness": -8.686, "mode": 0, "speechiness": 0.259, "acousticness": 0.546, "instrumentalness": 0.021, "liveness": 0.251, "valence": 0.629, "tempo": 95.004, "duration_ms": 230842, "time_signature": 4}, {"uri": "spotify:track:6T3Ebo7EOh8cUOyE4OhFpp", "name": "Good & Plenty - Remix", "artist": "Lucky Daye", "popularity": 67, "danceability": 0.65, "energy": 0.582, "key": 9, "loudness": -6.543, "mode": 0, "speechiness": 0.101, "acousticness": 0.811, "instrumentalness": 0.00314, "liveness": 0.0812, "valence": 0.369, "tempo": 135.894, "duration_ms": 204706, "time_signature": 4}, {"uri": "spotify:track:0RVtptlBoUcVulumTGzmZE", "name": "crush", "artist": "QUIN", "popularity": 39, "danceability": 0.45, "energy": 0.274, "key": 6, "loudness": -14.187, "mode": 0, "speechiness": 0.0462, "acousticness": 0.201, "instrumentalness": 0.00149, "liveness": 0.113, "valence": 0.236, "tempo": 135.868, "duration_ms": 166000, "time_signature": 4}, {"uri": "spotify:track:0gvHiQLsM6Uj7M39Hpfcec", "name": "Whateva U Need", "artist": "Grimm Lynn", "popularity": 54, "danceability": 0.557, "energy": 0.595, "key": 1, "loudness": -9.946, "mode": 1, "speechiness": 0.0367, "acousticness": 0.269, "instrumentalness": 0.86, "liveness": 0.109, "valence": 0.327, "tempo": 81.014, "duration_ms": 237037, "time_signature": 4}, {"uri": "spotify:track:7t4ihBlcMdkyUeO6W1DfYH", "name": "Baby Powder", "artist": "Jenevieve", "popularity": 1, "danceability": 0.784, "energy": 0.521, "key": 1, "loudness": -8.217, "mode": 0, "speechiness": 0.0529, "acousticness": 0.323, "instrumentalness": 0.000283, "liveness": 0.0518, "valence": 0.682, "tempo": 78.456, "duration_ms": 180435, "time_signature": 3}, {"uri": "spotify:track:6e4f88p8OxpqtbYywLAIbz", "name": "Pretty", "artist": "Col3trane", "popularity": 57, "danceability": 0.599, "energy": 0.336, "key": 5, "loudness": -12.528, "mode": 1, "speechiness": 0.0572, "acousticness": 0.86, "instrumentalness": 0.0623, "liveness": 0.111, "valence": 0.427, "tempo": 177.908, "duration_ms": 166920, "time_signature": 3}, {"uri": "spotify:track:0BKjosTqxAhWzOUfpwI1X0", "name": "Treat", "artist": "11:11", "popularity": 40, "danceability": 0.697, "energy": 0.411, "key": 10, "loudness": -9.774, "mode": 0, "speechiness": 0.0891, "acousticness": 0.407, "instrumentalness": 0, "liveness": 0.111, "valence": 0.805, "tempo": 94.028, "duration_ms": 166717, "time_signature": 4}, {"uri": "spotify:track:4U9gm9Icd8rzJoVb8siDED", "name": "Touch Me", "artist": "Victoria Mon\u00e9t", "popularity": 51, "danceability": 0.498, "energy": 0.492, "key": 8, "loudness": -10.976, "mode": 0, "speechiness": 0.0889, "acousticness": 0.822, "instrumentalness": 0, "liveness": 0.0902, "valence": 0.598, "tempo": 137.958, "duration_ms": 191338, "time_signature": 4}, {"uri": "spotify:track:2kbCOX5ZVUZkRINKJaYEEt", "name": "Cue The Sun", "artist": "Alycia Bella", "popularity": 35, "danceability": 0.388, "energy": 0.496, "key": 9, "loudness": -14.026, "mode": 0, "speechiness": 0.339, "acousticness": 0.59, "instrumentalness": 0, "liveness": 0.109, "valence": 0.243, "tempo": 78.781, "duration_ms": 219067, "time_signature": 1}, {"uri": "spotify:track:0XrKhZ9Ob6yqxpqcalNMFN", "name": "Glitter Ain't Gold", "artist": "Jay Lewn", "popularity": 37, "danceability": 0.383, "energy": 0.447, "key": 11, "loudness": -7.648, "mode": 1, "speechiness": 0.247, "acousticness": 0.432, "instrumentalness": 4.51e-05, "liveness": 0.221, "valence": 0.383, "tempo": 74.501, "duration_ms": 221763, "time_signature": 3}, {"uri": "spotify:track:2UWnZrXLXIyfMgNvJr2KUa", "name": "By Any Means", "artist": "Jorja Smith", "popularity": 62, "danceability": 0.75, "energy": 0.418, "key": 11, "loudness": -10.412, "mode": 1, "speechiness": 0.244, "acousticness": 0.149, "instrumentalness": 1.72e-06, "liveness": 0.0857, "valence": 0.442, "tempo": 104.981, "duration_ms": 225631, "time_signature": 4}, {"uri": "spotify:track:22oZClHIaftOvNr3DRQwAQ", "name": "everybody knows", "artist": "Baby Storme", "popularity": 52, "danceability": 0.772, "energy": 0.342, "key": 10, "loudness": -9.257, "mode": 1, "speechiness": 0.0472, "acousticness": 0.753, "instrumentalness": 1.67e-06, "liveness": 0.195, "valence": 0.468, "tempo": 115.054, "duration_ms": 202000, "time_signature": 4}, {"uri": "spotify:track:4DbJoCosBqn8ydLYmusWkG", "name": "Gold Mine", "artist": "Savannah Cristina", "popularity": 35, "danceability": 0.744, "energy": 0.728, "key": 4, "loudness": -2.783, "mode": 0, "speechiness": 0.0679, "acousticness": 0.0575, "instrumentalness": 0.000314, "liveness": 0.098, "valence": 0.477, "tempo": 159.994, "duration_ms": 181846, "time_signature": 4}, {"uri": "spotify:track:7HaAuZBOJTp0bpZPnccBUm", "name": "City Girl", "artist": "Ari PenSmith", "popularity": 41, "danceability": 0.453, "energy": 0.495, "key": 7, "loudness": -10.541, "mode": 0, "speechiness": 0.0927, "acousticness": 0.695, "instrumentalness": 0.000117, "liveness": 0.108, "valence": 0.297, "tempo": 88.811, "duration_ms": 159365, "time_signature": 4}, {"uri": "spotify:track:4k4mhm30I8pOn2k7O19pms", "name": "Alone", "artist": "Q", "popularity": 0, "danceability": 0.674, "energy": 0.796, "key": 7, "loudness": -6.236, "mode": 0, "speechiness": 0.0545, "acousticness": 0.00754, "instrumentalness": 0.000233, "liveness": 0.156, "valence": 0.727, "tempo": 80.033, "duration_ms": 135802, "time_signature": 4}, {"uri": "spotify:track:2NDMLu8ZNrAsAsPAoW5VOx", "name": "Tweety", "artist": "Raveena", "popularity": 56, "danceability": 0.848, "energy": 0.542, "key": 6, "loudness": -7.164, "mode": 1, "speechiness": 0.0539, "acousticness": 0.155, "instrumentalness": 7.99e-05, "liveness": 0.0767, "valence": 0.538, "tempo": 132.038, "duration_ms": 232773, "time_signature": 4}, {"uri": "spotify:track:0Ztok1tyr8YbgTi6iUJM9X", "name": "Lucky Me", "artist": "Flwr Chyld", "popularity": 42, "danceability": 0.77, "energy": 0.708, "key": 6, "loudness": -10.561, "mode": 1, "speechiness": 0.114, "acousticness": 0.291, "instrumentalness": 0.0987, "liveness": 0.0786, "valence": 0.785, "tempo": 112.027, "duration_ms": 222857, "time_signature": 4}, {"uri": "spotify:track:6FwuRS7LLtemBSw18PK2fz", "name": "Golden pt. 2 (feat. Mereba)", "artist": "Berhana", "popularity": 55, "danceability": 0.64, "energy": 0.459, "key": 11, "loudness": -8.012, "mode": 0, "speechiness": 0.116, "acousticness": 0.254, "instrumentalness": 0.000251, "liveness": 0.153, "valence": 0.493, "tempo": 84.95, "duration_ms": 137647, "time_signature": 4}, {"uri": "spotify:track:4Pq1hdbm1GrjBeh46BqFjO", "name": "Copy & Paste Interlude", "artist": "IAMNOBODI", "popularity": 43, "danceability": 0.435, "energy": 0.392, "key": 4, "loudness": -9.849, "mode": 0, "speechiness": 0.0467, "acousticness": 0.625, "instrumentalness": 0.000162, "liveness": 0.592, "valence": 0.318, "tempo": 124.224, "duration_ms": 169200, "time_signature": 5}, {"uri": "spotify:track:298n0lKgacjlJwANMrU1Gp", "name": "Orange Freestyle", "artist": "SAFE", "popularity": 38, "danceability": 0.681, "energy": 0.287, "key": 0, "loudness": -11.661, "mode": 1, "speechiness": 0.0409, "acousticness": 0.735, "instrumentalness": 0, "liveness": 0.111, "valence": 0.411, "tempo": 100.079, "duration_ms": 116100, "time_signature": 4}, {"uri": "spotify:track:6MOovkZjVPHVFIjBHDQFyb", "name": "Time & Space", "artist": "Yo Trane", "popularity": 43, "danceability": 0.511, "energy": 0.355, "key": 7, "loudness": -11.531, "mode": 1, "speechiness": 0.138, "acousticness": 0.303, "instrumentalness": 1.15e-06, "liveness": 0.105, "valence": 0.382, "tempo": 136.814, "duration_ms": 199541, "time_signature": 5}, {"uri": "spotify:track:0grbhFgGDSVcPeWRXehe8U", "name": "Free Like Me", "artist": "Marc E. Bassy", "popularity": 51, "danceability": 0.52, "energy": 0.576, "key": 9, "loudness": -5.779, "mode": 1, "speechiness": 0.193, "acousticness": 0.283, "instrumentalness": 1.1e-05, "liveness": 0.351, "valence": 0.282, "tempo": 142.492, "duration_ms": 206227, "time_signature": 1}, {"uri": "spotify:track:1xLBOnBn16AXmvDZ2WOTOw", "name": "Warm December", "artist": "Sabrina Claudio", "popularity": 53, "danceability": 0.329, "energy": 0.515, "key": 11, "loudness": -7.303, "mode": 0, "speechiness": 0.0358, "acousticness": 0.8, "instrumentalness": 1.57e-06, "liveness": 0.358, "valence": 0.649, "tempo": 134.259, "duration_ms": 195669, "time_signature": 4}, {"uri": "spotify:track:4gKCKkQbtejYebL9Km5cu1", "name": "Stars In The Sky (feat. Jhen\u00e9 Aiko)", "artist": "Phora", "popularity": 53, "danceability": 0.636, "energy": 0.418, "key": 4, "loudness": -10.536, "mode": 1, "speechiness": 0.0316, "acousticness": 0.503, "instrumentalness": 0, "liveness": 0.113, "valence": 0.347, "tempo": 96.132, "duration_ms": 253202, "time_signature": 3}, {"uri": "spotify:track:2Bm2pjLh2wlYwZ4nrcY6wU", "name": "Caught Up", "artist": "Dee Gatti", "popularity": 47, "danceability": 0.663, "energy": 0.149, "key": 4, "loudness": -14.239, "mode": 0, "speechiness": 0.0466, "acousticness": 0.644, "instrumentalness": 2.5e-05, "liveness": 0.0851, "valence": 0.397, "tempo": 107.19, "duration_ms": 132519, "time_signature": 4}, {"uri": "spotify:track:5wXQFi7alwkKVf7PdYb3Co", "name": "My World", "artist": "Asiahn", "popularity": 48, "danceability": 0.536, "energy": 0.533, "key": 11, "loudness": -7.54, "mode": 1, "speechiness": 0.0474, "acousticness": 0.354, "instrumentalness": 0.000275, "liveness": 0.277, "valence": 0.139, "tempo": 78.019, "duration_ms": 191947, "time_signature": 4}, {"uri": "spotify:track:7czq3qsGLwbedHtuQYUXOc", "name": "Horses", "artist": "Arletis", "popularity": 35, "danceability": 0.765, "energy": 0.44, "key": 7, "loudness": -8.71, "mode": 0, "speechiness": 0.108, "acousticness": 0.776, "instrumentalness": 2.33e-05, "liveness": 0.109, "valence": 0.52, "tempo": 80.013, "duration_ms": 271765, "time_signature": 4}, {"uri": "spotify:track:64V55m8zSkracnZ6mYpjK0", "name": "Like I Feel (feat. Mereba)", "artist": "Xavier Om\u00e4r", "popularity": 40, "danceability": 0.702, "energy": 0.525, "key": 1, "loudness": -11.167, "mode": 0, "speechiness": 0.0609, "acousticness": 0.553, "instrumentalness": 0.0173, "liveness": 0.106, "valence": 0.596, "tempo": 137.927, "duration_ms": 227480, "time_signature": 4}]