[{"uri": "spotify:track:0SKVt9FLtATRPUk9p9lcpA", "name": "In the Air Pink Noise", "artist": "Wavelab", "popularity": 60, "danceability": 0, "energy": 0.227, "key": 2, "loudness": -32.323, "mode": 1, "speechiness": 0, "acousticness": 0.979, "instrumentalness": 0.192, "liveness": 0.112, "valence": 0, "tempo": 0, "duration_ms": 127490, "time_signature": 0}, {"uri": "spotify:track:03HDg3A6woq5W3BYYClbeA", "name": "Pink noise sleep therapy", "artist": "Soporific Pink Noise", "popularity": 62, "danceability": 0, "energy": 2.03e-05, "key": 0, "loudness": -26.323, "mode": 1, "speechiness": 0, "acousticness": 0.137, "instrumentalness": 0.389, "liveness": 0.162, "valence": 0, "tempo": 0, "duration_ms": 60070, "time_signature": 0}, {"uri": "spotify:track:4LFqQzq8xlTZyhpDnvp0dG", "name": "Low Pink Noise", "artist": "Noise Spa", "popularity": 51, "danceability": 0.222, "energy": 0.428, "key": 1, "loudness": -26.273, "mode": 1, "speechiness": 0.134, "acousticness": 0.118, "instrumentalness": 0.973, "liveness": 0.112, "valence": 0.0295, "tempo": 80.817, "duration_ms": 178000, "time_signature": 4}, {"uri": "spotify:track:4oUQtxWrg9NWuI1AXNvtWT", "name": "Pink Noise For Sleep 4", "artist": "Granular", "popularity": 59, "danceability": 0, "energy": 0.0158, "key": 4, "loudness": -26.421, "mode": 0, "speechiness": 0, "acousticness": 0.992, "instrumentalness": 0.375, "liveness": 0.11, "valence": 0, "tempo": 0, "duration_ms": 107664, "time_signature": 0}, {"uri": "spotify:track:28Wnwp5FDBU0vzlU2BbKR0", "name": "Loopable Pink Noise Flowing Waters", "artist": "Pink Noise", "popularity": 59, "danceability": 0, "energy": 0.00066, "key": 8, "loudness": -25.141, "mode": 1, "speechiness": 0, "acousticness": 0.331, "instrumentalness": 0.289, "liveness": 0.111, "valence": 0, "tempo": 0, "duration_ms": 216000, "time_signature": 0}, {"uri": "spotify:track:3VQ13NVz6w98nsg3YWJ8XG", "name": "Stormy Ocean Pink Noise", "artist": "Dream Birds", "popularity": 55, "danceability": 0.139, "energy": 0.507, "key": 1, "loudness": -30.889, "mode": 1, "speechiness": 0.0571, "acousticness": 0.772, "instrumentalness": 0.191, "liveness": 0.112, "valence": 0.00481, "tempo": 139.37, "duration_ms": 192457, "time_signature": 4}, {"uri": "spotify:track:1CiwNrrYWPmw0n1cx1QBXI", "name": "Pink Noise in the Piano Room", "artist": "Pink Game", "popularity": 47, "danceability": 0.137, "energy": 0.0013, "key": 1, "loudness": -38.37, "mode": 1, "speechiness": 0.0409, "acousticness": 0.866, "instrumentalness": 0.322, "liveness": 0.112, "valence": 0.269, "tempo": 81.644, "duration_ms": 230025, "time_signature": 4}, {"uri": "spotify:track:0KByxc2bldSo9PtAQQnipz", "name": "Cabin Back Noise", "artist": "High Altitude Samples", "popularity": 69, "danceability": 0.0559, "energy": 0.338, "key": 10, "loudness": -31.434, "mode": 0, "speechiness": 0.104, "acousticness": 0.957, "instrumentalness": 1.0, "liveness": 0.112, "valence": 0.0212, "tempo": 58.227, "duration_ms": 171719, "time_signature": 5}, {"uri": "spotify:track:5PKnO5lRDEuLzFtUUmXthK", "name": "Pink Noise (Low-Mid Loopable)", "artist": "Matthias Stuski", "popularity": 56, "danceability": 0, "energy": 0.0328, "key": 1, "loudness": -28.77, "mode": 1, "speechiness": 0, "acousticness": 0.958, "instrumentalness": 0.13, "liveness": 0.111, "valence": 0, "tempo": 0, "duration_ms": 180000, "time_signature": 0}, {"uri": "spotify:track:7GH9OsH5pxBLtPWqoOpAxK", "name": "White Noise for Sleepless Nights", "artist": "Hum Humming", "popularity": 53, "danceability": 0.15, "energy": 0.787, "key": 1, "loudness": -30.195, "mode": 1, "speechiness": 0.0522, "acousticness": 0.948, "instrumentalness": 0.525, "liveness": 0.111, "valence": 0.0268, "tempo": 71.937, "duration_ms": 125259, "time_signature": 5}, {"uri": "spotify:track:1riLkpCDUtx6NBpJawmHZV", "name": "Pink 2k Cut", "artist": "Arx", "popularity": 44, "danceability": 0.129, "energy": 0.176, "key": 1, "loudness": -19.09, "mode": 1, "speechiness": 0.107, "acousticness": 0.148, "instrumentalness": 0.645, "liveness": 0.202, "valence": 0.0202, "tempo": 83.383, "duration_ms": 148000, "time_signature": 4}, {"uri": "spotify:track:2XnQvULMhqaXAKS6BfO7X5", "name": "Ambient Noise 500 Hz", "artist": "Suburban DZ", "popularity": 45, "danceability": 0.208, "energy": 0.656, "key": 10, "loudness": -26.684, "mode": 0, "speechiness": 0.111, "acousticness": 0.91, "instrumentalness": 0.605, "liveness": 0.111, "valence": 0.0397, "tempo": 121.47, "duration_ms": 220000, "time_signature": 1}, {"uri": "spotify:track:45CO9xKmt9o9sqfVKXGDy0", "name": "Time Collecting Noise", "artist": "No Shapes Island", "popularity": 49, "danceability": 0.138, "energy": 0.0757, "key": 1, "loudness": -43.816, "mode": 1, "speechiness": 0.05, "acousticness": 0.91, "instrumentalness": 0.971, "liveness": 0.112, "valence": 0.288, "tempo": 71.298, "duration_ms": 135097, "time_signature": 1}, {"uri": "spotify:track:1CnDh3GRwICYp5vQ41MtC0", "name": "Dozing Pink Noise", "artist": "Pink Noise Traveler", "popularity": 45, "danceability": 0.154, "energy": 0.00384, "key": 1, "loudness": -36.152, "mode": 1, "speechiness": 0.0438, "acousticness": 0.904, "instrumentalness": 0.356, "liveness": 0.112, "valence": 0.0365, "tempo": 82.616, "duration_ms": 217500, "time_signature": 4}, {"uri": "spotify:track:4sN5lyhFWI2RlQEMUvtMC0", "name": "Sleep Through Body", "artist": "Bo Ohm", "popularity": 48, "danceability": 0.12, "energy": 0.306, "key": 11, "loudness": -25.514, "mode": 0, "speechiness": 0.0809, "acousticness": 0.0234, "instrumentalness": 0.232, "liveness": 0.117, "valence": 0.0359, "tempo": 97.202, "duration_ms": 141972, "time_signature": 3}, {"uri": "spotify:track:1tqTq849f6ndwEO7R03Gpc", "name": "Craft Noise", "artist": "Embla Noise", "popularity": 45, "danceability": 0.145, "energy": 0.96, "key": 8, "loudness": -25.276, "mode": 1, "speechiness": 0.0584, "acousticness": 0.944, "instrumentalness": 0.641, "liveness": 0.112, "valence": 0.0185, "tempo": 143.752, "duration_ms": 110713, "time_signature": 3}, {"uri": "spotify:track:06DANZrG6kre3CKhHxES2Z", "name": "Pink 400 Hz Filter", "artist": "Noise Spa", "popularity": 48, "danceability": 0.147, "energy": 0.558, "key": 1, "loudness": -27.738, "mode": 1, "speechiness": 0.144, "acousticness": 0.842, "instrumentalness": 0.449, "liveness": 0.112, "valence": 0.0331, "tempo": 137.193, "duration_ms": 178000, "time_signature": 4}, {"uri": "spotify:track:55DA1NnaN6GVo3A7aeC9D1", "name": "Slumber Pink Noise", "artist": "Falling into Pink", "popularity": 45, "danceability": 0.0586, "energy": 0.144, "key": 1, "loudness": -35.972, "mode": 1, "speechiness": 0.0561, "acousticness": 0.853, "instrumentalness": 0.389, "liveness": 0.112, "valence": 0.0504, "tempo": 66.937, "duration_ms": 218000, "time_signature": 3}, {"uri": "spotify:track:23rGG85V5lG9rJXriS3Hma", "name": "Mooi Geluid", "artist": "Discrete Tijd", "popularity": 46, "danceability": 0.171, "energy": 0.12, "key": 1, "loudness": -40.437, "mode": 1, "speechiness": 0.0938, "acousticness": 0.916, "instrumentalness": 0.84, "liveness": 0.112, "valence": 0.0717, "tempo": 118.17, "duration_ms": 146958, "time_signature": 4}, {"uri": "spotify:track:3nv1NJsbswz9vSrBOcmtEO", "name": "Magic Noise", "artist": "Casper White", "popularity": 51, "danceability": 0.144, "energy": 0.568, "key": 1, "loudness": -26.507, "mode": 1, "speechiness": 0.124, "acousticness": 0.609, "instrumentalness": 0.308, "liveness": 0.112, "valence": 0.0284, "tempo": 138.09, "duration_ms": 136000, "time_signature": 4}, {"uri": "spotify:track:0zBtJ2GILEjIdhnfsGBOIr", "name": "Pink Noise Beauty", "artist": "Pink Noise Traveler", "popularity": 44, "danceability": 0.0582, "energy": 0.229, "key": 1, "loudness": -34.807, "mode": 1, "speechiness": 0.0541, "acousticness": 0.926, "instrumentalness": 0.479, "liveness": 0.112, "valence": 0.0387, "tempo": 63.889, "duration_ms": 216500, "time_signature": 5}, {"uri": "spotify:track:4u75RQbjnohewfAQBXdEAn", "name": "Mind Clearing Noise", "artist": "Kilo Herz", "popularity": 58, "danceability": 0.165, "energy": 0.375, "key": 0, "loudness": -25.857, "mode": 0, "speechiness": 0.244, "acousticness": 0.0247, "instrumentalness": 0.209, "liveness": 0.112, "valence": 0.036, "tempo": 125.518, "duration_ms": 206000, "time_signature": 4}, {"uri": "spotify:track:20bXlK3s0xGcHT5IEu47vB", "name": "Afastar", "artist": "Tempo Discreto", "popularity": 45, "danceability": 0.115, "energy": 0.343, "key": 0, "loudness": -32.159, "mode": 0, "speechiness": 0.134, "acousticness": 0.958, "instrumentalness": 1.0, "liveness": 0.111, "valence": 0.0162, "tempo": 95.963, "duration_ms": 158104, "time_signature": 3}, {"uri": "spotify:track:6bW6GIaja5aIc8CEjwTL5N", "name": "Pink Noise Sleep Loop (Looped Sleep Pink Noise)", "artist": "Noise for Healing", "popularity": 56, "danceability": 0, "energy": 2.01e-05, "key": 1, "loudness": -18.756, "mode": 1, "speechiness": 0, "acousticness": 0.00212, "instrumentalness": 0.905, "liveness": 0.429, "valence": 0, "tempo": 0, "duration_ms": 304880, "time_signature": 0}, {"uri": "spotify:track:1DGSKBJRThQuKhscSfIXVg", "name": "Pink Noise in the Meeting Room", "artist": "Lavia 6", "popularity": 44, "danceability": 0.0825, "energy": 0.00634, "key": 7, "loudness": -36.49, "mode": 1, "speechiness": 0.042, "acousticness": 0.86, "instrumentalness": 0.239, "liveness": 0.112, "valence": 0.314, "tempo": 85.436, "duration_ms": 179692, "time_signature": 4}, {"uri": "spotify:track:6y8PRxhpCTguENn0H36gwY", "name": "Deep Sleep Noise", "artist": "Zone Out", "popularity": 48, "danceability": 0.142, "energy": 0.229, "key": 1, "loudness": -37.22, "mode": 1, "speechiness": 0.104, "acousticness": 0.882, "instrumentalness": 0.972, "liveness": 0.112, "valence": 0.0396, "tempo": 139.246, "duration_ms": 180000, "time_signature": 3}, {"uri": "spotify:track:1PIexPfZnVlmoPMqNE6Xvu", "name": "Noise Bliss 200 Hz", "artist": "Noise Nirvana", "popularity": 49, "danceability": 0.21, "energy": 0.298, "key": 1, "loudness": -34.606, "mode": 1, "speechiness": 0.102, "acousticness": 0.826, "instrumentalness": 0.963, "liveness": 0.112, "valence": 0.123, "tempo": 134.922, "duration_ms": 206000, "time_signature": 3}, {"uri": "spotify:track:7C5kKixt8tnnm2nLEJrI10", "name": "Pink 1k Cut", "artist": "Arx", "popularity": 43, "danceability": 0.184, "energy": 0.486, "key": 1, "loudness": -27.93, "mode": 1, "speechiness": 0.0861, "acousticness": 0.977, "instrumentalness": 1.0, "liveness": 0.111, "valence": 0.032, "tempo": 125.499, "duration_ms": 148000, "time_signature": 3}, {"uri": "spotify:track:2D69IjFsQwHw2jqhJk405C", "name": "Clean Pink Noise", "artist": "White Noise Spa", "popularity": 46, "danceability": 0.162, "energy": 0.000282, "key": 10, "loudness": -17.427, "mode": 0, "speechiness": 0.305, "acousticness": 0.201, "instrumentalness": 0.878, "liveness": 0.141, "valence": 0.0243, "tempo": 114.243, "duration_ms": 300300, "time_signature": 3}, {"uri": "spotify:track:3OEkb2Zhg0tP1w1BpNocW0", "name": "Outer Space Noise", "artist": "Celestial Noise", "popularity": 50, "danceability": 0.142, "energy": 0.351, "key": 8, "loudness": -30.344, "mode": 1, "speechiness": 0.116, "acousticness": 0.639, "instrumentalness": 0.567, "liveness": 0.112, "valence": 0.0565, "tempo": 139.131, "duration_ms": 192000, "time_signature": 4}, {"uri": "spotify:track:1ujckKj5OC4GGvDWVlqdrH", "name": "Hum Of Noise", "artist": "Headphone Noise", "popularity": 49, "danceability": 0.158, "energy": 0.272, "key": 1, "loudness": -34.739, "mode": 1, "speechiness": 0.188, "acousticness": 0.856, "instrumentalness": 0.944, "liveness": 0.112, "valence": 0.0611, "tempo": 138.893, "duration_ms": 206000, "time_signature": 4}, {"uri": "spotify:track:6xNAUvuTV1MHWZHClKoL82", "name": "Pink Noise 1133Hz", "artist": "Pink Orbit", "popularity": 51, "danceability": 0.0683, "energy": 0.575, "key": 1, "loudness": -29.992, "mode": 1, "speechiness": 0.0918, "acousticness": 0.581, "instrumentalness": 0.974, "liveness": 0.11, "valence": 0.0329, "tempo": 78.343, "duration_ms": 270892, "time_signature": 3}, {"uri": "spotify:track:2RgRInLV5rO74Wb1a3QbWK", "name": "Ruido Meditativo", "artist": "Secuencialidad", "popularity": 48, "danceability": 0.147, "energy": 0.133, "key": 1, "loudness": -40.671, "mode": 1, "speechiness": 0.0943, "acousticness": 0.891, "instrumentalness": 0.919, "liveness": 0.112, "valence": 0.139, "tempo": 92.502, "duration_ms": 149368, "time_signature": 3}, {"uri": "spotify:track:3LuLux6nTGTAfv19YraF0I", "name": "Hora De Acostarse", "artist": "Varianzze", "popularity": 48, "danceability": 0.183, "energy": 0.0735, "key": 1, "loudness": -41.679, "mode": 1, "speechiness": 0.0825, "acousticness": 0.899, "instrumentalness": 0.972, "liveness": 0.112, "valence": 0.0853, "tempo": 49.301, "duration_ms": 122619, "time_signature": 4}, {"uri": "spotify:track:5Te6CwVUEMi5WjLiVFcSgy", "name": "Pink Noise 192Hz Wide Q", "artist": "Crystal Slowdown", "popularity": 43, "danceability": 0.161, "energy": 0.495, "key": 10, "loudness": -32.0, "mode": 0, "speechiness": 0.0765, "acousticness": 0.698, "instrumentalness": 0.253, "liveness": 0.11, "valence": 0.0074, "tempo": 127.911, "duration_ms": 275280, "time_signature": 3}, {"uri": "spotify:track:6sXtxe7FGKa8a7C8fJvEDt", "name": "Below the Fall - River Noise", "artist": "The Mindful", "popularity": 56, "danceability": 0.16, "energy": 0.0183, "key": 1, "loudness": -23.17, "mode": 1, "speechiness": 0.205, "acousticness": 0.964, "instrumentalness": 0.139, "liveness": 0.111, "valence": 1e-05, "tempo": 128.685, "duration_ms": 94262, "time_signature": 4}, {"uri": "spotify:track:27W4LkxptBvhMxYAWMpsOL", "name": "Dozy Noise", "artist": "Dozy FX", "popularity": 53, "danceability": 0.171, "energy": 0.408, "key": 4, "loudness": -24.226, "mode": 0, "speechiness": 0.0554, "acousticness": 0.957, "instrumentalness": 0.168, "liveness": 0.111, "valence": 1e-05, "tempo": 85.062, "duration_ms": 145370, "time_signature": 4}, {"uri": "spotify:track:07RA006wluCSqQ487xHNLy", "name": "Illustrated Noise", "artist": "Fortuna", "popularity": 41, "danceability": 0, "energy": 0.0685, "key": 1, "loudness": -17.251, "mode": 1, "speechiness": 0, "acousticness": 0.171, "instrumentalness": 0.359, "liveness": 0.153, "valence": 0, "tempo": 0, "duration_ms": 165215, "time_signature": 0}, {"uri": "spotify:track:7mwI7pMEgyYWSYDgAlm781", "name": "Pink Noise Loop", "artist": "White Noise Spa", "popularity": 47, "danceability": 0, "energy": 2.02e-05, "key": 8, "loudness": -20.069, "mode": 1, "speechiness": 0, "acousticness": 0.639, "instrumentalness": 0.412, "liveness": 0.112, "valence": 0, "tempo": 0, "duration_ms": 300300, "time_signature": 0}, {"uri": "spotify:track:1E09QjXtK0VZ295hU0onRk", "name": "Cosy Noise for Rest", "artist": "Womb Sound", "popularity": 43, "danceability": 0, "energy": 6.03e-05, "key": 7, "loudness": -18.951, "mode": 1, "speechiness": 0, "acousticness": 0, "instrumentalness": 0.636, "liveness": 0.562, "valence": 0, "tempo": 0, "duration_ms": 63000, "time_signature": 0}, {"uri": "spotify:track:3MqXETiDMpvZHtsz4GDCeJ", "name": "Pink Noise - Mid Frequency Loop", "artist": "Brainbox", "popularity": 47, "danceability": 0.169, "energy": 0.403, "key": 1, "loudness": -13.777, "mode": 1, "speechiness": 0.125, "acousticness": 0.631, "instrumentalness": 0.209, "liveness": 0.147, "valence": 0.00671, "tempo": 127.79, "duration_ms": 121000, "time_signature": 5}, {"uri": "spotify:track:6IStgKRenj5qdifclUFSFs", "name": "Soft Noise", "artist": "WNX", "popularity": 45, "danceability": 0.174, "energy": 0.039, "key": 10, "loudness": -20.546, "mode": 0, "speechiness": 0.284, "acousticness": 0.724, "instrumentalness": 0.321, "liveness": 0.114, "valence": 1e-05, "tempo": 84.219, "duration_ms": 190171, "time_signature": 3}, {"uri": "spotify:track:0SkfWdFxSr7KgIV9ljrrhy", "name": "Pink Noise Loopable Sleep Therapy", "artist": "Pink Noise", "popularity": 48, "danceability": 0.204, "energy": 8.31e-05, "key": 5, "loudness": -20.2, "mode": 0, "speechiness": 0.25, "acousticness": 0.947, "instrumentalness": 0.971, "liveness": 0.148, "valence": 0.0376, "tempo": 108.951, "duration_ms": 216000, "time_signature": 4}, {"uri": "spotify:track:0jruFQoRdRsgc94PkIqtVb", "name": "Pink Background Noise", "artist": "Daily Calm", "popularity": 44, "danceability": 0, "energy": 2.02e-05, "key": 5, "loudness": -16.418, "mode": 0, "speechiness": 0, "acousticness": 0.108, "instrumentalness": 0.338, "liveness": 0.176, "valence": 0, "tempo": 0, "duration_ms": 222000, "time_signature": 0}, {"uri": "spotify:track:5wf3wwLBJj4j46xtJETZ8L", "name": "Soothing Deep Pink Noise", "artist": "White Noise Spa", "popularity": 55, "danceability": 0, "energy": 2.03e-05, "key": 10, "loudness": -20.961, "mode": 0, "speechiness": 0, "acousticness": 0.956, "instrumentalness": 0.238, "liveness": 0.131, "valence": 0, "tempo": 0, "duration_ms": 300300, "time_signature": 0}, {"uri": "spotify:track:3C32S8W8BBBKfHg3qyNX7E", "name": "Smooth Sailing", "artist": "White Noise Therapy", "popularity": 46, "danceability": 0, "energy": 2.03e-05, "key": 2, "loudness": -16.555, "mode": 1, "speechiness": 0, "acousticness": 0.951, "instrumentalness": 0.873, "liveness": 0.113, "valence": 0, "tempo": 0, "duration_ms": 360000, "time_signature": 0}, {"uri": "spotify:track:70qJ45oLqsC1LVao9niNFB", "name": "Dream Noise 700hz", "artist": "Cosy Noise Place", "popularity": 60, "danceability": 0.161, "energy": 0.494, "key": 1, "loudness": -35.511, "mode": 1, "speechiness": 0.106, "acousticness": 0.926, "instrumentalness": 0.309, "liveness": 0.0938, "valence": 0.0227, "tempo": 128.867, "duration_ms": 115916, "time_signature": 3}, {"uri": "spotify:track:5Nvw37iTs54rYjncE4N0iY", "name": "Pink Noise - Nex 12", "artist": "Granular", "popularity": 49, "danceability": 0, "energy": 0.00299, "key": 3, "loudness": -24.187, "mode": 1, "speechiness": 0, "acousticness": 0.557, "instrumentalness": 1.0, "liveness": 0.102, "valence": 0, "tempo": 0, "duration_ms": 188465, "time_signature": 0}, {"uri": "spotify:track:7qVfb0nxgRYDtIZMpXogPl", "name": "Baby Sleep BN Four", "artist": "Dream Shard", "popularity": 57, "danceability": 0, "energy": 0.000111, "key": 8, "loudness": -22.672, "mode": 1, "speechiness": 0, "acousticness": 0.222, "instrumentalness": 0.389, "liveness": 0.128, "valence": 0, "tempo": 0, "duration_ms": 144361, "time_signature": 0}, {"uri": "spotify:track:1PR4uN5RNF7QpTzvMG8PW9", "name": "Pink Quadra Noise", "artist": "Jack Slumber", "popularity": 41, "danceability": 0.306, "energy": 0.86, "key": 3, "loudness": -26.605, "mode": 1, "speechiness": 0.0662, "acousticness": 0.417, "instrumentalness": 0.521, "liveness": 0.112, "valence": 0.0222, "tempo": 75.109, "duration_ms": 137985, "time_signature": 5}, {"uri": "spotify:track:7ratGZAkdFspHgYsK4otGM", "name": "Noise over the Pacific Ocean", "artist": "Sams Sampling", "popularity": 56, "danceability": 0.173, "energy": 0.412, "key": 1, "loudness": -35.544, "mode": 1, "speechiness": 0.087, "acousticness": 0.953, "instrumentalness": 0.536, "liveness": 0.0925, "valence": 0.037, "tempo": 142.356, "duration_ms": 130777, "time_signature": 5}, {"uri": "spotify:track:7y9qhoYBNPCgspP9MSpyPH", "name": "Somnus", "artist": "Granular", "popularity": 41, "danceability": 0, "energy": 0.297, "key": 8, "loudness": -23.089, "mode": 0, "speechiness": 0, "acousticness": 0.78, "instrumentalness": 0.946, "liveness": 0.111, "valence": 0, "tempo": 0, "duration_ms": 135622, "time_signature": 0}, {"uri": "spotify:track:3SmQ86VIG7DyhPwq1AvPpF", "name": "Warm Pink Noise Calm", "artist": "Chill Machine", "popularity": 47, "danceability": 0.159, "energy": 0.112, "key": 11, "loudness": -27.68, "mode": 1, "speechiness": 0.083, "acousticness": 0.477, "instrumentalness": 0.208, "liveness": 0.209, "valence": 0.0109, "tempo": 128.885, "duration_ms": 590000, "time_signature": 4}, {"uri": "spotify:track:76XzFvQ33HSifgaRBGipU3", "name": "Sleep Machine", "artist": "Buka", "popularity": 59, "danceability": 0.137, "energy": 0.815, "key": 1, "loudness": -27.341, "mode": 1, "speechiness": 0.0575, "acousticness": 0.927, "instrumentalness": 0.393, "liveness": 0.111, "valence": 0.000147, "tempo": 140.37, "duration_ms": 160000, "time_signature": 4}, {"uri": "spotify:track:2O6IBOoJa3xdf9UJYDu2ek", "name": "Mind Clearing Noise", "artist": "Hypnotic Noise", "popularity": 55, "danceability": 0.134, "energy": 0.847, "key": 10, "loudness": -22.034, "mode": 0, "speechiness": 0.0865, "acousticness": 0.908, "instrumentalness": 0.313, "liveness": 0.112, "valence": 0.0159, "tempo": 142.008, "duration_ms": 164000, "time_signature": 4}, {"uri": "spotify:track:7M4kYbhnXNKJhWSeRqpw79", "name": "Distances", "artist": "Pink Noise Therapy", "popularity": 50, "danceability": 0, "energy": 2.03e-05, "key": 5, "loudness": -37.323, "mode": 1, "speechiness": 0, "acousticness": 0.426, "instrumentalness": 1.0, "liveness": 0.111, "valence": 0, "tempo": 0, "duration_ms": 71027, "time_signature": 0}, {"uri": "spotify:track:0taZseusWikx1dh9XED8X7", "name": "Gentle Pink Noise For Relaxing", "artist": "JBE Noise Factory", "popularity": 45, "danceability": 0.167, "energy": 0.0316, "key": 9, "loudness": -38.6, "mode": 1, "speechiness": 0.107, "acousticness": 0.184, "instrumentalness": 0.409, "liveness": 0.112, "valence": 0.0271, "tempo": 120.229, "duration_ms": 167750, "time_signature": 4}, {"uri": "spotify:track:0RWHqbzfBCpJMm3EdOoUcP", "name": "Calm Pink Noise", "artist": "Calm Meditation Therapy", "popularity": 51, "danceability": 0.163, "energy": 0.374, "key": 5, "loudness": -28.016, "mode": 0, "speechiness": 0.189, "acousticness": 0.978, "instrumentalness": 0.568, "liveness": 0.112, "valence": 0.0307, "tempo": 126.055, "duration_ms": 240240, "time_signature": 3}, {"uri": "spotify:track:4FBneEZz2L3urBfI8u4U2R", "name": "Pink Noise in the Stockholm Royal Opera", "artist": "The White Noise Travelers", "popularity": 42, "danceability": 0.184, "energy": 0.196, "key": 9, "loudness": -33.609, "mode": 1, "speechiness": 0.0721, "acousticness": 0.718, "instrumentalness": 0.84, "liveness": 0.111, "valence": 0.0649, "tempo": 89.945, "duration_ms": 219888, "time_signature": 4}, {"uri": "spotify:track:5OymaqEIVMaY9TUsafreWp", "name": "Pink Verb 1kHz Sharp Q", "artist": "Soundverb", "popularity": 41, "danceability": 0.0837, "energy": 0.846, "key": 7, "loudness": -28.427, "mode": 1, "speechiness": 0.0556, "acousticness": 0.472, "instrumentalness": 0.505, "liveness": 0.113, "valence": 0.0152, "tempo": 84.678, "duration_ms": 218198, "time_signature": 4}, {"uri": "spotify:track:66sCxW9FxEbL0gQzeMVg4G", "name": "Fan", "artist": "Dream Shard", "popularity": 58, "danceability": 0.276, "energy": 0.339, "key": 6, "loudness": -28.184, "mode": 0, "speechiness": 0.238, "acousticness": 0.321, "instrumentalness": 0.705, "liveness": 0.111, "valence": 0.00514, "tempo": 89.382, "duration_ms": 134556, "time_signature": 4}, {"uri": "spotify:track:7zWnvaTz947rwmPIHgfNqQ", "name": "Pink Noise Levitation", "artist": "Dreamsound", "popularity": 42, "danceability": 0.135, "energy": 0.477, "key": 1, "loudness": -28.902, "mode": 1, "speechiness": 0.134, "acousticness": 0.169, "instrumentalness": 0.702, "liveness": 0.112, "valence": 0.0338, "tempo": 141.902, "duration_ms": 162000, "time_signature": 3}, {"uri": "spotify:track:3hIb40Bp5iSMjz0GI5SRm0", "name": "Filtered Pink Noise for Babies - Loopable with No Fade", "artist": "Pink Noise Babies", "popularity": 53, "danceability": 0.165, "energy": 0.481, "key": 8, "loudness": -33.333, "mode": 1, "speechiness": 0.133, "acousticness": 0.924, "instrumentalness": 0.452, "liveness": 0.112, "valence": 0.0255, "tempo": 126.866, "duration_ms": 195195, "time_signature": 3}, {"uri": "spotify:track:3osTSXefGQzm2OXO4VDMMA", "name": "Deep Pink Noise Sleep (Fan Sound Sleep Baby Loopable)", "artist": "Noise Cancelling Headphones for Sleep", "popularity": 52, "danceability": 0.173, "energy": 0.431, "key": 1, "loudness": -34.216, "mode": 1, "speechiness": 0.0634, "acousticness": 0.859, "instrumentalness": 0.99, "liveness": 0.112, "valence": 0.0329, "tempo": 77.662, "duration_ms": 62015, "time_signature": 3}, {"uri": "spotify:track:6AwyJJLgo2ZTcatJhoPKxN", "name": "Air Pink Noise", "artist": "Larnac HD", "popularity": 45, "danceability": 0.191, "energy": 0.361, "key": 1, "loudness": -36.337, "mode": 1, "speechiness": 0.0496, "acousticness": 0.9, "instrumentalness": 0.932, "liveness": 0.111, "valence": 0.18, "tempo": 138.639, "duration_ms": 72445, "time_signature": 5}, {"uri": "spotify:track:0qJE33MYzgOcTaYbgYgEo4", "name": "Pink Silence", "artist": "Silent Minds", "popularity": 41, "danceability": 0.146, "energy": 0.444, "key": 2, "loudness": -33.798, "mode": 1, "speechiness": 0.0944, "acousticness": 0.921, "instrumentalness": 0.716, "liveness": 0.111, "valence": 0.0337, "tempo": 138.412, "duration_ms": 172000, "time_signature": 4}, {"uri": "spotify:track:5dqbBy7lYDGIMb0GYEmzEs", "name": "Zone Out 400 Hz", "artist": "Zone Out", "popularity": 47, "danceability": 0.137, "energy": 0.489, "key": 0, "loudness": -31.645, "mode": 0, "speechiness": 0.0868, "acousticness": 0.528, "instrumentalness": 0.217, "liveness": 0.112, "valence": 0.0263, "tempo": 140.792, "duration_ms": 164000, "time_signature": 3}, {"uri": "spotify:track:4hChFEB2l9bwJSJUggBa3T", "name": "Descending Plane", "artist": "White Noise Sleep Sounds", "popularity": 46, "danceability": 0.149, "energy": 0.329, "key": 1, "loudness": -36.121, "mode": 1, "speechiness": 0.0993, "acousticness": 0.741, "instrumentalness": 0.965, "liveness": 0.0876, "valence": 0.0362, "tempo": 139.287, "duration_ms": 123403, "time_signature": 4}, {"uri": "spotify:track:3n8zGNUwx0RM8vCFloLaBX", "name": "Floating In Space", "artist": "Galaxial", "popularity": 41, "danceability": 0.138, "energy": 0.0215, "key": 9, "loudness": -29.795, "mode": 0, "speechiness": 0.0975, "acousticness": 0.564, "instrumentalness": 0.452, "liveness": 0.112, "valence": 0.0267, "tempo": 139.334, "duration_ms": 188000, "time_signature": 4}, {"uri": "spotify:track:47mIe6tQLIuZhrycZ97c6O", "name": "Pink Noise (Low Loopable)", "artist": "Matthias Stuski", "popularity": 49, "danceability": 0, "energy": 2.02e-05, "key": 10, "loudness": -36.627, "mode": 0, "speechiness": 0, "acousticness": 0.236, "instrumentalness": 1.0, "liveness": 0.112, "valence": 0, "tempo": 0, "duration_ms": 180000, "time_signature": 0}, {"uri": "spotify:track:4wFnLXGIvk1Hw81jLMp99X", "name": "SCHLAF Schlaf schlaf", "artist": "A Dreaming Machine", "popularity": 43, "danceability": 0.151, "energy": 0.511, "key": 6, "loudness": -36.552, "mode": 1, "speechiness": 0.063, "acousticness": 0.957, "instrumentalness": 0.369, "liveness": 0.104, "valence": 0.026, "tempo": 135.793, "duration_ms": 120614, "time_signature": 4}, {"uri": "spotify:track:6HFLPFtg5YmuP1OLlP0H2z", "name": "Insomnia Therapy", "artist": "Latium", "popularity": 46, "danceability": 0.171, "energy": 0.725, "key": 1, "loudness": -29.807, "mode": 1, "speechiness": 0.0952, "acousticness": 0.947, "instrumentalness": 0.328, "liveness": 0.102, "valence": 0.0281, "tempo": 142.414, "duration_ms": 102993, "time_signature": 3}, {"uri": "spotify:track:2j2M6HAkz9WYLwv4piAazz", "name": "Pink Noise - 1.200 Hz - Cutoff", "artist": "Technical Sleep", "popularity": 42, "danceability": 0.193, "energy": 0.504, "key": 1, "loudness": -33.352, "mode": 1, "speechiness": 0.0693, "acousticness": 0.953, "instrumentalness": 0.331, "liveness": 0.0963, "valence": 0.037, "tempo": 141.428, "duration_ms": 147122, "time_signature": 5}, {"uri": "spotify:track:5wIRZTULzVoGekyTkKG36Z", "name": "Dreamy Sleep", "artist": "Latium", "popularity": 47, "danceability": 0.186, "energy": 0.543, "key": 1, "loudness": -33.058, "mode": 1, "speechiness": 0.0962, "acousticness": 0.943, "instrumentalness": 0.363, "liveness": 0.0965, "valence": 0.0332, "tempo": 138.9, "duration_ms": 127333, "time_signature": 5}, {"uri": "spotify:track:58ILtqqwQdWbjkS4LPuM0L", "name": "Sleep Better Pink Noise", "artist": "Calm Meditation Therapy", "popularity": 53, "danceability": 0.209, "energy": 0.11, "key": 1, "loudness": -39.04, "mode": 1, "speechiness": 0.122, "acousticness": 0.836, "instrumentalness": 0.973, "liveness": 0.112, "valence": 0.0775, "tempo": 141.247, "duration_ms": 240240, "time_signature": 3}, {"uri": "spotify:track:4PG3naOTNAiNbuD63KIf1J", "name": "Pink Noise Tranquility", "artist": "Pink Noise", "popularity": 48, "danceability": 0.154, "energy": 0.174, "key": 1, "loudness": -36.29, "mode": 1, "speechiness": 0.145, "acousticness": 0.595, "instrumentalness": 0.972, "liveness": 0.111, "valence": 0.0707, "tempo": 135.356, "duration_ms": 300095, "time_signature": 3}, {"uri": "spotify:track:2aRsCla2NJKzpP19PMgjnR", "name": "Deep Pink Noise for Sleep - Loopable with No Fade", "artist": "Pink Noise Babies", "popularity": 68, "danceability": 0.171, "energy": 0.28, "key": 1, "loudness": -34.856, "mode": 1, "speechiness": 0.147, "acousticness": 0.857, "instrumentalness": 0.957, "liveness": 0.112, "valence": 0.108, "tempo": 144.942, "duration_ms": 195195, "time_signature": 5}]