[{"uri": "spotify:track:2oUwMN5VfdGX10XeQJLBBi", "name": "Clash (feat. Stormzy)", "artist": "Dave", "popularity": 76, "danceability": 0.871, "energy": 0.519, "key": 2, "loudness": -6.549, "mode": 1, "speechiness": 0.258, "acousticness": 0.313, "instrumentalness": 8.14e-06, "liveness": 0.0869, "valence": 0.532, "tempo": 140.013, "duration_ms": 251733, "time_signature": 4}, {"uri": "spotify:track:0AtMTwBF9dmAd2kjgKXpSu", "name": "Rainfall (feat. Tiana Major9)", "artist": "Stormzy", "popularity": 60, "danceability": 0.548, "energy": 0.67, "key": 4, "loudness": -5.275, "mode": 0, "speechiness": 0.404, "acousticness": 0.176, "instrumentalness": 0, "liveness": 0.0863, "valence": 0.297, "tempo": 108.048, "duration_ms": 197947, "time_signature": 4}, {"uri": "spotify:track:02t2kfqtYpPW8718hxnBcV", "name": "Superheroes", "artist": "Stormzy", "popularity": 57, "danceability": 0.841, "energy": 0.711, "key": 2, "loudness": -3.896, "mode": 1, "speechiness": 0.274, "acousticness": 0.158, "instrumentalness": 0, "liveness": 0.182, "valence": 0.448, "tempo": 106.034, "duration_ms": 211667, "time_signature": 4}, {"uri": "spotify:track:2mAg49knTyCqpVlCMtHGXM", "name": "Skengman (feat. Stormzy)", "artist": "Ghetts", "popularity": 50, "danceability": 0.804, "energy": 0.54, "key": 11, "loudness": -8.165, "mode": 0, "speechiness": 0.138, "acousticness": 0.0854, "instrumentalness": 0.0241, "liveness": 0.202, "valence": 0.127, "tempo": 135.011, "duration_ms": 275493, "time_signature": 4}, {"uri": "spotify:track:4QPEwDdOMhY7rNS05mTyMR", "name": "Own It (feat. Ed Sheeran & Burna Boy)", "artist": "Stormzy", "popularity": 73, "danceability": 0.817, "energy": 0.781, "key": 7, "loudness": -4.178, "mode": 0, "speechiness": 0.112, "acousticness": 0.00838, "instrumentalness": 5.21e-06, "liveness": 0.123, "valence": 0.359, "tempo": 104.0, "duration_ms": 216707, "time_signature": 4}, {"uri": "spotify:track:4CEGyF5A5u5BjweVvkgCsn", "name": "Crown", "artist": "Stormzy", "popularity": 62, "danceability": 0.542, "energy": 0.581, "key": 9, "loudness": -5.687, "mode": 1, "speechiness": 0.159, "acousticness": 0.701, "instrumentalness": 1.02e-06, "liveness": 0.0741, "valence": 0.0857, "tempo": 108.909, "duration_ms": 213464, "time_signature": 4}, {"uri": "spotify:track:6Oq4fiDzKaFMU89dTvM24u", "name": "Audacity (feat. Headie One)", "artist": "Stormzy", "popularity": 64, "danceability": 0.678, "energy": 0.516, "key": 1, "loudness": -4.601, "mode": 1, "speechiness": 0.444, "acousticness": 0.0523, "instrumentalness": 0, "liveness": 0.13, "valence": 0.11, "tempo": 133.939, "duration_ms": 245920, "time_signature": 4}, {"uri": "spotify:track:0ihguwGVwKihJ1Nj8fGQlY", "name": "Blinded By Your Grace, Pt. 2 (feat. MNEK)", "artist": "Stormzy", "popularity": 63, "danceability": 0.35, "energy": 0.613, "key": 2, "loudness": -5.453, "mode": 1, "speechiness": 0.0592, "acousticness": 0.0743, "instrumentalness": 0, "liveness": 0.069, "valence": 0.224, "tempo": 120.038, "duration_ms": 230655, "time_signature": 4}, {"uri": "spotify:track:5DXKtoZLm31msT7tNGNHLG", "name": "Vossi Bop", "artist": "Stormzy", "popularity": 69, "danceability": 0.682, "energy": 0.653, "key": 8, "loudness": -6.062, "mode": 1, "speechiness": 0.339, "acousticness": 0.13, "instrumentalness": 0.00116, "liveness": 0.129, "valence": 0.428, "tempo": 188.115, "duration_ms": 196267, "time_signature": 4}, {"uri": "spotify:track:5Rbj8akony3l0NNM5TjH1F", "name": "Wiley Flow", "artist": "Stormzy", "popularity": 65, "danceability": 0.716, "energy": 0.68, "key": 5, "loudness": -4.721, "mode": 0, "speechiness": 0.309, "acousticness": 0.241, "instrumentalness": 0, "liveness": 0.202, "valence": 0.475, "tempo": 140.417, "duration_ms": 207366, "time_signature": 4}, {"uri": "spotify:track:78XK5PDIKWiDKcgiLl1x0o", "name": "Still Disappointed", "artist": "Stormzy", "popularity": 59, "danceability": 0.731, "energy": 0.674, "key": 1, "loudness": -6.986, "mode": 1, "speechiness": 0.274, "acousticness": 0.0943, "instrumentalness": 0, "liveness": 0.0807, "valence": 0.701, "tempo": 139.916, "duration_ms": 165027, "time_signature": 4}, {"uri": "spotify:track:3KcSwX6pyUnfJ0YZlcJE7d", "name": "Pop Boy (feat. Aitch)", "artist": "Stormzy", "popularity": 58, "danceability": 0.883, "energy": 0.802, "key": 9, "loudness": -3.234, "mode": 1, "speechiness": 0.313, "acousticness": 0.0209, "instrumentalness": 0, "liveness": 0.198, "valence": 0.715, "tempo": 109.914, "duration_ms": 151944, "time_signature": 4}, {"uri": "spotify:track:3qvZW1bLvAsJIUhYcuvf4F", "name": "Real Life (feat. Stormzy)", "artist": "Burna Boy", "popularity": 65, "danceability": 0.594, "energy": 0.568, "key": 0, "loudness": -7.268, "mode": 1, "speechiness": 0.0701, "acousticness": 0.147, "instrumentalness": 4.01e-05, "liveness": 0.339, "valence": 0.407, "tempo": 132.348, "duration_ms": 197934, "time_signature": 5}, {"uri": "spotify:track:2LPUvD5DDOO4UYGkWgjI2C", "name": "Shut Up", "artist": "Stormzy", "popularity": 65, "danceability": 0.468, "energy": 0.823, "key": 4, "loudness": -3.973, "mode": 1, "speechiness": 0.466, "acousticness": 0.81, "instrumentalness": 0, "liveness": 0.598, "valence": 0.941, "tempo": 74.457, "duration_ms": 179564, "time_signature": 4}, {"uri": "spotify:track:4zrQ9UIhPD6lL6VBISJ5aE", "name": "Big Michael", "artist": "Stormzy", "popularity": 57, "danceability": 0.651, "energy": 0.677, "key": 2, "loudness": -5.14, "mode": 1, "speechiness": 0.543, "acousticness": 0.517, "instrumentalness": 1.56e-06, "liveness": 0.167, "valence": 0.42, "tempo": 147.848, "duration_ms": 146067, "time_signature": 4}, {"uri": "spotify:track:0nLfmQWIqjZkCQNhfP0EHv", "name": "Do Better", "artist": "Stormzy", "popularity": 55, "danceability": 0.337, "energy": 0.724, "key": 1, "loudness": -6.139, "mode": 1, "speechiness": 0.338, "acousticness": 0.301, "instrumentalness": 0, "liveness": 0.0859, "valence": 0.518, "tempo": 59.143, "duration_ms": 249347, "time_signature": 4}, {"uri": "spotify:track:3uMB82o0qa7erhiZBW9KQC", "name": "Big For Your Boots", "artist": "Stormzy", "popularity": 61, "danceability": 0.515, "energy": 0.902, "key": 6, "loudness": -4.729, "mode": 0, "speechiness": 0.383, "acousticness": 0.0313, "instrumentalness": 0, "liveness": 0.093, "valence": 0.628, "tempo": 174.589, "duration_ms": 238419, "time_signature": 5}, {"uri": "spotify:track:2bH4EXqG4bm7EsKRSKC29R", "name": "Rachael's Little Brother", "artist": "Stormzy", "popularity": 54, "danceability": 0.575, "energy": 0.629, "key": 5, "loudness": -7.461, "mode": 1, "speechiness": 0.376, "acousticness": 0.124, "instrumentalness": 0, "liveness": 0.378, "valence": 0.21, "tempo": 83.035, "duration_ms": 337800, "time_signature": 4}, {"uri": "spotify:track:766N0mjf1KzAAYsA1eAJaN", "name": "Handsome", "artist": "Stormzy", "popularity": 53, "danceability": 0.762, "energy": 0.559, "key": 1, "loudness": -6.854, "mode": 1, "speechiness": 0.153, "acousticness": 0.173, "instrumentalness": 0, "liveness": 0.127, "valence": 0.282, "tempo": 139.955, "duration_ms": 152733, "time_signature": 4}, {"uri": "spotify:track:2DdI0KRBuxV5Km0bkm67yh", "name": "One Second (feat. H.E.R.)", "artist": "Stormzy", "popularity": 62, "danceability": 0.495, "energy": 0.497, "key": 5, "loudness": -8.367, "mode": 0, "speechiness": 0.0847, "acousticness": 0.457, "instrumentalness": 6.55e-05, "liveness": 0.115, "valence": 0.259, "tempo": 125.075, "duration_ms": 240893, "time_signature": 5}, {"uri": "spotify:track:3s8WsvFrAbIQodgA2Hlphd", "name": "Disappointed", "artist": "Stormzy", "popularity": 51, "danceability": 0.663, "energy": 0.701, "key": 8, "loudness": -11.067, "mode": 0, "speechiness": 0.271, "acousticness": 0.668, "instrumentalness": 0.000553, "liveness": 0.11, "valence": 0.686, "tempo": 143.502, "duration_ms": 120836, "time_signature": 4}, {"uri": "spotify:track:78gWgWOO4xjYbTbYimvBLQ", "name": "Know Me From", "artist": "Stormzy", "popularity": 53, "danceability": 0.734, "energy": 0.725, "key": 1, "loudness": -8.965, "mode": 1, "speechiness": 0.395, "acousticness": 0.403, "instrumentalness": 0, "liveness": 0.133, "valence": 0.786, "tempo": 139.967, "duration_ms": 193714, "time_signature": 4}, {"uri": "spotify:track:2ixNRyMUQnlcmnox8xBTL5", "name": "Don't Forget to Breathe (feat. Yebba) [Interlude]", "artist": "Stormzy", "popularity": 53, "danceability": 0.388, "energy": 0.215, "key": 5, "loudness": -12.424, "mode": 0, "speechiness": 0.0321, "acousticness": 0.952, "instrumentalness": 0, "liveness": 0.134, "valence": 0.283, "tempo": 54.33, "duration_ms": 141360, "time_signature": 3}, {"uri": "spotify:track:5iVGN1Th2DqyWVNIBM8Vwk", "name": "Lessons", "artist": "Stormzy", "popularity": 62, "danceability": 0.637, "energy": 0.509, "key": 9, "loudness": -7.985, "mode": 0, "speechiness": 0.38, "acousticness": 0.574, "instrumentalness": 0, "liveness": 0.154, "valence": 0.461, "tempo": 94.202, "duration_ms": 187933, "time_signature": 4}, {"uri": "spotify:track:2ECa2abJzm8ogoS4KZGCPl", "name": "Bronze", "artist": "Stormzy", "popularity": 53, "danceability": 0.799, "energy": 0.481, "key": 1, "loudness": -7.159, "mode": 1, "speechiness": 0.236, "acousticness": 0.133, "instrumentalness": 1.29e-06, "liveness": 0.112, "valence": 0.0576, "tempo": 147.096, "duration_ms": 145120, "time_signature": 4}, {"uri": "spotify:track:4Aqk447OISHIGHP7YJaSF4", "name": "One Take Freestyle", "artist": "Stormzy", "popularity": 47, "danceability": 0.654, "energy": 0.819, "key": 6, "loudness": -6.216, "mode": 1, "speechiness": 0.371, "acousticness": 0.22, "instrumentalness": 0, "liveness": 0.158, "valence": 0.921, "tempo": 88.029, "duration_ms": 169681, "time_signature": 5}, {"uri": "spotify:track:7fuSDngvlH3PJs3MbKVWNu", "name": "Sounds of the Skeng", "artist": "Stormzy", "popularity": 53, "danceability": 0.491, "energy": 0.805, "key": 11, "loudness": -3.226, "mode": 0, "speechiness": 0.299, "acousticness": 0.0263, "instrumentalness": 3.9e-05, "liveness": 0.109, "valence": 0.382, "tempo": 174.63, "duration_ms": 214130, "time_signature": 5}, {"uri": "spotify:track:5gSed1Fd3tdse60Gc0Uuoe", "name": "Cold", "artist": "Stormzy", "popularity": 52, "danceability": 0.732, "energy": 0.974, "key": 1, "loudness": -2.158, "mode": 1, "speechiness": 0.168, "acousticness": 0.202, "instrumentalness": 0, "liveness": 0.0853, "valence": 0.717, "tempo": 137.905, "duration_ms": 156961, "time_signature": 4}, {"uri": "spotify:track:745Dazbwplj1SDZ8SPKHV5", "name": "Scary", "artist": "Stormzy", "popularity": 52, "danceability": 0.629, "energy": 0.662, "key": 7, "loudness": -12.353, "mode": 0, "speechiness": 0.68, "acousticness": 0.43, "instrumentalness": 0, "liveness": 0.141, "valence": 0.535, "tempo": 137.718, "duration_ms": 224234, "time_signature": 4}, {"uri": "spotify:track:0ix3RUQ76mECOKP6LDPy66", "name": "First Things First", "artist": "Stormzy", "popularity": 50, "danceability": 0.726, "energy": 0.808, "key": 10, "loudness": -4.377, "mode": 0, "speechiness": 0.134, "acousticness": 0.344, "instrumentalness": 0.000163, "liveness": 0.0828, "valence": 0.483, "tempo": 96.042, "duration_ms": 207739, "time_signature": 4}, {"uri": "spotify:track:2NHSYwGkAvPHzCinY0KwXo", "name": "Shape of You - Stormzy Remix", "artist": "Ed Sheeran", "popularity": 56, "danceability": 0.609, "energy": 0.674, "key": 1, "loudness": -3.007, "mode": 0, "speechiness": 0.202, "acousticness": 0.595, "instrumentalness": 0, "liveness": 0.203, "valence": 0.789, "tempo": 127.656, "duration_ms": 231261, "time_signature": 3}, {"uri": "spotify:track:7MhomISA7KRK6U7KzeV06v", "name": "Cigarettes & Cush (feat. Kehlani & Lily Allen)", "artist": "Stormzy", "popularity": 58, "danceability": 0.64, "energy": 0.64, "key": 8, "loudness": -6.105, "mode": 0, "speechiness": 0.138, "acousticness": 0.469, "instrumentalness": 0, "liveness": 0.265, "valence": 0.761, "tempo": 135.953, "duration_ms": 349584, "time_signature": 4}, {"uri": "spotify:track:3DrMEiTE3yu3yyc6xBDEDz", "name": "Mr Skeng", "artist": "Stormzy", "popularity": 49, "danceability": 0.699, "energy": 0.724, "key": 1, "loudness": -5.126, "mode": 1, "speechiness": 0.223, "acousticness": 0.102, "instrumentalness": 0, "liveness": 0.0865, "valence": 0.402, "tempo": 140.157, "duration_ms": 197452, "time_signature": 4}, {"uri": "spotify:track:78chq26Bmte8cDBp2FCF74", "name": "And Dat (Ft. Stormzy)", "artist": "Bonkaz", "popularity": 0, "danceability": 0.561, "energy": 0.588, "key": 8, "loudness": -7.628, "mode": 1, "speechiness": 0.413, "acousticness": 0.375, "instrumentalness": 0, "liveness": 0.084, "valence": 0.664, "tempo": 83.204, "duration_ms": 195419, "time_signature": 5}, {"uri": "spotify:track:3dMHFZsBzy45jpIHR7l8AJ", "name": "Return Of The Rucksack", "artist": "Stormzy", "popularity": 47, "danceability": 0.743, "energy": 0.782, "key": 9, "loudness": -3.976, "mode": 1, "speechiness": 0.0521, "acousticness": 0.000831, "instrumentalness": 0.000198, "liveness": 0.166, "valence": 0.458, "tempo": 139.005, "duration_ms": 184398, "time_signature": 4}, {"uri": "spotify:track:0A5WqVkhofB9nBPjEBB82N", "name": "WickedSkengMan 4", "artist": "Stormzy", "popularity": 48, "danceability": 0.567, "energy": 0.563, "key": 11, "loudness": -9.708, "mode": 1, "speechiness": 0.399, "acousticness": 0.0911, "instrumentalness": 0, "liveness": 0.112, "valence": 0.518, "tempo": 173.235, "duration_ms": 194000, "time_signature": 5}, {"uri": "spotify:track:3eEvisuPOeO3OrI6hZpyIj", "name": "Birthday Girl", "artist": "Stormzy", "popularity": 53, "danceability": 0.785, "energy": 0.643, "key": 5, "loudness": -8.009, "mode": 0, "speechiness": 0.219, "acousticness": 0.318, "instrumentalness": 0.000525, "liveness": 0.074, "valence": 0.566, "tempo": 125.854, "duration_ms": 245978, "time_signature": 4}, {"uri": "spotify:track:0DlxjLdl9yjCIzww4vfZ6z", "name": "Standard", "artist": "Stormzy", "popularity": 43, "danceability": 0.789, "energy": 0.684, "key": 9, "loudness": -7.158, "mode": 1, "speechiness": 0.361, "acousticness": 0.0172, "instrumentalness": 0, "liveness": 0.0434, "valence": 0.507, "tempo": 139.842, "duration_ms": 209143, "time_signature": 4}, {"uri": "spotify:track:48jPP29QyeTorwlkflGast", "name": "Bad Boys (feat. Ghetts and J Hus)", "artist": "Stormzy", "popularity": 49, "danceability": 0.603, "energy": 0.64, "key": 1, "loudness": -5.215, "mode": 1, "speechiness": 0.291, "acousticness": 0.134, "instrumentalness": 0, "liveness": 0.434, "valence": 0.318, "tempo": 125.462, "duration_ms": 246685, "time_signature": 4}, {"uri": "spotify:track:74VYXs1E4G8IN8upYqG4Ek", "name": "Lay Me Bare", "artist": "Stormzy", "popularity": 47, "danceability": 0.578, "energy": 0.669, "key": 2, "loudness": -4.856, "mode": 0, "speechiness": 0.356, "acousticness": 0.462, "instrumentalness": 0, "liveness": 0.116, "valence": 0.105, "tempo": 86.287, "duration_ms": 304710, "time_signature": 5}, {"uri": "spotify:track:5QhvfTokhgCYqGsqqXQGXs", "name": "BrOTHERHOOD", "artist": "Stormzy", "popularity": 39, "danceability": 0.756, "energy": 0.744, "key": 0, "loudness": -5.994, "mode": 1, "speechiness": 0.19, "acousticness": 0.0663, "instrumentalness": 0, "liveness": 0.113, "valence": 0.493, "tempo": 139.999, "duration_ms": 141413, "time_signature": 4}, {"uri": "spotify:track:4DLEvfk4CixDarTMn1Cn2B", "name": "Dude", "artist": "Lethal Bizzle", "popularity": 41, "danceability": 0.774, "energy": 0.977, "key": 6, "loudness": -1.614, "mode": 1, "speechiness": 0.196, "acousticness": 0.0432, "instrumentalness": 0, "liveness": 0.137, "valence": 0.829, "tempo": 134.022, "duration_ms": 223433, "time_signature": 4}, {"uri": "spotify:track:73aLFMrJu7YX7IMaNlo8Ln", "name": "100 Bags", "artist": "Stormzy", "popularity": 46, "danceability": 0.558, "energy": 0.456, "key": 1, "loudness": -9.904, "mode": 1, "speechiness": 0.531, "acousticness": 0.699, "instrumentalness": 0, "liveness": 0.482, "valence": 0.701, "tempo": 119.986, "duration_ms": 217664, "time_signature": 4}, {"uri": "spotify:track:36I3sETuZvd4dhQzBVIcnw", "name": "Been the Man", "artist": "Tinie Tempah", "popularity": 42, "danceability": 0.74, "energy": 0.819, "key": 1, "loudness": -4.831, "mode": 1, "speechiness": 0.383, "acousticness": 0.15, "instrumentalness": 0, "liveness": 0.33, "valence": 0.713, "tempo": 139.677, "duration_ms": 236747, "time_signature": 4}, {"uri": "spotify:track:7IMqgNhzeFbxK0kOwNgybQ", "name": "Energy", "artist": "Avelino", "popularity": 48, "danceability": 0.517, "energy": 0.608, "key": 5, "loudness": -9.187, "mode": 0, "speechiness": 0.316, "acousticness": 0.0308, "instrumentalness": 0.000202, "liveness": 0.0828, "valence": 0.715, "tempo": 121.121, "duration_ms": 192000, "time_signature": 4}, {"uri": "spotify:track:0FJ1psBJglPPwb3fJfZNJE", "name": "Jupa", "artist": "Stormzy", "popularity": 37, "danceability": 0.767, "energy": 0.592, "key": 9, "loudness": -10.267, "mode": 1, "speechiness": 0.0981, "acousticness": 0.648, "instrumentalness": 0, "liveness": 0.155, "valence": 0.967, "tempo": 100.024, "duration_ms": 232856, "time_signature": 4}, {"uri": "spotify:track:2BOuKBjgphh9GW3LpMZMDA", "name": "I'm Fine", "artist": "Chip", "popularity": 0, "danceability": 0.679, "energy": 0.756, "key": 1, "loudness": -3.779, "mode": 1, "speechiness": 0.311, "acousticness": 0.115, "instrumentalness": 0, "liveness": 0.0363, "valence": 0.871, "tempo": 129.372, "duration_ms": 211936, "time_signature": 4}, {"uri": "spotify:track:4ktvY7ScRq7jVrC4DvLXHO", "name": "Lex Luther", "artist": "Mez", "popularity": 36, "danceability": 0.603, "energy": 0.914, "key": 10, "loudness": -3.223, "mode": 0, "speechiness": 0.329, "acousticness": 0.0205, "instrumentalness": 0, "liveness": 0.0466, "valence": 0.558, "tempo": 174.723, "duration_ms": 195429, "time_signature": 5}, {"uri": "spotify:track:0D4j0g4nGdt70HLilKqOQw", "name": "Not That Deep", "artist": "Stormzy", "popularity": 0, "danceability": 0.46, "energy": 0.815, "key": 11, "loudness": -9.244, "mode": 0, "speechiness": 0.385, "acousticness": 0.369, "instrumentalness": 0, "liveness": 0.0942, "valence": 0.798, "tempo": 139.27, "duration_ms": 226286, "time_signature": 4}, {"uri": "spotify:track:2IqJgAu14XDs35mW0j0WFK", "name": "Don't Cry For Me (feat. Raleigh Ritchie)", "artist": "Stormzy", "popularity": 45, "danceability": 0.65, "energy": 0.738, "key": 5, "loudness": -4.948, "mode": 0, "speechiness": 0.148, "acousticness": 0.404, "instrumentalness": 0, "liveness": 0.0857, "valence": 0.616, "tempo": 137.013, "duration_ms": 214471, "time_signature": 4}, {"uri": "spotify:track:1zdqHTmos0T3D3ixONJHkg", "name": "Hear Dis", "artist": "Chip", "popularity": 0, "danceability": 0.599, "energy": 0.84, "key": 9, "loudness": -9.463, "mode": 1, "speechiness": 0.416, "acousticness": 0.211, "instrumentalness": 0, "liveness": 0.559, "valence": 0.887, "tempo": 87.389, "duration_ms": 200113, "time_signature": 5}, {"uri": "spotify:track:5g7PCqiSmTwXS5xAgnZfJT", "name": "Big Man / All You Gotta Do", "artist": "Yungen", "popularity": 34, "danceability": 0.512, "energy": 0.679, "key": 2, "loudness": -6.195, "mode": 1, "speechiness": 0.289, "acousticness": 0.115, "instrumentalness": 3.87e-05, "liveness": 0.131, "valence": 0.136, "tempo": 103.039, "duration_ms": 274951, "time_signature": 4}, {"uri": "spotify:track:4bFRhKpksptSW2eTclNH11", "name": "Not That Deep - Section Remix", "artist": "Stormzy", "popularity": 0, "danceability": 0.629, "energy": 0.777, "key": 11, "loudness": -6.324, "mode": 0, "speechiness": 0.386, "acousticness": 0.247, "instrumentalness": 0, "liveness": 0.227, "valence": 0.836, "tempo": 139.742, "duration_ms": 240857, "time_signature": 4}, {"uri": "spotify:track:4GXMWFus2XoMuPqP5gdgld", "name": "Velvet / Jenny Francis - Interlude", "artist": "Stormzy", "popularity": 48, "danceability": 0.493, "energy": 0.501, "key": 2, "loudness": -6.421, "mode": 1, "speechiness": 0.118, "acousticness": 0.45, "instrumentalness": 4.55e-05, "liveness": 0.123, "valence": 0.262, "tempo": 106.538, "duration_ms": 339933, "time_signature": 4}, {"uri": "spotify:track:1psq2ewHQI1AhquLsoi6nB", "name": "Keepin' It Real", "artist": "P Money", "popularity": 0, "danceability": 0.597, "energy": 0.823, "key": 11, "loudness": -4.301, "mode": 0, "speechiness": 0.372, "acousticness": 0.0867, "instrumentalness": 0, "liveness": 0.266, "valence": 0.747, "tempo": 140.77, "duration_ms": 224857, "time_signature": 4}, {"uri": "spotify:track:5hzBiEGCC6IUzIImitWJKy", "name": "Blinded By Your Grace, Pt. 1", "artist": "Stormzy", "popularity": 48, "danceability": 0.557, "energy": 0.0768, "key": 11, "loudness": -19.691, "mode": 1, "speechiness": 0.0563, "acousticness": 0.956, "instrumentalness": 2.91e-05, "liveness": 0.14, "valence": 0.259, "tempo": 126.091, "duration_ms": 160798, "time_signature": 3}, {"uri": "spotify:track:41aEJVUVNjhvZlECWDQZgW", "name": "My Hood", "artist": "RAY BLK", "popularity": 52, "danceability": 0.731, "energy": 0.558, "key": 6, "loudness": -6.533, "mode": 1, "speechiness": 0.107, "acousticness": 0.194, "instrumentalness": 0, "liveness": 0.111, "valence": 0.415, "tempo": 96.961, "duration_ms": 271957, "time_signature": 4}, {"uri": "spotify:track:58orOBQXe8t6qxpqIi7WsL", "name": "The Blow Back", "artist": "Giggs", "popularity": 0, "danceability": 0.84, "energy": 0.683, "key": 1, "loudness": -3.088, "mode": 1, "speechiness": 0.137, "acousticness": 0.135, "instrumentalness": 0, "liveness": 0.617, "valence": 0.145, "tempo": 131.081, "duration_ms": 362693, "time_signature": 4}, {"uri": "spotify:track:1KpPUihIH2BwQ28tIqWszw", "name": "Momma's Prayers", "artist": "JP Cooper", "popularity": 0, "danceability": 0.497, "energy": 0.527, "key": 10, "loudness": -9.863, "mode": 0, "speechiness": 0.0579, "acousticness": 0.496, "instrumentalness": 2.45e-06, "liveness": 0.0984, "valence": 0.24, "tempo": 79.978, "duration_ms": 305583, "time_signature": 4}, {"uri": "spotify:track:3IgShuJaI7JUFK3A0ncjJf", "name": "Chains - Stormzy Remix", "artist": "Nick Jonas", "popularity": 32, "danceability": 0.591, "energy": 0.607, "key": 10, "loudness": -7.416, "mode": 0, "speechiness": 0.0852, "acousticness": 0.0146, "instrumentalness": 0, "liveness": 0.119, "valence": 0.13, "tempo": 75.859, "duration_ms": 229120, "time_signature": 4}, {"uri": "spotify:track:71GOBk9Dj0NEYNLzLCX4Sq", "name": "21 Gun Salute (feat. Wretch 32) - Interlude", "artist": "Stormzy", "popularity": 44, "danceability": 0.564, "energy": 0.423, "key": 2, "loudness": -10.888, "mode": 0, "speechiness": 0.116, "acousticness": 0.796, "instrumentalness": 0, "liveness": 0.0945, "valence": 0.188, "tempo": 78.613, "duration_ms": 146254, "time_signature": 1}, {"uri": "spotify:track:7JODxUwDCTvuEVkPMm9eHL", "name": "All Time Low", "artist": "Jon Bellion", "popularity": 0, "danceability": 0.458, "energy": 0.624, "key": 0, "loudness": -4.186, "mode": 1, "speechiness": 0.275, "acousticness": 0.048, "instrumentalness": 0, "liveness": 0.11, "valence": 0.634, "tempo": 87.377, "duration_ms": 219460, "time_signature": 4}, {"uri": "spotify:track:6hbLurNen05PvCq1tpw6Aa", "name": "Out In the Jungle", "artist": "Sqeeks", "popularity": 34, "danceability": 0.771, "energy": 0.585, "key": 7, "loudness": -9.339, "mode": 1, "speechiness": 0.254, "acousticness": 0.0253, "instrumentalness": 0.0012, "liveness": 0.107, "valence": 0.0572, "tempo": 91.016, "duration_ms": 288132, "time_signature": 4}, {"uri": "spotify:track:6pDGQCID6RvB4tFVrCi5U5", "name": "Look Like", "artist": "Charlie Sloth", "popularity": 0, "danceability": 0.596, "energy": 0.799, "key": 2, "loudness": -5.452, "mode": 1, "speechiness": 0.342, "acousticness": 0.053, "instrumentalness": 0.000967, "liveness": 0.68, "valence": 0.324, "tempo": 99.646, "duration_ms": 231069, "time_signature": 4}, {"uri": "spotify:track:2swyFMOrTT4zkodisWLq93", "name": "Feels Like (feat. Stormzy) - LOXE Remix", "artist": "Nao", "popularity": 34, "danceability": 0.682, "energy": 0.542, "key": 5, "loudness": -10.19, "mode": 0, "speechiness": 0.0593, "acousticness": 0.0224, "instrumentalness": 0.00401, "liveness": 0.112, "valence": 0.165, "tempo": 137.057, "duration_ms": 214307, "time_signature": 4}, {"uri": "spotify:track:05Oh5UXYzN1OzFxiG1W7UK", "name": "Warning Light", "artist": "Nick Brewer", "popularity": 0, "danceability": 0.767, "energy": 0.486, "key": 2, "loudness": -13.58, "mode": 1, "speechiness": 0.27, "acousticness": 0.0636, "instrumentalness": 6.37e-06, "liveness": 0.128, "valence": 0.461, "tempo": 133.197, "duration_ms": 227000, "time_signature": 4}]