[{"uri": "spotify:track:06Dyf27hoaHiVugKgL7K2Z", "name": "\u3082\u3057\u3082\u547d\u304c\u63cf\u3051\u305f\u3089", "artist": "YOASOBI", "popularity": 68, "danceability": 0.698, "energy": 0.795, "key": 10, "loudness": -4.516, "mode": 0, "speechiness": 0.0337, "acousticness": 0.175, "instrumentalness": 0.000752, "liveness": 0.158, "valence": 0.356, "tempo": 99.987, "duration_ms": 201627, "time_signature": 4}, {"uri": "spotify:track:6ZiEWet0uFRwWBCEKCQ8rY", "name": "\u9006\u5922", "artist": "King Gnu", "popularity": 76, "danceability": 0.204, "energy": 0.708, "key": 1, "loudness": -5.425, "mode": 1, "speechiness": 0.0458, "acousticness": 0.442, "instrumentalness": 0, "liveness": 0.319, "valence": 0.278, "tempo": 83.443, "duration_ms": 307667, "time_signature": 4}, {"uri": "spotify:track:7v8wKvNQQIxkugCFFjrkaO", "name": "\u6b8b\u97ff\u6563\u6b4c", "artist": "Aimer", "popularity": 82, "danceability": 0.367, "energy": 0.896, "key": 11, "loudness": -4.002, "mode": 1, "speechiness": 0.091, "acousticness": 0.000627, "instrumentalness": 0, "liveness": 0.207, "valence": 0.38, "tempo": 170.863, "duration_ms": 184893, "time_signature": 4}, {"uri": "spotify:track:6T8eKlvqWuPKJT7euIqoxX", "name": "\u30df\u30ba\u30ad\u30ea", "artist": "Yuuri", "popularity": 48, "danceability": 0.446, "energy": 0.706, "key": 1, "loudness": -5.447, "mode": 1, "speechiness": 0.033, "acousticness": 0.163, "instrumentalness": 0, "liveness": 0.11, "valence": 0.445, "tempo": 179.906, "duration_ms": 208400, "time_signature": 4}, {"uri": "spotify:track:6ts1KCOudfDYXYfyWtq0k1", "name": "\u304a\u3082\u304b\u3052 (produced by Vaundy)", "artist": "milet", "popularity": 74, "danceability": 0.488, "energy": 0.638, "key": 8, "loudness": -4.502, "mode": 1, "speechiness": 0.058, "acousticness": 0.0258, "instrumentalness": 2.24e-05, "liveness": 0.12, "valence": 0.713, "tempo": 207.906, "duration_ms": 188060, "time_signature": 4}, {"uri": "spotify:track:2PFzK3kMDDYKhGnugvNYf1", "name": "\u306a\u3093\u3067\u3082\u306a\u3044\u3088\u3001", "artist": "Macaroni Empitsu", "popularity": 78, "danceability": 0.597, "energy": 0.525, "key": 4, "loudness": -6.039, "mode": 1, "speechiness": 0.0519, "acousticness": 0.278, "instrumentalness": 0, "liveness": 0.0692, "valence": 0.589, "tempo": 171.561, "duration_ms": 218752, "time_signature": 4}, {"uri": "spotify:track:1cvluyKT1Iw1NZGGUgQ8u4", "name": "Landscape", "artist": "Ryokuoushoku Shakai", "popularity": 60, "danceability": 0.667, "energy": 0.951, "key": 1, "loudness": -0.997, "mode": 1, "speechiness": 0.054, "acousticness": 0.05, "instrumentalness": 0, "liveness": 0.288, "valence": 0.799, "tempo": 130.011, "duration_ms": 231840, "time_signature": 4}, {"uri": "spotify:track:0ZPYvSJZ1feuhUcG17PHqP", "name": "Anarchy", "artist": "Official HIGE DANdism", "popularity": 61, "danceability": 0.7, "energy": 0.716, "key": 11, "loudness": -7.834, "mode": 0, "speechiness": 0.0307, "acousticness": 0.000311, "instrumentalness": 0.00254, "liveness": 0.101, "valence": 0.471, "tempo": 133.968, "duration_ms": 268431, "time_signature": 4}, {"uri": "spotify:track:4xk70Qur2QeRmWIzWPC63V", "name": "\u8e0a\u308a\u5b50", "artist": "Vaundy", "popularity": 77, "danceability": 0.718, "energy": 0.475, "key": 7, "loudness": -11.469, "mode": 1, "speechiness": 0.0611, "acousticness": 0.845, "instrumentalness": 0.801, "liveness": 0.105, "valence": 0.678, "tempo": 157.032, "duration_ms": 230110, "time_signature": 4}, {"uri": "spotify:track:7znz9Gm1qXs5wOXwOGQqZR", "name": "\u85cd\u624d", "artist": "Eve", "popularity": 65, "danceability": 0.626, "energy": 0.829, "key": 5, "loudness": -6.897, "mode": 0, "speechiness": 0.0458, "acousticness": 0.0159, "instrumentalness": 0, "liveness": 0.173, "valence": 0.629, "tempo": 131.984, "duration_ms": 256213, "time_signature": 4}, {"uri": "spotify:track:7ncPjJBktLEOpstY5JOUMK", "name": "\u4e00\u9014", "artist": "King Gnu", "popularity": 80, "danceability": 0.5, "energy": 0.964, "key": 2, "loudness": -4.19, "mode": 1, "speechiness": 0.124, "acousticness": 0.00723, "instrumentalness": 6.2e-05, "liveness": 0.0557, "valence": 0.662, "tempo": 159.971, "duration_ms": 190607, "time_signature": 4}, {"uri": "spotify:track:3k64vNcgYPkETG7TNgpW4o", "name": "\u88f8\u306e\u52c7\u8005", "artist": "Vaundy", "popularity": 66, "danceability": 0.442, "energy": 0.888, "key": 9, "loudness": -5.747, "mode": 0, "speechiness": 0.121, "acousticness": 0.0127, "instrumentalness": 0.000727, "liveness": 0.2, "valence": 0.435, "tempo": 163.032, "duration_ms": 201973, "time_signature": 4}, {"uri": "spotify:track:6YBcbXDYIITuyCEN2YwGRy", "name": "Doughnut", "artist": "TWICE", "popularity": 74, "danceability": 0.693, "energy": 0.586, "key": 5, "loudness": -6.098, "mode": 0, "speechiness": 0.0315, "acousticness": 0.233, "instrumentalness": 0, "liveness": 0.145, "valence": 0.459, "tempo": 82.039, "duration_ms": 263680, "time_signature": 4}, {"uri": "spotify:track:7G4rZHIBiXJNFmLYXtWCPm", "name": "\u3042\u3041\u3001\u3082\u3046\u3002", "artist": "Saucy Dog", "popularity": 65, "danceability": 0.706, "energy": 0.672, "key": 4, "loudness": -4.696, "mode": 1, "speechiness": 0.029, "acousticness": 0.248, "instrumentalness": 0, "liveness": 0.177, "valence": 0.632, "tempo": 112.126, "duration_ms": 284330, "time_signature": 4}, {"uri": "spotify:track:4mAeZfLSMlBB8QLkbRSna7", "name": "\u3064\u307e\u3089\u306a\u3044\u591c", "artist": "ZOOKARADERU", "popularity": 48, "danceability": 0.607, "energy": 0.711, "key": 7, "loudness": -5.75, "mode": 1, "speechiness": 0.0299, "acousticness": 0.0274, "instrumentalness": 1.29e-06, "liveness": 0.0955, "valence": 0.66, "tempo": 120.033, "duration_ms": 206380, "time_signature": 4}, {"uri": "spotify:track:2VRcLEvQCMByWBuvM9gaJ2", "name": "Oz.", "artist": "yama", "popularity": 68, "danceability": 0.403, "energy": 0.723, "key": 7, "loudness": -4.609, "mode": 1, "speechiness": 0.0339, "acousticness": 0.0422, "instrumentalness": 7.48e-06, "liveness": 0.374, "valence": 0.441, "tempo": 75.989, "duration_ms": 194274, "time_signature": 4}, {"uri": "spotify:track:2sf18cEv463VgqmdjDsFpw", "name": "\u30d9\u30c6\u30eb\u30ae\u30a6\u30b9", "artist": "Yuuri", "popularity": 79, "danceability": 0.432, "energy": 0.68, "key": 5, "loudness": -4.839, "mode": 1, "speechiness": 0.0431, "acousticness": 0.199, "instrumentalness": 0, "liveness": 0.481, "valence": 0.685, "tempo": 180.002, "duration_ms": 230394, "time_signature": 4}, {"uri": "spotify:track:6qn31XzTa6YKXs5FZpAPgP", "name": "\u5e38\u7dd1", "artist": "Chippoke Ohashi", "popularity": 73, "danceability": 0.725, "energy": 0.75, "key": 11, "loudness": -5.694, "mode": 1, "speechiness": 0.0772, "acousticness": 0.0242, "instrumentalness": 0, "liveness": 0.101, "valence": 0.888, "tempo": 101.19, "duration_ms": 171547, "time_signature": 4}, {"uri": "spotify:track:79TdseXlAiANFOTstIwejv", "name": "\u6c88\u4e01\u82b1", "artist": "DISH//", "popularity": 70, "danceability": 0.555, "energy": 0.834, "key": 8, "loudness": -3.541, "mode": 1, "speechiness": 0.0299, "acousticness": 0.0408, "instrumentalness": 0, "liveness": 0.346, "valence": 0.771, "tempo": 120.039, "duration_ms": 231610, "time_signature": 4}, {"uri": "spotify:track:3ciqhcLmXP4hVGBD98QlEj", "name": "\u304d\u3089\u308a", "artist": "Fujii Kaze", "popularity": 78, "danceability": 0.746, "energy": 0.764, "key": 2, "loudness": -6.833, "mode": 1, "speechiness": 0.0462, "acousticness": 0.00803, "instrumentalness": 0, "liveness": 0.357, "valence": 0.701, "tempo": 116.982, "duration_ms": 231883, "time_signature": 4}, {"uri": "spotify:track:5f0N60WTFye6mIxkIRPuBM", "name": "\u611b\u3057\u304d\u65e5\u3005\u306e\u771f\u3093\u4e2d\u3067", "artist": "HIRAIDAI", "popularity": 65, "danceability": 0.373, "energy": 0.421, "key": 1, "loudness": -6.088, "mode": 1, "speechiness": 0.037, "acousticness": 0.151, "instrumentalness": 0, "liveness": 0.0846, "valence": 0.332, "tempo": 155.064, "duration_ms": 202049, "time_signature": 4}, {"uri": "spotify:track:3mRNkUTu4ItqQ6GXy7L7KF", "name": "\u541b\u306b\u5922\u4e2d", "artist": "Hikaru Utada", "popularity": 76, "danceability": 0.504, "energy": 0.553, "key": 1, "loudness": -9.163, "mode": 1, "speechiness": 0.0943, "acousticness": 0.599, "instrumentalness": 4.56e-06, "liveness": 0.106, "valence": 0.435, "tempo": 171.914, "duration_ms": 257953, "time_signature": 4}, {"uri": "spotify:track:77eXIA0iOeNjkYyfVFeQPk", "name": "One", "artist": "STUTS", "popularity": 60, "danceability": 0.7, "energy": 0.866, "key": 5, "loudness": -4.268, "mode": 0, "speechiness": 0.0749, "acousticness": 0.033, "instrumentalness": 0, "liveness": 0.0737, "valence": 0.711, "tempo": 93.4, "duration_ms": 218000, "time_signature": 4}, {"uri": "spotify:track:3N8YigCwZIgIH8IKzlw6V9", "name": "\u539f\u7f6a\u3068\u798f\u97f3", "artist": "Tokyo Incidents", "popularity": 59, "danceability": 0.46, "energy": 0.471, "key": 5, "loudness": -4.381, "mode": 1, "speechiness": 0.028, "acousticness": 0.187, "instrumentalness": 0.00026, "liveness": 0.114, "valence": 0.129, "tempo": 76.907, "duration_ms": 280000, "time_signature": 4}, {"uri": "spotify:track:46LzUNQbhoNBTcBNp0dtsH", "name": "\u66d6\u6627", "artist": "WANIMA", "popularity": 61, "danceability": 0.684, "energy": 0.893, "key": 11, "loudness": -4.38, "mode": 0, "speechiness": 0.0506, "acousticness": 0.047, "instrumentalness": 0, "liveness": 0.344, "valence": 0.758, "tempo": 123.962, "duration_ms": 221168, "time_signature": 4}, {"uri": "spotify:track:1YJhvLLaF3gyFQoFGrawoI", "name": "\u30e9\u30b9\u30c8\u30b7\u30fc\u30f3", "artist": "Masaki Suda", "popularity": 66, "danceability": 0.387, "energy": 0.87, "key": 6, "loudness": -3.855, "mode": 1, "speechiness": 0.057, "acousticness": 0.0512, "instrumentalness": 0, "liveness": 0.113, "valence": 0.409, "tempo": 149.824, "duration_ms": 269773, "time_signature": 4}, {"uri": "spotify:track:3zpQOYESpZj2mDPrgy3fRT", "name": "Diary", "artist": "SEKAI NO OWARI", "popularity": 62, "danceability": 0.344, "energy": 0.454, "key": 11, "loudness": -6.723, "mode": 1, "speechiness": 0.0308, "acousticness": 0.67, "instrumentalness": 3.16e-06, "liveness": 0.256, "valence": 0.39, "tempo": 120.033, "duration_ms": 242650, "time_signature": 3}, {"uri": "spotify:track:6cvKfEw8rDcmXBslqSEC9G", "name": "\u30cf\u30fc\u30c8", "artist": "Aimyon", "popularity": 76, "danceability": 0.661, "energy": 0.448, "key": 6, "loudness": -5.761, "mode": 1, "speechiness": 0.0522, "acousticness": 0.543, "instrumentalness": 0, "liveness": 0.0818, "valence": 0.299, "tempo": 78.114, "duration_ms": 271280, "time_signature": 4}, {"uri": "spotify:track:6V6ED9h3ps0gzcClRMxSKu", "name": "PARADOX", "artist": "MY FIRST STORY", "popularity": 60, "danceability": 0.571, "energy": 0.779, "key": 7, "loudness": -4.603, "mode": 0, "speechiness": 0.0388, "acousticness": 0.0432, "instrumentalness": 0, "liveness": 0.103, "valence": 0.514, "tempo": 130.005, "duration_ms": 204920, "time_signature": 4}, {"uri": "spotify:track:7sRYDTjWTX00fd9BCOflLo", "name": "\u30db\u30ef\u30a4\u30c8\u30ad\u30b9", "artist": "\u9234\u6728\u9234\u6728", "popularity": 72, "danceability": 0.704, "energy": 0.797, "key": 1, "loudness": -4.7, "mode": 1, "speechiness": 0.0505, "acousticness": 0.133, "instrumentalness": 0, "liveness": 0.284, "valence": 0.619, "tempo": 110.003, "duration_ms": 274860, "time_signature": 4}, {"uri": "spotify:track:47bqDSq66FiXyPjixsFphC", "name": "BITTER!", "artist": "LUCKY TAPES", "popularity": 55, "danceability": 0.669, "energy": 0.493, "key": 1, "loudness": -7.692, "mode": 1, "speechiness": 0.152, "acousticness": 0.589, "instrumentalness": 1.38e-06, "liveness": 0.119, "valence": 0.642, "tempo": 169.866, "duration_ms": 185118, "time_signature": 4}, {"uri": "spotify:track:4zfsk7inEPq0PawGyU6oHi", "name": "\u90a6\u753b", "artist": "Indigo la End", "popularity": 59, "danceability": 0.705, "energy": 0.831, "key": 1, "loudness": -3.982, "mode": 0, "speechiness": 0.0311, "acousticness": 0.193, "instrumentalness": 6.81e-05, "liveness": 0.203, "valence": 0.78, "tempo": 93.974, "duration_ms": 197450, "time_signature": 4}, {"uri": "spotify:track:2IL2asrtx7XM1y8fu2RMnR", "name": "CITRUS", "artist": "Da-iCE", "popularity": 76, "danceability": 0.549, "energy": 0.861, "key": 1, "loudness": -2.526, "mode": 1, "speechiness": 0.0459, "acousticness": 0.22, "instrumentalness": 0, "liveness": 0.361, "valence": 0.739, "tempo": 82.042, "duration_ms": 248653, "time_signature": 4}, {"uri": "spotify:track:77lXKVqKTfVJEnq6Q4O95e", "name": "Maji\u3067Koi\u3059\u308b5\u79d2\u524d", "artist": "GING NANG BOYZ", "popularity": 57, "danceability": 0.356, "energy": 0.917, "key": 8, "loudness": -2.119, "mode": 1, "speechiness": 0.0469, "acousticness": 1.28e-05, "instrumentalness": 0, "liveness": 0.0746, "valence": 0.543, "tempo": 98.996, "duration_ms": 290600, "time_signature": 4}, {"uri": "spotify:track:41GHAXwcqJcmP3Y1U4CoiJ", "name": "\u30ca\u30a4\u30c8\u30aa\u30f3\u30b6\u30d7\u30e9\u30cd\u30c3\u30c8", "artist": "Creep Hyp", "popularity": 59, "danceability": 0.723, "energy": 0.578, "key": 4, "loudness": -7.799, "mode": 1, "speechiness": 0.0374, "acousticness": 0.361, "instrumentalness": 0.000673, "liveness": 0.0899, "valence": 0.659, "tempo": 176.09, "duration_ms": 269667, "time_signature": 4}, {"uri": "spotify:track:5RmtuRIe8FJg9FRegwCqzW", "name": "EVERBLUE", "artist": "Omoinotake", "popularity": 65, "danceability": 0.597, "energy": 0.895, "key": 8, "loudness": -4.225, "mode": 0, "speechiness": 0.173, "acousticness": 0.0463, "instrumentalness": 0, "liveness": 0.299, "valence": 0.498, "tempo": 134.985, "duration_ms": 241867, "time_signature": 4}, {"uri": "spotify:track:4lEk6fyJu7LLPenqL0Raj5", "name": "\u963f\u4fee\u7f85\u3061\u3083\u3093", "artist": "Ado", "popularity": 71, "danceability": 0.628, "energy": 0.942, "key": 1, "loudness": -3.954, "mode": 0, "speechiness": 0.155, "acousticness": 0.0629, "instrumentalness": 0, "liveness": 0.315, "valence": 0.65, "tempo": 156.056, "duration_ms": 196285, "time_signature": 4}, {"uri": "spotify:track:5AyIYrq6MV7uuLRGFqtXPK", "name": "Higher Love", "artist": "MISIA", "popularity": 55, "danceability": 0.543, "energy": 0.7, "key": 4, "loudness": -6.016, "mode": 1, "speechiness": 0.0842, "acousticness": 0.178, "instrumentalness": 0, "liveness": 0.327, "valence": 0.631, "tempo": 155.742, "duration_ms": 334773, "time_signature": 4}, {"uri": "spotify:track:5NJiQOeqz2WWGBZVKcP1oO", "name": "ATTRACTION [Japanese Remix]", "artist": "BUMKEY", "popularity": 55, "danceability": 0.72, "energy": 0.81, "key": 0, "loudness": -3.671, "mode": 1, "speechiness": 0.0897, "acousticness": 0.114, "instrumentalness": 0, "liveness": 0.104, "valence": 0.788, "tempo": 92.066, "duration_ms": 210694, "time_signature": 4}, {"uri": "spotify:track:2YdtxfndCrtPfIgxEOtRjJ", "name": "\u30d5\u30ec\u30f3\u30c5", "artist": "PUNPEE", "popularity": 56, "danceability": 0.803, "energy": 0.609, "key": 6, "loudness": -5.432, "mode": 1, "speechiness": 0.276, "acousticness": 0.163, "instrumentalness": 4.48e-05, "liveness": 0.131, "valence": 0.729, "tempo": 87.524, "duration_ms": 172359, "time_signature": 4}, {"uri": "spotify:track:2EQFpKZWfUMdcpWILJVGru", "name": "It's All For Us", "artist": "Nulbarich", "popularity": 54, "danceability": 0.656, "energy": 0.532, "key": 1, "loudness": -8.562, "mode": 1, "speechiness": 0.0319, "acousticness": 0.0122, "instrumentalness": 0.00215, "liveness": 0.0804, "valence": 0.465, "tempo": 99.976, "duration_ms": 228019, "time_signature": 4}, {"uri": "spotify:track:5LPyVrjwXEvHE3mcjYrSoT", "name": "\u30d7\u30e9\u30c8\u30fc", "artist": "Sakanaction", "popularity": 61, "danceability": 0.48, "energy": 0.718, "key": 6, "loudness": -7.926, "mode": 0, "speechiness": 0.101, "acousticness": 0.00317, "instrumentalness": 6.16e-05, "liveness": 0.255, "valence": 0.492, "tempo": 162.058, "duration_ms": 263017, "time_signature": 4}, {"uri": "spotify:track:6mBNGsS8tPt8IqRIev50lY", "name": "FLN", "artist": "(sic)boy", "popularity": 54, "danceability": 0.523, "energy": 0.869, "key": 0, "loudness": -4.062, "mode": 1, "speechiness": 0.0518, "acousticness": 0.00594, "instrumentalness": 0, "liveness": 0.355, "valence": 0.528, "tempo": 139.95, "duration_ms": 195857, "time_signature": 4}, {"uri": "spotify:track:4uJWArBtdW2vclttyV2eCB", "name": "EN", "artist": "UVERworld", "popularity": 58, "danceability": 0.395, "energy": 0.868, "key": 2, "loudness": -2.694, "mode": 1, "speechiness": 0.0776, "acousticness": 0.0877, "instrumentalness": 0, "liveness": 0.145, "valence": 0.202, "tempo": 139.597, "duration_ms": 305320, "time_signature": 5}, {"uri": "spotify:track:5dCWwd6RUQPxVZZ1igVvn6", "name": "\u30a2\u30eb\u30c7\u30d0\u30e9\u30f3", "artist": "AI", "popularity": 65, "danceability": 0.438, "energy": 0.449, "key": 2, "loudness": -7.228, "mode": 1, "speechiness": 0.0329, "acousticness": 0.26, "instrumentalness": 0, "liveness": 0.241, "valence": 0.478, "tempo": 146.011, "duration_ms": 266159, "time_signature": 4}, {"uri": "spotify:track:3W4yKXVQ2BPWUZT8gsCf7W", "name": "\u5927\u597d\u7269", "artist": "SPITZ", "popularity": 61, "danceability": 0.658, "energy": 0.881, "key": 0, "loudness": -4.12, "mode": 1, "speechiness": 0.0429, "acousticness": 0.135, "instrumentalness": 2.71e-05, "liveness": 0.085, "valence": 0.893, "tempo": 122.002, "duration_ms": 248350, "time_signature": 4}, {"uri": "spotify:track:59kIuAVlIgcR6NSctQxylR", "name": "\u30c9\u30fc\u30d1\u30df\u30f3", "artist": "Gesu No Kiwami Otome", "popularity": 55, "danceability": 0.73, "energy": 0.65, "key": 1, "loudness": -8.482, "mode": 1, "speechiness": 0.0388, "acousticness": 0.00271, "instrumentalness": 0.0156, "liveness": 0.113, "valence": 0.464, "tempo": 123.976, "duration_ms": 173160, "time_signature": 4}, {"uri": "spotify:track:1ahSmZww75M4DOKibyaYYp", "name": "\u9b54\u6cd5\u306e\u6b4c", "artist": "PEOPLE 1", "popularity": 58, "danceability": 0.693, "energy": 0.738, "key": 7, "loudness": -5.077, "mode": 1, "speechiness": 0.0298, "acousticness": 0.00582, "instrumentalness": 0, "liveness": 0.356, "valence": 0.693, "tempo": 129.988, "duration_ms": 231680, "time_signature": 4}, {"uri": "spotify:track:2NQCOI5dNK5hTJI24tA1gb", "name": "What's Your Favorite?", "artist": "ONE N' ONLY", "popularity": 46, "danceability": 0.724, "energy": 0.832, "key": 5, "loudness": -4.224, "mode": 0, "speechiness": 0.239, "acousticness": 0.0222, "instrumentalness": 0, "liveness": 0.157, "valence": 0.701, "tempo": 110.044, "duration_ms": 200562, "time_signature": 4}, {"uri": "spotify:track:0DWuqS6eHlmVazf52ysjB4", "name": "AURORA TOKIO", "artist": "Aile The Shota", "popularity": 54, "danceability": 0.74, "energy": 0.694, "key": 1, "loudness": -6.796, "mode": 1, "speechiness": 0.0313, "acousticness": 0.195, "instrumentalness": 0, "liveness": 0.0866, "valence": 0.807, "tempo": 107.0, "duration_ms": 215913, "time_signature": 4}]