[{"uri": "spotify:track:6mhQ7eOHaV0ur2ooKTavW1", "name": "Tchaikovsky: 1812 Overture in E-Flat Major, Op. 49", "artist": "Pyotr Ilyich Tchaikovsky", "popularity": 53, "danceability": 0.173, "energy": 0.182, "key": 3, "loudness": -18.848, "mode": 1, "speechiness": 0.0437, "acousticness": 0.886, "instrumentalness": 0.894, "liveness": 0.224, "valence": 0.0781, "tempo": 70.831, "duration_ms": 905667, "time_signature": 4}, {"uri": "spotify:track:11WQasJcGWgh3mvR1UiBcm", "name": "Tchaikovsky: The Nutcracker, Op. 71: Miniature Overture", "artist": "Pyotr Ilyich Tchaikovsky", "popularity": 60, "danceability": 0.422, "energy": 0.0461, "key": 10, "loudness": -26.781, "mode": 1, "speechiness": 0.04, "acousticness": 0.977, "instrumentalness": 0.839, "liveness": 0.0557, "valence": 0.337, "tempo": 118.922, "duration_ms": 189085, "time_signature": 4}, {"uri": "spotify:track:72jIJDADnBLJKXV2yxv5N0", "name": "String Sextet in D Minor, Op. 70, \"Souvenir de Florence\": I. Allegro con spirito", "artist": "Pyotr Ilyich Tchaikovsky", "popularity": 50, "danceability": 0.352, "energy": 0.235, "key": 2, "loudness": -16.235, "mode": 1, "speechiness": 0.0398, "acousticness": 0.894, "instrumentalness": 0.675, "liveness": 0.396, "valence": 0.329, "tempo": 109.16, "duration_ms": 626240, "time_signature": 1}, {"uri": "spotify:track:3vYhiBnAnCGL26yDB1QDQG", "name": "Eugene Onegin (Lyrical scenes in three acts) (Act 1): Introduction", "artist": "Pyotr Ilyich Tchaikovsky", "popularity": 43, "danceability": 0.163, "energy": 0.012, "key": 7, "loudness": -31.042, "mode": 0, "speechiness": 0.0415, "acousticness": 0.949, "instrumentalness": 0.0438, "liveness": 0.107, "valence": 0.0654, "tempo": 130.813, "duration_ms": 141533, "time_signature": 3}, {"uri": "spotify:track:7LFs89i1kqjEzIvYR1WwJh", "name": "Symphony No. 6 In B Minor, Op. 74, TH.30: 4. Finale: Adagio lamentoso - Andante", "artist": "Pyotr Ilyich Tchaikovsky", "popularity": 45, "danceability": 0.151, "energy": 0.0722, "key": 11, "loudness": -19.791, "mode": 0, "speechiness": 0.042, "acousticness": 0.934, "instrumentalness": 0.802, "liveness": 0.218, "valence": 0.0368, "tempo": 105.653, "duration_ms": 568884, "time_signature": 4}, {"uri": "spotify:track:2zp6Y3mx7xeOEs32wr8M4Q", "name": "Serenade for Strings in C Major, Op. 48, TH 48: III. Elegie", "artist": "Pyotr Ilyich Tchaikovsky", "popularity": 33, "danceability": 0.11, "energy": 0.0653, "key": 2, "loudness": -21.188, "mode": 1, "speechiness": 0.0466, "acousticness": 0.948, "instrumentalness": 0.529, "liveness": 0.217, "valence": 0.0369, "tempo": 89.029, "duration_ms": 545760, "time_signature": 4}, {"uri": "spotify:track:0ytSdKFxPEAnLWD6I5sHBj", "name": "The Nutcracker, Op. 71, TH 14: Pas de deux (Arr. Rot for Violin and Orchestra)", "artist": "Pyotr Ilyich Tchaikovsky", "popularity": 43, "danceability": 0.258, "energy": 0.131, "key": 7, "loudness": -20.698, "mode": 1, "speechiness": 0.0474, "acousticness": 0.946, "instrumentalness": 0.622, "liveness": 0.0801, "valence": 0.0392, "tempo": 123.795, "duration_ms": 310333, "time_signature": 4}, {"uri": "spotify:track:123zFAGx0F5ScgrLrCWGDX", "name": "Variations on a Rococo Theme, Op. 33 for cello and orchestra: Var. VI: Andante", "artist": "Pyotr Ilyich Tchaikovsky", "popularity": 61, "danceability": 0.204, "energy": 0.0305, "key": 2, "loudness": -31.159, "mode": 1, "speechiness": 0.0462, "acousticness": 0.965, "instrumentalness": 0.268, "liveness": 0.111, "valence": 0.0394, "tempo": 114.214, "duration_ms": 156573, "time_signature": 5}, {"uri": "spotify:track:4ixh2ds0j86ydQvP0RjwIV", "name": "The Sleeping Beauty, Op. 66, TH 13 / Act 1: 6. Valse", "artist": "Pyotr Ilyich Tchaikovsky", "popularity": 46, "danceability": 0.272, "energy": 0.153, "key": 10, "loudness": -20.058, "mode": 1, "speechiness": 0.0364, "acousticness": 0.95, "instrumentalness": 0.892, "liveness": 0.312, "valence": 0.471, "tempo": 101.712, "duration_ms": 279507, "time_signature": 4}, {"uri": "spotify:track:64aL0VyWo5oQlrpPqP64fa", "name": "Romeo And Juliet, Fantasy Overture", "artist": "Pyotr Ilyich Tchaikovsky", "popularity": 43, "danceability": 0.117, "energy": 0.0539, "key": 11, "loudness": -20.521, "mode": 0, "speechiness": 0.04, "acousticness": 0.905, "instrumentalness": 0.849, "liveness": 0.102, "valence": 0.035, "tempo": 79.136, "duration_ms": 1154520, "time_signature": 4}, {"uri": "spotify:track:1MogrBoQUHfi2xHQnERTgp", "name": "The Nutcracker, Op.71 : No. 2 March", "artist": "Pyotr Ilyich Tchaikovsky", "popularity": 0, "danceability": 0.614, "energy": 0.207, "key": 4, "loudness": -20.511, "mode": 0, "speechiness": 0.0385, "acousticness": 0.976, "instrumentalness": 0.895, "liveness": 0.0537, "valence": 0.619, "tempo": 75.903, "duration_ms": 144747, "time_signature": 4}, {"uri": "spotify:track:3gkMtVE6792VMzSW6P2niZ", "name": "Piano Concerto No.1 In B Flat Minor, Op.23, TH.55: 1. Allegro non troppo e molto maestoso - Allegro con spirito", "artist": "Pyotr Ilyich Tchaikovsky", "popularity": 40, "danceability": 0.233, "energy": 0.215, "key": 10, "loudness": -14.595, "mode": 0, "speechiness": 0.0362, "acousticness": 0.976, "instrumentalness": 0.904, "liveness": 0.179, "valence": 0.0396, "tempo": 78.248, "duration_ms": 1237107, "time_signature": 4}, {"uri": "spotify:track:37XdVwSMJQ4EVBrLFcZGyx", "name": "Swan Lake, Op. 20 Suite: 1. Scene - Swan Theme", "artist": "Pyotr Ilyich Tchaikovsky", "popularity": 43, "danceability": 0.173, "energy": 0.178, "key": 7, "loudness": -17.172, "mode": 1, "speechiness": 0.0349, "acousticness": 0.929, "instrumentalness": 0.932, "liveness": 0.131, "valence": 0.109, "tempo": 83.864, "duration_ms": 167267, "time_signature": 4}, {"uri": "spotify:track:4QN7o1pAOr9BCMOgn839SQ", "name": "Symphony No. 5 in E Minor, Op. 64, TH 29: II. Andante cantabile, con alcuna licenza", "artist": "Pyotr Ilyich Tchaikovsky", "popularity": 30, "danceability": 0.124, "energy": 0.0321, "key": 2, "loudness": -21.571, "mode": 1, "speechiness": 0.0386, "acousticness": 0.97, "instrumentalness": 0.899, "liveness": 0.0754, "valence": 0.0404, "tempo": 89.905, "duration_ms": 818000, "time_signature": 4}, {"uri": "spotify:track:0wTuGjdGdjMIQuIaHKs5KL", "name": "Suite No. 4 in G Major, Op. 61, \"Mozartiana\": IV. Theme et variations", "artist": "Pyotr Ilyich Tchaikovsky", "popularity": 27, "danceability": 0.258, "energy": 0.0226, "key": 7, "loudness": -27.87, "mode": 1, "speechiness": 0.0418, "acousticness": 0.888, "instrumentalness": 0.642, "liveness": 0.0927, "valence": 0.0785, "tempo": 131.304, "duration_ms": 899560, "time_signature": 4}, {"uri": "spotify:track:3eHwqaD8KrfGhaKx1rR9h3", "name": "Swan Lake, Op.20, TH.12 / Act 4: No.27 Danses des petits cygnes (Moderato)", "artist": "Pyotr Ilyich Tchaikovsky", "popularity": 37, "danceability": 0.157, "energy": 0.023, "key": 10, "loudness": -28.761, "mode": 0, "speechiness": 0.0403, "acousticness": 0.978, "instrumentalness": 0.797, "liveness": 0.133, "valence": 0.0409, "tempo": 80.739, "duration_ms": 327827, "time_signature": 4}, {"uri": "spotify:track:2lkV5CKa1kk9wA8rMyE8dy", "name": "Symphony No. 4 in F Minor, Op. 36: IV. Finale. Allegro con fuoco", "artist": "Pyotr Ilyich Tchaikovsky", "popularity": 36, "danceability": 0.289, "energy": 0.346, "key": 5, "loudness": -15.668, "mode": 1, "speechiness": 0.0536, "acousticness": 0.907, "instrumentalness": 0.686, "liveness": 0.061, "valence": 0.144, "tempo": 75.568, "duration_ms": 514147, "time_signature": 4}, {"uri": "spotify:track:0StuRJEx1qinjr2TWOU2DJ", "name": "Souvenir de Hapsal, Op. 2, TH 125: 3. Chant sans paroles", "artist": "Pyotr Ilyich Tchaikovsky", "popularity": 37, "danceability": 0.359, "energy": 0.0259, "key": 5, "loudness": -28.038, "mode": 1, "speechiness": 0.0421, "acousticness": 0.993, "instrumentalness": 0.956, "liveness": 0.0891, "valence": 0.165, "tempo": 99.719, "duration_ms": 174084, "time_signature": 3}, {"uri": "spotify:track:0CJuLeZpCdqrqoCMXWZw8k", "name": "Tchaikovsky: The Nutcracker, Op. 71, Act II: No. 13, Waltz of the Flowers", "artist": "Pyotr Ilyich Tchaikovsky", "popularity": 62, "danceability": 0.149, "energy": 0.128, "key": 2, "loudness": -20.459, "mode": 1, "speechiness": 0.0462, "acousticness": 0.944, "instrumentalness": 0.928, "liveness": 0.0703, "valence": 0.113, "tempo": 47.362, "duration_ms": 415813, "time_signature": 3}, {"uri": "spotify:track:2UENiukjq27zuftPdZHUcj", "name": "Swan Lake, Op.20, TH.12 / Act 2: No.13 Danses des cygnes: a) Valse - b) Moderato assai - c) Valse - d) Allegro moderato - e) Pas d'action (Andante) - f) Valse - g) Coda (Allegro vivace)", "artist": "Pyotr Ilyich Tchaikovsky", "popularity": 40, "danceability": 0.318, "energy": 0.0482, "key": 4, "loudness": -23.153, "mode": 1, "speechiness": 0.045, "acousticness": 0.898, "instrumentalness": 0.543, "liveness": 0.0748, "valence": 0.0613, "tempo": 126.784, "duration_ms": 879160, "time_signature": 4}, {"uri": "spotify:track:2KGX0DKrm1T0vtmv9r4hxl", "name": "Symphony No. 5 in E Minor, Op. 64, TH 29: III. Waltz. Allegro moderato", "artist": "Pyotr Ilyich Tchaikovsky", "popularity": 26, "danceability": 0.185, "energy": 0.0254, "key": 9, "loudness": -30.831, "mode": 1, "speechiness": 0.0395, "acousticness": 0.97, "instrumentalness": 0.88, "liveness": 0.17, "valence": 0.186, "tempo": 144.877, "duration_ms": 339000, "time_signature": 3}, {"uri": "spotify:track:0JvvAtAje6cRwgS27wUpDQ", "name": "Serenade for Strings in C Major, Op. 48, TH 48: IV. Finale (Tema Russo)", "artist": "Pyotr Ilyich Tchaikovsky", "popularity": 27, "danceability": 0.29, "energy": 0.258, "key": 7, "loudness": -17.751, "mode": 1, "speechiness": 0.0479, "acousticness": 0.931, "instrumentalness": 0.867, "liveness": 0.111, "valence": 0.134, "tempo": 146.164, "duration_ms": 466613, "time_signature": 4}, {"uri": "spotify:track:4ZFlzJyIsJvAK0hkJDB0aq", "name": "Marche slav, Op. 31, TH 45: Marche slave (Slavonic March), Op. 31 [Live]", "artist": "Pyotr Ilyich Tchaikovsky", "popularity": 26, "danceability": 0.367, "energy": 0.387, "key": 10, "loudness": -13.652, "mode": 0, "speechiness": 0.0463, "acousticness": 0.793, "instrumentalness": 0.878, "liveness": 0.183, "valence": 0.189, "tempo": 111.929, "duration_ms": 555813, "time_signature": 4}, {"uri": "spotify:track:7dwBdrRhmnwhJ60QjDmXpL", "name": "The Seasons, Op. 37a, TH 135: XI. November: Troika", "artist": "Pyotr Ilyich Tchaikovsky", "popularity": 25, "danceability": 0.345, "energy": 0.0257, "key": 4, "loudness": -31.489, "mode": 1, "speechiness": 0.034, "acousticness": 0.993, "instrumentalness": 0.957, "liveness": 0.07, "valence": 0.101, "tempo": 73.96, "duration_ms": 182413, "time_signature": 4}, {"uri": "spotify:track:3zST4gdlffasfTLheiKRrF", "name": "Piano Concerto No.1 In B Flat Minor, Op.23, TH.55: 2. Andantino semplice - Prestissimo - Tempo I", "artist": "Pyotr Ilyich Tchaikovsky", "popularity": 32, "danceability": 0.289, "energy": 0.0814, "key": 1, "loudness": -26.366, "mode": 1, "speechiness": 0.0382, "acousticness": 0.987, "instrumentalness": 0.897, "liveness": 0.164, "valence": 0.07, "tempo": 102.966, "duration_ms": 396947, "time_signature": 3}, {"uri": "spotify:track:5Bc4nIRqa5S2JgfKIjrFww", "name": "Piano Concerto No. 2 in G Major, Op. 44: III. Allegro con fuoco", "artist": "Pyotr Ilyich Tchaikovsky", "popularity": 35, "danceability": 0.375, "energy": 0.314, "key": 2, "loudness": -17.682, "mode": 1, "speechiness": 0.0357, "acousticness": 0.979, "instrumentalness": 0.894, "liveness": 0.109, "valence": 0.402, "tempo": 80.768, "duration_ms": 431751, "time_signature": 4}, {"uri": "spotify:track:6fBDV3zKGBZ3cSAIaIQx4C", "name": "Symphony No. 3 in D Major \u2018Polish\u2019 Op. 29: IV. Allegro vivo", "artist": "Pyotr Ilyich Tchaikovsky", "popularity": 35, "danceability": 0.362, "energy": 0.0212, "key": 11, "loudness": -25.832, "mode": 0, "speechiness": 0.0338, "acousticness": 0.987, "instrumentalness": 0.735, "liveness": 0.115, "valence": 0.0393, "tempo": 73.932, "duration_ms": 361867, "time_signature": 4}, {"uri": "spotify:track:08QGTXVi5hvEmKtZxrn4Ng", "name": "Romance in F Minor, Op. 5, TH 127: Andante cantabile", "artist": "Pyotr Ilyich Tchaikovsky", "popularity": 25, "danceability": 0.424, "energy": 0.0143, "key": 5, "loudness": -26.003, "mode": 0, "speechiness": 0.0456, "acousticness": 0.993, "instrumentalness": 0.91, "liveness": 0.0705, "valence": 0.0685, "tempo": 128.332, "duration_ms": 368720, "time_signature": 4}, {"uri": "spotify:track:39kREjdtoJA8D9tzQBJMhj", "name": "Italian Capriccio, Op. 45, TH 47: Capriccio Italien, Op. 45", "artist": "Pyotr Ilyich Tchaikovsky", "popularity": 25, "danceability": 0.215, "energy": 0.152, "key": 9, "loudness": -18.194, "mode": 1, "speechiness": 0.0467, "acousticness": 0.913, "instrumentalness": 0.708, "liveness": 0.249, "valence": 0.0795, "tempo": 92.373, "duration_ms": 893600, "time_signature": 3}, {"uri": "spotify:track:58yrFNXUkfYsemEqmi1O8m", "name": "Violin Concerto in D Major, Op. 35, TH 59: II. Canzonetta. Andante", "artist": "Pyotr Ilyich Tchaikovsky", "popularity": 25, "danceability": 0.185, "energy": 0.0333, "key": 3, "loudness": -27.04, "mode": 1, "speechiness": 0.0455, "acousticness": 0.965, "instrumentalness": 0.353, "liveness": 0.0813, "valence": 0.0395, "tempo": 133.092, "duration_ms": 383253, "time_signature": 4}, {"uri": "spotify:track:5tNUaNoIMdJcdHGj25a7gD", "name": "Tchaikovsky: Swan Lake, Op. 20, Act I: Introduction - No. 1, Scene. Allegro giusto", "artist": "Pyotr Ilyich Tchaikovsky", "popularity": 50, "danceability": 0.329, "energy": 0.298, "key": 2, "loudness": -16.184, "mode": 1, "speechiness": 0.046, "acousticness": 0.944, "instrumentalness": 0.904, "liveness": 0.0992, "valence": 0.0608, "tempo": 74.546, "duration_ms": 344893, "time_signature": 4}, {"uri": "spotify:track:71Q4ktPLSkP4rjytSTSZjl", "name": "Suite for Orchestra No. 2 in C Major, Op. 53, TH 32 \"Caract\u00e9ristique\": I. Jeu de sons. Andantino un poco rubato", "artist": "Pyotr Ilyich Tchaikovsky", "popularity": 23, "danceability": 0.24, "energy": 0.118, "key": 7, "loudness": -21.743, "mode": 1, "speechiness": 0.0435, "acousticness": 0.94, "instrumentalness": 0.704, "liveness": 0.148, "valence": 0.0863, "tempo": 85.805, "duration_ms": 713347, "time_signature": 4}, {"uri": "spotify:track:1ODgqZhKdTjDIg2wtk36Jv", "name": "Piano Concerto No.1 In B Flat Minor, Op.23, TH.55: 3. Allegro con fuoco", "artist": "Pyotr Ilyich Tchaikovsky", "popularity": 30, "danceability": 0.358, "energy": 0.312, "key": 10, "loudness": -13.375, "mode": 1, "speechiness": 0.0344, "acousticness": 0.965, "instrumentalness": 0.878, "liveness": 0.124, "valence": 0.332, "tempo": 100.513, "duration_ms": 422547, "time_signature": 4}, {"uri": "spotify:track:3odI528ejQt1S38M5VFaNc", "name": "Symphony No. 2 in C Minor, Op. 17, \"Little Russian\": I. Andante sostenuto - Allegro vivo", "artist": "Pyotr Ilyich Tchaikovsky", "popularity": 24, "danceability": 0.171, "energy": 0.169, "key": 0, "loudness": -19.638, "mode": 0, "speechiness": 0.0398, "acousticness": 0.964, "instrumentalness": 0.924, "liveness": 0.299, "valence": 0.1, "tempo": 78.979, "duration_ms": 635733, "time_signature": 4}, {"uri": "spotify:track:121hcZty1zWGtswddUN24X", "name": "Symphony No. 3 in D Major, Op. 29, TH 26 \"Polish\": II. Allegro moderato e semplice", "artist": "Pyotr Ilyich Tchaikovsky", "popularity": 23, "danceability": 0.16, "energy": 0.0455, "key": 7, "loudness": -26.801, "mode": 0, "speechiness": 0.0435, "acousticness": 0.963, "instrumentalness": 0.905, "liveness": 0.0861, "valence": 0.0635, "tempo": 91.631, "duration_ms": 447773, "time_signature": 5}, {"uri": "spotify:track:59E2sIS6Je5iXQe03EKR8H", "name": "Eugene Onegin, Op. 24, TH 5 / Act 1: Letter Scene. \"Puskai pogibnu ya, no prezde\"", "artist": "Pyotr Ilyich Tchaikovsky", "popularity": 32, "danceability": 0.261, "energy": 0.0715, "key": 1, "loudness": -19.494, "mode": 1, "speechiness": 0.045, "acousticness": 0.974, "instrumentalness": 0.000757, "liveness": 0.0985, "valence": 0.0385, "tempo": 107.56, "duration_ms": 249819, "time_signature": 4}, {"uri": "spotify:track:5YBH5bL6pxG4pJsAVw9zbL", "name": "S\u00e9r\u00e9nade m\u00e9lancolique, Op. 26, TH 56: Serenade melancolique (Melancholy Serenade), Op. 26", "artist": "Pyotr Ilyich Tchaikovsky", "popularity": 28, "danceability": 0.148, "energy": 0.0744, "key": 10, "loudness": -23.261, "mode": 0, "speechiness": 0.0451, "acousticness": 0.944, "instrumentalness": 0.146, "liveness": 0.0682, "valence": 0.0478, "tempo": 88.072, "duration_ms": 566333, "time_signature": 4}, {"uri": "spotify:track:390i77MoZVy9752zt5GSl9", "name": "Tchaikovsky: Piano Concerto No. 3 in E-Flat Major, Op. Posth. 75", "artist": "Pyotr Ilyich Tchaikovsky", "popularity": 32, "danceability": 0.219, "energy": 0.0591, "key": 3, "loudness": -26.533, "mode": 1, "speechiness": 0.0333, "acousticness": 0.971, "instrumentalness": 0.882, "liveness": 0.0891, "valence": 0.0524, "tempo": 77.457, "duration_ms": 876760, "time_signature": 4}, {"uri": "spotify:track:0A7pQ1JF9ptuPWcQQfh8ql", "name": "Eugene Onegin (continued) (Act 3): Polonaise", "artist": "Pyotr Ilyich Tchaikovsky", "popularity": 32, "danceability": 0.311, "energy": 0.118, "key": 7, "loudness": -22.839, "mode": 1, "speechiness": 0.0428, "acousticness": 0.9, "instrumentalness": 0.948, "liveness": 0.226, "valence": 0.231, "tempo": 206.389, "duration_ms": 269427, "time_signature": 4}, {"uri": "spotify:track:6sU62yUzyjLB5MtkhA7kg7", "name": "Piano Concerto No. 2 in G Major, Op. 44: II. Andante non troppo", "artist": "Pyotr Ilyich Tchaikovsky", "popularity": 32, "danceability": 0.187, "energy": 0.0483, "key": 2, "loudness": -26.948, "mode": 1, "speechiness": 0.0432, "acousticness": 0.949, "instrumentalness": 0.413, "liveness": 0.0837, "valence": 0.0384, "tempo": 102.346, "duration_ms": 871827, "time_signature": 4}, {"uri": "spotify:track:7IsexeyauG6MiPVxerqldr", "name": "The Snow Maiden, Op. 12: XIII. Dance of the Tumblers", "artist": "Pyotr Ilyich Tchaikovsky", "popularity": 22, "danceability": 0.253, "energy": 0.253, "key": 9, "loudness": -23.359, "mode": 1, "speechiness": 0.0465, "acousticness": 0.72, "instrumentalness": 0.789, "liveness": 0.159, "valence": 0.304, "tempo": 176.17, "duration_ms": 265933, "time_signature": 4}, {"uri": "spotify:track:1oDAFTOXZGSQedBa6hXGhT", "name": "Tchaikovsky: The Nutcracker, Op. 71, Act II: No. 14c, Pas de deux. Variation II \"Dance of the Sugar Plum Fairy\"", "artist": "Pyotr Ilyich Tchaikovsky", "popularity": 59, "danceability": 0.317, "energy": 0.0205, "key": 4, "loudness": -31.8, "mode": 0, "speechiness": 0.0351, "acousticness": 0.913, "instrumentalness": 0.775, "liveness": 0.17, "valence": 0.0463, "tempo": 111.004, "duration_ms": 145147, "time_signature": 4}, {"uri": "spotify:track:7IwAD5JwfK3eQ8wLTwuebe", "name": "Symphony No. 3 in D Major \u2018Polish\u2019 Op. 29: III. Andante elegiaco", "artist": "Pyotr Ilyich Tchaikovsky", "popularity": 31, "danceability": 0.0961, "energy": 0.0313, "key": 2, "loudness": -25.011, "mode": 1, "speechiness": 0.0477, "acousticness": 0.97, "instrumentalness": 0.819, "liveness": 0.07, "valence": 0.0366, "tempo": 74.933, "duration_ms": 600240, "time_signature": 3}, {"uri": "spotify:track:5ukIpzRl5m4PxxVGSV4K3R", "name": "Tchaikovsky: Symphony No. 1, Op. 13 \"Winter Daydreams\": IV. Finale. Andante lugubre - Allegro moderato", "artist": "Pyotr Ilyich Tchaikovsky", "popularity": 30, "danceability": 0.218, "energy": 0.168, "key": 7, "loudness": -14.169, "mode": 1, "speechiness": 0.0401, "acousticness": 0.938, "instrumentalness": 0.826, "liveness": 0.0459, "valence": 0.0781, "tempo": 140.163, "duration_ms": 813440, "time_signature": 4}, {"uri": "spotify:track:4Ibblko4b55xwmDc3pAhrX", "name": "Symphony No. 5 in E Minor, Op. 64, TH 29: I. Andante - Allegro con anima", "artist": "Pyotr Ilyich Tchaikovsky", "popularity": 24, "danceability": 0.14, "energy": 0.0788, "key": 4, "loudness": -19.675, "mode": 0, "speechiness": 0.0438, "acousticness": 0.966, "instrumentalness": 0.84, "liveness": 0.0886, "valence": 0.0692, "tempo": 84.183, "duration_ms": 909333, "time_signature": 4}, {"uri": "spotify:track:0bsfVvHZyPpLNFKW1RmZSW", "name": "String Quartet No. 1 in D Major, Op. 11, TH 111: II. Andante cantabile", "artist": "Pyotr Ilyich Tchaikovsky", "popularity": 33, "danceability": 0.163, "energy": 0.0105, "key": 10, "loudness": -31.658, "mode": 1, "speechiness": 0.0506, "acousticness": 0.948, "instrumentalness": 0.117, "liveness": 0.107, "valence": 0.0396, "tempo": 88.794, "duration_ms": 395000, "time_signature": 3}, {"uri": "spotify:track:0QUsZNVh0dZXR3RJXwzMlA", "name": "Symphony No. 4 in F Minor, Op. 36: I. Andante sostenuto - Moderato con anima - Moderato assai, quasi andante - Allegro vivo", "artist": "Pyotr Ilyich Tchaikovsky", "popularity": 32, "danceability": 0.168, "energy": 0.0752, "key": 1, "loudness": -18.807, "mode": 1, "speechiness": 0.0425, "acousticness": 0.932, "instrumentalness": 0.832, "liveness": 0.0732, "valence": 0.0805, "tempo": 74.396, "duration_ms": 1105080, "time_signature": 3}, {"uri": "spotify:track:3VRdCKEdMSGjkqg0TQnOqs", "name": "Serenade in C Major, Op. 48, TH 48: II. Walzer", "artist": "Pyotr Ilyich Tchaikovsky", "popularity": 26, "danceability": 0.183, "energy": 0.168, "key": 7, "loudness": -19.049, "mode": 1, "speechiness": 0.0455, "acousticness": 0.946, "instrumentalness": 0.874, "liveness": 0.468, "valence": 0.249, "tempo": 179.663, "duration_ms": 230733, "time_signature": 3}, {"uri": "spotify:track:3eindpdacn2OPzx43mxiCd", "name": "Symphony No. 2 in C Minor, Op. 17, \"Little Russian\": III. Scherzo. Allegro molto vivace", "artist": "Pyotr Ilyich Tchaikovsky", "popularity": 22, "danceability": 0.49, "energy": 0.241, "key": 3, "loudness": -19.589, "mode": 1, "speechiness": 0.0417, "acousticness": 0.934, "instrumentalness": 0.922, "liveness": 0.157, "valence": 0.159, "tempo": 110.332, "duration_ms": 346133, "time_signature": 4}, {"uri": "spotify:track:2jCMomN1jo4Pgg9VvhMFHi", "name": "Souvenir d'un lieu cher, Op.42: 1. Meditation", "artist": "Pyotr Ilyich Tchaikovsky", "popularity": 37, "danceability": 0.238, "energy": 0.083, "key": 10, "loudness": -24.063, "mode": 1, "speechiness": 0.0519, "acousticness": 0.926, "instrumentalness": 0.0118, "liveness": 0.137, "valence": 0.0398, "tempo": 113.803, "duration_ms": 589480, "time_signature": 3}, {"uri": "spotify:track:3lsK1wQrILr1sNN5Qv6Wcr", "name": "The Sleeping Beauty, Op. 66, TH 13: Introduction", "artist": "Pyotr Ilyich Tchaikovsky", "popularity": 30, "danceability": 0.27, "energy": 0.185, "key": 4, "loudness": -17.321, "mode": 1, "speechiness": 0.0404, "acousticness": 0.882, "instrumentalness": 0.6, "liveness": 0.0923, "valence": 0.226, "tempo": 139.039, "duration_ms": 183427, "time_signature": 4}, {"uri": "spotify:track:4OPWeH4I5pDdknDVdzdnAZ", "name": "Symphony No. 6 In B Minor, Op. 74, TH.30: 1. Adagio - Allegro non troppo", "artist": "Pyotr Ilyich Tchaikovsky", "popularity": 32, "danceability": 0.107, "energy": 0.131, "key": 2, "loudness": -20.408, "mode": 1, "speechiness": 0.0501, "acousticness": 0.945, "instrumentalness": 0.794, "liveness": 0.26, "valence": 0.0425, "tempo": 61.18, "duration_ms": 1078070, "time_signature": 4}, {"uri": "spotify:track:7soiuxMmcrTDS51IVBMXlc", "name": "Swan Lake (Suite), Op. 20a, TH. 219: III. Danse des petits cygnes", "artist": "Pyotr Ilyich Tchaikovsky", "popularity": 0, "danceability": 0.65, "energy": 0.0263, "key": 6, "loudness": -35.61, "mode": 0, "speechiness": 0.0517, "acousticness": 0.943, "instrumentalness": 0.801, "liveness": 0.155, "valence": 0.758, "tempo": 112.456, "duration_ms": 86982, "time_signature": 4}, {"uri": "spotify:track:4sHUs1hEro8GHI3tbyse4B", "name": "The Sleeping Beauty (Suite), Op. 66a, TH. 234: IV. Panorama. Andantino", "artist": "Pyotr Ilyich Tchaikovsky", "popularity": 0, "danceability": 0.171, "energy": 0.0384, "key": 7, "loudness": -31.935, "mode": 1, "speechiness": 0.0409, "acousticness": 0.963, "instrumentalness": 0.95, "liveness": 0.0866, "valence": 0.19, "tempo": 129.155, "duration_ms": 219000, "time_signature": 3}, {"uri": "spotify:track:7MC3dEqNZjWPIKUWVqhEgX", "name": "Piano Concerto No. 2 in G Major, Op. 44: I. Allegro brillante e molto vivace", "artist": "Pyotr Ilyich Tchaikovsky", "popularity": 32, "danceability": 0.238, "energy": 0.223, "key": 7, "loudness": -17.681, "mode": 1, "speechiness": 0.0385, "acousticness": 0.981, "instrumentalness": 0.894, "liveness": 0.1, "valence": 0.0442, "tempo": 78.323, "duration_ms": 1281133, "time_signature": 4}, {"uri": "spotify:track:1nlty288rWFqyCXebR6JHp", "name": "Violin Concerto in D Major, Op. 35, TH 59: I. Allegro moderato", "artist": "Pyotr Ilyich Tchaikovsky", "popularity": 25, "danceability": 0.336, "energy": 0.155, "key": 2, "loudness": -18.233, "mode": 1, "speechiness": 0.0423, "acousticness": 0.923, "instrumentalness": 0.104, "liveness": 0.0837, "valence": 0.166, "tempo": 95.306, "duration_ms": 1102240, "time_signature": 4}, {"uri": "spotify:track:6eVqjxE9uZkerO6AXMp5Wn", "name": "Symphony No. 1 in G Minor, Op. 13, TH 24 \"Winter Daydreams\": III. Scherzo. Allegro scherzando giocoso", "artist": "Pyotr Ilyich Tchaikovsky", "popularity": 22, "danceability": 0.221, "energy": 0.0397, "key": 0, "loudness": -27.577, "mode": 0, "speechiness": 0.0356, "acousticness": 0.96, "instrumentalness": 0.897, "liveness": 0.128, "valence": 0.109, "tempo": 100.971, "duration_ms": 507333, "time_signature": 3}, {"uri": "spotify:track:1ESCWA3pNnG6ayITG7uOEs", "name": "The Snow Maiden, Op. 12: II. Dance and Chorus of Birds", "artist": "Pyotr Ilyich Tchaikovsky", "popularity": 22, "danceability": 0.369, "energy": 0.0592, "key": 0, "loudness": -25.268, "mode": 1, "speechiness": 0.0431, "acousticness": 0.966, "instrumentalness": 0.628, "liveness": 0.0857, "valence": 0.114, "tempo": 127.186, "duration_ms": 423800, "time_signature": 4}, {"uri": "spotify:track:3olGFeeuYJoKjJNmujot6q", "name": "The Seasons, Op. 37a, TH 135: II. February: Carnival", "artist": "Pyotr Ilyich Tchaikovsky", "popularity": 22, "danceability": 0.347, "energy": 0.0966, "key": 2, "loudness": -24.758, "mode": 0, "speechiness": 0.0386, "acousticness": 0.994, "instrumentalness": 0.85, "liveness": 0.111, "valence": 0.273, "tempo": 133.036, "duration_ms": 176027, "time_signature": 4}, {"uri": "spotify:track:748p05t3OJeVQuDpvKZNEA", "name": "Manfred Symphony in B Minor, Op. 58, TH 28: I. Lento lugubre - Moderato con moto", "artist": "Pyotr Ilyich Tchaikovsky", "popularity": 23, "danceability": 0.103, "energy": 0.0977, "key": 11, "loudness": -20.447, "mode": 0, "speechiness": 0.0392, "acousticness": 0.966, "instrumentalness": 0.808, "liveness": 0.077, "valence": 0.0387, "tempo": 81.984, "duration_ms": 944747, "time_signature": 3}, {"uri": "spotify:track:4K95zdIV558uUs9vOsuou5", "name": "Tchaikovsky: Symphony No. 1, Op. 13 \"Winter Daydreams\": I. Daydreams on a Winter Journey. Allegro tranquillo", "artist": "Pyotr Ilyich Tchaikovsky", "popularity": 30, "danceability": 0.26, "energy": 0.189, "key": 7, "loudness": -16.225, "mode": 0, "speechiness": 0.0408, "acousticness": 0.934, "instrumentalness": 0.914, "liveness": 0.0926, "valence": 0.0786, "tempo": 123.215, "duration_ms": 743467, "time_signature": 4}]