[{"uri": "spotify:track:5SixeLvPsYpk7qq9lo5xYg", "name": "Have Mercy", "artist": "Chl\u00f6e", "popularity": 82, "danceability": 0.903, "energy": 0.535, "key": 9, "loudness": -6.434, "mode": 1, "speechiness": 0.0742, "acousticness": 0.297, "instrumentalness": 0, "liveness": 0.345, "valence": 0.508, "tempo": 130.022, "duration_ms": 148779, "time_signature": 4}, {"uri": "spotify:track:6Zu3aw7FfjAF9WA0fA81Oq", "name": "Big Energy", "artist": "Latto", "popularity": 80, "danceability": 0.935, "energy": 0.807, "key": 11, "loudness": -3.838, "mode": 0, "speechiness": 0.114, "acousticness": 0.0514, "instrumentalness": 0, "liveness": 0.349, "valence": 0.813, "tempo": 106.017, "duration_ms": 173182, "time_signature": 4}, {"uri": "spotify:track:4V5Dv8IjHNTk2YJzU9vgsW", "name": "Eat It", "artist": "Megan Thee Stallion", "popularity": 73, "danceability": 0.843, "energy": 0.671, "key": 10, "loudness": -5.708, "mode": 0, "speechiness": 0.22, "acousticness": 0.0517, "instrumentalness": 0, "liveness": 0.286, "valence": 0.56, "tempo": 137.932, "duration_ms": 169421, "time_signature": 4}, {"uri": "spotify:track:0W6I02J9xcqK8MtSeosEXb", "name": "Get Into It (Yuh)", "artist": "Doja Cat", "popularity": 88, "danceability": 0.912, "energy": 0.655, "key": 8, "loudness": -6.029, "mode": 0, "speechiness": 0.162, "acousticness": 0.315, "instrumentalness": 3.39e-05, "liveness": 0.0894, "valence": 0.793, "tempo": 91.942, "duration_ms": 138293, "time_signature": 4}, {"uri": "spotify:track:5MkPZ9VprDSFTljruLxDEd", "name": "Icy Chain", "artist": "Saweetie", "popularity": 65, "danceability": 0.882, "energy": 0.751, "key": 11, "loudness": -4.823, "mode": 0, "speechiness": 0.317, "acousticness": 0.0572, "instrumentalness": 3.71e-05, "liveness": 0.077, "valence": 0.736, "tempo": 150.059, "duration_ms": 110791, "time_signature": 4}, {"uri": "spotify:track:5zNW5ARjYhJQJz1AChP33n", "name": "Thot Shit", "artist": "Megan Thee Stallion", "popularity": 80, "danceability": 0.95, "energy": 0.693, "key": 9, "loudness": -3.424, "mode": 1, "speechiness": 0.0898, "acousticness": 0.0133, "instrumentalness": 0, "liveness": 0.173, "valence": 0.891, "tempo": 130.02, "duration_ms": 184635, "time_signature": 4}, {"uri": "spotify:track:6nQ1B216Liiydhgn2gar0o", "name": "Material Girl", "artist": "Saucy Santana", "popularity": 72, "danceability": 0.876, "energy": 0.7, "key": 2, "loudness": -7.137, "mode": 1, "speechiness": 0.282, "acousticness": 0.0421, "instrumentalness": 0, "liveness": 0.542, "valence": 0.433, "tempo": 101.995, "duration_ms": 188966, "time_signature": 4}, {"uri": "spotify:track:3oE2HPoP7DCgxhrqjAosZY", "name": "TWINNEM", "artist": "Coi Leray", "popularity": 72, "danceability": 0.885, "energy": 0.353, "key": 2, "loudness": -10.484, "mode": 1, "speechiness": 0.0912, "acousticness": 0.0866, "instrumentalness": 5.78e-05, "liveness": 0.173, "valence": 0.316, "tempo": 134.079, "duration_ms": 117067, "time_signature": 4}, {"uri": "spotify:track:2etHQJxIbV0soyPhelVs9Y", "name": "Best Friend (feat. Doja Cat)", "artist": "Saweetie", "popularity": 81, "danceability": 0.84, "energy": 0.766, "key": 4, "loudness": -4.12, "mode": 1, "speechiness": 0.136, "acousticness": 0.00302, "instrumentalness": 3.61e-06, "liveness": 0.0684, "valence": 0.402, "tempo": 94.018, "duration_ms": 155884, "time_signature": 4}, {"uri": "spotify:track:1XXimziG1uhM0eDNCZCrUl", "name": "Up", "artist": "Cardi B", "popularity": 80, "danceability": 0.868, "energy": 0.795, "key": 11, "loudness": -6.044, "mode": 1, "speechiness": 0.269, "acousticness": 0.0012, "instrumentalness": 0.0193, "liveness": 0.0461, "valence": 0.819, "tempo": 166.0, "duration_ms": 156945, "time_signature": 4}, {"uri": "spotify:track:0k1WUmIRnG3xU6fvvDVfRG", "name": "Way 2 Sexy (with Future & Young Thug)", "artist": "Drake", "popularity": 89, "danceability": 0.803, "energy": 0.597, "key": 11, "loudness": -6.035, "mode": 0, "speechiness": 0.141, "acousticness": 0.000619, "instrumentalness": 4.5e-06, "liveness": 0.323, "valence": 0.331, "tempo": 136.008, "duration_ms": 257605, "time_signature": 4}, {"uri": "spotify:track:4aarlAfLKVCTxUDNgbwhjH", "name": "Cry Baby (feat. DaBaby)", "artist": "Megan Thee Stallion", "popularity": 75, "danceability": 0.957, "energy": 0.437, "key": 11, "loudness": -7.882, "mode": 1, "speechiness": 0.359, "acousticness": 0.00402, "instrumentalness": 0, "liveness": 0.219, "valence": 0.616, "tempo": 130.058, "duration_ms": 137984, "time_signature": 4}, {"uri": "spotify:track:3Ps0JFaxBuamCoQTx6X8LT", "name": "Beverly Hills", "artist": "Shaboozey", "popularity": 74, "danceability": 0.814, "energy": 0.611, "key": 0, "loudness": -6.526, "mode": 1, "speechiness": 0.0515, "acousticness": 0.289, "instrumentalness": 0, "liveness": 0.252, "valence": 0.585, "tempo": 113.016, "duration_ms": 138318, "time_signature": 4}, {"uri": "spotify:track:4HwFQ5AndYR51q9ru81JtQ", "name": "Bundles 2 (feat. Flo Milli, Taylor Girlz)", "artist": "Kayla Nicole", "popularity": 65, "danceability": 0.922, "energy": 0.823, "key": 11, "loudness": -2.54, "mode": 1, "speechiness": 0.321, "acousticness": 0.0246, "instrumentalness": 0, "liveness": 0.119, "valence": 0.575, "tempo": 130.097, "duration_ms": 200769, "time_signature": 4}, {"uri": "spotify:track:7HbnX1fxCAoPa7nRVFSEFW", "name": "Said Sum (feat. City Girls & DaBaby) - Remix", "artist": "Moneybagg Yo", "popularity": 64, "danceability": 0.913, "energy": 0.625, "key": 10, "loudness": -6.901, "mode": 0, "speechiness": 0.334, "acousticness": 0.0168, "instrumentalness": 0, "liveness": 0.125, "valence": 0.298, "tempo": 126.915, "duration_ms": 177704, "time_signature": 4}, {"uri": "spotify:track:0GYi1PEjtCPfXHPGnvs5ON", "name": "In Person (With OG Parker feat. Tyga)", "artist": "Lakeyah", "popularity": 62, "danceability": 0.828, "energy": 0.766, "key": 4, "loudness": -5.29, "mode": 0, "speechiness": 0.331, "acousticness": 0.0383, "instrumentalness": 0, "liveness": 0.65, "valence": 0.719, "tempo": 105.012, "duration_ms": 130099, "time_signature": 4}, {"uri": "spotify:track:3GW3dMxqIbl14cZtpLRQBy", "name": "Splash (feat. Moneybagg Yo)", "artist": "Tyga", "popularity": 70, "danceability": 0.794, "energy": 0.613, "key": 1, "loudness": -6.336, "mode": 0, "speechiness": 0.145, "acousticness": 0.0363, "instrumentalness": 0, "liveness": 0.742, "valence": 0.412, "tempo": 135.984, "duration_ms": 173162, "time_signature": 4}, {"uri": "spotify:track:64EQj1J59L8sGw9FtzxcSW", "name": "Strub Tha Ground (Feat. Yung Miami)", "artist": "Quavo", "popularity": 65, "danceability": 0.92, "energy": 0.537, "key": 5, "loudness": -8.336, "mode": 1, "speechiness": 0.269, "acousticness": 0.00981, "instrumentalness": 0, "liveness": 0.104, "valence": 0.451, "tempo": 138.034, "duration_ms": 194783, "time_signature": 4}, {"uri": "spotify:track:7GLqR9ToJLb0PV3XyNAWNm", "name": "MMM MMM (feat. ATL Jacob)", "artist": "Kali", "popularity": 69, "danceability": 0.85, "energy": 0.444, "key": 9, "loudness": -8.69, "mode": 1, "speechiness": 0.346, "acousticness": 0.134, "instrumentalness": 0, "liveness": 0.113, "valence": 0.187, "tempo": 86.533, "duration_ms": 137341, "time_signature": 4}, {"uri": "spotify:track:1hkj6hvTqQRwSoSY4salSD", "name": "Striptease (with Ty Dolla $ign & Latto)", "artist": "French Montana", "popularity": 55, "danceability": 0.912, "energy": 0.59, "key": 8, "loudness": -6.481, "mode": 0, "speechiness": 0.103, "acousticness": 0.00257, "instrumentalness": 0, "liveness": 0.092, "valence": 0.815, "tempo": 87.016, "duration_ms": 129305, "time_signature": 4}, {"uri": "spotify:track:3jRHehB5ulTMKfK5WaqDqc", "name": "What\u2019s New", "artist": "Megan Thee Stallion", "popularity": 72, "danceability": 0.934, "energy": 0.873, "key": 1, "loudness": -4.707, "mode": 1, "speechiness": 0.309, "acousticness": 0.00488, "instrumentalness": 0, "liveness": 0.0832, "valence": 0.721, "tempo": 139.997, "duration_ms": 155090, "time_signature": 4}, {"uri": "spotify:track:1iBfg5pMNqR0HFTpDTr73A", "name": "The Assignment", "artist": "Tay Money", "popularity": 70, "danceability": 0.908, "energy": 0.477, "key": 11, "loudness": -5.515, "mode": 1, "speechiness": 0.385, "acousticness": 0.426, "instrumentalness": 0, "liveness": 0.0361, "valence": 0.538, "tempo": 146.986, "duration_ms": 113328, "time_signature": 4}, {"uri": "spotify:track:74ItuXDLQ0FwLTVV7d4oPB", "name": "Toot That (feat. BeatKing)", "artist": "Erica Banks", "popularity": 56, "danceability": 0.95, "energy": 0.592, "key": 6, "loudness": -4.758, "mode": 0, "speechiness": 0.231, "acousticness": 0.00266, "instrumentalness": 0, "liveness": 0.116, "valence": 0.858, "tempo": 142.005, "duration_ms": 157397, "time_signature": 4}, {"uri": "spotify:track:66vs64VphiHrtFcLR6Qeav", "name": "Talkin' Bout (feat. Saweetie)", "artist": "Loui", "popularity": 62, "danceability": 0.885, "energy": 0.466, "key": 1, "loudness": -6.128, "mode": 1, "speechiness": 0.282, "acousticness": 0.0396, "instrumentalness": 0, "liveness": 0.127, "valence": 0.272, "tempo": 75.014, "duration_ms": 126225, "time_signature": 4}, {"uri": "spotify:track:5RUKGJ0hWOZHEZky9iIsRw", "name": "Twerk Contest", "artist": "Trap Beckham", "popularity": 46, "danceability": 0.97, "energy": 0.489, "key": 7, "loudness": -10.076, "mode": 1, "speechiness": 0.34, "acousticness": 0.0422, "instrumentalness": 1.41e-05, "liveness": 0.0632, "valence": 0.805, "tempo": 115.081, "duration_ms": 181082, "time_signature": 4}, {"uri": "spotify:track:67G6iaOw8DZqp1z8STR89R", "name": "WHOLE LOTTA MONEY (feat. Nicki Minaj) - Remix", "artist": "BIA", "popularity": 76, "danceability": 0.893, "energy": 0.463, "key": 1, "loudness": -5.301, "mode": 1, "speechiness": 0.36, "acousticness": 0.199, "instrumentalness": 0, "liveness": 0.318, "valence": 0.591, "tempo": 81.026, "duration_ms": 229601, "time_signature": 4}, {"uri": "spotify:track:6KgtcmCF9Ky68XC7ezxl3s", "name": "Rumors (feat. Cardi B)", "artist": "Lizzo", "popularity": 80, "danceability": 0.827, "energy": 0.731, "key": 4, "loudness": -5.524, "mode": 0, "speechiness": 0.088, "acousticness": 0.13, "instrumentalness": 0, "liveness": 0.418, "valence": 0.607, "tempo": 118.992, "duration_ms": 172833, "time_signature": 4}, {"uri": "spotify:track:22IWDKdWDgx2cAx5RuDgty", "name": "Jobs", "artist": "City Girls", "popularity": 51, "danceability": 0.884, "energy": 0.592, "key": 10, "loudness": -6.06, "mode": 0, "speechiness": 0.3, "acousticness": 0.000938, "instrumentalness": 0.00011, "liveness": 0.0812, "valence": 0.664, "tempo": 160.007, "duration_ms": 121386, "time_signature": 4}, {"uri": "spotify:track:6Ht7wDd0wi2wPDLde7m1Gr", "name": "Drop (feat. DaBaby)", "artist": "Yo Gotti", "popularity": 59, "danceability": 0.921, "energy": 0.511, "key": 5, "loudness": -7.76, "mode": 1, "speechiness": 0.475, "acousticness": 0.00298, "instrumentalness": 0, "liveness": 0.0746, "valence": 0.328, "tempo": 140.02, "duration_ms": 171429, "time_signature": 4}, {"uri": "spotify:track:7wpyrkjEgz7W1vNYDxMKrF", "name": "GYALIS", "artist": "Capella Grey", "popularity": 75, "danceability": 0.666, "energy": 0.643, "key": 8, "loudness": -7.01, "mode": 1, "speechiness": 0.423, "acousticness": 0.386, "instrumentalness": 0, "liveness": 0.283, "valence": 0.756, "tempo": 96.375, "duration_ms": 105377, "time_signature": 4}, {"uri": "spotify:track:3epPUHjJHrkWFm8KXBpRbj", "name": "Sweat", "artist": "BAHA BANK$", "popularity": 43, "danceability": 0.94, "energy": 0.468, "key": 8, "loudness": -9.515, "mode": 0, "speechiness": 0.0677, "acousticness": 0.104, "instrumentalness": 0.00125, "liveness": 0.0779, "valence": 0.389, "tempo": 98.001, "duration_ms": 164413, "time_signature": 4}, {"uri": "spotify:track:67tIAL7B8NzZOjpQiRHHCn", "name": "Walk", "artist": "Tay Money", "popularity": 51, "danceability": 0.906, "energy": 0.597, "key": 1, "loudness": -8.016, "mode": 0, "speechiness": 0.288, "acousticness": 0.00264, "instrumentalness": 1.93e-06, "liveness": 0.173, "valence": 0.52, "tempo": 150.036, "duration_ms": 153600, "time_signature": 4}, {"uri": "spotify:track:7mLuBJwfOa3GcP8UeBDU04", "name": "Minor Setback", "artist": "DJ Chose", "popularity": 46, "danceability": 0.894, "energy": 0.679, "key": 8, "loudness": -7.943, "mode": 0, "speechiness": 0.41, "acousticness": 0.0143, "instrumentalness": 0, "liveness": 0.353, "valence": 0.878, "tempo": 148.018, "duration_ms": 149264, "time_signature": 4}, {"uri": "spotify:track:2fJgz0n3W9G8x0kEjntbhI", "name": "Dem Girlz (feat. Beatking & Erica Banks)", "artist": "Big Jade", "popularity": 25, "danceability": 0.928, "energy": 0.749, "key": 10, "loudness": -3.965, "mode": 0, "speechiness": 0.224, "acousticness": 0.0425, "instrumentalness": 0, "liveness": 0.0879, "valence": 0.47, "tempo": 142.985, "duration_ms": 189000, "time_signature": 4}, {"uri": "spotify:track:6WYxEIpgD3dDWyxTFcPCXv", "name": "Like A Pro (feat. Juicy J)", "artist": "Kash Doll", "popularity": 53, "danceability": 0.754, "energy": 0.725, "key": 8, "loudness": -6.002, "mode": 1, "speechiness": 0.138, "acousticness": 0.0716, "instrumentalness": 0, "liveness": 0.111, "valence": 0.691, "tempo": 192.066, "duration_ms": 133805, "time_signature": 4}, {"uri": "spotify:track:3rayWrmamTxsGSNGjsuetG", "name": "Now What", "artist": "Lebra Jolie", "popularity": 52, "danceability": 0.905, "energy": 0.593, "key": 9, "loudness": -6.571, "mode": 1, "speechiness": 0.177, "acousticness": 0.0757, "instrumentalness": 0, "liveness": 0.875, "valence": 0.844, "tempo": 129.884, "duration_ms": 154748, "time_signature": 4}, {"uri": "spotify:track:3qsR1pTGoshzapShuYm0ns", "name": "OKAY SHAWTY", "artist": "Kwe the Artist", "popularity": 62, "danceability": 0.874, "energy": 0.358, "key": 1, "loudness": -9.806, "mode": 1, "speechiness": 0.127, "acousticness": 0.000563, "instrumentalness": 0, "liveness": 0.132, "valence": 0.172, "tempo": 119.914, "duration_ms": 106036, "time_signature": 4}, {"uri": "spotify:track:0S7eavOH2yPKEotR7SYpob", "name": "She Make It Clap - Remix", "artist": "Soulja Boy", "popularity": 56, "danceability": 0.941, "energy": 0.529, "key": 8, "loudness": -11.57, "mode": 1, "speechiness": 0.465, "acousticness": 0.023, "instrumentalness": 7.75e-05, "liveness": 0.0949, "valence": 0.503, "tempo": 119.977, "duration_ms": 191973, "time_signature": 4}, {"uri": "spotify:track:4GJxR7QdKAi0uTfPXwQ9LC", "name": "ABC", "artist": "Kayykilo", "popularity": 47, "danceability": 0.849, "energy": 0.703, "key": 1, "loudness": -5.735, "mode": 1, "speechiness": 0.307, "acousticness": 0.00338, "instrumentalness": 0, "liveness": 0.302, "valence": 0.793, "tempo": 166.05, "duration_ms": 151539, "time_signature": 4}, {"uri": "spotify:track:58cqFvlwb5uljBwtDgpJg9", "name": "Nunnadet Shit - Remix", "artist": "Asian Doll", "popularity": 49, "danceability": 0.951, "energy": 0.576, "key": 10, "loudness": -9.443, "mode": 0, "speechiness": 0.142, "acousticness": 0.0728, "instrumentalness": 0, "liveness": 0.0681, "valence": 0.545, "tempo": 135.031, "duration_ms": 256368, "time_signature": 4}, {"uri": "spotify:track:2Ty7EDf9XLYzEUqEIwJfDC", "name": "Twerkulator", "artist": "City Girls", "popularity": 70, "danceability": 0.895, "energy": 0.469, "key": 1, "loudness": -5.882, "mode": 1, "speechiness": 0.0661, "acousticness": 0.0012, "instrumentalness": 4.56e-05, "liveness": 0.192, "valence": 0.076, "tempo": 126.917, "duration_ms": 138542, "time_signature": 4}, {"uri": "spotify:track:75ZFGdpN1u4fuk4axSMjhT", "name": "TWORK", "artist": "Rubi Rose", "popularity": 50, "danceability": 0.919, "energy": 0.797, "key": 2, "loudness": -4.947, "mode": 1, "speechiness": 0.269, "acousticness": 0.0446, "instrumentalness": 0, "liveness": 0.269, "valence": 0.793, "tempo": 143.995, "duration_ms": 149058, "time_signature": 4}, {"uri": "spotify:track:2NFruMeEETdS4t6hM73Vip", "name": "I'm Perfect", "artist": "KenTheMan", "popularity": 48, "danceability": 0.956, "energy": 0.492, "key": 1, "loudness": -8.169, "mode": 1, "speechiness": 0.152, "acousticness": 0.00778, "instrumentalness": 9.75e-06, "liveness": 0.0849, "valence": 0.267, "tempo": 102.017, "duration_ms": 160000, "time_signature": 4}, {"uri": "spotify:track:0zZjAX9aWMb0dgL0uSRZU6", "name": "Buss It Open (feat. Lakeyah)", "artist": "Trapboy Freddy", "popularity": 50, "danceability": 0.911, "energy": 0.655, "key": 2, "loudness": -8.546, "mode": 1, "speechiness": 0.374, "acousticness": 0.282, "instrumentalness": 0.000208, "liveness": 0.069, "valence": 0.866, "tempo": 152.077, "duration_ms": 105360, "time_signature": 4}, {"uri": "spotify:track:3zSZqtlH19hscTR89XKqhU", "name": "$pend It", "artist": "BAHA BANK$", "popularity": 43, "danceability": 0.857, "energy": 0.548, "key": 2, "loudness": -10.218, "mode": 1, "speechiness": 0.252, "acousticness": 0.00146, "instrumentalness": 0.00159, "liveness": 0.0524, "valence": 0.499, "tempo": 81.961, "duration_ms": 141951, "time_signature": 4}, {"uri": "spotify:track:5caZgotE4D6elZpd5S4wlX", "name": "Clap For 'Em (feat. Flo Milli & Sada Baby)", "artist": "YungManny", "popularity": 62, "danceability": 0.903, "energy": 0.785, "key": 1, "loudness": -4.709, "mode": 1, "speechiness": 0.322, "acousticness": 0.0245, "instrumentalness": 0, "liveness": 0.0652, "valence": 0.823, "tempo": 129.835, "duration_ms": 125580, "time_signature": 4}, {"uri": "spotify:track:4foyyTPR2jUcATliukBkd9", "name": "She Twerkin", "artist": "Ca$h Out", "popularity": 58, "danceability": 0.837, "energy": 0.762, "key": 2, "loudness": -4.073, "mode": 1, "speechiness": 0.0508, "acousticness": 0.000644, "instrumentalness": 0, "liveness": 0.113, "valence": 0.334, "tempo": 142.009, "duration_ms": 172467, "time_signature": 4}, {"uri": "spotify:track:7cZVHLMtivlPLHQgqQCGxZ", "name": "Eenie Meenie", "artist": "Baby Tate", "popularity": 52, "danceability": 0.884, "energy": 0.639, "key": 1, "loudness": -6.832, "mode": 0, "speechiness": 0.246, "acousticness": 0.111, "instrumentalness": 1.66e-06, "liveness": 0.608, "valence": 0.625, "tempo": 100.049, "duration_ms": 142176, "time_signature": 4}, {"uri": "spotify:track:1O2vIEgUUDwzUpctAfeAlP", "name": "Young and Ratchet", "artist": "Lakeyah", "popularity": 52, "danceability": 0.871, "energy": 0.541, "key": 10, "loudness": -8.64, "mode": 0, "speechiness": 0.512, "acousticness": 0.169, "instrumentalness": 0, "liveness": 0.0993, "valence": 0.825, "tempo": 158.053, "duration_ms": 152095, "time_signature": 4}, {"uri": "spotify:track:0XqrIEnDoHvodUzGRmyKYQ", "name": "Buss It (feat. Travis Scott)", "artist": "Erica Banks", "popularity": 63, "danceability": 0.898, "energy": 0.529, "key": 9, "loudness": -5.428, "mode": 1, "speechiness": 0.2, "acousticness": 0.0699, "instrumentalness": 0, "liveness": 0.536, "valence": 0.8, "tempo": 110.032, "duration_ms": 188963, "time_signature": 4}]