[{"uri": "spotify:track:0lx2cLdOt3piJbcaXIV74f", "name": "willow", "artist": "Taylor Swift", "popularity": 82, "danceability": 0.392, "energy": 0.574, "key": 7, "loudness": -9.195, "mode": 1, "speechiness": 0.17, "acousticness": 0.833, "instrumentalness": 0.00179, "liveness": 0.145, "valence": 0.529, "tempo": 81.112, "duration_ms": 214707, "time_signature": 4}, {"uri": "spotify:track:0fioLzGM8ngbD1w6fMmm45", "name": "I'm Not The Only One", "artist": "Sam Smith", "popularity": 0, "danceability": 0.453, "energy": 0.496, "key": 5, "loudness": -5.785, "mode": 1, "speechiness": 0.0453, "acousticness": 0.554, "instrumentalness": 2.65e-05, "liveness": 0.0772, "valence": 0.501, "tempo": 80.994, "duration_ms": 239317, "time_signature": 4}, {"uri": "spotify:track:3U4isOIWM3VvDubwSI3y7a", "name": "All of Me", "artist": "John Legend", "popularity": 87, "danceability": 0.422, "energy": 0.264, "key": 8, "loudness": -7.064, "mode": 1, "speechiness": 0.0322, "acousticness": 0.922, "instrumentalness": 0, "liveness": 0.132, "valence": 0.331, "tempo": 119.93, "duration_ms": 269560, "time_signature": 4}, {"uri": "spotify:track:0gplL1WMoJ6iYaPgMCL0gX", "name": "Easy On Me", "artist": "Adele", "popularity": 97, "danceability": 0.604, "energy": 0.366, "key": 5, "loudness": -7.519, "mode": 1, "speechiness": 0.0282, "acousticness": 0.578, "instrumentalness": 0, "liveness": 0.133, "valence": 0.13, "tempo": 141.981, "duration_ms": 224695, "time_signature": 4}, {"uri": "spotify:track:22eqegdVyWgAQAwLkm7L9b", "name": "September", "artist": "James Arthur", "popularity": 67, "danceability": 0.641, "energy": 0.551, "key": 9, "loudness": -6.165, "mode": 1, "speechiness": 0.0532, "acousticness": 0.147, "instrumentalness": 0, "liveness": 0.12, "valence": 0.417, "tempo": 102.912, "duration_ms": 220891, "time_signature": 4}, {"uri": "spotify:track:3FAJ6O0NOHQV8Mc5Ri6ENp", "name": "Heartbreak Anniversary", "artist": "Giveon", "popularity": 87, "danceability": 0.449, "energy": 0.465, "key": 0, "loudness": -8.964, "mode": 1, "speechiness": 0.0791, "acousticness": 0.524, "instrumentalness": 1.02e-06, "liveness": 0.303, "valence": 0.543, "tempo": 89.087, "duration_ms": 198371, "time_signature": 3}, {"uri": "spotify:track:0E4Y1XIbs8GrAT1YqVy6dq", "name": "Afterglow", "artist": "Ed Sheeran", "popularity": 82, "danceability": 0.641, "energy": 0.324, "key": 11, "loudness": -5.851, "mode": 1, "speechiness": 0.0299, "acousticness": 0.698, "instrumentalness": 0, "liveness": 0.328, "valence": 0.273, "tempo": 110.184, "duration_ms": 185487, "time_signature": 4}, {"uri": "spotify:track:4HBZA5flZLE435QTztThqH", "name": "Stuck with U (with Justin Bieber)", "artist": "Ariana Grande", "popularity": 85, "danceability": 0.597, "energy": 0.45, "key": 8, "loudness": -6.658, "mode": 1, "speechiness": 0.0418, "acousticness": 0.223, "instrumentalness": 0, "liveness": 0.382, "valence": 0.537, "tempo": 178.765, "duration_ms": 228482, "time_signature": 3}, {"uri": "spotify:track:4JehYebiI9JE8sR8MisGVb", "name": "Halo", "artist": "Beyonc\u00e9", "popularity": 79, "danceability": 0.508, "energy": 0.72, "key": 11, "loudness": -5.908, "mode": 0, "speechiness": 0.0628, "acousticness": 0.272, "instrumentalness": 0, "liveness": 0.0563, "valence": 0.472, "tempo": 79.983, "duration_ms": 261640, "time_signature": 4}, {"uri": "spotify:track:2gMXnyrvIjhVBUZwvLZDMP", "name": "Before You Go", "artist": "Lewis Capaldi", "popularity": 86, "danceability": 0.459, "energy": 0.575, "key": 3, "loudness": -4.858, "mode": 1, "speechiness": 0.0573, "acousticness": 0.604, "instrumentalness": 0, "liveness": 0.0885, "valence": 0.183, "tempo": 111.881, "duration_ms": 215107, "time_signature": 4}, {"uri": "spotify:track:4rVW6XqAsSaf5vOwc8FREW", "name": "Wild (feat. Gary Clark Jr.)", "artist": "John Legend", "popularity": 76, "danceability": 0.557, "energy": 0.585, "key": 8, "loudness": -6.201, "mode": 1, "speechiness": 0.0431, "acousticness": 0.036, "instrumentalness": 0, "liveness": 0.176, "valence": 0.305, "tempo": 63.392, "duration_ms": 196907, "time_signature": 4}, {"uri": "spotify:track:7yFhA2fUsL2oIMWlw5DaHQ", "name": "The Bones", "artist": "Maren Morris", "popularity": 79, "danceability": 0.612, "energy": 0.57, "key": 11, "loudness": -6.642, "mode": 0, "speechiness": 0.0347, "acousticness": 0.278, "instrumentalness": 0, "liveness": 0.0963, "valence": 0.334, "tempo": 77.004, "duration_ms": 197293, "time_signature": 4}, {"uri": "spotify:track:716eVtciaJCtTcaknS3QXr", "name": "imagine", "artist": "Ben Platt", "popularity": 69, "danceability": 0.542, "energy": 0.412, "key": 1, "loudness": -6.822, "mode": 1, "speechiness": 0.0411, "acousticness": 0.0421, "instrumentalness": 2.03e-06, "liveness": 0.0884, "valence": 0.284, "tempo": 130.203, "duration_ms": 164203, "time_signature": 5}, {"uri": "spotify:track:0tgVpDi06FyKpA1z0VMD4v", "name": "Perfect", "artist": "Ed Sheeran", "popularity": 88, "danceability": 0.599, "energy": 0.448, "key": 8, "loudness": -6.312, "mode": 1, "speechiness": 0.0232, "acousticness": 0.163, "instrumentalness": 0, "liveness": 0.106, "valence": 0.168, "tempo": 95.05, "duration_ms": 263400, "time_signature": 3}, {"uri": "spotify:track:2TeLIzFBe3hxkPR5FIQZut", "name": "Like I Can", "artist": "Sam Smith", "popularity": 85, "danceability": 0.656, "energy": 0.627, "key": 7, "loudness": -6.627, "mode": 0, "speechiness": 0.0379, "acousticness": 0.343, "instrumentalness": 2.17e-05, "liveness": 0.124, "valence": 0.481, "tempo": 99.933, "duration_ms": 167066, "time_signature": 4}, {"uri": "spotify:track:15xWRPHQMeqgdkGzInx3PY", "name": "Falling Like The Stars", "artist": "James Arthur", "popularity": 74, "danceability": 0.296, "energy": 0.351, "key": 6, "loudness": -9.538, "mode": 1, "speechiness": 0.0352, "acousticness": 0.823, "instrumentalness": 1.45e-06, "liveness": 0.11, "valence": 0.19, "tempo": 177.06, "duration_ms": 212720, "time_signature": 3}, {"uri": "spotify:track:7A2eDNBgJrEVE87C8pOMqN", "name": "When We Were Young", "artist": "Adele", "popularity": 0, "danceability": 0.381, "energy": 0.594, "key": 3, "loudness": -5.97, "mode": 1, "speechiness": 0.0486, "acousticness": 0.348, "instrumentalness": 0, "liveness": 0.0925, "valence": 0.273, "tempo": 143.86, "duration_ms": 290907, "time_signature": 4}, {"uri": "spotify:track:2kJwzbxV2ppxnQoYw4GLBZ", "name": "If the World Was Ending (feat. Julia Michaels)", "artist": "JP Saxe", "popularity": 82, "danceability": 0.464, "energy": 0.473, "key": 1, "loudness": -10.086, "mode": 1, "speechiness": 0.129, "acousticness": 0.866, "instrumentalness": 0, "liveness": 0.109, "valence": 0.604, "tempo": 75.801, "duration_ms": 208687, "time_signature": 4}, {"uri": "spotify:track:2wrJq5XKLnmhRXHIAf9xBa", "name": "10,000 Hours (with Justin Bieber)", "artist": "Dan + Shay", "popularity": 81, "danceability": 0.654, "energy": 0.63, "key": 10, "loudness": -4.644, "mode": 1, "speechiness": 0.0259, "acousticness": 0.153, "instrumentalness": 0, "liveness": 0.111, "valence": 0.43, "tempo": 89.991, "duration_ms": 167693, "time_signature": 4}, {"uri": "spotify:track:7LyBwug9tJgbaEzRCqtY78", "name": "Put A Little Love On Me", "artist": "Niall Horan", "popularity": 71, "danceability": 0.589, "energy": 0.471, "key": 10, "loudness": -4.908, "mode": 1, "speechiness": 0.0262, "acousticness": 0.674, "instrumentalness": 0, "liveness": 0.105, "valence": 0.262, "tempo": 95.972, "duration_ms": 224586, "time_signature": 4}, {"uri": "spotify:track:1sgDyuLooyvEML4oHspNza", "name": "Lose Somebody", "artist": "Kygo", "popularity": 76, "danceability": 0.58, "energy": 0.586, "key": 1, "loudness": -6.883, "mode": 1, "speechiness": 0.0357, "acousticness": 0.344, "instrumentalness": 0, "liveness": 0.0755, "valence": 0.507, "tempo": 147.988, "duration_ms": 199549, "time_signature": 4}, {"uri": "spotify:track:4l0Mvzj72xxOpRrp6h8nHi", "name": "Lose You To Love Me", "artist": "Selena Gomez", "popularity": 83, "danceability": 0.488, "energy": 0.343, "key": 4, "loudness": -8.985, "mode": 1, "speechiness": 0.0436, "acousticness": 0.556, "instrumentalness": 0, "liveness": 0.21, "valence": 0.0978, "tempo": 102.819, "duration_ms": 206459, "time_signature": 4}, {"uri": "spotify:track:3H3r2nKWa3Yk5gt8xgmsEt", "name": "This City", "artist": "Sam Fischer", "popularity": 82, "danceability": 0.605, "energy": 0.377, "key": 11, "loudness": -6.213, "mode": 1, "speechiness": 0.0443, "acousticness": 0.733, "instrumentalness": 0, "liveness": 0.0808, "valence": 0.519, "tempo": 73.877, "duration_ms": 194853, "time_signature": 4}, {"uri": "spotify:track:2TIlqbIneP0ZY1O0EzYLlc", "name": "Someone You Loved", "artist": "Lewis Capaldi", "popularity": 77, "danceability": 0.501, "energy": 0.405, "key": 1, "loudness": -5.679, "mode": 1, "speechiness": 0.0319, "acousticness": 0.751, "instrumentalness": 0, "liveness": 0.105, "valence": 0.446, "tempo": 109.891, "duration_ms": 182161, "time_signature": 4}, {"uri": "spotify:track:2b8fOow8UzyDFAE27YhOZM", "name": "Memories", "artist": "Maroon 5", "popularity": 36, "danceability": 0.764, "energy": 0.32, "key": 11, "loudness": -7.209, "mode": 1, "speechiness": 0.0546, "acousticness": 0.837, "instrumentalness": 0, "liveness": 0.0822, "valence": 0.575, "tempo": 91.019, "duration_ms": 189486, "time_signature": 4}, {"uri": "spotify:track:5uCax9HTNlzGybIStD3vDh", "name": "Say You Won't Let Go", "artist": "James Arthur", "popularity": 87, "danceability": 0.358, "energy": 0.557, "key": 10, "loudness": -7.398, "mode": 1, "speechiness": 0.059, "acousticness": 0.695, "instrumentalness": 0, "liveness": 0.0902, "valence": 0.494, "tempo": 85.043, "duration_ms": 211467, "time_signature": 4}, {"uri": "spotify:track:45bE4HXI0AwGZXfZtMp8JR", "name": "you broke me first", "artist": "Tate McRae", "popularity": 88, "danceability": 0.667, "energy": 0.373, "key": 4, "loudness": -9.389, "mode": 1, "speechiness": 0.05, "acousticness": 0.785, "instrumentalness": 0, "liveness": 0.0906, "valence": 0.0823, "tempo": 124.148, "duration_ms": 169266, "time_signature": 4}, {"uri": "spotify:track:5ovVcYo2MvjVydFwFyaaqy", "name": "I Should Probably Go To Bed", "artist": "Dan + Shay", "popularity": 71, "danceability": 0.721, "energy": 0.277, "key": 1, "loudness": -7.128, "mode": 1, "speechiness": 0.0365, "acousticness": 0.634, "instrumentalness": 0, "liveness": 0.112, "valence": 0.309, "tempo": 131.935, "duration_ms": 171827, "time_signature": 4}, {"uri": "spotify:track:2YlZnw2ikdb837oKMKjBkW", "name": "Like I'm Gonna Lose You (feat. John Legend)", "artist": "Meghan Trainor", "popularity": 81, "danceability": 0.63, "energy": 0.53, "key": 0, "loudness": -7.259, "mode": 1, "speechiness": 0.0434, "acousticness": 0.4, "instrumentalness": 0, "liveness": 0.177, "valence": 0.417, "tempo": 108.038, "duration_ms": 225053, "time_signature": 3}, {"uri": "spotify:track:0prNGof3XqfTvNDxHonvdK", "name": "Scars To Your Beautiful", "artist": "Alessia Cara", "popularity": 75, "danceability": 0.573, "energy": 0.739, "key": 0, "loudness": -5.74, "mode": 1, "speechiness": 0.129, "acousticness": 0.0285, "instrumentalness": 0, "liveness": 0.111, "valence": 0.451, "tempo": 97.085, "duration_ms": 230227, "time_signature": 4}, {"uri": "spotify:track:2RPNCUaDL2ixoY9wGpoJoQ", "name": "Unconditionally", "artist": "Katy Perry", "popularity": 0, "danceability": 0.555, "energy": 0.729, "key": 7, "loudness": -4.813, "mode": 1, "speechiness": 0.0387, "acousticness": 0.00357, "instrumentalness": 0, "liveness": 0.209, "valence": 0.369, "tempo": 129.003, "duration_ms": 228879, "time_signature": 4}, {"uri": "spotify:track:1EHUQesfVKwbthtNcpBi9g", "name": "WITHOUT YOU (with Miley Cyrus)", "artist": "The Kid LAROI", "popularity": 79, "danceability": 0.655, "energy": 0.469, "key": 0, "loudness": -6.257, "mode": 1, "speechiness": 0.0292, "acousticness": 0.173, "instrumentalness": 0, "liveness": 0.0956, "valence": 0.467, "tempo": 92.56, "duration_ms": 161385, "time_signature": 4}, {"uri": "spotify:track:7BqBn9nzAq8spo5e7cZ0dJ", "name": "Just the Way You Are", "artist": "Bruno Mars", "popularity": 83, "danceability": 0.635, "energy": 0.841, "key": 5, "loudness": -5.379, "mode": 1, "speechiness": 0.0422, "acousticness": 0.0134, "instrumentalness": 0, "liveness": 0.0622, "valence": 0.424, "tempo": 109.021, "duration_ms": 220734, "time_signature": 4}, {"uri": "spotify:track:1HNkqx9Ahdgi1Ixy2xkKkL", "name": "Photograph", "artist": "Ed Sheeran", "popularity": 86, "danceability": 0.614, "energy": 0.379, "key": 4, "loudness": -10.48, "mode": 1, "speechiness": 0.0476, "acousticness": 0.607, "instrumentalness": 0.000464, "liveness": 0.0986, "valence": 0.201, "tempo": 107.989, "duration_ms": 258987, "time_signature": 4}, {"uri": "spotify:track:2JtSnwYNKOphDrshYL8n4p", "name": "I'm Like A Bird - Recorded at Spotify Studios NYC", "artist": "Alessia Cara", "popularity": 69, "danceability": 0.524, "energy": 0.639, "key": 10, "loudness": -7.18, "mode": 1, "speechiness": 0.103, "acousticness": 0.238, "instrumentalness": 0, "liveness": 0.0598, "valence": 0.582, "tempo": 87.998, "duration_ms": 219960, "time_signature": 4}, {"uri": "spotify:track:6700Z4Izi8EbB6JNthU6Ma", "name": "Hold Me While You Wait", "artist": "Lewis Capaldi", "popularity": 70, "danceability": 0.688, "energy": 0.53, "key": 11, "loudness": -5.507, "mode": 1, "speechiness": 0.0333, "acousticness": 0.443, "instrumentalness": 0, "liveness": 0.0995, "valence": 0.162, "tempo": 106.958, "duration_ms": 205687, "time_signature": 4}, {"uri": "spotify:track:1QUpqu8865jfasDr8M3IKN", "name": "A Thousand Years", "artist": "Christina Perri", "popularity": 58, "danceability": 0.421, "energy": 0.407, "key": 10, "loudness": -7.445, "mode": 1, "speechiness": 0.0267, "acousticness": 0.309, "instrumentalness": 0.000961, "liveness": 0.11, "valence": 0.161, "tempo": 139.028, "duration_ms": 285120, "time_signature": 3}, {"uri": "spotify:track:2sX7lJXsOYGP1Us6CqM9t1", "name": "Little Bit of Love", "artist": "Tom Grennan", "popularity": 75, "danceability": 0.689, "energy": 0.706, "key": 1, "loudness": -4.48, "mode": 0, "speechiness": 0.0312, "acousticness": 0.0833, "instrumentalness": 0, "liveness": 0.105, "valence": 0.623, "tempo": 106.52, "duration_ms": 226268, "time_signature": 4}, {"uri": "spotify:track:6Tio0ZoDeSQnI7EBAqWer2", "name": "Cover Me In Sunshine", "artist": "P!nk", "popularity": 81, "danceability": 0.476, "energy": 0.594, "key": 5, "loudness": -6.879, "mode": 1, "speechiness": 0.135, "acousticness": 0.0599, "instrumentalness": 0, "liveness": 0.0785, "valence": 0.314, "tempo": 159.702, "duration_ms": 141050, "time_signature": 4}, {"uri": "spotify:track:1koJk8rrMBlhDZ8MNiLzH9", "name": "Always Remember Us This Way", "artist": "Lady Gaga", "popularity": 60, "danceability": 0.553, "energy": 0.506, "key": 0, "loudness": -5.967, "mode": 1, "speechiness": 0.0411, "acousticness": 0.317, "instrumentalness": 0, "liveness": 0.763, "valence": 0.306, "tempo": 130.027, "duration_ms": 210200, "time_signature": 4}, {"uri": "spotify:track:7oAraczbemGSNWqnbkU87R", "name": "Too Good At Goodbyes", "artist": "Sam Smith", "popularity": 0, "danceability": 0.515, "energy": 0.378, "key": 5, "loudness": -8.264, "mode": 1, "speechiness": 0.065, "acousticness": 0.618, "instrumentalness": 0, "liveness": 0.172, "valence": 0.536, "tempo": 91.883, "duration_ms": 201000, "time_signature": 4}, {"uri": "spotify:track:1wjzFQodRWrPcQ0AnYnvQ9", "name": "I Like Me Better", "artist": "Lauv", "popularity": 6, "danceability": 0.752, "energy": 0.505, "key": 9, "loudness": -7.621, "mode": 1, "speechiness": 0.253, "acousticness": 0.535, "instrumentalness": 2.55e-06, "liveness": 0.104, "valence": 0.419, "tempo": 91.97, "duration_ms": 197437, "time_signature": 4}, {"uri": "spotify:track:5HBDBBr5OV90lubqW8ctJF", "name": "if we never met", "artist": "John K", "popularity": 71, "danceability": 0.958, "energy": 0.376, "key": 8, "loudness": -7.063, "mode": 1, "speechiness": 0.0523, "acousticness": 0.171, "instrumentalness": 0, "liveness": 0.127, "valence": 0.331, "tempo": 107.964, "duration_ms": 144427, "time_signature": 4}, {"uri": "spotify:track:6SKwQghsR8AISlxhcwyA9R", "name": "Marry You", "artist": "Bruno Mars", "popularity": 77, "danceability": 0.621, "energy": 0.82, "key": 10, "loudness": -4.865, "mode": 1, "speechiness": 0.0367, "acousticness": 0.332, "instrumentalness": 0, "liveness": 0.104, "valence": 0.452, "tempo": 144.905, "duration_ms": 230192, "time_signature": 4}, {"uri": "spotify:track:1Xi84slp6FryDSCbzq4UCD", "name": "Arcade", "artist": "Duncan Laurence", "popularity": 84, "danceability": 0.45, "energy": 0.329, "key": 9, "loudness": -12.603, "mode": 0, "speechiness": 0.0441, "acousticness": 0.818, "instrumentalness": 0.00109, "liveness": 0.135, "valence": 0.266, "tempo": 71.884, "duration_ms": 183624, "time_signature": 3}, {"uri": "spotify:track:50Td3qilgs8BLtv8mHyT1t", "name": "Control", "artist": "Zoe Wees", "popularity": 80, "danceability": 0.599, "energy": 0.465, "key": 4, "loudness": -4.95, "mode": 1, "speechiness": 0.0314, "acousticness": 0.643, "instrumentalness": 1.57e-06, "liveness": 0.149, "valence": 0.0678, "tempo": 113.82, "duration_ms": 230880, "time_signature": 4}, {"uri": "spotify:track:6UelLqGlWMcVH1E5c4H7lY", "name": "Watermelon Sugar", "artist": "Harry Styles", "popularity": 90, "danceability": 0.548, "energy": 0.816, "key": 0, "loudness": -4.209, "mode": 1, "speechiness": 0.0465, "acousticness": 0.122, "instrumentalness": 0, "liveness": 0.335, "valence": 0.557, "tempo": 95.39, "duration_ms": 174000, "time_signature": 4}, {"uri": "spotify:track:79qxwHypONUt3AFq0WPpT9", "name": "Rainbow", "artist": "Kacey Musgraves", "popularity": 74, "danceability": 0.581, "energy": 0.197, "key": 3, "loudness": -7.697, "mode": 1, "speechiness": 0.0329, "acousticness": 0.88, "instrumentalness": 0, "liveness": 0.107, "valence": 0.349, "tempo": 130.367, "duration_ms": 214293, "time_signature": 4}, {"uri": "spotify:track:7rPLZ8Krm6CZIbraFUlnWZ", "name": "Make You Feel My Love", "artist": "Adele", "popularity": 0, "danceability": 0.325, "energy": 0.18, "key": 10, "loudness": -10.647, "mode": 1, "speechiness": 0.0311, "acousticness": 0.91, "instrumentalness": 0.000633, "liveness": 0.113, "valence": 0.0997, "tempo": 72.416, "duration_ms": 212040, "time_signature": 1}, {"uri": "spotify:track:11WbNwwAdoxfwpZxSHIP7J", "name": "IDK You Yet", "artist": "Alexander 23", "popularity": 61, "danceability": 0.646, "energy": 0.31, "key": 1, "loudness": -11.728, "mode": 1, "speechiness": 0.0399, "acousticness": 0.885, "instrumentalness": 0.0769, "liveness": 0.121, "valence": 0.202, "tempo": 76.987, "duration_ms": 184638, "time_signature": 1}, {"uri": "spotify:track:0tV8pOpiNsKqUys0ilUcXz", "name": "Rise Up", "artist": "Andra Day", "popularity": 75, "danceability": 0.398, "energy": 0.316, "key": 1, "loudness": -7.031, "mode": 1, "speechiness": 0.0368, "acousticness": 0.805, "instrumentalness": 0, "liveness": 0.295, "valence": 0.174, "tempo": 118.582, "duration_ms": 253342, "time_signature": 4}, {"uri": "spotify:track:6QfS2wq5sSC1xAJCQsTSlj", "name": "Shallow - Radio Edit", "artist": "Lady Gaga", "popularity": 76, "danceability": 0.575, "energy": 0.33, "key": 7, "loudness": -6.557, "mode": 1, "speechiness": 0.031, "acousticness": 0.416, "instrumentalness": 0, "liveness": 0.0872, "valence": 0.277, "tempo": 95.801, "duration_ms": 217213, "time_signature": 4}, {"uri": "spotify:track:4xqrdfXkTW4T0RauPLv3WA", "name": "Heather", "artist": "Conan Gray", "popularity": 89, "danceability": 0.357, "energy": 0.425, "key": 5, "loudness": -7.301, "mode": 1, "speechiness": 0.0333, "acousticness": 0.584, "instrumentalness": 0, "liveness": 0.322, "valence": 0.27, "tempo": 102.078, "duration_ms": 198040, "time_signature": 3}, {"uri": "spotify:track:5kRPPEWFJIMox5qIkQkiz5", "name": "Sweet Creature", "artist": "Harry Styles", "popularity": 78, "danceability": 0.427, "energy": 0.262, "key": 7, "loudness": -8.541, "mode": 1, "speechiness": 0.0276, "acousticness": 0.746, "instrumentalness": 0, "liveness": 0.068, "valence": 0.228, "tempo": 104.085, "duration_ms": 224867, "time_signature": 4}, {"uri": "spotify:track:6lfxq3CG4xtTiEg7opyCyx", "name": "Can't Help Falling In Love", "artist": "Kina Grannis", "popularity": 73, "danceability": 0.266, "energy": 0.0596, "key": 0, "loudness": -18.515, "mode": 1, "speechiness": 0.0363, "acousticness": 0.905, "instrumentalness": 7.07e-05, "liveness": 0.132, "valence": 0.143, "tempo": 181.74, "duration_ms": 201933, "time_signature": 3}, {"uri": "spotify:track:0nJW01T7XtvILxQgC5J7Wh", "name": "When I Was Your Man", "artist": "Bruno Mars", "popularity": 86, "danceability": 0.612, "energy": 0.28, "key": 0, "loudness": -8.648, "mode": 1, "speechiness": 0.0434, "acousticness": 0.932, "instrumentalness": 0, "liveness": 0.088, "valence": 0.387, "tempo": 72.795, "duration_ms": 213827, "time_signature": 4}, {"uri": "spotify:track:4WzhjxvLP95y7AMDy0Atwb", "name": "Out Of Love", "artist": "Alessia Cara", "popularity": 77, "danceability": 0.481, "energy": 0.267, "key": 7, "loudness": -9.249, "mode": 1, "speechiness": 0.0339, "acousticness": 0.8, "instrumentalness": 0, "liveness": 0.249, "valence": 0.137, "tempo": 117.64, "duration_ms": 227693, "time_signature": 3}, {"uri": "spotify:track:0IktbUcnAGrvD03AWnz3Q8", "name": "Lucky", "artist": "Jason Mraz", "popularity": 76, "danceability": 0.623, "energy": 0.417, "key": 0, "loudness": -8.699, "mode": 1, "speechiness": 0.0354, "acousticness": 0.296, "instrumentalness": 0, "liveness": 0.135, "valence": 0.721, "tempo": 130.032, "duration_ms": 191360, "time_signature": 4}, {"uri": "spotify:track:4kflIGfjdZJW4ot2ioixTB", "name": "Someone Like You", "artist": "Adele", "popularity": 5, "danceability": 0.559, "energy": 0.33, "key": 9, "loudness": -8.251, "mode": 1, "speechiness": 0.0285, "acousticness": 0.892, "instrumentalness": 0, "liveness": 0.0975, "valence": 0.285, "tempo": 135.109, "duration_ms": 285040, "time_signature": 4}, {"uri": "spotify:track:2BOqDYLOJBiMOXShCV1neZ", "name": "Dancing On My Own", "artist": "Calum Scott", "popularity": 83, "danceability": 0.681, "energy": 0.174, "key": 1, "loudness": -8.745, "mode": 1, "speechiness": 0.0315, "acousticness": 0.837, "instrumentalness": 3.35e-05, "liveness": 0.0983, "valence": 0.231, "tempo": 112.672, "duration_ms": 260285, "time_signature": 4}, {"uri": "spotify:track:6OEHjJJvdkk1Ln0p0AZdyz", "name": "Girls Like You", "artist": "Maroon 5", "popularity": 65, "danceability": 0.611, "energy": 0.462, "key": 0, "loudness": -7.054, "mode": 1, "speechiness": 0.0646, "acousticness": 0.558, "instrumentalness": 1.01e-06, "liveness": 0.131, "valence": 0.377, "tempo": 59.635, "duration_ms": 215230, "time_signature": 4}, {"uri": "spotify:track:4qug3gWrzeTNm0GhOkugJV", "name": "Love Yourself", "artist": "Justin Bieber", "popularity": 0, "danceability": 0.795, "energy": 0.378, "key": 4, "loudness": -9.979, "mode": 1, "speechiness": 0.316, "acousticness": 0.859, "instrumentalness": 0, "liveness": 0.204, "valence": 0.576, "tempo": 100.227, "duration_ms": 233747, "time_signature": 4}, {"uri": "spotify:track:7evPpWWu01Klxi0KlPxR17", "name": "Mercy", "artist": "Shawn Mendes", "popularity": 0, "danceability": 0.568, "energy": 0.686, "key": 11, "loudness": -4.901, "mode": 0, "speechiness": 0.0903, "acousticness": 0.133, "instrumentalness": 0, "liveness": 0.11, "valence": 0.4, "tempo": 148.294, "duration_ms": 208733, "time_signature": 4}, {"uri": "spotify:track:0rFOs9paloAvEtzwDX1Kmc", "name": "Bubbly", "artist": "Colbie Caillat", "popularity": 69, "danceability": 0.697, "energy": 0.474, "key": 9, "loudness": -6.663, "mode": 1, "speechiness": 0.0351, "acousticness": 0.603, "instrumentalness": 0, "liveness": 0.11, "valence": 0.249, "tempo": 127.904, "duration_ms": 196280, "time_signature": 4}, {"uri": "spotify:track:1ZIKpMTRPqhwAoVXWY3tXI", "name": "Chasing After You (with Maren Morris)", "artist": "Ryan Hurd", "popularity": 76, "danceability": 0.596, "energy": 0.679, "key": 4, "loudness": -6.395, "mode": 1, "speechiness": 0.0394, "acousticness": 0.723, "instrumentalness": 0, "liveness": 0.116, "valence": 0.479, "tempo": 131.912, "duration_ms": 207974, "time_signature": 4}, {"uri": "spotify:track:3AJwUDP919kvQ9QcozQPxg", "name": "Yellow", "artist": "Coldplay", "popularity": 88, "danceability": 0.429, "energy": 0.661, "key": 11, "loudness": -7.227, "mode": 1, "speechiness": 0.0281, "acousticness": 0.00239, "instrumentalness": 0.000121, "liveness": 0.234, "valence": 0.285, "tempo": 173.372, "duration_ms": 266773, "time_signature": 4}, {"uri": "spotify:track:3GJ4hzg4lrGwU51Y3VARbF", "name": "Speechless", "artist": "Dan + Shay", "popularity": 75, "danceability": 0.616, "energy": 0.438, "key": 1, "loudness": -5.968, "mode": 1, "speechiness": 0.0298, "acousticness": 0.356, "instrumentalness": 0, "liveness": 0.24, "valence": 0.386, "tempo": 135.929, "duration_ms": 213387, "time_signature": 4}, {"uri": "spotify:track:3CKCZ9pfwAfoMZlMncA1Nc", "name": "Set Fire to the Rain", "artist": "Adele", "popularity": 4, "danceability": 0.61, "energy": 0.683, "key": 2, "loudness": -3.879, "mode": 0, "speechiness": 0.0253, "acousticness": 0.00382, "instrumentalness": 1.79e-06, "liveness": 0.125, "valence": 0.466, "tempo": 108.003, "duration_ms": 241693, "time_signature": 4}, {"uri": "spotify:track:3EPXxR3ImUwfayaurPi3cm", "name": "Be Alright", "artist": "Dean Lewis", "popularity": 82, "danceability": 0.553, "energy": 0.586, "key": 11, "loudness": -6.319, "mode": 1, "speechiness": 0.0362, "acousticness": 0.697, "instrumentalness": 0, "liveness": 0.0813, "valence": 0.443, "tempo": 126.684, "duration_ms": 196373, "time_signature": 4}, {"uri": "spotify:track:4L2K7JKseFCBoHMZEAszW0", "name": "Jealous", "artist": "Labrinth", "popularity": 8, "danceability": 0.439, "energy": 0.153, "key": 1, "loudness": -8.95, "mode": 1, "speechiness": 0.0479, "acousticness": 0.874, "instrumentalness": 0, "liveness": 0.107, "valence": 0.104, "tempo": 116.76, "duration_ms": 287693, "time_signature": 3}, {"uri": "spotify:track:5gjATWO1EIhrCP1CQ2GWg8", "name": "Anywhere Away from Here (Rag\u2019n\u2019Bone Man & P!nk)", "artist": "Rag'n'Bone Man", "popularity": 72, "danceability": 0.395, "energy": 0.288, "key": 11, "loudness": -10.465, "mode": 1, "speechiness": 0.0345, "acousticness": 0.656, "instrumentalness": 0, "liveness": 0.116, "valence": 0.189, "tempo": 130.571, "duration_ms": 238640, "time_signature": 4}, {"uri": "spotify:track:2kAIpGWnlFLQh48iut6Zzq", "name": "Free Spirit", "artist": "Khalid", "popularity": 67, "danceability": 0.627, "energy": 0.446, "key": 2, "loudness": -9.477, "mode": 0, "speechiness": 0.0332, "acousticness": 0.308, "instrumentalness": 0.00077, "liveness": 0.111, "valence": 0.11, "tempo": 139.994, "duration_ms": 182080, "time_signature": 4}, {"uri": "spotify:track:34gCuhDGsG4bRPIf9bb02f", "name": "Thinking out Loud", "artist": "Ed Sheeran", "popularity": 85, "danceability": 0.781, "energy": 0.445, "key": 2, "loudness": -6.061, "mode": 1, "speechiness": 0.0295, "acousticness": 0.474, "instrumentalness": 0, "liveness": 0.184, "valence": 0.591, "tempo": 78.998, "duration_ms": 281560, "time_signature": 4}, {"uri": "spotify:track:39jXnbACjiaiTwwhsr5sY5", "name": "Too Much To Ask", "artist": "Niall Horan", "popularity": 74, "danceability": 0.443, "energy": 0.533, "key": 0, "loudness": -6.548, "mode": 1, "speechiness": 0.0396, "acousticness": 0.371, "instrumentalness": 0, "liveness": 0.128, "valence": 0.201, "tempo": 77.344, "duration_ms": 223044, "time_signature": 4}, {"uri": "spotify:track:5Db9VIdDsN5yu3Eu7CT0i4", "name": "Stay With Me", "artist": "Sam Smith", "popularity": 0, "danceability": 0.479, "energy": 0.419, "key": 0, "loudness": -6.517, "mode": 1, "speechiness": 0.0389, "acousticness": 0.568, "instrumentalness": 0.000217, "liveness": 0.11, "valence": 0.186, "tempo": 85.014, "duration_ms": 172724, "time_signature": 4}, {"uri": "spotify:track:4Y5gx8VuShNmakYGlnrUzD", "name": "Surrender", "artist": "Natalie Taylor", "popularity": 0, "danceability": 0.39, "energy": 0.448, "key": 5, "loudness": -8.57, "mode": 0, "speechiness": 0.0276, "acousticness": 0.8, "instrumentalness": 0.182, "liveness": 0.107, "valence": 0.077, "tempo": 144.89, "duration_ms": 183103, "time_signature": 5}, {"uri": "spotify:track:7soJgKhQTO8hLP2JPRkL5O", "name": "One Call Away", "artist": "Charlie Puth", "popularity": 67, "danceability": 0.667, "energy": 0.613, "key": 1, "loudness": -5.353, "mode": 1, "speechiness": 0.0344, "acousticness": 0.403, "instrumentalness": 0, "liveness": 0.115, "valence": 0.47, "tempo": 91.024, "duration_ms": 194453, "time_signature": 4}, {"uri": "spotify:track:4wLZ4zPM9c4oe1VV8ejdWV", "name": "Home", "artist": "Michael Bubl\u00e9", "popularity": 65, "danceability": 0.608, "energy": 0.37, "key": 7, "loudness": -9.207, "mode": 1, "speechiness": 0.0306, "acousticness": 0.844, "instrumentalness": 1.87e-05, "liveness": 0.112, "valence": 0.349, "tempo": 127.631, "duration_ms": 225907, "time_signature": 4}, {"uri": "spotify:track:3XVBdLihbNbxUwZosxcGuJ", "name": "If I Ain't Got You", "artist": "Alicia Keys", "popularity": 81, "danceability": 0.609, "energy": 0.444, "key": 7, "loudness": -9.129, "mode": 1, "speechiness": 0.106, "acousticness": 0.603, "instrumentalness": 6.86e-06, "liveness": 0.104, "valence": 0.166, "tempo": 118.402, "duration_ms": 228707, "time_signature": 3}, {"uri": "spotify:track:1ip2IGDWMrUmlaepEbWlL8", "name": "Love Me Like You Do - From \"Fifty Shades Of Grey\"", "artist": "Ellie Goulding", "popularity": 64, "danceability": 0.258, "energy": 0.659, "key": 5, "loudness": -5.903, "mode": 0, "speechiness": 0.0596, "acousticness": 0.253, "instrumentalness": 0, "liveness": 0.111, "valence": 0.272, "tempo": 189.558, "duration_ms": 250267, "time_signature": 4}, {"uri": "spotify:track:2QTcJmSgeLRtG1c82ZYHQc", "name": "Stay", "artist": "Rihanna", "popularity": 52, "danceability": 0.621, "energy": 0.31, "key": 9, "loudness": -10.164, "mode": 0, "speechiness": 0.0283, "acousticness": 0.945, "instrumentalness": 6.12e-05, "liveness": 0.117, "valence": 0.125, "tempo": 111.893, "duration_ms": 240707, "time_signature": 4}, {"uri": "spotify:track:4llK75pXNWZz6KAho2Gp16", "name": "She Will Be Loved - Radio Mix", "artist": "Maroon 5", "popularity": 81, "danceability": 0.651, "energy": 0.663, "key": 0, "loudness": -5.569, "mode": 0, "speechiness": 0.0281, "acousticness": 0.228, "instrumentalness": 0, "liveness": 0.0994, "valence": 0.465, "tempo": 102.0, "duration_ms": 259453, "time_signature": 4}, {"uri": "spotify:track:5A6BJLZArq1MPjsnmcuk5f", "name": "Lights Down Low", "artist": "MAX", "popularity": 66, "danceability": 0.623, "energy": 0.493, "key": 5, "loudness": -7.727, "mode": 0, "speechiness": 0.0338, "acousticness": 0.0632, "instrumentalness": 0, "liveness": 0.104, "valence": 0.594, "tempo": 81.019, "duration_ms": 223847, "time_signature": 4}, {"uri": "spotify:track:1EzrEOXmMH3G43AXT1y7pA", "name": "I'm Yours", "artist": "Jason Mraz", "popularity": 82, "danceability": 0.686, "energy": 0.457, "key": 11, "loudness": -8.322, "mode": 1, "speechiness": 0.0468, "acousticness": 0.595, "instrumentalness": 0, "liveness": 0.105, "valence": 0.718, "tempo": 150.953, "duration_ms": 242187, "time_signature": 4}, {"uri": "spotify:track:4CxFN5zON70B3VOPBYbd6P", "name": "you were good to me", "artist": "Jeremy Zucker", "popularity": 81, "danceability": 0.561, "energy": 0.0848, "key": 2, "loudness": -15.099, "mode": 1, "speechiness": 0.0404, "acousticness": 0.913, "instrumentalness": 2.62e-05, "liveness": 0.112, "valence": 0.206, "tempo": 102.128, "duration_ms": 219147, "time_signature": 4}, {"uri": "spotify:track:6Up545NUflOiXo8cEraH49", "name": "You Say", "artist": "Lauren Daigle", "popularity": 77, "danceability": 0.494, "energy": 0.632, "key": 5, "loudness": -6.89, "mode": 1, "speechiness": 0.0342, "acousticness": 0.682, "instrumentalness": 0, "liveness": 0.0869, "valence": 0.0797, "tempo": 147.873, "duration_ms": 274693, "time_signature": 4}, {"uri": "spotify:track:4rMNgxEwGWoPHIUcvB5BrB", "name": "It Will Rain", "artist": "Bruno Mars", "popularity": 64, "danceability": 0.574, "energy": 0.824, "key": 2, "loudness": -6.885, "mode": 1, "speechiness": 0.0463, "acousticness": 0.359, "instrumentalness": 0, "liveness": 0.0816, "valence": 0.434, "tempo": 149.981, "duration_ms": 257848, "time_signature": 4}, {"uri": "spotify:track:1rpDLMm4FjGqMz6N1dZZo8", "name": "Million Reasons", "artist": "Lady Gaga", "popularity": 58, "danceability": 0.666, "energy": 0.423, "key": 0, "loudness": -8.012, "mode": 1, "speechiness": 0.043, "acousticness": 0.494, "instrumentalness": 0, "liveness": 0.106, "valence": 0.154, "tempo": 129.89, "duration_ms": 205280, "time_signature": 4}, {"uri": "spotify:track:7wZUrN8oemZfsEd1CGkbXE", "name": "Bleeding Love", "artist": "Leona Lewis", "popularity": 78, "danceability": 0.638, "energy": 0.656, "key": 5, "loudness": -5.886, "mode": 1, "speechiness": 0.0357, "acousticness": 0.188, "instrumentalness": 0, "liveness": 0.146, "valence": 0.225, "tempo": 104.036, "duration_ms": 262467, "time_signature": 4}, {"uri": "spotify:track:53Pgsvu3qSYO2aXt5J2vcL", "name": "Lego House", "artist": "Ed Sheeran", "popularity": 62, "danceability": 0.592, "energy": 0.637, "key": 11, "loudness": -8.48, "mode": 1, "speechiness": 0.0992, "acousticness": 0.562, "instrumentalness": 0, "liveness": 0.13, "valence": 0.565, "tempo": 159.701, "duration_ms": 185093, "time_signature": 4}, {"uri": "spotify:track:37f4ITSlgPX81ad2EvmVQr", "name": "Fight Song", "artist": "Rachel Platten", "popularity": 80, "danceability": 0.564, "energy": 0.714, "key": 7, "loudness": -4.987, "mode": 1, "speechiness": 0.129, "acousticness": 0.0549, "instrumentalness": 0, "liveness": 0.155, "valence": 0.33, "tempo": 175.924, "duration_ms": 204013, "time_signature": 4}, {"uri": "spotify:track:3V0nnQhqvbE3JmiDdnzQFQ", "name": "July (feat. Leon Bridges)", "artist": "Noah Cyrus", "popularity": 75, "danceability": 0.708, "energy": 0.211, "key": 9, "loudness": -9.603, "mode": 0, "speechiness": 0.0424, "acousticness": 0.853, "instrumentalness": 0, "liveness": 0.131, "valence": 0.362, "tempo": 72.5, "duration_ms": 152280, "time_signature": 4}, {"uri": "spotify:track:05pKAafT85jeeNhZ6kq7HT", "name": "I Won't Give Up", "artist": "Jason Mraz", "popularity": 68, "danceability": 0.585, "energy": 0.303, "key": 4, "loudness": -10.058, "mode": 1, "speechiness": 0.0398, "acousticness": 0.694, "instrumentalness": 0, "liveness": 0.115, "valence": 0.142, "tempo": 136.703, "duration_ms": 240166, "time_signature": 3}, {"uri": "spotify:track:7LVHVU3tWfcxj5aiPFEW4Q", "name": "Fix You", "artist": "Coldplay", "popularity": 84, "danceability": 0.209, "energy": 0.417, "key": 3, "loudness": -8.74, "mode": 1, "speechiness": 0.0338, "acousticness": 0.164, "instrumentalness": 0.00196, "liveness": 0.113, "valence": 0.124, "tempo": 138.178, "duration_ms": 295533, "time_signature": 4}, {"uri": "spotify:track:3goSVuTt3fDYDP6kRnFwuL", "name": "Take A Bow", "artist": "Rihanna", "popularity": 77, "danceability": 0.697, "energy": 0.467, "key": 9, "loudness": -7.536, "mode": 1, "speechiness": 0.0715, "acousticness": 0.248, "instrumentalness": 0, "liveness": 0.0941, "valence": 0.572, "tempo": 82.082, "duration_ms": 229413, "time_signature": 4}, {"uri": "spotify:track:0zbzrhfVS9S2TszW3wLQZ7", "name": "September Song", "artist": "JP Cooper", "popularity": 75, "danceability": 0.614, "energy": 0.615, "key": 0, "loudness": -6.7, "mode": 0, "speechiness": 0.0444, "acousticness": 0.054, "instrumentalness": 0, "liveness": 0.0921, "valence": 0.374, "tempo": 95.941, "duration_ms": 220291, "time_signature": 4}, {"uri": "spotify:track:4P6IttK2PRBjyr3fm0pP7t", "name": "Past Life (with Selena Gomez)", "artist": "Trevor Daniel", "popularity": 22, "danceability": 0.612, "energy": 0.539, "key": 3, "loudness": -5.071, "mode": 1, "speechiness": 0.0488, "acousticness": 0.104, "instrumentalness": 0, "liveness": 0.18, "valence": 0.294, "tempo": 79.948, "duration_ms": 186480, "time_signature": 4}, {"uri": "spotify:track:7lidXGPXPYLNThITAOTlkK", "name": "You should be sad", "artist": "Halsey", "popularity": 77, "danceability": 0.591, "energy": 0.585, "key": 2, "loudness": -6.35, "mode": 1, "speechiness": 0.0277, "acousticness": 0.143, "instrumentalness": 0, "liveness": 0.109, "valence": 0.324, "tempo": 110.94, "duration_ms": 205473, "time_signature": 4}, {"uri": "spotify:track:38xWaVFKaxZlMFvzNff2aW", "name": "Breakeven", "artist": "The Script", "popularity": 71, "danceability": 0.627, "energy": 0.699, "key": 10, "loudness": -4.504, "mode": 1, "speechiness": 0.0244, "acousticness": 0.174, "instrumentalness": 0, "liveness": 0.0789, "valence": 0.535, "tempo": 94.003, "duration_ms": 261427, "time_signature": 4}, {"uri": "spotify:track:23T0OX7QOiIUFShSzbJ5Uo", "name": "I Hope", "artist": "Gabby Barrett", "popularity": 78, "danceability": 0.466, "energy": 0.536, "key": 6, "loudness": -6.227, "mode": 1, "speechiness": 0.0429, "acousticness": 0.0951, "instrumentalness": 0, "liveness": 0.114, "valence": 0.377, "tempo": 75.998, "duration_ms": 210773, "time_signature": 4}]