[{"uri": "spotify:track:3ZozFqJJlDBNIm4xqxn2ZD", "name": "Fancy Like", "artist": "Walker Hayes", "popularity": 82, "danceability": 0.649, "energy": 0.76, "key": 1, "loudness": -6.487, "mode": 1, "speechiness": 0.0574, "acousticness": 0.114, "instrumentalness": 0, "liveness": 0.317, "valence": 0.843, "tempo": 80.018, "duration_ms": 161853, "time_signature": 4}, {"uri": "spotify:track:4iXDn9pu5Q9sxv45vE8Lak", "name": "Famous Friends", "artist": "Chris Young", "popularity": 72, "danceability": 0.533, "energy": 0.855, "key": 6, "loudness": -2.901, "mode": 1, "speechiness": 0.0356, "acousticness": 0.0553, "instrumentalness": 0, "liveness": 0.335, "valence": 0.64, "tempo": 102.017, "duration_ms": 165569, "time_signature": 4}, {"uri": "spotify:track:7DhvNzyMM8jJWcfykG3psB", "name": "Thinking 'Bout You (feat. MacKenzie Porter)", "artist": "Dustin Lynch", "popularity": 78, "danceability": 0.403, "energy": 0.711, "key": 8, "loudness": -4.189, "mode": 1, "speechiness": 0.0569, "acousticness": 0.137, "instrumentalness": 0, "liveness": 0.109, "valence": 0.801, "tempo": 203.803, "duration_ms": 170560, "time_signature": 4}, {"uri": "spotify:track:3hLuHKzG1cmlRpq53ZVWd8", "name": "The Good Ones", "artist": "Gabby Barrett", "popularity": 76, "danceability": 0.519, "energy": 0.552, "key": 2, "loudness": -5.023, "mode": 1, "speechiness": 0.0259, "acousticness": 0.18, "instrumentalness": 0, "liveness": 0.149, "valence": 0.331, "tempo": 89.957, "duration_ms": 215141, "time_signature": 4}, {"uri": "spotify:track:0QULNNd9z5s35entfiiXoa", "name": "Drunk (And I Don't Wanna Go Home)", "artist": "Elle King", "popularity": 74, "danceability": 0.612, "energy": 0.884, "key": 5, "loudness": -4.4, "mode": 1, "speechiness": 0.0459, "acousticness": 0.00516, "instrumentalness": 0, "liveness": 0.0997, "valence": 0.626, "tempo": 119.991, "duration_ms": 245626, "time_signature": 4}, {"uri": "spotify:track:14GwnOeC9qYEKEA6uOZepa", "name": "One Of Them Girls", "artist": "Lee Brice", "popularity": 75, "danceability": 0.643, "energy": 0.79, "key": 4, "loudness": -6.079, "mode": 1, "speechiness": 0.0462, "acousticness": 0.294, "instrumentalness": 0, "liveness": 0.107, "valence": 0.8, "tempo": 95.987, "duration_ms": 188893, "time_signature": 4}, {"uri": "spotify:track:7IWV29mryrqtO0JVgnPtfv", "name": "Cold As You", "artist": "Luke Combs", "popularity": 75, "danceability": 0.598, "energy": 0.846, "key": 6, "loudness": -4.956, "mode": 1, "speechiness": 0.0355, "acousticness": 0.0527, "instrumentalness": 0, "liveness": 0.113, "valence": 0.328, "tempo": 144.04, "duration_ms": 186107, "time_signature": 4}, {"uri": "spotify:track:4sf2L157iEgAR7yrCNLgSq", "name": "Breaking Up Was Easy In The 90's", "artist": "Sam Hunt", "popularity": 71, "danceability": 0.562, "energy": 0.649, "key": 9, "loudness": -5.4, "mode": 1, "speechiness": 0.0494, "acousticness": 0.231, "instrumentalness": 0, "liveness": 0.341, "valence": 0.376, "tempo": 145.913, "duration_ms": 215933, "time_signature": 4}, {"uri": "spotify:track:35v4CE7o8XHvXPDjGPsp15", "name": "To Us It Did", "artist": "Mitchell Tenpenny", "popularity": 62, "danceability": 0.687, "energy": 0.86, "key": 0, "loudness": -4.579, "mode": 1, "speechiness": 0.0371, "acousticness": 0.0105, "instrumentalness": 0, "liveness": 0.0226, "valence": 0.492, "tempo": 113.988, "duration_ms": 165648, "time_signature": 4}, {"uri": "spotify:track:1AIlY4mVcOY34SNA4CTVbC", "name": "Back Then, Right Now", "artist": "Tenille Arts", "popularity": 71, "danceability": 0.582, "energy": 0.724, "key": 5, "loudness": -3.21, "mode": 1, "speechiness": 0.0319, "acousticness": 0.0142, "instrumentalness": 0, "liveness": 0.0484, "valence": 0.495, "tempo": 76.986, "duration_ms": 182067, "time_signature": 4}, {"uri": "spotify:track:5Kpg1A7BOHpBbaT3H3xqd3", "name": "GOOD TIME", "artist": "Niko Moon", "popularity": 23, "danceability": 0.802, "energy": 0.59, "key": 5, "loudness": -7.189, "mode": 1, "speechiness": 0.0493, "acousticness": 0.0874, "instrumentalness": 0, "liveness": 0.275, "valence": 0.687, "tempo": 138.084, "duration_ms": 214720, "time_signature": 4}, {"uri": "spotify:track:6foY66mWZN0pSRjZ408c00", "name": "Whiskey Glasses", "artist": "Morgan Wallen", "popularity": 80, "danceability": 0.614, "energy": 0.68, "key": 6, "loudness": -4.58, "mode": 1, "speechiness": 0.0289, "acousticness": 0.369, "instrumentalness": 1.84e-06, "liveness": 0.115, "valence": 0.707, "tempo": 149.959, "duration_ms": 234347, "time_signature": 4}, {"uri": "spotify:track:7AclP0W2jy6yrbvBiC4prQ", "name": "Setting the World On Fire (with P!nk)", "artist": "Kenny Chesney", "popularity": 61, "danceability": 0.61, "energy": 0.822, "key": 0, "loudness": -4.422, "mode": 1, "speechiness": 0.0355, "acousticness": 0.0171, "instrumentalness": 1.88e-06, "liveness": 0.093, "valence": 0.437, "tempo": 93.993, "duration_ms": 217467, "time_signature": 4}, {"uri": "spotify:track:5PAvFGse5jjDH9ke8Mae7D", "name": "Just the Way", "artist": "Parmalee", "popularity": 71, "danceability": 0.544, "energy": 0.829, "key": 9, "loudness": -2.84, "mode": 1, "speechiness": 0.0404, "acousticness": 0.107, "instrumentalness": 0, "liveness": 0.317, "valence": 0.815, "tempo": 90.048, "duration_ms": 193880, "time_signature": 4}, {"uri": "spotify:track:1LM5zQv5pBKPyO7rm7Uz6U", "name": "My Church", "artist": "Maren Morris", "popularity": 69, "danceability": 0.517, "energy": 0.743, "key": 9, "loudness": -4.336, "mode": 1, "speechiness": 0.0363, "acousticness": 0.243, "instrumentalness": 3.36e-06, "liveness": 0.107, "valence": 0.664, "tempo": 76.979, "duration_ms": 197931, "time_signature": 4}, {"uri": "spotify:track:3hboOw4dS0aXGuP0fyyvbC", "name": "Somebody Like That", "artist": "Tenille Arts", "popularity": 74, "danceability": 0.574, "energy": 0.798, "key": 6, "loudness": -5.356, "mode": 1, "speechiness": 0.0485, "acousticness": 0.0152, "instrumentalness": 0, "liveness": 0.111, "valence": 0.58, "tempo": 105.034, "duration_ms": 198209, "time_signature": 4}, {"uri": "spotify:track:1irAliF0T8sLIOPJp6n7rU", "name": "Single Saturday Night", "artist": "Cole Swindell", "popularity": 72, "danceability": 0.623, "energy": 0.79, "key": 7, "loudness": -5.07, "mode": 1, "speechiness": 0.0473, "acousticness": 0.118, "instrumentalness": 0, "liveness": 0.226, "valence": 0.694, "tempo": 81.949, "duration_ms": 187684, "time_signature": 4}, {"uri": "spotify:track:3J5jotqUAjU479WhAiNkpU", "name": "Freedom Was A Highway", "artist": "Jimmie Allen", "popularity": 73, "danceability": 0.563, "energy": 0.847, "key": 1, "loudness": -4.493, "mode": 1, "speechiness": 0.0468, "acousticness": 0.0891, "instrumentalness": 0, "liveness": 0.121, "valence": 0.666, "tempo": 96.06, "duration_ms": 212720, "time_signature": 4}, {"uri": "spotify:track:3dV1fjKOlLnaNK5MeZHXGv", "name": "Cold Beer Calling My Name", "artist": "Jameson Rodgers", "popularity": 69, "danceability": 0.581, "energy": 0.86, "key": 7, "loudness": -4.092, "mode": 1, "speechiness": 0.039, "acousticness": 0.048, "instrumentalness": 0, "liveness": 0.169, "valence": 0.79, "tempo": 148.318, "duration_ms": 210480, "time_signature": 4}, {"uri": "spotify:track:3z1PqYwMtct2Dm4R9lhWnT", "name": "Gunpowder & Lead", "artist": "Miranda Lambert", "popularity": 67, "danceability": 0.333, "energy": 0.907, "key": 0, "loudness": -3.191, "mode": 1, "speechiness": 0.0959, "acousticness": 0.153, "instrumentalness": 0, "liveness": 0.395, "valence": 0.353, "tempo": 187.826, "duration_ms": 191693, "time_signature": 4}, {"uri": "spotify:track:0NmuYnjETG3u3qx0OmEJev", "name": "Lil Bit", "artist": "Nelly", "popularity": 76, "danceability": 0.707, "energy": 0.689, "key": 4, "loudness": -7.097, "mode": 0, "speechiness": 0.0387, "acousticness": 0.0255, "instrumentalness": 0, "liveness": 0.383, "valence": 0.41, "tempo": 119.987, "duration_ms": 195962, "time_signature": 4}, {"uri": "spotify:track:3eBnEo9WL34ulBCZlLpUQO", "name": "Chicken Fried", "artist": "Zac Brown Band", "popularity": 42, "danceability": 0.566, "energy": 0.713, "key": 6, "loudness": -4.25, "mode": 1, "speechiness": 0.0418, "acousticness": 0.645, "instrumentalness": 0, "liveness": 0.114, "valence": 0.805, "tempo": 169.861, "duration_ms": 238147, "time_signature": 4}, {"uri": "spotify:track:6NhS5LwYbJ6xD7BGvlWRJO", "name": "One Margarita", "artist": "Luke Bryan", "popularity": 67, "danceability": 0.641, "energy": 0.842, "key": 9, "loudness": -4.872, "mode": 1, "speechiness": 0.0464, "acousticness": 0.0969, "instrumentalness": 0, "liveness": 0.169, "valence": 0.738, "tempo": 89.997, "duration_ms": 193427, "time_signature": 4}, {"uri": "spotify:track:7u6kAP26NFU2rwNKjFUpI8", "name": "I Was On a Boat That Day", "artist": "Old Dominion", "popularity": 65, "danceability": 0.541, "energy": 0.903, "key": 11, "loudness": -4.746, "mode": 1, "speechiness": 0.0901, "acousticness": 0.00546, "instrumentalness": 0, "liveness": 0.205, "valence": 0.767, "tempo": 139.981, "duration_ms": 178680, "time_signature": 4}, {"uri": "spotify:track:6OqdF0vHI9xkqswI7EK0cD", "name": "Cowboy Casanova", "artist": "Carrie Underwood", "popularity": 62, "danceability": 0.597, "energy": 0.82, "key": 5, "loudness": -2.529, "mode": 1, "speechiness": 0.0582, "acousticness": 0.0328, "instrumentalness": 0, "liveness": 0.119, "valence": 0.576, "tempo": 119.969, "duration_ms": 236787, "time_signature": 4}, {"uri": "spotify:track:5FmvaZGd6fulojSToozLRD", "name": "ONE BEER (feat. Lauren Alaina & Devin Dawson)", "artist": "HARDY", "popularity": 70, "danceability": 0.516, "energy": 0.745, "key": 2, "loudness": -8.352, "mode": 1, "speechiness": 0.0774, "acousticness": 0.564, "instrumentalness": 0, "liveness": 0.275, "valence": 0.826, "tempo": 186.006, "duration_ms": 173173, "time_signature": 3}, {"uri": "spotify:track:7yFhA2fUsL2oIMWlw5DaHQ", "name": "The Bones", "artist": "Maren Morris", "popularity": 79, "danceability": 0.612, "energy": 0.57, "key": 11, "loudness": -6.642, "mode": 0, "speechiness": 0.0347, "acousticness": 0.278, "instrumentalness": 0, "liveness": 0.0963, "valence": 0.334, "tempo": 77.004, "duration_ms": 197293, "time_signature": 4}, {"uri": "spotify:track:2cJC39Aqmyo6YBS7WuevRh", "name": "When It Rains It Pours", "artist": "Luke Combs", "popularity": 56, "danceability": 0.551, "energy": 0.801, "key": 6, "loudness": -5.069, "mode": 1, "speechiness": 0.0303, "acousticness": 0.013, "instrumentalness": 6.03e-06, "liveness": 0.265, "valence": 0.625, "tempo": 128.021, "duration_ms": 240760, "time_signature": 4}, {"uri": "spotify:track:4BLiRJdtn8jwUVtvbHIv2T", "name": "Throw It Back (feat. Keith Urban)", "artist": "BRELAND", "popularity": 69, "danceability": 0.79, "energy": 0.73, "key": 0, "loudness": -4.98, "mode": 1, "speechiness": 0.0926, "acousticness": 0.0586, "instrumentalness": 0, "liveness": 0.0878, "valence": 0.513, "tempo": 93.985, "duration_ms": 188936, "time_signature": 4}, {"uri": "spotify:track:6NhpIdjYoufuNNlBsgOztc", "name": "Suds in the Bucket", "artist": "Sara Evans", "popularity": 67, "danceability": 0.511, "energy": 0.903, "key": 10, "loudness": -3.163, "mode": 1, "speechiness": 0.0397, "acousticness": 0.052, "instrumentalness": 0.000529, "liveness": 0.304, "valence": 0.898, "tempo": 161.992, "duration_ms": 227267, "time_signature": 4}, {"uri": "spotify:track:2NNioXX1t4whQsBF8FfExl", "name": "Woman You Got", "artist": "Maddie & Tae", "popularity": 65, "danceability": 0.523, "energy": 0.896, "key": 10, "loudness": -3.556, "mode": 1, "speechiness": 0.0575, "acousticness": 0.105, "instrumentalness": 0, "liveness": 0.143, "valence": 0.729, "tempo": 169.94, "duration_ms": 177951, "time_signature": 4}, {"uri": "spotify:track:6QpZSfLid1YZ6c01BvB5jH", "name": "Down To One", "artist": "Luke Bryan", "popularity": 66, "danceability": 0.62, "energy": 0.776, "key": 8, "loudness": -4.109, "mode": 1, "speechiness": 0.0365, "acousticness": 0.358, "instrumentalness": 4.31e-05, "liveness": 0.11, "valence": 0.551, "tempo": 93.963, "duration_ms": 221633, "time_signature": 4}, {"uri": "spotify:track:1nVLAEzhBXMJLR5zAl90Nl", "name": "Crazy Girl", "artist": "Eli Young Band", "popularity": 72, "danceability": 0.366, "energy": 0.651, "key": 4, "loudness": -3.842, "mode": 1, "speechiness": 0.031, "acousticness": 0.000415, "instrumentalness": 0.00526, "liveness": 0.271, "valence": 0.257, "tempo": 151.343, "duration_ms": 200707, "time_signature": 3}, {"uri": "spotify:track:3xdjjKMcMOFgo1eQrfbogM", "name": "Wagon Wheel", "artist": "Darius Rucker", "popularity": 78, "danceability": 0.537, "energy": 0.66, "key": 9, "loudness": -7.174, "mode": 1, "speechiness": 0.0296, "acousticness": 0.455, "instrumentalness": 0, "liveness": 0.135, "valence": 0.574, "tempo": 148.096, "duration_ms": 298373, "time_signature": 4}, {"uri": "spotify:track:15npbUjCgwt2lRvyrJvyxw", "name": "Tequila Little Time", "artist": "Jon Pardi", "popularity": 72, "danceability": 0.757, "energy": 0.705, "key": 2, "loudness": -5.084, "mode": 1, "speechiness": 0.0252, "acousticness": 0.0375, "instrumentalness": 5.8e-06, "liveness": 0.114, "valence": 0.855, "tempo": 104.972, "duration_ms": 207161, "time_signature": 4}, {"uri": "spotify:track:2bV4NwncWMnVvcWyU2yxwB", "name": "hole in the bottle (with Shania Twain)", "artist": "Kelsea Ballerini", "popularity": 64, "danceability": 0.565, "energy": 0.837, "key": 4, "loudness": -4.607, "mode": 1, "speechiness": 0.119, "acousticness": 0.106, "instrumentalness": 0, "liveness": 0.37, "valence": 0.775, "tempo": 105.067, "duration_ms": 156276, "time_signature": 4}, {"uri": "spotify:track:3kgCJPXDlnL5bl1HFesHUi", "name": "Every Little Thing", "artist": "Russell Dickerson", "popularity": 68, "danceability": 0.637, "energy": 0.853, "key": 1, "loudness": -4.664, "mode": 1, "speechiness": 0.109, "acousticness": 0.216, "instrumentalness": 0, "liveness": 0.0357, "valence": 0.861, "tempo": 93.87, "duration_ms": 190640, "time_signature": 4}, {"uri": "spotify:track:6leiB1fEsTnVCuPiielde5", "name": "Something Like That", "artist": "Tim McGraw", "popularity": 68, "danceability": 0.507, "energy": 0.85, "key": 5, "loudness": -5.679, "mode": 1, "speechiness": 0.0472, "acousticness": 0.378, "instrumentalness": 0, "liveness": 0.0567, "valence": 0.847, "tempo": 171.8, "duration_ms": 183733, "time_signature": 4}, {"uri": "spotify:track:1TwLKNsCnhi1HxbIi4bAW0", "name": "House Party", "artist": "Sam Hunt", "popularity": 73, "danceability": 0.747, "energy": 0.861, "key": 8, "loudness": -5.251, "mode": 1, "speechiness": 0.0514, "acousticness": 0.113, "instrumentalness": 0, "liveness": 0.026, "valence": 0.859, "tempo": 103.966, "duration_ms": 190240, "time_signature": 4}, {"uri": "spotify:track:0PspNrE4MSjr1JeB4OW0jn", "name": "She's Country", "artist": "Jason Aldean", "popularity": 70, "danceability": 0.553, "energy": 0.872, "key": 1, "loudness": -2.832, "mode": 0, "speechiness": 0.0782, "acousticness": 0.198, "instrumentalness": 0, "liveness": 0.0659, "valence": 0.638, "tempo": 172.138, "duration_ms": 220573, "time_signature": 4}, {"uri": "spotify:track:19ZzEzb4BVK1wVO4brrmZz", "name": "Beers On Me", "artist": "Dierks Bentley", "popularity": 75, "danceability": 0.59, "energy": 0.846, "key": 4, "loudness": -4.251, "mode": 1, "speechiness": 0.0396, "acousticness": 0.182, "instrumentalness": 0, "liveness": 0.53, "valence": 0.733, "tempo": 146.028, "duration_ms": 174681, "time_signature": 4}, {"uri": "spotify:track:6ERR6e7h6wCqGoz1TjiUJb", "name": "Knockin' Boots", "artist": "Luke Bryan", "popularity": 69, "danceability": 0.739, "energy": 0.682, "key": 2, "loudness": -3.728, "mode": 1, "speechiness": 0.205, "acousticness": 0.129, "instrumentalness": 0, "liveness": 0.328, "valence": 0.634, "tempo": 131.983, "duration_ms": 199382, "time_signature": 4}, {"uri": "spotify:track:1dgWTMoHwTUnQhOQ8SR5fV", "name": "American Kids", "artist": "Kenny Chesney", "popularity": 71, "danceability": 0.782, "energy": 0.589, "key": 0, "loudness": -7.37, "mode": 1, "speechiness": 0.0803, "acousticness": 0.0476, "instrumentalness": 5.84e-06, "liveness": 0.0366, "valence": 0.849, "tempo": 85.022, "duration_ms": 182960, "time_signature": 4}, {"uri": "spotify:track:7sGULdccMGSggXDq7ZjT3w", "name": "Pull Up", "artist": "Chase Matthew", "popularity": 70, "danceability": 0.733, "energy": 0.813, "key": 0, "loudness": -4.752, "mode": 1, "speechiness": 0.0608, "acousticness": 0.506, "instrumentalness": 0, "liveness": 0.303, "valence": 0.487, "tempo": 90.002, "duration_ms": 152000, "time_signature": 4}, {"uri": "spotify:track:23T0OX7QOiIUFShSzbJ5Uo", "name": "I Hope", "artist": "Gabby Barrett", "popularity": 78, "danceability": 0.466, "energy": 0.536, "key": 6, "loudness": -6.227, "mode": 1, "speechiness": 0.0429, "acousticness": 0.0951, "instrumentalness": 0, "liveness": 0.114, "valence": 0.377, "tempo": 75.998, "duration_ms": 210773, "time_signature": 4}, {"uri": "spotify:track:1dyxS3YzBbL0t8rEVwVQ1K", "name": "God's Country", "artist": "Blake Shelton", "popularity": 73, "danceability": 0.538, "energy": 0.752, "key": 10, "loudness": -5.106, "mode": 1, "speechiness": 0.0396, "acousticness": 0.0608, "instrumentalness": 5.39e-06, "liveness": 0.118, "valence": 0.217, "tempo": 139.984, "duration_ms": 205107, "time_signature": 4}, {"uri": "spotify:track:7aEtlGHoiPAfRB084NiDmx", "name": "Beer Never Broke My Heart", "artist": "Luke Combs", "popularity": 77, "danceability": 0.538, "energy": 0.863, "key": 1, "loudness": -4.483, "mode": 1, "speechiness": 0.0481, "acousticness": 0.0139, "instrumentalness": 0, "liveness": 0.0874, "valence": 0.637, "tempo": 77.001, "duration_ms": 186733, "time_signature": 4}, {"uri": "spotify:track:49oBFP6ZHPtd6t33LFTD3E", "name": "Good Vibes", "artist": "Chris Janson", "popularity": 57, "danceability": 0.582, "energy": 0.846, "key": 0, "loudness": -2.771, "mode": 1, "speechiness": 0.0451, "acousticness": 0.022, "instrumentalness": 0, "liveness": 0.133, "valence": 0.736, "tempo": 92.004, "duration_ms": 165587, "time_signature": 4}, {"uri": "spotify:track:05ZACkzW8YbRq3eFgIfSNB", "name": "Springsteen", "artist": "Eric Church", "popularity": 74, "danceability": 0.692, "energy": 0.809, "key": 2, "loudness": -5.935, "mode": 1, "speechiness": 0.0255, "acousticness": 0.1, "instrumentalness": 9.77e-05, "liveness": 0.185, "valence": 0.927, "tempo": 104.023, "duration_ms": 263387, "time_signature": 4}, {"uri": "spotify:track:2qYsSHsYkihWx043HVJQRV", "name": "Dirt Road Anthem", "artist": "Jason Aldean", "popularity": 73, "danceability": 0.68, "energy": 0.741, "key": 2, "loudness": -5.055, "mode": 1, "speechiness": 0.0357, "acousticness": 0.347, "instrumentalness": 1.87e-06, "liveness": 0.117, "valence": 0.635, "tempo": 127.024, "duration_ms": 229400, "time_signature": 4}, {"uri": "spotify:track:2TR7A4ulH9R1PNwMyd8o8U", "name": "This Is How We Roll", "artist": "Florida Georgia Line", "popularity": 71, "danceability": 0.555, "energy": 0.931, "key": 8, "loudness": -2.969, "mode": 1, "speechiness": 0.0367, "acousticness": 0.016, "instrumentalness": 0, "liveness": 0.405, "valence": 0.723, "tempo": 132.085, "duration_ms": 220907, "time_signature": 4}, {"uri": "spotify:track:0Al3wN3keprGTSgG8NBwjr", "name": "I Hope You\u2019re Happy Now", "artist": "Carly Pearce", "popularity": 72, "danceability": 0.591, "energy": 0.815, "key": 10, "loudness": -4.725, "mode": 1, "speechiness": 0.0366, "acousticness": 0.168, "instrumentalness": 8.68e-06, "liveness": 0.142, "valence": 0.306, "tempo": 118.024, "duration_ms": 198689, "time_signature": 4}, {"uri": "spotify:track:5vLonpxn4VN0A8GtQOBSG0", "name": "When the Sun Goes Down", "artist": "Kenny Chesney", "popularity": 66, "danceability": 0.798, "energy": 0.741, "key": 9, "loudness": -6.802, "mode": 1, "speechiness": 0.0284, "acousticness": 0.0432, "instrumentalness": 3e-06, "liveness": 0.252, "valence": 0.708, "tempo": 104.945, "duration_ms": 290560, "time_signature": 4}, {"uri": "spotify:track:42fw0rxRO2xbesF6mJfd4Y", "name": "Tequila", "artist": "Dan + Shay", "popularity": 74, "danceability": 0.489, "energy": 0.581, "key": 11, "loudness": -5.731, "mode": 1, "speechiness": 0.0281, "acousticness": 0.0312, "instrumentalness": 0, "liveness": 0.132, "valence": 0.494, "tempo": 86.016, "duration_ms": 196747, "time_signature": 4}, {"uri": "spotify:track:7mldq42yDuxiUNn08nvzHO", "name": "Body Like A Back Road", "artist": "Sam Hunt", "popularity": 74, "danceability": 0.732, "energy": 0.458, "key": 5, "loudness": -7.225, "mode": 1, "speechiness": 0.0311, "acousticness": 0.447, "instrumentalness": 0, "liveness": 0.136, "valence": 0.661, "tempo": 98.938, "duration_ms": 165387, "time_signature": 4}, {"uri": "spotify:track:4ly1QBXEwYoDmje9rmEgC4", "name": "Head Over Boots", "artist": "Jon Pardi", "popularity": 73, "danceability": 0.563, "energy": 0.688, "key": 7, "loudness": -4.474, "mode": 1, "speechiness": 0.0262, "acousticness": 0.0763, "instrumentalness": 0, "liveness": 0.0863, "valence": 0.622, "tempo": 108.008, "duration_ms": 202347, "time_signature": 4}, {"uri": "spotify:track:5YsPrfAtcCzMIc4BHTsxP5", "name": "Beer With My Friends (feat. Cole Swindell and David Lee Murphy)", "artist": "Shy Carter", "popularity": 66, "danceability": 0.603, "energy": 0.927, "key": 9, "loudness": -2.598, "mode": 1, "speechiness": 0.0562, "acousticness": 0.0446, "instrumentalness": 0, "liveness": 0.0565, "valence": 0.815, "tempo": 109.938, "duration_ms": 176533, "time_signature": 4}, {"uri": "spotify:track:226le7T3p82reYWzsi9Hsz", "name": "1, 2 Many", "artist": "Luke Combs", "popularity": 71, "danceability": 0.54, "energy": 0.821, "key": 6, "loudness": -3.789, "mode": 1, "speechiness": 0.0873, "acousticness": 0.0397, "instrumentalness": 0, "liveness": 0.423, "valence": 0.685, "tempo": 148.798, "duration_ms": 180907, "time_signature": 4}, {"uri": "spotify:track:03fT3OHB9KyMtGMt2zwqCT", "name": "Play It Again", "artist": "Luke Bryan", "popularity": 75, "danceability": 0.506, "energy": 0.886, "key": 11, "loudness": -3.225, "mode": 1, "speechiness": 0.0655, "acousticness": 0.0916, "instrumentalness": 0, "liveness": 0.0734, "valence": 0.595, "tempo": 143.935, "duration_ms": 226867, "time_signature": 4}, {"uri": "spotify:track:3duP6mBVDsHM8ioN7o7dAK", "name": "Boondocks", "artist": "Little Big Town", "popularity": 69, "danceability": 0.41, "energy": 0.78, "key": 9, "loudness": -5.391, "mode": 1, "speechiness": 0.0332, "acousticness": 0.211, "instrumentalness": 0, "liveness": 0.48, "valence": 0.695, "tempo": 88.016, "duration_ms": 272347, "time_signature": 4}, {"uri": "spotify:track:3izNaTiYdotdPL0Bs76JqO", "name": "My Girl", "artist": "Dylan Scott", "popularity": 68, "danceability": 0.652, "energy": 0.719, "key": 1, "loudness": -7.251, "mode": 1, "speechiness": 0.033, "acousticness": 0.0353, "instrumentalness": 0, "liveness": 0.108, "valence": 0.24, "tempo": 94.969, "duration_ms": 197640, "time_signature": 4}, {"uri": "spotify:track:2TAcwD5KcV9uY3O1tLGV15", "name": "Are You Gonna Kiss Me Or Not", "artist": "Thompson Square", "popularity": 66, "danceability": 0.485, "energy": 0.701, "key": 8, "loudness": -3.807, "mode": 1, "speechiness": 0.0288, "acousticness": 0.039, "instrumentalness": 0, "liveness": 0.0977, "valence": 0.613, "tempo": 151.948, "duration_ms": 184920, "time_signature": 4}, {"uri": "spotify:track:5kNe7PE09d6Kvw5pAsx23n", "name": "Die A Happy Man", "artist": "Thomas Rhett", "popularity": 75, "danceability": 0.595, "energy": 0.389, "key": 2, "loudness": -9.245, "mode": 1, "speechiness": 0.0349, "acousticness": 0.418, "instrumentalness": 1.39e-06, "liveness": 0.116, "valence": 0.4, "tempo": 166.052, "duration_ms": 227427, "time_signature": 4}, {"uri": "spotify:track:1TKlBK9cSrM5u4CiL4SETS", "name": "Talladega", "artist": "Eric Church", "popularity": 66, "danceability": 0.586, "energy": 0.677, "key": 1, "loudness": -8.343, "mode": 1, "speechiness": 0.0294, "acousticness": 0.043, "instrumentalness": 0.0936, "liveness": 0.0884, "valence": 0.562, "tempo": 144.001, "duration_ms": 262280, "time_signature": 4}, {"uri": "spotify:track:0ZUo4YjG4saFnEJhdWp9Bt", "name": "Before He Cheats", "artist": "Carrie Underwood", "popularity": 77, "danceability": 0.519, "energy": 0.749, "key": 6, "loudness": -3.318, "mode": 0, "speechiness": 0.0405, "acousticness": 0.271, "instrumentalness": 0, "liveness": 0.119, "valence": 0.29, "tempo": 147.905, "duration_ms": 199947, "time_signature": 4}, {"uri": "spotify:track:0Nu9WA8kEbBWEsay2s8Q0U", "name": "Even If It Breaks Your Heart", "artist": "Eli Young Band", "popularity": 68, "danceability": 0.495, "energy": 0.527, "key": 0, "loudness": -4.742, "mode": 1, "speechiness": 0.0351, "acousticness": 0.000159, "instrumentalness": 0.0163, "liveness": 0.1, "valence": 0.574, "tempo": 208.067, "duration_ms": 220520, "time_signature": 4}, {"uri": "spotify:track:0w3Q14i073jLoew1hgJkwD", "name": "Heartache On The Dance Floor", "artist": "Jon Pardi", "popularity": 72, "danceability": 0.596, "energy": 0.834, "key": 9, "loudness": -4.308, "mode": 1, "speechiness": 0.0474, "acousticness": 0.0563, "instrumentalness": 0, "liveness": 0.0866, "valence": 0.618, "tempo": 116.0, "duration_ms": 205200, "time_signature": 4}, {"uri": "spotify:track:3PY88239tYBnAv5LQoU2oY", "name": "Long Hot Summer", "artist": "Keith Urban", "popularity": 59, "danceability": 0.657, "energy": 0.785, "key": 3, "loudness": -8.428, "mode": 1, "speechiness": 0.037, "acousticness": 0.0301, "instrumentalness": 4.62e-06, "liveness": 0.0927, "valence": 0.769, "tempo": 127.987, "duration_ms": 273587, "time_signature": 4}, {"uri": "spotify:track:3IvcWWehbBcBR4YZxlGM9R", "name": "I Like It, I Love It", "artist": "Tim McGraw", "popularity": 68, "danceability": 0.643, "energy": 0.961, "key": 0, "loudness": -5.298, "mode": 1, "speechiness": 0.0315, "acousticness": 0.0196, "instrumentalness": 0, "liveness": 0.948, "valence": 0.96, "tempo": 124.027, "duration_ms": 205707, "time_signature": 4}, {"uri": "spotify:track:4LiMQ6G9n84rDUBs9wtwz6", "name": "Singles You Up", "artist": "Jordan Davis", "popularity": 70, "danceability": 0.491, "energy": 0.907, "key": 7, "loudness": -3.594, "mode": 1, "speechiness": 0.0481, "acousticness": 0.0491, "instrumentalness": 0, "liveness": 0.242, "valence": 0.631, "tempo": 199.943, "duration_ms": 182667, "time_signature": 4}, {"uri": "spotify:track:6IC6VhpV7D8T1t037Atqpu", "name": "Tequila Makes Her Clothes Fall Off", "artist": "Joe Nichols", "popularity": 70, "danceability": 0.664, "energy": 0.706, "key": 2, "loudness": -7.045, "mode": 1, "speechiness": 0.027, "acousticness": 0.129, "instrumentalness": 1.06e-06, "liveness": 0.0857, "valence": 0.681, "tempo": 93.968, "duration_ms": 187053, "time_signature": 4}, {"uri": "spotify:track:7B6m8tHAYZsOKOKMU5SR2n", "name": "Take A Back Road", "artist": "Rodney Atkins", "popularity": 66, "danceability": 0.581, "energy": 0.856, "key": 3, "loudness": -4.0, "mode": 1, "speechiness": 0.0783, "acousticness": 0.183, "instrumentalness": 0, "liveness": 0.0871, "valence": 0.918, "tempo": 169.902, "duration_ms": 209427, "time_signature": 4}, {"uri": "spotify:track:6hbwFerDj55bMGZZvcInze", "name": "Bottoms Up - Remix", "artist": "Brantley Gilbert", "popularity": 62, "danceability": 0.559, "energy": 0.754, "key": 7, "loudness": -5.509, "mode": 1, "speechiness": 0.0712, "acousticness": 0.0153, "instrumentalness": 0, "liveness": 0.355, "valence": 0.303, "tempo": 169.977, "duration_ms": 221573, "time_signature": 4}, {"uri": "spotify:track:1cktZnxiONH0hR6Q3DKy8h", "name": "Drink In My Hand", "artist": "Eric Church", "popularity": 72, "danceability": 0.626, "energy": 0.913, "key": 0, "loudness": -4.452, "mode": 1, "speechiness": 0.0318, "acousticness": 0.00635, "instrumentalness": 0, "liveness": 0.293, "valence": 0.946, "tempo": 113.044, "duration_ms": 191307, "time_signature": 4}, {"uri": "spotify:track:0b9djfiuDIMw1zKH6gV74g", "name": "Somebody Like You", "artist": "Keith Urban", "popularity": 69, "danceability": 0.624, "energy": 0.84, "key": 4, "loudness": -5.768, "mode": 1, "speechiness": 0.0337, "acousticness": 0.108, "instrumentalness": 0.000546, "liveness": 0.144, "valence": 0.656, "tempo": 111.02, "duration_ms": 323040, "time_signature": 4}, {"uri": "spotify:track:7f08qp3HROTkfrtNpiYGGo", "name": "Dirt On My Boots", "artist": "Jon Pardi", "popularity": 73, "danceability": 0.683, "energy": 0.796, "key": 11, "loudness": -4.179, "mode": 1, "speechiness": 0.0285, "acousticness": 0.111, "instrumentalness": 0, "liveness": 0.197, "valence": 0.531, "tempo": 90.031, "duration_ms": 201893, "time_signature": 4}, {"uri": "spotify:track:0nDjzA4kns1QOWPXuOn6Xw", "name": "Where The Green Grass Grows", "artist": "Tim McGraw", "popularity": 66, "danceability": 0.479, "energy": 0.698, "key": 7, "loudness": -7.914, "mode": 1, "speechiness": 0.0277, "acousticness": 0.198, "instrumentalness": 0, "liveness": 0.126, "valence": 0.673, "tempo": 159.699, "duration_ms": 201600, "time_signature": 4}, {"uri": "spotify:track:0AYbVoeF03NYhM0fvKjAuU", "name": "Make Me Want To", "artist": "Jimmie Allen", "popularity": 64, "danceability": 0.519, "energy": 0.872, "key": 2, "loudness": -3.212, "mode": 1, "speechiness": 0.0616, "acousticness": 0.0793, "instrumentalness": 0, "liveness": 0.111, "valence": 0.74, "tempo": 179.965, "duration_ms": 172280, "time_signature": 4}, {"uri": "spotify:track:5HGibWoxnkYSkl6mHmAlOE", "name": "That's My Kind Of Night", "artist": "Luke Bryan", "popularity": 72, "danceability": 0.661, "energy": 0.751, "key": 7, "loudness": -2.909, "mode": 1, "speechiness": 0.0481, "acousticness": 0.0571, "instrumentalness": 0, "liveness": 0.105, "valence": 0.875, "tempo": 109.995, "duration_ms": 190187, "time_signature": 4}, {"uri": "spotify:track:4aGG4VOWGv9RwlYQNsBrkE", "name": "Caught Up In The Country", "artist": "Rodney Atkins", "popularity": 63, "danceability": 0.603, "energy": 0.807, "key": 7, "loudness": -6.999, "mode": 1, "speechiness": 0.045, "acousticness": 0.0123, "instrumentalness": 0, "liveness": 0.539, "valence": 0.685, "tempo": 124.099, "duration_ms": 160991, "time_signature": 4}, {"uri": "spotify:track:4hPpVbbakQNv8YTHYaOJP4", "name": "One Thing Right", "artist": "Marshmello", "popularity": 76, "danceability": 0.659, "energy": 0.625, "key": 4, "loudness": -2.253, "mode": 1, "speechiness": 0.045, "acousticness": 0.0644, "instrumentalness": 0, "liveness": 0.582, "valence": 0.442, "tempo": 88.042, "duration_ms": 181824, "time_signature": 4}, {"uri": "spotify:track:2jwaErbghhcia4JqUYWz3g", "name": "Days Go By", "artist": "Keith Urban", "popularity": 59, "danceability": 0.589, "energy": 0.892, "key": 2, "loudness": -3.197, "mode": 1, "speechiness": 0.0365, "acousticness": 0.0633, "instrumentalness": 0, "liveness": 0.149, "valence": 0.76, "tempo": 131.951, "duration_ms": 224630, "time_signature": 4}, {"uri": "spotify:track:5ZManJDV3CexO66nRCkdiV", "name": "Break Up with Him", "artist": "Old Dominion", "popularity": 65, "danceability": 0.617, "energy": 0.632, "key": 8, "loudness": -5.381, "mode": 1, "speechiness": 0.0371, "acousticness": 0.0675, "instrumentalness": 0, "liveness": 0.108, "valence": 0.564, "tempo": 151.988, "duration_ms": 207733, "time_signature": 4}, {"uri": "spotify:track:08wJ1B9yu9sPeoRa5fbpr3", "name": "It Ain't My Fault", "artist": "Brothers Osborne", "popularity": 67, "danceability": 0.735, "energy": 0.831, "key": 9, "loudness": -5.898, "mode": 1, "speechiness": 0.0332, "acousticness": 0.00166, "instrumentalness": 0.217, "liveness": 0.291, "valence": 0.756, "tempo": 123.017, "duration_ms": 216800, "time_signature": 4}, {"uri": "spotify:track:19kUPdKTp85q9RZNwaXM15", "name": "Good as You", "artist": "Kane Brown", "popularity": 69, "danceability": 0.626, "energy": 0.516, "key": 8, "loudness": -6.05, "mode": 1, "speechiness": 0.0388, "acousticness": 0.4, "instrumentalness": 0, "liveness": 0.142, "valence": 0.769, "tempo": 153.653, "duration_ms": 192053, "time_signature": 4}, {"uri": "spotify:track:4H0vNUFcHPz5lytcLjwqkr", "name": "Rich", "artist": "Maren Morris", "popularity": 62, "danceability": 0.565, "energy": 0.855, "key": 5, "loudness": -4.189, "mode": 1, "speechiness": 0.0557, "acousticness": 0.0445, "instrumentalness": 0, "liveness": 0.32, "valence": 0.852, "tempo": 74.98, "duration_ms": 208893, "time_signature": 4}, {"uri": "spotify:track:3wx2kQWPn9p5UppQbNhPAk", "name": "Leave The Night On", "artist": "Sam Hunt", "popularity": 65, "danceability": 0.514, "energy": 0.951, "key": 9, "loudness": -3.813, "mode": 1, "speechiness": 0.0603, "acousticness": 0.0951, "instrumentalness": 0, "liveness": 0.349, "valence": 0.838, "tempo": 171.96, "duration_ms": 192160, "time_signature": 4}, {"uri": "spotify:track:11OFYsUK9EVJsQ6nutH32M", "name": "Here For A Good Time", "artist": "George Strait", "popularity": 62, "danceability": 0.596, "energy": 0.768, "key": 6, "loudness": -6.753, "mode": 1, "speechiness": 0.0369, "acousticness": 0.0858, "instrumentalness": 6.23e-06, "liveness": 0.116, "valence": 0.532, "tempo": 127.93, "duration_ms": 180267, "time_signature": 4}, {"uri": "spotify:track:1hsvGdqzYUSb2s19xKp1wX", "name": "I Don't Want This Night To End", "artist": "Luke Bryan", "popularity": 59, "danceability": 0.616, "energy": 0.728, "key": 9, "loudness": -4.02, "mode": 0, "speechiness": 0.0278, "acousticness": 0.0275, "instrumentalness": 0, "liveness": 0.228, "valence": 0.375, "tempo": 111.934, "duration_ms": 219973, "time_signature": 4}, {"uri": "spotify:track:3rh2f6nqswpfDN3Ef6Bi5J", "name": "Ready Set Roll", "artist": "Chase Rice", "popularity": 0, "danceability": 0.513, "energy": 0.803, "key": 0, "loudness": -4.45, "mode": 1, "speechiness": 0.0777, "acousticness": 0.0161, "instrumentalness": 0, "liveness": 0.667, "valence": 0.746, "tempo": 156.038, "duration_ms": 190587, "time_signature": 4}]