[{"uri": "spotify:track:6rDKnKF7B4knjugixe44M0", "name": "Adam Lambert Spotify Pride Intro", "artist": "Various Artists", "popularity": 0, "danceability": 0, "energy": 0.625, "key": 1, "loudness": -13.931, "mode": 1, "speechiness": 0, "acousticness": 0.559, "instrumentalness": 0, "liveness": 0.251, "valence": 0, "tempo": 0, "duration_ms": 14750, "time_signature": 0}, {"uri": "spotify:track:0O14ArbnhIczAkSh0bIINk", "name": "The Light", "artist": "Adam Lambert", "popularity": 23, "danceability": 0.697, "energy": 0.668, "key": 5, "loudness": -6.67, "mode": 0, "speechiness": 0.0324, "acousticness": 0.0234, "instrumentalness": 8.16e-06, "liveness": 0.0822, "valence": 0.563, "tempo": 122.997, "duration_ms": 215587, "time_signature": 4}, {"uri": "spotify:track:3y9z5hBIbSkWW5A7nbpghC", "name": "Adam Lambert on His Playlist", "artist": "Various Artists", "popularity": 2, "danceability": 0.587, "energy": 0.311, "key": 8, "loudness": -20.505, "mode": 1, "speechiness": 0.551, "acousticness": 0.676, "instrumentalness": 0, "liveness": 0.101, "valence": 0.891, "tempo": 69.338, "duration_ms": 62500, "time_signature": 5}, {"uri": "spotify:track:5wGLQvq6JoxYZX7V3ymPS5", "name": "Ready For Your Love", "artist": "Gorgon City", "popularity": 47, "danceability": 0.677, "energy": 0.753, "key": 5, "loudness": -7.038, "mode": 1, "speechiness": 0.154, "acousticness": 0.0531, "instrumentalness": 0.0128, "liveness": 0.333, "valence": 0.471, "tempo": 121.939, "duration_ms": 198881, "time_signature": 4}, {"uri": "spotify:track:3V45D1XTTyVZFN3liYuik6", "name": "Black & Gold", "artist": "Sam Sparro", "popularity": 58, "danceability": 0.614, "energy": 0.696, "key": 4, "loudness": -6.628, "mode": 0, "speechiness": 0.036, "acousticness": 0.00472, "instrumentalness": 6.79e-05, "liveness": 0.113, "valence": 0.329, "tempo": 135.989, "duration_ms": 274427, "time_signature": 4}, {"uri": "spotify:track:4Qrxdjj3nFhjrqcnUU5r6a", "name": "Shine", "artist": "Years & Years", "popularity": 58, "danceability": 0.667, "energy": 0.716, "key": 1, "loudness": -5.21, "mode": 0, "speechiness": 0.0349, "acousticness": 0.189, "instrumentalness": 0, "liveness": 0.104, "valence": 0.493, "tempo": 108.002, "duration_ms": 255507, "time_signature": 4}, {"uri": "spotify:track:44aN5xKL3kGHvQ5bXVk6B8", "name": "Ghost Town", "artist": "Adam Lambert", "popularity": 67, "danceability": 0.703, "energy": 0.736, "key": 4, "loudness": -5.709, "mode": 0, "speechiness": 0.046, "acousticness": 0.186, "instrumentalness": 1.92e-05, "liveness": 0.174, "valence": 0.274, "tempo": 119.955, "duration_ms": 208330, "time_signature": 4}, {"uri": "spotify:track:154Ada4WZXskIMnsKiy26u", "name": "Let's Have A Kiki", "artist": "Scissor Sisters", "popularity": 44, "danceability": 0.796, "energy": 0.836, "key": 9, "loudness": -6.632, "mode": 0, "speechiness": 0.0754, "acousticness": 0.106, "instrumentalness": 0.00167, "liveness": 0.0684, "valence": 0.862, "tempo": 124.03, "duration_ms": 230166, "time_signature": 4}, {"uri": "spotify:track:0EXNZugHTbZ14UB2kALhy9", "name": "Welcome to the Show (feat. Laleh)", "artist": "Adam Lambert", "popularity": 42, "danceability": 0.305, "energy": 0.731, "key": 10, "loudness": -4.859, "mode": 0, "speechiness": 0.24, "acousticness": 0.156, "instrumentalness": 0, "liveness": 0.0646, "valence": 0.324, "tempo": 79.017, "duration_ms": 201869, "time_signature": 3}, {"uri": "spotify:track:5iaMh3rhscSYEdLGDmA2Cd", "name": "La La La", "artist": "Naughty Boy", "popularity": 22, "danceability": 0.754, "energy": 0.677, "key": 6, "loudness": -4.399, "mode": 0, "speechiness": 0.0316, "acousticness": 0.112, "instrumentalness": 0, "liveness": 0.111, "valence": 0.254, "tempo": 124.988, "duration_ms": 220779, "time_signature": 4}, {"uri": "spotify:track:5XKXMWPACPq51OiqzxenZo", "name": "Do What U Want", "artist": "Lady Gaga", "popularity": 56, "danceability": 0.778, "energy": 0.801, "key": 9, "loudness": -4.65, "mode": 1, "speechiness": 0.086, "acousticness": 0.345, "instrumentalness": 1.18e-06, "liveness": 0.0881, "valence": 0.534, "tempo": 97.47, "duration_ms": 216573, "time_signature": 4}, {"uri": "spotify:track:2rDwdvBma1O1eLzo29p2cr", "name": "Whataya Want from Me", "artist": "Adam Lambert", "popularity": 65, "danceability": 0.44, "energy": 0.683, "key": 11, "loudness": -4.732, "mode": 0, "speechiness": 0.0489, "acousticness": 0.00706, "instrumentalness": 0, "liveness": 0.0593, "valence": 0.445, "tempo": 185.948, "duration_ms": 227320, "time_signature": 4}, {"uri": "spotify:track:0vKHq50iizaMQivSaItLf3", "name": "Collect My Love (feat. Alex Newell)", "artist": "The Knocks", "popularity": 37, "danceability": 0.748, "energy": 0.874, "key": 9, "loudness": -4.796, "mode": 1, "speechiness": 0.0496, "acousticness": 0.0139, "instrumentalness": 2.32e-05, "liveness": 0.217, "valence": 0.668, "tempo": 125.017, "duration_ms": 195973, "time_signature": 4}, {"uri": "spotify:track:1cOyWWUr3oXJIxY0AjJEx9", "name": "YOUTH", "artist": "Troye Sivan", "popularity": 68, "danceability": 0.628, "energy": 0.737, "key": 7, "loudness": -4.437, "mode": 1, "speechiness": 0.041, "acousticness": 0.0625, "instrumentalness": 0, "liveness": 0.0777, "valence": 0.592, "tempo": 91.507, "duration_ms": 185194, "time_signature": 4}, {"uri": "spotify:track:6xzQ3lDr0xti79cysO1jHb", "name": "Aliens & Rainbows", "artist": "Ferras", "popularity": 12, "danceability": 0.405, "energy": 0.584, "key": 0, "loudness": -6.281, "mode": 1, "speechiness": 0.0281, "acousticness": 0.164, "instrumentalness": 0, "liveness": 0.25, "valence": 0.144, "tempo": 136.939, "duration_ms": 239160, "time_signature": 4}, {"uri": "spotify:track:07J6tb56U6KWPDsqoiOuIv", "name": "Tied to You (feat. Justin Tranter)", "artist": "The Knocks", "popularity": 40, "danceability": 0.658, "energy": 0.974, "key": 7, "loudness": -3.655, "mode": 1, "speechiness": 0.107, "acousticness": 0.00622, "instrumentalness": 0.00107, "liveness": 0.567, "valence": 0.378, "tempo": 120.068, "duration_ms": 260573, "time_signature": 4}, {"uri": "spotify:track:4xVBt22eGoJREVJbJfGyHR", "name": "Battle Cry - Yumi And The Weather Remix", "artist": "Angel Haze", "popularity": 0, "danceability": 0.571, "energy": 0.598, "key": 3, "loudness": -8.387, "mode": 1, "speechiness": 0.258, "acousticness": 0.0239, "instrumentalness": 1.81e-05, "liveness": 0.159, "valence": 0.545, "tempo": 160.148, "duration_ms": 266000, "time_signature": 4}, {"uri": "spotify:track:4BL0cwm1vMK8Yl45gtdbKz", "name": "Vegas", "artist": "Shamir", "popularity": 0, "danceability": 0.706, "energy": 0.451, "key": 0, "loudness": -9.913, "mode": 1, "speechiness": 0.172, "acousticness": 0.146, "instrumentalness": 0.0072, "liveness": 0.161, "valence": 0.662, "tempo": 167.967, "duration_ms": 256483, "time_signature": 4}, {"uri": "spotify:track:0QrWi1AvY401URVZlz08EW", "name": "Trash", "artist": "Tyler Glenn", "popularity": 0, "danceability": 0.629, "energy": 0.801, "key": 7, "loudness": -4.068, "mode": 1, "speechiness": 0.116, "acousticness": 0.0453, "instrumentalness": 0, "liveness": 0.36, "valence": 0.745, "tempo": 80.994, "duration_ms": 216160, "time_signature": 4}, {"uri": "spotify:track:05oJbmJsjisyNM4NWwS7re", "name": "Boom", "artist": "Le1f", "popularity": 0, "danceability": 0.556, "energy": 0.834, "key": 7, "loudness": -4.573, "mode": 1, "speechiness": 0.445, "acousticness": 0.186, "instrumentalness": 5.4e-06, "liveness": 0.529, "valence": 0.33, "tempo": 129.194, "duration_ms": 206820, "time_signature": 5}, {"uri": "spotify:track:52WTLETEHs5jwCr7LCq0VW", "name": "Queen", "artist": "Perfume Genius", "popularity": 0, "danceability": 0.418, "energy": 0.547, "key": 1, "loudness": -4.932, "mode": 1, "speechiness": 0.0295, "acousticness": 0.211, "instrumentalness": 0.0443, "liveness": 0.187, "valence": 0.13, "tempo": 131.99, "duration_ms": 230720, "time_signature": 4}, {"uri": "spotify:track:7tvMOBSGPAl4Gyiq6fdiRd", "name": "Supermodel (You Better Work)", "artist": "RuPaul", "popularity": 0, "danceability": 0.792, "energy": 0.562, "key": 7, "loudness": -11.379, "mode": 1, "speechiness": 0.0929, "acousticness": 0.0152, "instrumentalness": 7.48e-05, "liveness": 0.428, "valence": 0.592, "tempo": 126.222, "duration_ms": 239933, "time_signature": 4}, {"uri": "spotify:track:7kOJsVkJXvLQPQ9osGWeKd", "name": "Another Lonely Night", "artist": "Adam Lambert", "popularity": 45, "danceability": 0.447, "energy": 0.67, "key": 11, "loudness": -6.106, "mode": 1, "speechiness": 0.0712, "acousticness": 0.0643, "instrumentalness": 0, "liveness": 0.0687, "valence": 0.117, "tempo": 181.387, "duration_ms": 225800, "time_signature": 3}, {"uri": "spotify:track:1DkE9q0AAby1arBO7rIqZ1", "name": "Live Your Life", "artist": "Boy George", "popularity": 14, "danceability": 0.846, "energy": 0.529, "key": 0, "loudness": -10.516, "mode": 1, "speechiness": 0.0339, "acousticness": 0.274, "instrumentalness": 0.00237, "liveness": 0.0733, "valence": 0.91, "tempo": 108.0, "duration_ms": 273287, "time_signature": 4}, {"uri": "spotify:track:3Rc2ajBMInxeNGVkMPC92Y", "name": "Dancing On My Own", "artist": "Robyn", "popularity": 57, "danceability": 0.678, "energy": 0.871, "key": 6, "loudness": -4.781, "mode": 1, "speechiness": 0.0342, "acousticness": 0.0587, "instrumentalness": 0.249, "liveness": 0.0928, "valence": 0.28, "tempo": 117.029, "duration_ms": 285973, "time_signature": 4}, {"uri": "spotify:track:5lDq9taZLBt193gxJSoBIr", "name": "Adam Lambert Quoting Dr. Seuss", "artist": "Various Artists", "popularity": 0, "danceability": 0.703, "energy": 0.39, "key": 0, "loudness": -13.631, "mode": 0, "speechiness": 0.945, "acousticness": 0.668, "instrumentalness": 0, "liveness": 0.216, "valence": 0.484, "tempo": 104.257, "duration_ms": 20000, "time_signature": 1}]