[{"uri": "spotify:track:632paTWO6lWhhkpSPvlKiG", "name": "Backfire", "artist": "Shermanology", "popularity": 0, "danceability": 0.829, "energy": 0.631, "key": 11, "loudness": -9.682, "mode": 0, "speechiness": 0.1, "acousticness": 0.00316, "instrumentalness": 0.0329, "liveness": 0.0884, "valence": 0.539, "tempo": 129.979, "duration_ms": 199385, "time_signature": 4}, {"uri": "spotify:track:7Fbx8mVJy36dsVq9IYTRXu", "name": "Sextacy", "artist": "SIDEPIECE", "popularity": 0, "danceability": 0.809, "energy": 0.953, "key": 1, "loudness": -4.793, "mode": 0, "speechiness": 0.048, "acousticness": 0.00439, "instrumentalness": 0.312, "liveness": 0.312, "valence": 0.873, "tempo": 125.008, "duration_ms": 153600, "time_signature": 4}, {"uri": "spotify:track:6EafRI0UtUidrZbbKpFRYq", "name": "Forget About Me", "artist": "Aluna", "popularity": 0, "danceability": 0.721, "energy": 0.894, "key": 3, "loudness": -7.59, "mode": 0, "speechiness": 0.0488, "acousticness": 0.0428, "instrumentalness": 0.502, "liveness": 0.134, "valence": 0.88, "tempo": 127.005, "duration_ms": 177638, "time_signature": 4}, {"uri": "spotify:track:0xIo8d1CLxARzQhaZwJ1RM", "name": "Age of Phase", "artist": "Bonobo", "popularity": 0, "danceability": 0.706, "energy": 0.697, "key": 6, "loudness": -8.455, "mode": 0, "speechiness": 0.0361, "acousticness": 0.316, "instrumentalness": 0.763, "liveness": 0.0681, "valence": 0.377, "tempo": 123.993, "duration_ms": 342053, "time_signature": 4}, {"uri": "spotify:track:1rJgKcK3ilp4xg7WxTs4RG", "name": "Love Brand New", "artist": "Bob Moses", "popularity": 0, "danceability": 0.476, "energy": 0.869, "key": 11, "loudness": -3.584, "mode": 0, "speechiness": 0.0752, "acousticness": 0.00569, "instrumentalness": 0.00011, "liveness": 0.134, "valence": 0.221, "tempo": 92.987, "duration_ms": 198480, "time_signature": 4}, {"uri": "spotify:track:3IBIj8uAS6meeTvZmBlMpP", "name": "Automatic", "artist": "Lane 8", "popularity": 8, "danceability": 0.651, "energy": 0.438, "key": 3, "loudness": -10.413, "mode": 1, "speechiness": 0.035, "acousticness": 0.832, "instrumentalness": 0.832, "liveness": 0.11, "valence": 0.184, "tempo": 123.975, "duration_ms": 249677, "time_signature": 4}, {"uri": "spotify:track:1bqLz6dF5MhBZkZO5QSf4N", "name": "Just To Hear You Say", "artist": "Tinlicker", "popularity": 26, "danceability": 0.705, "energy": 0.795, "key": 3, "loudness": -5.783, "mode": 0, "speechiness": 0.0316, "acousticness": 0.096, "instrumentalness": 0.881, "liveness": 0.207, "valence": 0.404, "tempo": 123.999, "duration_ms": 212010, "time_signature": 4}, {"uri": "spotify:track:6ZbJz7FWWa3m5QbTudts8K", "name": "Back Seat - Chris Lorenzo Remix", "artist": "Anna Lunoe", "popularity": 6, "danceability": 0.783, "energy": 0.939, "key": 5, "loudness": -6.577, "mode": 0, "speechiness": 0.0515, "acousticness": 0.00272, "instrumentalness": 0.877, "liveness": 0.327, "valence": 0.797, "tempo": 128.017, "duration_ms": 286875, "time_signature": 4}, {"uri": "spotify:track:2CAQr9uW764IVG1eIQyeSg", "name": "Walking On Water (feat. Totally Enormous Extinct Dinosaurs)", "artist": "The Knocks", "popularity": 0, "danceability": 0.768, "energy": 0.613, "key": 7, "loudness": -7.098, "mode": 0, "speechiness": 0.133, "acousticness": 0.399, "instrumentalness": 0.524, "liveness": 0.196, "valence": 0.218, "tempo": 124.956, "duration_ms": 216107, "time_signature": 4}, {"uri": "spotify:track:2QLdrqojYq2yRKHqv6tXh1", "name": "Sooner Or Later", "artist": "Years & Years", "popularity": 0, "danceability": 0.543, "energy": 0.774, "key": 10, "loudness": -4.053, "mode": 1, "speechiness": 0.0588, "acousticness": 0.00944, "instrumentalness": 0, "liveness": 0.0753, "valence": 0.501, "tempo": 121.081, "duration_ms": 200322, "time_signature": 3}, {"uri": "spotify:track:3mMWre0KnZ4aPuhZF62KmV", "name": "Day By Day", "artist": "Frank Walker", "popularity": 0, "danceability": 0.615, "energy": 0.806, "key": 8, "loudness": -7.022, "mode": 1, "speechiness": 0.104, "acousticness": 0.481, "instrumentalness": 0.33, "liveness": 0.315, "valence": 0.422, "tempo": 123.057, "duration_ms": 168586, "time_signature": 4}, {"uri": "spotify:track:7wNny3grnsHDuHxCrrcpgF", "name": "Poison (feat. Darla Jade)", "artist": "Paige", "popularity": 0, "danceability": 0.674, "energy": 0.741, "key": 4, "loudness": -7.3, "mode": 0, "speechiness": 0.041, "acousticness": 0.0438, "instrumentalness": 0.00136, "liveness": 0.113, "valence": 0.312, "tempo": 122.987, "duration_ms": 183750, "time_signature": 4}, {"uri": "spotify:track:32eSXKGSMITI1oJbjBxAHS", "name": "Planet In The Sky (feat. MKLA)", "artist": "Klingande", "popularity": 0, "danceability": 0.657, "energy": 0.736, "key": 8, "loudness": -4.781, "mode": 1, "speechiness": 0.0966, "acousticness": 0.0971, "instrumentalness": 0.000115, "liveness": 0.0955, "valence": 0.318, "tempo": 125.937, "duration_ms": 197619, "time_signature": 4}, {"uri": "spotify:track:66HB3QjqHIl9VF4O7ojyEB", "name": "Slow Down", "artist": "TS7", "popularity": 0, "danceability": 0.698, "energy": 0.87, "key": 4, "loudness": -5.278, "mode": 0, "speechiness": 0.039, "acousticness": 0.0683, "instrumentalness": 0.147, "liveness": 0.1, "valence": 0.398, "tempo": 127.937, "duration_ms": 191953, "time_signature": 4}, {"uri": "spotify:track:40up5wCfwQXTDXyE18hJbJ", "name": "Believe", "artist": "Eli Brown", "popularity": 0, "danceability": 0.789, "energy": 0.976, "key": 3, "loudness": -5.886, "mode": 1, "speechiness": 0.057, "acousticness": 0.0065, "instrumentalness": 0.849, "liveness": 0.0639, "valence": 0.258, "tempo": 131.99, "duration_ms": 408669, "time_signature": 4}, {"uri": "spotify:track:1dt220OBbkTsYz1NLVKIaw", "name": "Call Me (with R3HAB & Timmy Trumpet)", "artist": "Gabry Ponte", "popularity": 0, "danceability": 0.398, "energy": 0.956, "key": 2, "loudness": -4.429, "mode": 1, "speechiness": 0.329, "acousticness": 0.00935, "instrumentalness": 0.0038, "liveness": 0.142, "valence": 0.269, "tempo": 106.581, "duration_ms": 178310, "time_signature": 4}, {"uri": "spotify:track:6xd0EGEhMnkHluS3gi4BLC", "name": "Wake Me Up - Flight Facilities Remix", "artist": "Foals", "popularity": 0, "danceability": 0.766, "energy": 0.901, "key": 0, "loudness": -6.589, "mode": 1, "speechiness": 0.0562, "acousticness": 0.0184, "instrumentalness": 0.0536, "liveness": 0.564, "valence": 0.463, "tempo": 121.005, "duration_ms": 342497, "time_signature": 4}, {"uri": "spotify:track:2bSWlC6PsilJMSKYfKpMQW", "name": "Something I'm Going Through (LP Giobbi Remix)", "artist": "DJ Rae", "popularity": 0, "danceability": 0.568, "energy": 0.957, "key": 1, "loudness": -2.873, "mode": 1, "speechiness": 0.0446, "acousticness": 0.00446, "instrumentalness": 0.00147, "liveness": 0.137, "valence": 0.566, "tempo": 124.02, "duration_ms": 212903, "time_signature": 4}, {"uri": "spotify:track:7b7Ti6gvV2YsXQvJqBMR2P", "name": "Weight Off", "artist": "Disco Fries", "popularity": 0, "danceability": 0.686, "energy": 0.948, "key": 8, "loudness": -3.473, "mode": 1, "speechiness": 0.0421, "acousticness": 0.04, "instrumentalness": 0.221, "liveness": 0.273, "valence": 0.509, "tempo": 125.941, "duration_ms": 149048, "time_signature": 4}, {"uri": "spotify:track:4hsRzEQg0t9qgtB4iXEGB5", "name": "Running", "artist": "Martin Jensen", "popularity": 0, "danceability": 0.606, "energy": 0.853, "key": 5, "loudness": -4.601, "mode": 0, "speechiness": 0.0392, "acousticness": 0.00673, "instrumentalness": 1.19e-06, "liveness": 0.241, "valence": 0.333, "tempo": 122.001, "duration_ms": 185016, "time_signature": 4}, {"uri": "spotify:track:1vQ6dMWRNwOxNUmD1TsidI", "name": "Only One", "artist": "AC Slater", "popularity": 0, "danceability": 0.792, "energy": 0.79, "key": 10, "loudness": -7.399, "mode": 0, "speechiness": 0.0503, "acousticness": 0.00519, "instrumentalness": 0.893, "liveness": 0.345, "valence": 0.335, "tempo": 127.998, "duration_ms": 224062, "time_signature": 4}, {"uri": "spotify:track:6umBB4ktNSSrxhFQQfRSv9", "name": "Amado", "artist": "Yurie", "popularity": 0, "danceability": 0.724, "energy": 0.984, "key": 4, "loudness": -4.221, "mode": 0, "speechiness": 0.0589, "acousticness": 0.0185, "instrumentalness": 0.903, "liveness": 0.285, "valence": 0.555, "tempo": 125.99, "duration_ms": 194742, "time_signature": 4}, {"uri": "spotify:track:2Hzg6GI93wgnIiiU6ZrLhP", "name": "Hot In Here", "artist": "Steff da Campo", "popularity": 0, "danceability": 0.74, "energy": 0.915, "key": 11, "loudness": -7.53, "mode": 0, "speechiness": 0.0557, "acousticness": 0.0154, "instrumentalness": 0.000862, "liveness": 0.116, "valence": 0.675, "tempo": 125.969, "duration_ms": 151682, "time_signature": 4}, {"uri": "spotify:track:77uXlUY5qtAxiN1UCtAcyF", "name": "Garden", "artist": "Emily Nash", "popularity": 0, "danceability": 0.664, "energy": 0.874, "key": 4, "loudness": -5.918, "mode": 0, "speechiness": 0.0378, "acousticness": 0.00999, "instrumentalness": 0.256, "liveness": 0.189, "valence": 0.729, "tempo": 127.971, "duration_ms": 215645, "time_signature": 4}, {"uri": "spotify:track:3pFcZbT0YVipT9LNrCutFk", "name": "Sub Poppin", "artist": "Black Rave Culture", "popularity": 0, "danceability": 0.827, "energy": 0.733, "key": 1, "loudness": -11.913, "mode": 1, "speechiness": 0.135, "acousticness": 0.0524, "instrumentalness": 0.719, "liveness": 0.391, "valence": 0.728, "tempo": 149.013, "duration_ms": 341476, "time_signature": 4}, {"uri": "spotify:track:7ukCwHIPwltFbuXgt8xuPw", "name": "Drifter", "artist": "Morgin Madison", "popularity": 0, "danceability": 0.579, "energy": 0.818, "key": 7, "loudness": -4.589, "mode": 1, "speechiness": 0.243, "acousticness": 0.000457, "instrumentalness": 1.42e-05, "liveness": 0.33, "valence": 0.373, "tempo": 125.967, "duration_ms": 236190, "time_signature": 4}, {"uri": "spotify:track:4O0ZhoIxA7xovHZ9RSbI9E", "name": "She Gives U", "artist": "Cortese", "popularity": 0, "danceability": 0.8, "energy": 0.765, "key": 6, "loudness": -5.209, "mode": 0, "speechiness": 0.0557, "acousticness": 6.87e-05, "instrumentalness": 0.331, "liveness": 0.049, "valence": 0.643, "tempo": 130.022, "duration_ms": 331957, "time_signature": 4}, {"uri": "spotify:track:4o8bcX3KzqCI09Xf4a37mJ", "name": "Soul Full (feat. Joe Killington)", "artist": "Arielle Free", "popularity": 0, "danceability": 0.581, "energy": 0.803, "key": 11, "loudness": -5.791, "mode": 0, "speechiness": 0.18, "acousticness": 0.00492, "instrumentalness": 0.00149, "liveness": 0.0695, "valence": 0.63, "tempo": 123.822, "duration_ms": 195508, "time_signature": 4}, {"uri": "spotify:track:5gFeCFyZG6ZWOTbD1SzoVP", "name": "Somewhere", "artist": "Grafix", "popularity": 0, "danceability": 0.482, "energy": 0.96, "key": 8, "loudness": -3.277, "mode": 0, "speechiness": 0.0432, "acousticness": 0.0281, "instrumentalness": 0.0165, "liveness": 0.0987, "valence": 0.405, "tempo": 173.884, "duration_ms": 220790, "time_signature": 4}, {"uri": "spotify:track:5KsqavNwpQsiqzlkW2r0aI", "name": "I Came to Dance", "artist": "Sugar Jesus", "popularity": 0, "danceability": 0.764, "energy": 0.828, "key": 10, "loudness": -6.21, "mode": 0, "speechiness": 0.0366, "acousticness": 0.0314, "instrumentalness": 2.02e-06, "liveness": 0.247, "valence": 0.764, "tempo": 121.009, "duration_ms": 145785, "time_signature": 4}, {"uri": "spotify:track:3kNdTpZjPvKC8VaU1dHEBi", "name": "on my mind", "artist": "John Dahlb\u00e4ck", "popularity": 0, "danceability": 0.654, "energy": 0.978, "key": 6, "loudness": -4.508, "mode": 0, "speechiness": 0.0604, "acousticness": 0.0146, "instrumentalness": 0.35, "liveness": 0.603, "valence": 0.283, "tempo": 124.991, "duration_ms": 205440, "time_signature": 4}, {"uri": "spotify:track:2R5zZ42pco4K4dGdX0GxSp", "name": "Over", "artist": "Camden Cox", "popularity": 0, "danceability": 0.464, "energy": 0.856, "key": 0, "loudness": -5.575, "mode": 0, "speechiness": 0.0483, "acousticness": 0.00057, "instrumentalness": 2.1e-06, "liveness": 0.463, "valence": 0.429, "tempo": 123.995, "duration_ms": 158724, "time_signature": 4}, {"uri": "spotify:track:1VbUMlLn9RdOHZHpFnOWP3", "name": "Love Hotline", "artist": "Little Fritter", "popularity": 0, "danceability": 0.721, "energy": 0.85, "key": 4, "loudness": -6.479, "mode": 1, "speechiness": 0.0487, "acousticness": 0.00267, "instrumentalness": 0.85, "liveness": 0.0907, "valence": 0.499, "tempo": 129.991, "duration_ms": 208154, "time_signature": 4}, {"uri": "spotify:track:1FDeJo2cWnrtHZBIfxoNNj", "name": "Jealousy", "artist": "PBH & JACK", "popularity": 0, "danceability": 0.695, "energy": 0.677, "key": 11, "loudness": -5.433, "mode": 1, "speechiness": 0.0436, "acousticness": 0.00528, "instrumentalness": 0.00414, "liveness": 0.232, "valence": 0.795, "tempo": 123.991, "duration_ms": 181936, "time_signature": 4}, {"uri": "spotify:track:5cIDMXMgn3FyZIJEY8soMS", "name": "Fallin'", "artist": "Edmofo", "popularity": 0, "danceability": 0.806, "energy": 0.73, "key": 10, "loudness": -6.884, "mode": 0, "speechiness": 0.28, "acousticness": 0.706, "instrumentalness": 4.57e-05, "liveness": 0.0929, "valence": 0.466, "tempo": 120.059, "duration_ms": 203016, "time_signature": 4}, {"uri": "spotify:track:2CwHctWzU9Woi5C5ZC5m38", "name": "Inside Out", "artist": "Azteck", "popularity": 0, "danceability": 0.675, "energy": 0.795, "key": 9, "loudness": -5.179, "mode": 1, "speechiness": 0.0635, "acousticness": 0.0195, "instrumentalness": 0.000768, "liveness": 0.253, "valence": 0.604, "tempo": 123.922, "duration_ms": 166484, "time_signature": 4}, {"uri": "spotify:track:5VbIVAw08zctCJDTRty1Th", "name": "I Know", "artist": "Aliiias", "popularity": 7, "danceability": 0.447, "energy": 0.736, "key": 11, "loudness": -5.286, "mode": 1, "speechiness": 0.0652, "acousticness": 0.53, "instrumentalness": 0.0174, "liveness": 0.163, "valence": 0.277, "tempo": 149.964, "duration_ms": 140800, "time_signature": 4}, {"uri": "spotify:track:2laFBvZGbNDCMm0DoahaWJ", "name": "When You're Around", "artist": "York", "popularity": 0, "danceability": 0.602, "energy": 0.837, "key": 6, "loudness": -6.661, "mode": 0, "speechiness": 0.0381, "acousticness": 0.0355, "instrumentalness": 0.0254, "liveness": 0.151, "valence": 0.0995, "tempo": 115.0, "duration_ms": 201125, "time_signature": 4}, {"uri": "spotify:track:0GS82JsyvXX5SSCjw725tK", "name": "Leave Your Mind Behind", "artist": "Glass Petals", "popularity": 0, "danceability": 0.802, "energy": 0.903, "key": 0, "loudness": -5.176, "mode": 1, "speechiness": 0.0467, "acousticness": 0.00366, "instrumentalness": 0.806, "liveness": 0.0491, "valence": 0.779, "tempo": 126.033, "duration_ms": 186190, "time_signature": 4}, {"uri": "spotify:track:7A9y0ywTGS4iPM5huZAhKf", "name": "Dancing Alone", "artist": "VIZE", "popularity": 0, "danceability": 0.632, "energy": 0.731, "key": 0, "loudness": -5.737, "mode": 1, "speechiness": 0.0356, "acousticness": 0.0321, "instrumentalness": 5.16e-05, "liveness": 0.317, "valence": 0.0796, "tempo": 127.949, "duration_ms": 172390, "time_signature": 4}, {"uri": "spotify:track:5Wy9yg61go8oLBw8oTHp69", "name": "Get Up", "artist": "James Hurr", "popularity": 0, "danceability": 0.632, "energy": 0.947, "key": 2, "loudness": -5.225, "mode": 0, "speechiness": 0.038, "acousticness": 0.0118, "instrumentalness": 0.699, "liveness": 0.607, "valence": 0.485, "tempo": 124.976, "duration_ms": 192480, "time_signature": 4}, {"uri": "spotify:track:1WByZBGVI09ggCjH5wru9a", "name": "Blue Rose", "artist": "Enamour", "popularity": 0, "danceability": 0.651, "energy": 0.832, "key": 11, "loudness": -8.751, "mode": 0, "speechiness": 0.0359, "acousticness": 0.0756, "instrumentalness": 0.944, "liveness": 0.212, "valence": 0.0361, "tempo": 122.017, "duration_ms": 289180, "time_signature": 4}, {"uri": "spotify:track:0wOx3pICvsNIwobd0XnUxb", "name": "Anthem", "artist": "Snavs", "popularity": 0, "danceability": 0.45, "energy": 0.96, "key": 9, "loudness": -5.479, "mode": 1, "speechiness": 0.687, "acousticness": 0.00317, "instrumentalness": 0.000708, "liveness": 0.13, "valence": 0.159, "tempo": 149.685, "duration_ms": 135600, "time_signature": 4}, {"uri": "spotify:track:2H39iFssrfIvFm66Bm43AR", "name": "Do It All Night - Honey Dijon Remix [Radio Edit]", "artist": "DJ Minx", "popularity": 10, "danceability": 0.737, "energy": 0.894, "key": 1, "loudness": -7.553, "mode": 1, "speechiness": 0.0611, "acousticness": 0.000157, "instrumentalness": 0.573, "liveness": 0.186, "valence": 0.135, "tempo": 124.954, "duration_ms": 252720, "time_signature": 4}, {"uri": "spotify:track:6uoAE0LHNKqNsL6Jk6uwUV", "name": "Taurus", "artist": "Jacques Greene", "popularity": 2, "danceability": 0.594, "energy": 0.87, "key": 9, "loudness": -6.36, "mode": 0, "speechiness": 0.042, "acousticness": 0.0869, "instrumentalness": 0.865, "liveness": 0.119, "valence": 0.161, "tempo": 132.03, "duration_ms": 282091, "time_signature": 4}, {"uri": "spotify:track:3qBqh2AVvAJCoY3IR3k1jF", "name": "Catching A Dream (Sam Feldt Remix)", "artist": "Jonah Kagen", "popularity": 0, "danceability": 0.646, "energy": 0.708, "key": 10, "loudness": -6.431, "mode": 1, "speechiness": 0.0942, "acousticness": 0.0285, "instrumentalness": 0.000598, "liveness": 0.121, "valence": 0.349, "tempo": 124.016, "duration_ms": 173710, "time_signature": 4}, {"uri": "spotify:track:7pBUtlTE8IJZ6mvKloa6T0", "name": "Higher", "artist": "Matt Fax", "popularity": 0, "danceability": 0.55, "energy": 0.892, "key": 5, "loudness": -4.971, "mode": 0, "speechiness": 0.0354, "acousticness": 0.0405, "instrumentalness": 0.949, "liveness": 0.17, "valence": 0.0344, "tempo": 121.985, "duration_ms": 228197, "time_signature": 4}, {"uri": "spotify:track:2GbMJpz6xkMA3llgEhwRl0", "name": "When This Is All Over", "artist": "Ben Gomori", "popularity": 0, "danceability": 0.645, "energy": 0.804, "key": 5, "loudness": -9.69, "mode": 0, "speechiness": 0.0342, "acousticness": 0.032, "instrumentalness": 0.588, "liveness": 0.0993, "valence": 0.395, "tempo": 124.017, "duration_ms": 410323, "time_signature": 4}, {"uri": "spotify:track:3BDs1MOQNYRX0G0kmpV8Iw", "name": "Never Alone", "artist": "Siskin", "popularity": 0, "danceability": 0.541, "energy": 0.829, "key": 7, "loudness": -6.441, "mode": 0, "speechiness": 0.0349, "acousticness": 0.0179, "instrumentalness": 0.76, "liveness": 0.366, "valence": 0.0325, "tempo": 127.987, "duration_ms": 217852, "time_signature": 4}, {"uri": "spotify:track:1SPTWV7OQv6d6p959p5JOd", "name": "Stay - DJ Counselling Remix", "artist": "Kartell", "popularity": 0, "danceability": 0.68, "energy": 0.72, "key": 1, "loudness": -10.204, "mode": 0, "speechiness": 0.0582, "acousticness": 0.0309, "instrumentalness": 0.798, "liveness": 0.121, "valence": 0.333, "tempo": 122.014, "duration_ms": 287770, "time_signature": 4}, {"uri": "spotify:track:0ryPLLurUf7BHIfUO95rZ0", "name": "Gone", "artist": "MitiS", "popularity": 0, "danceability": 0.566, "energy": 0.885, "key": 0, "loudness": -4.109, "mode": 0, "speechiness": 0.0522, "acousticness": 0.0268, "instrumentalness": 0.000293, "liveness": 0.106, "valence": 0.181, "tempo": 141.992, "duration_ms": 189296, "time_signature": 4}, {"uri": "spotify:track:1sasHok8uYDG2dYoE1ir6y", "name": "Angel", "artist": "DJ Python", "popularity": 20, "danceability": 0.763, "energy": 0.901, "key": 0, "loudness": -9.126, "mode": 1, "speechiness": 0.0457, "acousticness": 0.00205, "instrumentalness": 0.807, "liveness": 0.212, "valence": 0.288, "tempo": 112.833, "duration_ms": 652572, "time_signature": 4}, {"uri": "spotify:track:6Hix9sKooZFXywNvpap932", "name": "Open Your Mind", "artist": "Vlossom", "popularity": 0, "danceability": 0.631, "energy": 0.879, "key": 9, "loudness": -3.917, "mode": 0, "speechiness": 0.038, "acousticness": 0.0101, "instrumentalness": 0.0029, "liveness": 0.109, "valence": 0.403, "tempo": 119.994, "duration_ms": 205363, "time_signature": 4}, {"uri": "spotify:track:2h3syRhAmidFjUbpjHVKWb", "name": "IN YOUR BLOOD - TAAHLIAH Remix", "artist": "LVRA", "popularity": 0, "danceability": 0.739, "energy": 0.597, "key": 1, "loudness": -7.153, "mode": 1, "speechiness": 0.0942, "acousticness": 0.028, "instrumentalness": 0.793, "liveness": 0.0199, "valence": 0.258, "tempo": 140.008, "duration_ms": 238390, "time_signature": 4}, {"uri": "spotify:track:64fxO6vMTTmjCh7iiWzKOM", "name": "Sundance", "artist": "Dubdisko", "popularity": 0, "danceability": 0.849, "energy": 0.677, "key": 6, "loudness": -8.346, "mode": 0, "speechiness": 0.0736, "acousticness": 0.0703, "instrumentalness": 0.204, "liveness": 0.292, "valence": 0.726, "tempo": 124.012, "duration_ms": 214839, "time_signature": 4}, {"uri": "spotify:track:4BEsc7EIzOYFiClFnV8weP", "name": "Flames", "artist": "NERVO", "popularity": 0, "danceability": 0.607, "energy": 0.958, "key": 4, "loudness": -3.916, "mode": 0, "speechiness": 0.112, "acousticness": 0.0841, "instrumentalness": 0, "liveness": 0.0797, "valence": 0.675, "tempo": 123.977, "duration_ms": 201205, "time_signature": 4}, {"uri": "spotify:track:0U0M0gwxc62sIK9rLBSnBp", "name": "Who Would Have Thought", "artist": "Just A Gent", "popularity": 7, "danceability": 0.587, "energy": 0.679, "key": 6, "loudness": -4.868, "mode": 0, "speechiness": 0.19, "acousticness": 0.0262, "instrumentalness": 0, "liveness": 0.749, "valence": 0.419, "tempo": 141.268, "duration_ms": 234697, "time_signature": 4}, {"uri": "spotify:track:1HGJjjDGNT5uhoNRRGt8Z7", "name": "Raindrops (feat. Chacel)", "artist": "Sander van Doorn", "popularity": 0, "danceability": 0.595, "energy": 0.901, "key": 2, "loudness": -6.331, "mode": 0, "speechiness": 0.041, "acousticness": 0.059, "instrumentalness": 0.577, "liveness": 0.441, "valence": 0.111, "tempo": 126.012, "duration_ms": 185952, "time_signature": 4}, {"uri": "spotify:track:7DvqpuTIUSmEXZZLDRRfgi", "name": "Figo", "artist": "Paul Thomas", "popularity": 0, "danceability": 0.627, "energy": 0.814, "key": 2, "loudness": -11.445, "mode": 1, "speechiness": 0.037, "acousticness": 0.00276, "instrumentalness": 0.87, "liveness": 0.17, "valence": 0.0907, "tempo": 124.992, "duration_ms": 218880, "time_signature": 4}, {"uri": "spotify:track:2CRstAyBVOOD1nQKOt7kox", "name": "Reflections - il:lo Remix", "artist": "TWO LANES", "popularity": 0, "danceability": 0.645, "energy": 0.71, "key": 9, "loudness": -11.285, "mode": 0, "speechiness": 0.0375, "acousticness": 0.461, "instrumentalness": 0.806, "liveness": 0.0893, "valence": 0.0393, "tempo": 117.995, "duration_ms": 360495, "time_signature": 4}, {"uri": "spotify:track:5JX8aoBU0tNq98p6lWwd16", "name": "Disconnect", "artist": "Moonbase", "popularity": 0, "danceability": 0.611, "energy": 0.935, "key": 1, "loudness": -3.842, "mode": 1, "speechiness": 0.0405, "acousticness": 0.000449, "instrumentalness": 0.868, "liveness": 0.418, "valence": 0.853, "tempo": 149.965, "duration_ms": 199587, "time_signature": 4}, {"uri": "spotify:track:38YrTPHeTdiiYcKM1FIa1I", "name": "Numb - Bexxie Remix", "artist": "Genix", "popularity": 23, "danceability": 0.594, "energy": 0.944, "key": 2, "loudness": -5.408, "mode": 0, "speechiness": 0.0328, "acousticness": 0.00598, "instrumentalness": 0.0978, "liveness": 0.107, "valence": 0.131, "tempo": 125.988, "duration_ms": 220952, "time_signature": 4}, {"uri": "spotify:track:1gTa0kM9Xlfb2HS1KOzz4V", "name": "Into Pieces (feat. Grabbitz)", "artist": "Subtronics", "popularity": 0, "danceability": 0.492, "energy": 0.873, "key": 11, "loudness": -2.489, "mode": 0, "speechiness": 0.226, "acousticness": 0.038, "instrumentalness": 0, "liveness": 0.0842, "valence": 0.291, "tempo": 84.868, "duration_ms": 211765, "time_signature": 4}, {"uri": "spotify:track:3yHiLDeERi7k1q3InysVYI", "name": "Infrared", "artist": "Burko", "popularity": 0, "danceability": 0.603, "energy": 0.929, "key": 4, "loudness": -8.675, "mode": 0, "speechiness": 0.0422, "acousticness": 0.00355, "instrumentalness": 0.596, "liveness": 0.213, "valence": 0.287, "tempo": 122.974, "duration_ms": 318415, "time_signature": 4}, {"uri": "spotify:track:2EgXhbQ9SliIgqWbB4JYHW", "name": "Our Fire", "artist": "Excision", "popularity": 12, "danceability": 0.386, "energy": 0.739, "key": 2, "loudness": -2.367, "mode": 0, "speechiness": 0.0384, "acousticness": 0.033, "instrumentalness": 2.23e-06, "liveness": 0.241, "valence": 0.0666, "tempo": 75.023, "duration_ms": 259401, "time_signature": 4}, {"uri": "spotify:track:0nDA1jXURMlPlFI6ITV240", "name": "Take Me There - Mollie Collins Remix", "artist": "gardenstate", "popularity": 0, "danceability": 0.436, "energy": 0.975, "key": 6, "loudness": -2.607, "mode": 0, "speechiness": 0.0637, "acousticness": 0.00129, "instrumentalness": 0.765, "liveness": 0.105, "valence": 0.0735, "tempo": 172.045, "duration_ms": 206512, "time_signature": 4}, {"uri": "spotify:track:5q2cqCySPgK595wNyN0XEr", "name": "Baby", "artist": "Mike Candys", "popularity": 0, "danceability": 0.789, "energy": 0.941, "key": 6, "loudness": -3.326, "mode": 1, "speechiness": 0.0412, "acousticness": 0.00918, "instrumentalness": 0.856, "liveness": 0.0719, "valence": 0.614, "tempo": 127.998, "duration_ms": 139687, "time_signature": 4}, {"uri": "spotify:track:18wr350J8d1Tgm97E7orFZ", "name": "Snap Five", "artist": "Relanium", "popularity": 0, "danceability": 0.863, "energy": 0.883, "key": 9, "loudness": -4.15, "mode": 1, "speechiness": 0.257, "acousticness": 0.0585, "instrumentalness": 0.336, "liveness": 0.088, "valence": 0.787, "tempo": 123.964, "duration_ms": 156290, "time_signature": 4}, {"uri": "spotify:track:2xwtIrjHLg4f61q6bFBbL4", "name": "remember", "artist": "Middle School", "popularity": 0, "danceability": 0.607, "energy": 0.973, "key": 8, "loudness": -4.967, "mode": 1, "speechiness": 0.0732, "acousticness": 0.00129, "instrumentalness": 0.856, "liveness": 0.166, "valence": 0.536, "tempo": 155.035, "duration_ms": 83616, "time_signature": 4}, {"uri": "spotify:track:7MrgkbteQpwXn7f2rMK5Cu", "name": "L.O.V.E.", "artist": "Kudus", "popularity": 0, "danceability": 0.488, "energy": 0.955, "key": 5, "loudness": -4.845, "mode": 0, "speechiness": 0.0409, "acousticness": 0.0324, "instrumentalness": 0.869, "liveness": 0.144, "valence": 0.104, "tempo": 125.974, "duration_ms": 241548, "time_signature": 4}, {"uri": "spotify:track:4oDm90OxoKSOSoJIL9eYVc", "name": "Afterglow", "artist": "Nicky Romero", "popularity": 0, "danceability": 0.573, "energy": 0.751, "key": 6, "loudness": -4.527, "mode": 1, "speechiness": 0.038, "acousticness": 0.0301, "instrumentalness": 0, "liveness": 0.523, "valence": 0.418, "tempo": 126.012, "duration_ms": 221429, "time_signature": 4}, {"uri": "spotify:track:45kycPq8eq0O4KDpxzxoQj", "name": "insecure", "artist": "Donna Missal", "popularity": 0, "danceability": 0.516, "energy": 0.496, "key": 5, "loudness": -10.537, "mode": 0, "speechiness": 0.035, "acousticness": 0.875, "instrumentalness": 0.0675, "liveness": 0.102, "valence": 0.107, "tempo": 130.789, "duration_ms": 186034, "time_signature": 4}, {"uri": "spotify:track:0mThH0uqT9pmj5cCS7Oeoj", "name": "The Ladder", "artist": "R\u00f6yksopp", "popularity": 10, "danceability": 0.628, "energy": 0.484, "key": 5, "loudness": -11.867, "mode": 0, "speechiness": 0.0249, "acousticness": 0.548, "instrumentalness": 0.909, "liveness": 0.119, "valence": 0.297, "tempo": 104.993, "duration_ms": 333520, "time_signature": 4}, {"uri": "spotify:track:55QgQtU2Cq3khoiAnYj2Dk", "name": "Full of Beats", "artist": "Mauro Picotto", "popularity": 0, "danceability": 0.735, "energy": 0.964, "key": 1, "loudness": -7.575, "mode": 1, "speechiness": 0.0524, "acousticness": 0.0023, "instrumentalness": 0.883, "liveness": 0.127, "valence": 0.0754, "tempo": 128.007, "duration_ms": 346000, "time_signature": 4}, {"uri": "spotify:track:6J1mnTM2yGV7FsShNcCXB0", "name": "24/7 (feat. JC Stewart)", "artist": "Billen Ted", "popularity": 0, "danceability": 0.719, "energy": 0.817, "key": 11, "loudness": -3.817, "mode": 1, "speechiness": 0.0484, "acousticness": 0.0317, "instrumentalness": 0, "liveness": 0.303, "valence": 0.569, "tempo": 122.978, "duration_ms": 175909, "time_signature": 4}, {"uri": "spotify:track:4DPRz4NNpFtmqYTqbAnEvU", "name": "Party's Over", "artist": "Brando", "popularity": 0, "danceability": 0.657, "energy": 0.92, "key": 0, "loudness": -3.086, "mode": 0, "speechiness": 0.0474, "acousticness": 0.00108, "instrumentalness": 0.00022, "liveness": 0.178, "valence": 0.405, "tempo": 122.009, "duration_ms": 155463, "time_signature": 4}, {"uri": "spotify:track:6Bob8aMfpzpEHjmzS1ToEO", "name": "Social Suicide", "artist": "Beshken", "popularity": 0, "danceability": 0.546, "energy": 0.935, "key": 0, "loudness": -5.073, "mode": 0, "speechiness": 0.303, "acousticness": 0.0351, "instrumentalness": 0.159, "liveness": 0.0923, "valence": 0.449, "tempo": 160.058, "duration_ms": 238613, "time_signature": 4}, {"uri": "spotify:track:5ag0L0xkUGJrkXmalqOfho", "name": "Breathe", "artist": "Arctic Lake", "popularity": 0, "danceability": 0.603, "energy": 0.321, "key": 7, "loudness": -11.982, "mode": 0, "speechiness": 0.0727, "acousticness": 0.74, "instrumentalness": 0, "liveness": 0.149, "valence": 0.133, "tempo": 113.647, "duration_ms": 196052, "time_signature": 4}, {"uri": "spotify:track:2bf1HFXO0M0scfhws8JdtC", "name": "Bira", "artist": "DJ Vivona", "popularity": 0, "danceability": 0.787, "energy": 0.778, "key": 1, "loudness": -9.877, "mode": 1, "speechiness": 0.0581, "acousticness": 0.0167, "instrumentalness": 0.295, "liveness": 0.0983, "valence": 0.157, "tempo": 121.003, "duration_ms": 415908, "time_signature": 4}, {"uri": "spotify:track:4xtD1wi5TDqcOKf1dowtIp", "name": "Dreams - Bleu Clair Remix", "artist": "Smokin Beats", "popularity": 0, "danceability": 0.738, "energy": 0.964, "key": 8, "loudness": -2.62, "mode": 1, "speechiness": 0.0533, "acousticness": 0.00876, "instrumentalness": 0.174, "liveness": 0.115, "valence": 0.736, "tempo": 124.99, "duration_ms": 184915, "time_signature": 4}, {"uri": "spotify:track:3Q6AF0A6U9Jz1W7aIC1ogP", "name": "Love Goes (On & On) [feat. H. Kenneth]", "artist": "Dubdogz", "popularity": 0, "danceability": 0.775, "energy": 0.692, "key": 2, "loudness": -8.018, "mode": 1, "speechiness": 0.0647, "acousticness": 0.291, "instrumentalness": 2.52e-06, "liveness": 0.139, "valence": 0.624, "tempo": 122.027, "duration_ms": 144590, "time_signature": 4}, {"uri": "spotify:track:0TvSmTJ1Mjvy5ZMV7z1kdS", "name": "Superhuman - Ferry Corsten Remix", "artist": "Tritonal", "popularity": 1, "danceability": 0.543, "energy": 0.906, "key": 8, "loudness": -6.689, "mode": 0, "speechiness": 0.0308, "acousticness": 0.000594, "instrumentalness": 0.112, "liveness": 0.139, "valence": 0.161, "tempo": 128.02, "duration_ms": 204625, "time_signature": 4}, {"uri": "spotify:track:32AM51AZPlQ7NqpuGqK4rP", "name": "Prayers", "artist": "Black Tiger Sex Machine", "popularity": 36, "danceability": 0.561, "energy": 0.886, "key": 2, "loudness": -2.778, "mode": 1, "speechiness": 0.082, "acousticness": 0.0229, "instrumentalness": 0.00177, "liveness": 0.111, "valence": 0.15, "tempo": 140.07, "duration_ms": 200857, "time_signature": 4}, {"uri": "spotify:track:1ABo1DAScBTB71cWzZxJIf", "name": "you're like a dream", "artist": "warner case", "popularity": 0, "danceability": 0.791, "energy": 0.97, "key": 2, "loudness": -6.354, "mode": 1, "speechiness": 0.0577, "acousticness": 0.00387, "instrumentalness": 0.655, "liveness": 0.0457, "valence": 0.895, "tempo": 124.992, "duration_ms": 219900, "time_signature": 4}, {"uri": "spotify:track:3je1VcyoT3FEH6AbttouZj", "name": "Saving My Love", "artist": "Chris Malinchak", "popularity": 0, "danceability": 0.64, "energy": 0.518, "key": 0, "loudness": -13.746, "mode": 0, "speechiness": 0.0345, "acousticness": 0.126, "instrumentalness": 0.913, "liveness": 0.0652, "valence": 0.0908, "tempo": 118.014, "duration_ms": 292667, "time_signature": 4}, {"uri": "spotify:track:6wCIFkMgQitrrJyc2ruYj0", "name": "Cabara\u00fa", "artist": "Pandit Pam Pam", "popularity": 0, "danceability": 0.565, "energy": 0.465, "key": 9, "loudness": -12.059, "mode": 0, "speechiness": 0.0337, "acousticness": 0.918, "instrumentalness": 0.446, "liveness": 0.114, "valence": 0.584, "tempo": 105.152, "duration_ms": 392108, "time_signature": 4}, {"uri": "spotify:track:5qysxEb8AgQ5GLNg1cpGcp", "name": "Naked", "artist": "BAYNK", "popularity": 0, "danceability": 0.878, "energy": 0.582, "key": 11, "loudness": -4.788, "mode": 1, "speechiness": 0.0705, "acousticness": 0.549, "instrumentalness": 0.00131, "liveness": 0.0724, "valence": 0.291, "tempo": 117.025, "duration_ms": 188724, "time_signature": 4}, {"uri": "spotify:track:5KgCK9gLakLdwyZaixFCCu", "name": "Dopa La Vita", "artist": "Franky Wah", "popularity": 0, "danceability": 0.635, "energy": 0.814, "key": 1, "loudness": -10.909, "mode": 1, "speechiness": 0.0395, "acousticness": 0.564, "instrumentalness": 0.868, "liveness": 0.0906, "valence": 0.288, "tempo": 120.008, "duration_ms": 533256, "time_signature": 4}, {"uri": "spotify:track:1m2VkypH9N3AeX00b0TOck", "name": "Real Love - Valentino Khan Remix", "artist": "Dillon Francis", "popularity": 0, "danceability": 0.825, "energy": 0.952, "key": 10, "loudness": -1.114, "mode": 0, "speechiness": 0.0758, "acousticness": 0.00111, "instrumentalness": 0.192, "liveness": 0.0737, "valence": 0.386, "tempo": 124.998, "duration_ms": 161760, "time_signature": 4}, {"uri": "spotify:track:4oJ0MwLNZEqRvwgwEfsl0a", "name": "Drown", "artist": "Psylla", "popularity": 0, "danceability": 0.576, "energy": 0.696, "key": 8, "loudness": -6.014, "mode": 0, "speechiness": 0.133, "acousticness": 0.0654, "instrumentalness": 4.91e-05, "liveness": 0.115, "valence": 0.142, "tempo": 159.758, "duration_ms": 202272, "time_signature": 4}, {"uri": "spotify:track:4VHR7MvFp3FEkw3JA0LnLq", "name": "Virtual Insanity - Bklava Remix", "artist": "Jamiroquai", "popularity": 0, "danceability": 0.844, "energy": 0.77, "key": 1, "loudness": -5.71, "mode": 1, "speechiness": 0.168, "acousticness": 0.0157, "instrumentalness": 0.00661, "liveness": 0.0581, "valence": 0.545, "tempo": 130.053, "duration_ms": 331994, "time_signature": 4}, {"uri": "spotify:track:5JVA0t7r2Y7m9NaHmgaeiC", "name": "Remedy", "artist": "Leony", "popularity": 0, "danceability": 0.55, "energy": 0.75, "key": 0, "loudness": -3.289, "mode": 1, "speechiness": 0.146, "acousticness": 0.0561, "instrumentalness": 0, "liveness": 0.129, "valence": 0.381, "tempo": 172.124, "duration_ms": 147410, "time_signature": 4}, {"uri": "spotify:track:56hBcWIj4uoRCMctXXfcbB", "name": "In My Soul", "artist": "Kato", "popularity": 0, "danceability": 0.751, "energy": 0.688, "key": 11, "loudness": -5.006, "mode": 0, "speechiness": 0.0394, "acousticness": 0.0246, "instrumentalness": 0.0379, "liveness": 0.144, "valence": 0.614, "tempo": 123.991, "duration_ms": 178500, "time_signature": 4}, {"uri": "spotify:track:6yrNGDJha00kA4zJvF2bTm", "name": "Nehayetnah Eh", "artist": "Omar Basaad", "popularity": 0, "danceability": 0.618, "energy": 0.831, "key": 8, "loudness": -5.056, "mode": 0, "speechiness": 0.0547, "acousticness": 0.000858, "instrumentalness": 0.866, "liveness": 0.115, "valence": 0.036, "tempo": 130.085, "duration_ms": 203154, "time_signature": 4}, {"uri": "spotify:track:6aS9ptczLiEK9ns822OCc6", "name": "Torpid", "artist": "Recondite", "popularity": 0, "danceability": 0.758, "energy": 0.674, "key": 11, "loudness": -12.079, "mode": 1, "speechiness": 0.0452, "acousticness": 0.161, "instrumentalness": 0.88, "liveness": 0.098, "valence": 0.654, "tempo": 134.007, "duration_ms": 274240, "time_signature": 4}, {"uri": "spotify:track:2nQyEHecmmt0WE43mOsScr", "name": "Back To Me", "artist": "Krakota", "popularity": 0, "danceability": 0.489, "energy": 0.957, "key": 8, "loudness": -2.697, "mode": 1, "speechiness": 0.0569, "acousticness": 0.012, "instrumentalness": 0.0768, "liveness": 0.197, "valence": 0.0659, "tempo": 174.021, "duration_ms": 255172, "time_signature": 4}, {"uri": "spotify:track:51jS1l1zkppwzo0pF5wmax", "name": "Stay", "artist": "Malifoo", "popularity": 0, "danceability": 0.76, "energy": 0.857, "key": 2, "loudness": -5.185, "mode": 0, "speechiness": 0.0451, "acousticness": 0.0534, "instrumentalness": 0.46, "liveness": 0.146, "valence": 0.443, "tempo": 126.029, "duration_ms": 199048, "time_signature": 4}, {"uri": "spotify:track:7ao8imeoghP0rWSOrIJalv", "name": "Love For You", "artist": "Sabai", "popularity": 0, "danceability": 0.482, "energy": 0.595, "key": 0, "loudness": -6.213, "mode": 0, "speechiness": 0.0492, "acousticness": 0.465, "instrumentalness": 9.49e-05, "liveness": 0.278, "valence": 0.16, "tempo": 149.919, "duration_ms": 203530, "time_signature": 4}, {"uri": "spotify:track:4kC93I6ekm3jH02l7YPWaQ", "name": "Ulm", "artist": "K\u00f6lsch", "popularity": 0, "danceability": 0.717, "energy": 0.692, "key": 6, "loudness": -10.582, "mode": 1, "speechiness": 0.0574, "acousticness": 0.000248, "instrumentalness": 0.834, "liveness": 0.0858, "valence": 0.2, "tempo": 128.009, "duration_ms": 435885, "time_signature": 4}]