[{"uri": "spotify:track:5Ewl0NXO6VRsS8pWnTETJ1", "name": "12 Etudes d'ex\u00e9cution transcendante, S.139: No.12 Chasse neige (Andante con moto)", "artist": "Franz Liszt", "popularity": 0, "danceability": 0.213, "energy": 0.181, "key": 10, "loudness": -20.449, "mode": 0, "speechiness": 0.0326, "acousticness": 0.988, "instrumentalness": 0.863, "liveness": 0.0794, "valence": 0.0383, "tempo": 67.831, "duration_ms": 352120, "time_signature": 4}, {"uri": "spotify:track:7njAZhca4o80qQdCgyEWya", "name": "The Four Seasons, Violin Concerto No. 4 in F Minor, RV 297 \"Winter\": II. Largo", "artist": "Antonio Vivaldi", "popularity": 59, "danceability": 0.33, "energy": 0.0649, "key": 3, "loudness": -25.176, "mode": 1, "speechiness": 0.0443, "acousticness": 0.898, "instrumentalness": 6.19e-05, "liveness": 0.0931, "valence": 0.34, "tempo": 83.398, "duration_ms": 117907, "time_signature": 4}, {"uri": "spotify:track:4qOJpSWTdiuLX6tJQIZNBO", "name": "Children's Corner: Children's Corner: IV. The Snow is Dancing. Mod\u00e9r\u00e9ment anim\u00e9", "artist": "Claude Debussy", "popularity": 47, "danceability": 0.273, "energy": 0.039, "key": 10, "loudness": -28.962, "mode": 0, "speechiness": 0.0386, "acousticness": 0.992, "instrumentalness": 0.925, "liveness": 0.181, "valence": 0.0964, "tempo": 119.484, "duration_ms": 164387, "time_signature": 4}, {"uri": "spotify:track:1TjONGadXHcQd9QsteQkaO", "name": "Las 4 Estaciones Porte\u00f1as: Invierno Porteno (Winter) [Arr. L. Desyatnikov for Violin & Strings]", "artist": "Tianwa Yang", "popularity": 31, "danceability": 0.264, "energy": 0.0525, "key": 7, "loudness": -21.852, "mode": 0, "speechiness": 0.0466, "acousticness": 0.939, "instrumentalness": 0.25, "liveness": 0.0793, "valence": 0.0647, "tempo": 95.413, "duration_ms": 483000, "time_signature": 4}, {"uri": "spotify:track:2wh2je0SeU5zZaNMghMfz9", "name": "Walking In The Air (Excerpt \"Lifecycle\"), Op. 310", "artist": "Howard Blake", "popularity": 48, "danceability": 0.242, "energy": 0.0308, "key": 1, "loudness": -32.624, "mode": 0, "speechiness": 0.0747, "acousticness": 0.993, "instrumentalness": 0.942, "liveness": 0.0951, "valence": 0.104, "tempo": 63.07, "duration_ms": 186000, "time_signature": 4}, {"uri": "spotify:track:2vHbwqaA9FsXtpKiZNx30V", "name": "Sonata for Solo Violin No. 2 in A Minor, BWV 1003 (Arr. for Violoncello Piccolo): III. Andante", "artist": "Johann Sebastian Bach", "popularity": 28, "danceability": 0.185, "energy": 0.0193, "key": 6, "loudness": -28.875, "mode": 1, "speechiness": 0.0496, "acousticness": 0.991, "instrumentalness": 0.575, "liveness": 0.107, "valence": 0.112, "tempo": 109.639, "duration_ms": 360173, "time_signature": 4}, {"uri": "spotify:track:1V8MWDaYURiGXD907ghGVL", "name": "Album for the Young, Op. 68: 38. Winterzeit I", "artist": "Robert Schumann", "popularity": 31, "danceability": 0.501, "energy": 0.00278, "key": 0, "loudness": -32.656, "mode": 0, "speechiness": 0.0834, "acousticness": 0.995, "instrumentalness": 0.876, "liveness": 0.109, "valence": 0.125, "tempo": 64.987, "duration_ms": 144160, "time_signature": 3}, {"uri": "spotify:track:7G8FIgNV7fKHeGLU4AdXeo", "name": "Winter Variation", "artist": "Meredith Monk", "popularity": 0, "danceability": 0.136, "energy": 0.0104, "key": 9, "loudness": -31.839, "mode": 0, "speechiness": 0.0434, "acousticness": 0.957, "instrumentalness": 0.621, "liveness": 0.065, "valence": 0.162, "tempo": 96.443, "duration_ms": 111587, "time_signature": 4}, {"uri": "spotify:track:1x8iDb7mTd2zGeQUCQbCX6", "name": "12 Etudes, Op.25: No. 11 in A minor \"Winter Wind\"", "artist": "Fr\u00e9d\u00e9ric Chopin", "popularity": 0, "danceability": 0.254, "energy": 0.192, "key": 9, "loudness": -19.99, "mode": 0, "speechiness": 0.041, "acousticness": 0.984, "instrumentalness": 0.852, "liveness": 0.101, "valence": 0.0992, "tempo": 165.188, "duration_ms": 206000, "time_signature": 3}, {"uri": "spotify:track:789n2vusCRuIoqklooMKkP", "name": "Les saisons (the Seasons), Op. 37b: XII. December: Yuletide [arr. A. Gauk for orchestra]", "artist": "Pyotr Ilyich Tchaikovsky", "popularity": 3, "danceability": 0.111, "energy": 0.0398, "key": 8, "loudness": -27.37, "mode": 1, "speechiness": 0.0508, "acousticness": 0.96, "instrumentalness": 0.93, "liveness": 0.112, "valence": 0.0581, "tempo": 179.278, "duration_ms": 280440, "time_signature": 3}, {"uri": "spotify:track:25znKd7e292WC5JL4ZzSF3", "name": "Palmgren : Snowflakes [Lumihiutaleita] Op.57 No.2", "artist": "Selim Palmgren", "popularity": 26, "danceability": 0.424, "energy": 0.0383, "key": 6, "loudness": -35.294, "mode": 0, "speechiness": 0.0389, "acousticness": 0.982, "instrumentalness": 0.919, "liveness": 0.1, "valence": 0.358, "tempo": 106.698, "duration_ms": 229933, "time_signature": 4}, {"uri": "spotify:track:0unzDuU6nCGCNQRTsBWRok", "name": "Violin Concerto No. 2 - The American Four Seasons: Movement II", "artist": "Philip Glass", "popularity": 20, "danceability": 0.11, "energy": 0.0499, "key": 5, "loudness": -25.479, "mode": 1, "speechiness": 0.0399, "acousticness": 0.649, "instrumentalness": 0.65, "liveness": 0.108, "valence": 0.0359, "tempo": 88.012, "duration_ms": 673280, "time_signature": 3}, {"uri": "spotify:track:36a8Ib1mdwlYpNbdcFg0uN", "name": "Wessman : Vesi v\u00e4syy lumen alle (Water Under Snow Is Weary)", "artist": "Harri Wessman", "popularity": 20, "danceability": 0.199, "energy": 0.118, "key": 5, "loudness": -20.185, "mode": 1, "speechiness": 0.0446, "acousticness": 0.989, "instrumentalness": 0.681, "liveness": 0.0892, "valence": 0.0356, "tempo": 90.418, "duration_ms": 255227, "time_signature": 4}, {"uri": "spotify:track:6F2jBT3rpm5bZDLtl5kmE6", "name": "Kuusisto : Suite for String Orchestra and Harpsichord Op.7, 'Between Seasons' : First Snow", "artist": "Jaakko Kuusisto", "popularity": 18, "danceability": 0.251, "energy": 0.0633, "key": 7, "loudness": -22.358, "mode": 1, "speechiness": 0.0438, "acousticness": 0.681, "instrumentalness": 0.756, "liveness": 0.241, "valence": 0.0423, "tempo": 131.527, "duration_ms": 419360, "time_signature": 1}, {"uri": "spotify:track:7HtiS6ubdQ8vUOMDLltiT3", "name": "5 Esquisses, Op. 114, No. 2, Winter Scene", "artist": "Jean Sibelius", "popularity": 2, "danceability": 0.361, "energy": 0.00525, "key": 4, "loudness": -33.944, "mode": 0, "speechiness": 0.0497, "acousticness": 0.996, "instrumentalness": 0.918, "liveness": 0.086, "valence": 0.109, "tempo": 84.926, "duration_ms": 138960, "time_signature": 4}, {"uri": "spotify:track:06h33w7w0c8r7yV189UjOC", "name": "String Quartet in F Major: III. Tres lent", "artist": "Maurice Ravel", "popularity": 26, "danceability": 0.108, "energy": 0.00632, "key": 1, "loudness": -37.899, "mode": 1, "speechiness": 0.0417, "acousticness": 0.841, "instrumentalness": 0.0142, "liveness": 0.107, "valence": 0.0354, "tempo": 79.739, "duration_ms": 609533, "time_signature": 4}, {"uri": "spotify:track:0g4PPZhN9npPbOqCPN6oCC", "name": "King Arthur, or The British Worthy (1691) / Act 3: What Power art thou?", "artist": "Henry Purcell", "popularity": 0, "danceability": 0.803, "energy": 0.143, "key": 11, "loudness": -13.8, "mode": 1, "speechiness": 0.0373, "acousticness": 0.986, "instrumentalness": 0.000389, "liveness": 0.116, "valence": 0.0781, "tempo": 94.841, "duration_ms": 189520, "time_signature": 4}, {"uri": "spotify:track:0qGaUg98CswNq9FRROmZvU", "name": "Cinderella, Op.87 - Suite From The Ballet: Transcribed For 2 Pianos By Mikhail Pletnev: 3. Winter. Adagio", "artist": "Sergei Prokofiev", "popularity": 0, "danceability": 0.338, "energy": 0.00737, "key": 0, "loudness": -33.952, "mode": 0, "speechiness": 0.0387, "acousticness": 0.986, "instrumentalness": 0.954, "liveness": 0.126, "valence": 0.0852, "tempo": 106.905, "duration_ms": 253387, "time_signature": 4}, {"uri": "spotify:track:6w6gpWGK6hapOOKoN3DcdP", "name": "Looduspildid (Nature Pictures): IV. Talvemustrid (Winter Patterns): Virmalised (Northern Lights)", "artist": "Veljo Tormis", "popularity": 24, "danceability": 0.296, "energy": 0.0122, "key": 5, "loudness": -32.926, "mode": 0, "speechiness": 0.0435, "acousticness": 0.993, "instrumentalness": 0.649, "liveness": 0.0965, "valence": 0.0451, "tempo": 104.861, "duration_ms": 157533, "time_signature": 4}, {"uri": "spotify:track:07w9pbIzudHEfWw8E15Sfb", "name": "3 Winter Poems: No. 3. Serenade, \"Snow Shower\"", "artist": "William Alwyn", "popularity": 29, "danceability": 0.355, "energy": 0.0292, "key": 4, "loudness": -27.387, "mode": 0, "speechiness": 0.042, "acousticness": 0.976, "instrumentalness": 0.184, "liveness": 0.0924, "valence": 0.289, "tempo": 122.585, "duration_ms": 152133, "time_signature": 3}, {"uri": "spotify:track:0QTjpkVJCqETkyph7D8IFu", "name": "Winterreise D.911: Erste Abteilung: Der Lindenbaum", "artist": "Franz Schubert", "popularity": 25, "danceability": 0.181, "energy": 0.0123, "key": 4, "loudness": -31.262, "mode": 1, "speechiness": 0.0569, "acousticness": 0.992, "instrumentalness": 0.000275, "liveness": 0.09, "valence": 0.151, "tempo": 70.741, "duration_ms": 298400, "time_signature": 4}, {"uri": "spotify:track:3kEav6xoyo72ik1LcSVupG", "name": "Longing for a frozen sky", "artist": "Ernst Reijseger", "popularity": 0, "danceability": 0.546, "energy": 0.237, "key": 0, "loudness": -18.471, "mode": 0, "speechiness": 0.0605, "acousticness": 0.951, "instrumentalness": 0.613, "liveness": 0.598, "valence": 0.183, "tempo": 116.941, "duration_ms": 128933, "time_signature": 4}, {"uri": "spotify:track:0Z2t8vGYwXWlA2BoEBjK24", "name": "The Seasons, The Winter: II. Aire (Dessus de viole, 2 basses de viole, th\u00e9orbe, orgue & clavecin)", "artist": "Christopher Simpson", "popularity": 0, "danceability": 0.233, "energy": 0.127, "key": 1, "loudness": -19.358, "mode": 1, "speechiness": 0.0398, "acousticness": 0.944, "instrumentalness": 0.924, "liveness": 0.106, "valence": 0.0972, "tempo": 104.388, "duration_ms": 196960, "time_signature": 4}, {"uri": "spotify:track:46BgLoFKA2ExzkdkQHAp2y", "name": "Seasons Lost: I. Winter", "artist": "David Ludwig", "popularity": 23, "danceability": 0.174, "energy": 0.00721, "key": 9, "loudness": -34.638, "mode": 1, "speechiness": 0.0437, "acousticness": 0.831, "instrumentalness": 0.396, "liveness": 0.0703, "valence": 0.0302, "tempo": 71.962, "duration_ms": 174975, "time_signature": 3}, {"uri": "spotify:track:48tuFV2msxPjwkQqVwrKIO", "name": "Mid-Winter (version for chorus, flute and harp)", "artist": "Bob Chilcott", "popularity": 38, "danceability": 0.128, "energy": 0.0741, "key": 3, "loudness": -24.114, "mode": 1, "speechiness": 0.0465, "acousticness": 0.99, "instrumentalness": 0.776, "liveness": 0.17, "valence": 0.0722, "tempo": 81.164, "duration_ms": 227787, "time_signature": 4}, {"uri": "spotify:track:785upDs2S36WTWNIb2v3Wd", "name": "The Snow Maiden Suite: IV. Danse des bouffons (Dance of the Clowns)", "artist": "Nikolai Rimsky-Korsakov", "popularity": 24, "danceability": 0.433, "energy": 0.229, "key": 0, "loudness": -22.004, "mode": 1, "speechiness": 0.053, "acousticness": 0.887, "instrumentalness": 0.199, "liveness": 0.0851, "valence": 0.282, "tempo": 77.142, "duration_ms": 222293, "time_signature": 4}, {"uri": "spotify:track:5oianWhAxdjLCNlXV0QOCO", "name": "A Ceremony of Carols, Op. 28: No. 8. In freezing winter night", "artist": "Benjamin Britten", "popularity": 24, "danceability": 0.136, "energy": 0.0459, "key": 0, "loudness": -24.946, "mode": 0, "speechiness": 0.0581, "acousticness": 0.994, "instrumentalness": 0.0775, "liveness": 0.0944, "valence": 0.0373, "tempo": 75.584, "duration_ms": 220267, "time_signature": 5}, {"uri": "spotify:track:0ouscKuB5NdM4wBBMm9gzS", "name": "Les Patineurs, Op. 183, \"The Skater's Waltz\": Let Patineurs, Op. 183", "artist": "\u00c9mile Waldteufel", "popularity": 24, "danceability": 0.349, "energy": 0.144, "key": 9, "loudness": -18.946, "mode": 1, "speechiness": 0.0326, "acousticness": 0.982, "instrumentalness": 0.839, "liveness": 0.0575, "valence": 0.205, "tempo": 99.254, "duration_ms": 453960, "time_signature": 4}, {"uri": "spotify:track:2AEGGJNnGa9UCG6p2lFBFx", "name": "Alexander Nevsky, Op. 78: 5. The Battle on Ice", "artist": "Sergei Prokofiev", "popularity": 17, "danceability": 0.236, "energy": 0.308, "key": 1, "loudness": -18.833, "mode": 1, "speechiness": 0.0411, "acousticness": 0.64, "instrumentalness": 0.739, "liveness": 0.104, "valence": 0.0861, "tempo": 98.236, "duration_ms": 745733, "time_signature": 4}, {"uri": "spotify:track:5d7LdhjpNsMBMCDN9Zpl4h", "name": "Die Jahreszeiten - Hob. XXI:3 / Der Winter: No.29a Einleitung", "artist": "Franz Joseph Haydn", "popularity": 0, "danceability": 0.207, "energy": 0.0462, "key": 0, "loudness": -25.934, "mode": 0, "speechiness": 0.0369, "acousticness": 0.902, "instrumentalness": 0.472, "liveness": 0.098, "valence": 0.0388, "tempo": 66.179, "duration_ms": 157000, "time_signature": 3}, {"uri": "spotify:track:5IOrS56BLgx30M4QJ6aq2O", "name": "Intermezzo, Op. 72, TrV 246a: 4 Symphonic Interludes: II. Traumerei am Kamin", "artist": "Richard Strauss", "popularity": 24, "danceability": 0.169, "energy": 0.0602, "key": 8, "loudness": -21.638, "mode": 1, "speechiness": 0.0432, "acousticness": 0.96, "instrumentalness": 0.877, "liveness": 0.0729, "valence": 0.0348, "tempo": 126.951, "duration_ms": 405613, "time_signature": 3}, {"uri": "spotify:track:27fanMbt9Se8e6FYgXfnKN", "name": "Der Leiermann, Op. 89, No. 24, D. 911", "artist": "Franz Schubert", "popularity": 23, "danceability": 0.464, "energy": 0.0146, "key": 4, "loudness": -26.956, "mode": 0, "speechiness": 0.0438, "acousticness": 0.988, "instrumentalness": 0.0014, "liveness": 0.0865, "valence": 0.172, "tempo": 113.867, "duration_ms": 212813, "time_signature": 3}, {"uri": "spotify:track:70XgZpMMO1oBfN0MtJaBhL", "name": "3 Small Tone Poems: No. 2. Winter Night (Sleigh Ride)", "artist": "Frederick Delius", "popularity": 25, "danceability": 0.18, "energy": 0.0191, "key": 9, "loudness": -28.355, "mode": 1, "speechiness": 0.0433, "acousticness": 0.842, "instrumentalness": 0.0274, "liveness": 0.0851, "valence": 0.0367, "tempo": 91.968, "duration_ms": 349160, "time_signature": 4}, {"uri": "spotify:track:25vLfvO1gm9ui3TuV910kI", "name": "Vaughan Williams: Symphony No. 7 \"Sinfonia Antartica\": II. Scherzo. Moderato", "artist": "Ralph Vaughan Williams", "popularity": 22, "danceability": 0.221, "energy": 0.115, "key": 10, "loudness": -21.468, "mode": 1, "speechiness": 0.0394, "acousticness": 0.947, "instrumentalness": 0.892, "liveness": 0.317, "valence": 0.0399, "tempo": 102.926, "duration_ms": 333000, "time_signature": 4}, {"uri": "spotify:track:2P6TCLy4NjwFb1axXZtqxy", "name": "Cantus arcticus, Op. 61, \"Concerto for Birds and Orchestra\": III. Joutsenet muuttavat (Swans Migrating)", "artist": "Einojuhani Rautavaara", "popularity": 27, "danceability": 0.0865, "energy": 0.253, "key": 1, "loudness": -21.883, "mode": 1, "speechiness": 0.0501, "acousticness": 0.941, "instrumentalness": 0.92, "liveness": 0.16, "valence": 0.0397, "tempo": 84.588, "duration_ms": 449973, "time_signature": 4}, {"uri": "spotify:track:46SoGo0PSdEzhh3rFYjh8f", "name": "Glazunov: The Seasons, Op. 67, Pt. 1 \"Winter\": No. 1, Introduction", "artist": "Alexander Glazunov", "popularity": 22, "danceability": 0.174, "energy": 0.117, "key": 2, "loudness": -19.587, "mode": 0, "speechiness": 0.0429, "acousticness": 0.972, "instrumentalness": 0.836, "liveness": 0.325, "valence": 0.0367, "tempo": 109.42, "duration_ms": 153573, "time_signature": 4}, {"uri": "spotify:track:2lHeLjJEW1hfLxbsUELHNu", "name": "Preludes, L. 117, Book I: VI. Des pas sur la neige", "artist": "Claude Debussy", "popularity": 22, "danceability": 0.476, "energy": 0.000959, "key": 2, "loudness": -38.813, "mode": 0, "speechiness": 0.0607, "acousticness": 0.993, "instrumentalness": 0.913, "liveness": 0.091, "valence": 0.0543, "tempo": 136.842, "duration_ms": 275666, "time_signature": 4}, {"uri": "spotify:track:051hrLvX28MMKcavkvUxp0", "name": "Symphony No. 1 in G Minor, Op. 13, \"Winter Daydreams\": I. Allegro tranquillo (Dreams of a Winter Journey)", "artist": "Pyotr Ilyich Tchaikovsky", "popularity": 22, "danceability": 0.245, "energy": 0.0822, "key": 7, "loudness": -24.511, "mode": 0, "speechiness": 0.0396, "acousticness": 0.956, "instrumentalness": 0.812, "liveness": 0.0852, "valence": 0.079, "tempo": 131.386, "duration_ms": 711000, "time_signature": 4}, {"uri": "spotify:track:7FsnjX75mLiMKznSCNm3US", "name": "Winter Pages: II. The sun that brief December day", "artist": "Ned Rorem", "popularity": 21, "danceability": 0.131, "energy": 0.0144, "key": 0, "loudness": -33.003, "mode": 1, "speechiness": 0.0449, "acousticness": 0.992, "instrumentalness": 0.727, "liveness": 0.0863, "valence": 0.0379, "tempo": 80.306, "duration_ms": 197373, "time_signature": 4}, {"uri": "spotify:track:4g5f8hFxJoxhUn3j0Rqac5", "name": "Piano Concerto No. 4, Op. 130, \"Aurora Borealis\": II. Sparkle in the Winter Sky and", "artist": "Geirr Tveitt", "popularity": 21, "danceability": 0.275, "energy": 0.102, "key": 1, "loudness": -25.104, "mode": 1, "speechiness": 0.0409, "acousticness": 0.944, "instrumentalness": 0.637, "liveness": 0.137, "valence": 0.0686, "tempo": 84.743, "duration_ms": 495720, "time_signature": 4}, {"uri": "spotify:track:6eOZE6oyuZxEsIFbI8zpDM", "name": "Lieutenant Kij\u00e9, Symphonic Suite, Op.60: 4. Tro\u00efka", "artist": "Sergei Prokofiev", "popularity": 0, "danceability": 0.376, "energy": 0.146, "key": 2, "loudness": -18.732, "mode": 1, "speechiness": 0.036, "acousticness": 0.963, "instrumentalness": 0.892, "liveness": 0.128, "valence": 0.329, "tempo": 77.955, "duration_ms": 164000, "time_signature": 4}, {"uri": "spotify:track:3uhagdWdvCsQIiI0CXgfup", "name": "For Now I Am Winter", "artist": "\u00d3lafur Arnalds", "popularity": 0, "danceability": 0.162, "energy": 0.0112, "key": 2, "loudness": -30.174, "mode": 0, "speechiness": 0.0368, "acousticness": 0.993, "instrumentalness": 0.976, "liveness": 0.0895, "valence": 0.0365, "tempo": 70.133, "duration_ms": 285680, "time_signature": 4}, {"uri": "spotify:track:6j56lY5Ypqvd7EhLIYNnO4", "name": "When Icicles Hang: IV. Blow, Blow, Thou Winter Wind", "artist": "John Rutter", "popularity": 0, "danceability": 0.244, "energy": 0.191, "key": 5, "loudness": -17.494, "mode": 0, "speechiness": 0.0352, "acousticness": 0.965, "instrumentalness": 0.213, "liveness": 0.161, "valence": 0.0818, "tempo": 89.042, "duration_ms": 235867, "time_signature": 3}, {"uri": "spotify:track:40TIaYb7ozsugYwGe3cxgj", "name": "Der Schneemann: Serenade", "artist": "Erich Wolfgang Korngold", "popularity": 17, "danceability": 0.134, "energy": 0.143, "key": 11, "loudness": -18.96, "mode": 0, "speechiness": 0.0392, "acousticness": 0.946, "instrumentalness": 0.0742, "liveness": 0.101, "valence": 0.0839, "tempo": 86.028, "duration_ms": 155213, "time_signature": 4}, {"uri": "spotify:track:06xbnCwbZ6ccSij5v9ccOt", "name": "Northern Lights: Northern Lights, \"Pulchra es, amica mea\" (Live)", "artist": "Ola Gjeilo", "popularity": 19, "danceability": 0.21, "energy": 0.0767, "key": 1, "loudness": -23.702, "mode": 0, "speechiness": 0.0425, "acousticness": 0.994, "instrumentalness": 0.927, "liveness": 0.0761, "valence": 0.0309, "tempo": 125.903, "duration_ms": 266667, "time_signature": 3}, {"uri": "spotify:track:2PULr1fR8VWmN3A4B550dU", "name": "Reminiscence of the Norwegian Mountains", "artist": "Franz Berwald", "popularity": 21, "danceability": 0.21, "energy": 0.0417, "key": 5, "loudness": -25.603, "mode": 0, "speechiness": 0.0486, "acousticness": 0.935, "instrumentalness": 0.861, "liveness": 0.101, "valence": 0.0475, "tempo": 121.696, "duration_ms": 556800, "time_signature": 3}, {"uri": "spotify:track:0j13YK7C6xYrJgTCjup319", "name": "The Little Match Girl Passion (Version for 4 Voices, Percussion & Choir): In the dawn of morning", "artist": "David Lang", "popularity": 22, "danceability": 0.271, "energy": 0.0477, "key": 8, "loudness": -26.664, "mode": 1, "speechiness": 0.057, "acousticness": 0.99, "instrumentalness": 0.000103, "liveness": 0.127, "valence": 0.069, "tempo": 136.11, "duration_ms": 162227, "time_signature": 4}, {"uri": "spotify:track:6Us5q0svYk9yehYfx3AL8P", "name": "Melancholy Galliard", "artist": "John Dowland", "popularity": 0, "danceability": 0.424, "energy": 0.0894, "key": 8, "loudness": -22.648, "mode": 1, "speechiness": 0.0431, "acousticness": 0.968, "instrumentalness": 0.894, "liveness": 0.135, "valence": 0.395, "tempo": 79.799, "duration_ms": 133813, "time_signature": 4}, {"uri": "spotify:track:0YlSjcxSLrpHMFCqGdyD7j", "name": "The Seasons (Ballet In One Act) - (1947): Prelude 1, Winter", "artist": "John Cage", "popularity": 0, "danceability": 0.205, "energy": 0.00202, "key": 4, "loudness": -35.345, "mode": 0, "speechiness": 0.0413, "acousticness": 0.878, "instrumentalness": 2.41e-05, "liveness": 0.111, "valence": 0.0392, "tempo": 85.394, "duration_ms": 192400, "time_signature": 4}, {"uri": "spotify:track:1c0GZcSyXY3s1iUchPxoky", "name": "Winter 3", "artist": "Max Richter", "popularity": 46, "danceability": 0.47, "energy": 0.259, "key": 5, "loudness": -15.335, "mode": 0, "speechiness": 0.0376, "acousticness": 0.243, "instrumentalness": 0.871, "liveness": 0.319, "valence": 0.0372, "tempo": 110.603, "duration_ms": 279093, "time_signature": 3}]