[{"uri": "spotify:track:7imJEoNqRJL4n8OQEChzWG", "name": "Little Bother (feat. Foushe\u00e9)", "artist": "King Princess", "popularity": 0, "danceability": 0.484, "energy": 0.789, "key": 11, "loudness": -5.743, "mode": 1, "speechiness": 0.139, "acousticness": 0.403, "instrumentalness": 4.82e-06, "liveness": 0.296, "valence": 0.363, "tempo": 163.729, "duration_ms": 160682, "time_signature": 4}, {"uri": "spotify:track:2QLdrqojYq2yRKHqv6tXh1", "name": "Sooner Or Later", "artist": "Years & Years", "popularity": 0, "danceability": 0.543, "energy": 0.774, "key": 10, "loudness": -4.053, "mode": 1, "speechiness": 0.0588, "acousticness": 0.00944, "instrumentalness": 0, "liveness": 0.0753, "valence": 0.501, "tempo": 121.081, "duration_ms": 200322, "time_signature": 3}, {"uri": "spotify:track:3Sy8kIcOglqz8TUMklgSVp", "name": "bad friend", "artist": "corook", "popularity": 0, "danceability": 0.426, "energy": 0.289, "key": 7, "loudness": -10.836, "mode": 1, "speechiness": 0.0549, "acousticness": 0.56, "instrumentalness": 0.000243, "liveness": 0.123, "valence": 0.203, "tempo": 94.508, "duration_ms": 193050, "time_signature": 4}, {"uri": "spotify:track:6Y8TZ2mDCfVYE8O9VdGpaW", "name": "Fuck Your Labels", "artist": "Carlie Hanson", "popularity": 0, "danceability": 0.703, "energy": 0.775, "key": 6, "loudness": -7.244, "mode": 1, "speechiness": 0.0504, "acousticness": 0.0614, "instrumentalness": 9.02e-05, "liveness": 0.121, "valence": 0.634, "tempo": 149.99, "duration_ms": 177431, "time_signature": 4}, {"uri": "spotify:track:2MQHDjRyo9ZPuUzabkI8Gq", "name": "Reproductive", "artist": "Shamir", "popularity": 19, "danceability": 0.639, "energy": 0.561, "key": 7, "loudness": -7.041, "mode": 1, "speechiness": 0.0431, "acousticness": 0.0049, "instrumentalness": 0.0231, "liveness": 0.0917, "valence": 0.552, "tempo": 144.966, "duration_ms": 275806, "time_signature": 4}, {"uri": "spotify:track:45kycPq8eq0O4KDpxzxoQj", "name": "insecure", "artist": "Donna Missal", "popularity": 0, "danceability": 0.516, "energy": 0.496, "key": 5, "loudness": -10.537, "mode": 0, "speechiness": 0.035, "acousticness": 0.875, "instrumentalness": 0.0675, "liveness": 0.102, "valence": 0.107, "tempo": 130.789, "duration_ms": 186034, "time_signature": 4}, {"uri": "spotify:track:0byJI4UB0ibHxUVz5Fz5Ne", "name": "squares", "artist": "Cavetown", "popularity": 0, "danceability": 0.641, "energy": 0.154, "key": 0, "loudness": -16.087, "mode": 1, "speechiness": 0.034, "acousticness": 0.894, "instrumentalness": 0.229, "liveness": 0.101, "valence": 0.0396, "tempo": 130.056, "duration_ms": 267031, "time_signature": 4}, {"uri": "spotify:track:6I1Q5mSAvXveekghOaTUoR", "name": "Chance", "artist": "Hayley Kiyoko", "popularity": 51, "danceability": 0.635, "energy": 0.612, "key": 6, "loudness": -6.476, "mode": 1, "speechiness": 0.209, "acousticness": 0.255, "instrumentalness": 2.14e-05, "liveness": 0.125, "valence": 0.439, "tempo": 155.978, "duration_ms": 200726, "time_signature": 4}, {"uri": "spotify:track:6eutgX6jfXAsjTXgQtCtYV", "name": "girls girls girls", "artist": "FLETCHER", "popularity": 69, "danceability": 0.649, "energy": 0.478, "key": 0, "loudness": -8.834, "mode": 1, "speechiness": 0.156, "acousticness": 0.658, "instrumentalness": 0, "liveness": 0.131, "valence": 0.468, "tempo": 139.859, "duration_ms": 161247, "time_signature": 4}, {"uri": "spotify:track:1TLgTsRiX4P55KUOOGjYHu", "name": "Somebody I Fucked Once", "artist": "Zolita", "popularity": 67, "danceability": 0.424, "energy": 0.701, "key": 5, "loudness": -5.18, "mode": 1, "speechiness": 0.0332, "acousticness": 0.00336, "instrumentalness": 3.94e-05, "liveness": 0.0827, "valence": 0.478, "tempo": 176.032, "duration_ms": 184324, "time_signature": 4}, {"uri": "spotify:track:3XKjZcgNYtvCmBpE1nX7Wn", "name": "I am not a woman, I'm a god", "artist": "Halsey", "popularity": 67, "danceability": 0.517, "energy": 0.7, "key": 6, "loudness": -6.568, "mode": 0, "speechiness": 0.0452, "acousticness": 0.00375, "instrumentalness": 0.0385, "liveness": 0.0634, "valence": 0.518, "tempo": 179.986, "duration_ms": 176413, "time_signature": 4}, {"uri": "spotify:track:0KmgJyW4GDgonqsoyx0CZ3", "name": "Astronomy", "artist": "Conan Gray", "popularity": 78, "danceability": 0.471, "energy": 0.335, "key": 4, "loudness": -8.767, "mode": 0, "speechiness": 0.0273, "acousticness": 0.593, "instrumentalness": 2.11e-05, "liveness": 0.297, "valence": 0.111, "tempo": 145.252, "duration_ms": 243907, "time_signature": 3}, {"uri": "spotify:track:0BLY78hYpsH9NqP6X0N8CX", "name": "Silk Chiffon (feat. Phoebe Bridgers)", "artist": "MUNA", "popularity": 70, "danceability": 0.622, "energy": 0.736, "key": 8, "loudness": -6.219, "mode": 1, "speechiness": 0.0444, "acousticness": 0.0156, "instrumentalness": 0, "liveness": 0.112, "valence": 0.432, "tempo": 97.006, "duration_ms": 206587, "time_signature": 4}, {"uri": "spotify:track:2mKCMCSH5bNulbg8mU4E2c", "name": "Girl From The Internet", "artist": "Lauren Sanderson", "popularity": 51, "danceability": 0.706, "energy": 0.742, "key": 10, "loudness": -6.852, "mode": 0, "speechiness": 0.0516, "acousticness": 0.0525, "instrumentalness": 0.000189, "liveness": 0.126, "valence": 0.513, "tempo": 120.036, "duration_ms": 186500, "time_signature": 4}, {"uri": "spotify:track:1o9kTjiWJ5lTgKonUK6jAU", "name": "Cherry (feat. Hayley Kiyoko)", "artist": "FLETCHER", "popularity": 72, "danceability": 0.812, "energy": 0.585, "key": 2, "loudness": -4.644, "mode": 1, "speechiness": 0.0615, "acousticness": 0.202, "instrumentalness": 0.00216, "liveness": 0.245, "valence": 0.611, "tempo": 118.037, "duration_ms": 152511, "time_signature": 4}, {"uri": "spotify:track:0ysIMlVNmEuXU6qudDc0vm", "name": "Personal", "artist": "Rebecca Black", "popularity": 40, "danceability": 0.671, "energy": 0.632, "key": 3, "loudness": -4.323, "mode": 1, "speechiness": 0.0552, "acousticness": 0.173, "instrumentalness": 0, "liveness": 0.103, "valence": 0.338, "tempo": 83.942, "duration_ms": 152176, "time_signature": 4}, {"uri": "spotify:track:4Di9q4hZf7Qt0xpudHjfXi", "name": "Montana", "artist": "Daya", "popularity": 57, "danceability": 0.602, "energy": 0.405, "key": 2, "loudness": -7.157, "mode": 1, "speechiness": 0.0319, "acousticness": 0.903, "instrumentalness": 0, "liveness": 0.133, "valence": 0.321, "tempo": 137.743, "duration_ms": 203869, "time_signature": 4}, {"uri": "spotify:track:71Uv6VSCYTjjXOEokJwpj4", "name": "Haunted", "artist": "Madeline The Person", "popularity": 43, "danceability": 0.52, "energy": 0.254, "key": 0, "loudness": -10.151, "mode": 1, "speechiness": 0.0578, "acousticness": 0.752, "instrumentalness": 0, "liveness": 0.234, "valence": 0.373, "tempo": 78.852, "duration_ms": 173271, "time_signature": 1}, {"uri": "spotify:track:716eVtciaJCtTcaknS3QXr", "name": "imagine", "artist": "Ben Platt", "popularity": 69, "danceability": 0.542, "energy": 0.412, "key": 1, "loudness": -6.822, "mode": 1, "speechiness": 0.0411, "acousticness": 0.0421, "instrumentalness": 2.03e-06, "liveness": 0.0884, "valence": 0.284, "tempo": 130.203, "duration_ms": 164203, "time_signature": 5}, {"uri": "spotify:track:4yCsKzFyKCh9UBzsBMMT8F", "name": "Saviour", "artist": "James Baley", "popularity": 16, "danceability": 0.302, "energy": 0.356, "key": 6, "loudness": -7.055, "mode": 0, "speechiness": 0.05, "acousticness": 0.401, "instrumentalness": 1.48e-06, "liveness": 0.113, "valence": 0.135, "tempo": 79.564, "duration_ms": 197244, "time_signature": 4}, {"uri": "spotify:track:5EjlKmbefO401Kra4OoN83", "name": "She Knows It", "artist": "Maggie Lindemann", "popularity": 68, "danceability": 0.612, "energy": 0.806, "key": 5, "loudness": -5.502, "mode": 1, "speechiness": 0.0697, "acousticness": 0.0381, "instrumentalness": 1.33e-06, "liveness": 0.0937, "valence": 0.688, "tempo": 174.853, "duration_ms": 156585, "time_signature": 4}, {"uri": "spotify:track:3Eabh6tji315ptr28Y2QzC", "name": "Pluto", "artist": "Jake Wesley Rogers", "popularity": 54, "danceability": 0.387, "energy": 0.441, "key": 5, "loudness": -7.028, "mode": 0, "speechiness": 0.0301, "acousticness": 0.179, "instrumentalness": 0, "liveness": 0.0994, "valence": 0.26, "tempo": 76.472, "duration_ms": 231252, "time_signature": 4}, {"uri": "spotify:track:0BI0hfbmqybnd3TezrDME3", "name": "Met Him Last Night (feat. Ariana Grande)", "artist": "Demi Lovato", "popularity": 68, "danceability": 0.538, "energy": 0.512, "key": 4, "loudness": -4.548, "mode": 0, "speechiness": 0.0262, "acousticness": 0.22, "instrumentalness": 0, "liveness": 0.101, "valence": 0.12, "tempo": 144.978, "duration_ms": 204632, "time_signature": 4}, {"uri": "spotify:track:05PIVjVJ0o8CweX6P91GJ5", "name": "Nobody", "artist": "Greyson Chance", "popularity": 50, "danceability": 0.783, "energy": 0.626, "key": 1, "loudness": -6.725, "mode": 0, "speechiness": 0.0705, "acousticness": 0.0817, "instrumentalness": 0.000539, "liveness": 0.0786, "valence": 0.714, "tempo": 109.935, "duration_ms": 189880, "time_signature": 4}, {"uri": "spotify:track:0A0kLW36397ix8DnazwhZ2", "name": "Chosen Family - (with Elton John)", "artist": "Rina Sawayama", "popularity": 22, "danceability": 0.5, "energy": 0.587, "key": 4, "loudness": -6.979, "mode": 1, "speechiness": 0.0408, "acousticness": 0.489, "instrumentalness": 0, "liveness": 0.0827, "valence": 0.276, "tempo": 72.98, "duration_ms": 279680, "time_signature": 4}, {"uri": "spotify:track:2dAHKe37uyUrB0v0PJrDDj", "name": "Body And Mind", "artist": "girl in red", "popularity": 65, "danceability": 0.575, "energy": 0.572, "key": 10, "loudness": -5.928, "mode": 0, "speechiness": 0.0635, "acousticness": 0.0718, "instrumentalness": 0, "liveness": 0.0995, "valence": 0.551, "tempo": 150.894, "duration_ms": 186672, "time_signature": 4}, {"uri": "spotify:track:5Cbc3v4DKzrwQAv3hlA9Hn", "name": "The Difference", "artist": "Daya", "popularity": 62, "danceability": 0.655, "energy": 0.727, "key": 1, "loudness": -5.478, "mode": 0, "speechiness": 0.046, "acousticness": 0.231, "instrumentalness": 0, "liveness": 0.173, "valence": 0.56, "tempo": 113.011, "duration_ms": 210489, "time_signature": 4}, {"uri": "spotify:track:0laVxLujsbSTA0wwyXN8hK", "name": "Enough of You", "artist": "Gia Woods", "popularity": 47, "danceability": 0.795, "energy": 0.641, "key": 6, "loudness": -5.063, "mode": 0, "speechiness": 0.0521, "acousticness": 0.214, "instrumentalness": 0, "liveness": 0.22, "valence": 0.198, "tempo": 125.074, "duration_ms": 150240, "time_signature": 4}, {"uri": "spotify:track:0D9FOgEG9uZm8EsE5q2Y6F", "name": "Lost", "artist": "Sarah Proctor", "popularity": 45, "danceability": 0.543, "energy": 0.458, "key": 6, "loudness": -6.641, "mode": 0, "speechiness": 0.0306, "acousticness": 0.306, "instrumentalness": 0, "liveness": 0.105, "valence": 0.241, "tempo": 126.804, "duration_ms": 214942, "time_signature": 4}, {"uri": "spotify:track:29Br7mFmSGM3W9ptFNg4Qc", "name": "second", "artist": "Miki Ratsula", "popularity": 39, "danceability": 0.459, "energy": 0.281, "key": 0, "loudness": -8.03, "mode": 0, "speechiness": 0.0292, "acousticness": 0.8, "instrumentalness": 0, "liveness": 0.122, "valence": 0.244, "tempo": 140.029, "duration_ms": 209786, "time_signature": 4}, {"uri": "spotify:track:1gFbTi87E3RCawg9DXzPu1", "name": "Trevor", "artist": "JORDY", "popularity": 51, "danceability": 0.532, "energy": 0.594, "key": 7, "loudness": -7.272, "mode": 1, "speechiness": 0.0707, "acousticness": 0.0129, "instrumentalness": 0, "liveness": 0.225, "valence": 0.323, "tempo": 143.931, "duration_ms": 193154, "time_signature": 4}, {"uri": "spotify:track:03erzHIEr9Oiv6u5OADpXB", "name": "8Track - Spotify Singles", "artist": "Greyson Chance", "popularity": 50, "danceability": 0.532, "energy": 0.548, "key": 5, "loudness": -10.616, "mode": 1, "speechiness": 0.111, "acousticness": 0.711, "instrumentalness": 5.6e-06, "liveness": 0.0961, "valence": 0.371, "tempo": 92.841, "duration_ms": 192852, "time_signature": 4}, {"uri": "spotify:track:3GyyChTq6IZR8wtyTHh3eY", "name": "Getaway (feat. Tegan and Sara)", "artist": "VINCINT", "popularity": 43, "danceability": 0.507, "energy": 0.723, "key": 6, "loudness": -4.668, "mode": 1, "speechiness": 0.211, "acousticness": 0.442, "instrumentalness": 1.48e-06, "liveness": 0.277, "valence": 0.39, "tempo": 177.073, "duration_ms": 196506, "time_signature": 3}, {"uri": "spotify:track:57crzxYpDCaPcXx3cBSARW", "name": "Swing of Things", "artist": "MAY-A", "popularity": 39, "danceability": 0.644, "energy": 0.613, "key": 7, "loudness": -5.396, "mode": 1, "speechiness": 0.0288, "acousticness": 0.249, "instrumentalness": 0, "liveness": 0.386, "valence": 0.709, "tempo": 100.018, "duration_ms": 178573, "time_signature": 4}, {"uri": "spotify:track:12f5yNRJaFUHWO25n3r9iG", "name": "Middle of Love", "artist": "Jake Wesley Rogers", "popularity": 49, "danceability": 0.563, "energy": 0.612, "key": 10, "loudness": -6.785, "mode": 1, "speechiness": 0.0369, "acousticness": 0.0406, "instrumentalness": 6.33e-06, "liveness": 0.432, "valence": 0.341, "tempo": 134.896, "duration_ms": 200902, "time_signature": 4}, {"uri": "spotify:track:4LUCg79fK00AuYV30QiP9n", "name": "Boys", "artist": "Kat Cunning", "popularity": 37, "danceability": 0.644, "energy": 0.737, "key": 4, "loudness": -5.5, "mode": 1, "speechiness": 0.0426, "acousticness": 0.433, "instrumentalness": 3.37e-06, "liveness": 0.153, "valence": 0.24, "tempo": 109.052, "duration_ms": 215297, "time_signature": 4}, {"uri": "spotify:track:610e5WBvyN2PL1DTlwca4E", "name": "QUEEN BEE", "artist": "Lauren Sanderson", "popularity": 53, "danceability": 0.8, "energy": 0.627, "key": 7, "loudness": -8.477, "mode": 1, "speechiness": 0.0585, "acousticness": 0.101, "instrumentalness": 0, "liveness": 0.19, "valence": 0.862, "tempo": 120.036, "duration_ms": 148250, "time_signature": 4}, {"uri": "spotify:track:71yN0yrHej3jhKXewbmtEh", "name": "Coconuts", "artist": "Kim Petras", "popularity": 73, "danceability": 0.728, "energy": 0.863, "key": 2, "loudness": -4.67, "mode": 0, "speechiness": 0.0675, "acousticness": 0.0139, "instrumentalness": 0.000259, "liveness": 0.167, "valence": 0.489, "tempo": 111.972, "duration_ms": 168559, "time_signature": 4}, {"uri": "spotify:track:7odL04rgtPAt0naE7Scg7m", "name": "Marsha", "artist": "Sammy Copley", "popularity": 32, "danceability": 0.306, "energy": 0.163, "key": 11, "loudness": -13.038, "mode": 1, "speechiness": 0.0299, "acousticness": 0.969, "instrumentalness": 0.0199, "liveness": 0.1, "valence": 0.229, "tempo": 88.513, "duration_ms": 165133, "time_signature": 1}, {"uri": "spotify:track:0HAqq2GcQKyi3s87GuN7jU", "name": "Amoeba", "artist": "Clairo", "popularity": 75, "danceability": 0.739, "energy": 0.491, "key": 6, "loudness": -11.515, "mode": 1, "speechiness": 0.027, "acousticness": 0.791, "instrumentalness": 0.0366, "liveness": 0.1, "valence": 0.707, "tempo": 111.008, "duration_ms": 228922, "time_signature": 4}, {"uri": "spotify:track:0U23ciBXYlRAbKdmCvjj3D", "name": "If He\u2019s In Your Bed", "artist": "JORDY", "popularity": 40, "danceability": 0.785, "energy": 0.713, "key": 7, "loudness": -5.663, "mode": 1, "speechiness": 0.0386, "acousticness": 0.0836, "instrumentalness": 4.05e-06, "liveness": 0.0747, "valence": 0.921, "tempo": 121.953, "duration_ms": 141302, "time_signature": 4}, {"uri": "spotify:track:5pAEaufx5VFIl8ct3kWtOt", "name": "Semi Pro", "artist": "Hippo Campus", "popularity": 58, "danceability": 0.556, "energy": 0.817, "key": 4, "loudness": -5.629, "mode": 1, "speechiness": 0.0452, "acousticness": 0.219, "instrumentalness": 3.14e-05, "liveness": 0.17, "valence": 0.849, "tempo": 159.979, "duration_ms": 182476, "time_signature": 4}, {"uri": "spotify:track:4qXXw4xhTLGS7UR5l9Lbnr", "name": "GIRLS", "artist": "Betta Lemme", "popularity": 39, "danceability": 0.753, "energy": 0.749, "key": 0, "loudness": -6.411, "mode": 1, "speechiness": 0.0494, "acousticness": 0.328, "instrumentalness": 0, "liveness": 0.219, "valence": 0.647, "tempo": 130.014, "duration_ms": 204905, "time_signature": 4}, {"uri": "spotify:track:4MQLMRjKFmNsz646FyAZ2k", "name": "Your Best Friend", "artist": "Boyish", "popularity": 42, "danceability": 0.518, "energy": 0.529, "key": 11, "loudness": -10.027, "mode": 1, "speechiness": 0.0624, "acousticness": 0.833, "instrumentalness": 0.000145, "liveness": 0.108, "valence": 0.262, "tempo": 119.131, "duration_ms": 182269, "time_signature": 4}, {"uri": "spotify:track:52bypla5rY64eIO39OUdRc", "name": "Priorities", "artist": "L Devine", "popularity": 44, "danceability": 0.759, "energy": 0.509, "key": 5, "loudness": -7.825, "mode": 1, "speechiness": 0.0566, "acousticness": 0.0395, "instrumentalness": 0, "liveness": 0.171, "valence": 0.474, "tempo": 117.053, "duration_ms": 176483, "time_signature": 4}, {"uri": "spotify:track:4ZjCl1QB8VxPjkFPwSlrbi", "name": "Pride First", "artist": "Carson James Argenna", "popularity": 33, "danceability": 0.619, "energy": 0.534, "key": 7, "loudness": -7.089, "mode": 1, "speechiness": 0.0683, "acousticness": 0.199, "instrumentalness": 0, "liveness": 0.362, "valence": 0.54, "tempo": 78.757, "duration_ms": 195908, "time_signature": 3}, {"uri": "spotify:track:34eF4BoV8FPk0uhAAoqU7h", "name": "SUN GOES DOWN", "artist": "Lil Nas X", "popularity": 72, "danceability": 0.551, "energy": 0.636, "key": 2, "loudness": -6.798, "mode": 1, "speechiness": 0.054, "acousticness": 0.0837, "instrumentalness": 4.28e-06, "liveness": 0.112, "valence": 0.148, "tempo": 174.065, "duration_ms": 168276, "time_signature": 4}, {"uri": "spotify:track:6LyNmMNe5Xomr3MFL6dS7n", "name": "airplane thoughts", "artist": "dhruv", "popularity": 47, "danceability": 0.677, "energy": 0.454, "key": 2, "loudness": -8.555, "mode": 0, "speechiness": 0.0673, "acousticness": 0.83, "instrumentalness": 8.55e-05, "liveness": 0.274, "valence": 0.273, "tempo": 80.045, "duration_ms": 210406, "time_signature": 4}, {"uri": "spotify:track:2pGXCabl4UlMiskwh7evDq", "name": "Cloud 9 (feat. Tegan and Sara)", "artist": "Beach Bunny", "popularity": 63, "danceability": 0.585, "energy": 0.892, "key": 9, "loudness": -4.466, "mode": 1, "speechiness": 0.0424, "acousticness": 0.00108, "instrumentalness": 0, "liveness": 0.281, "valence": 0.878, "tempo": 161.985, "duration_ms": 148207, "time_signature": 4}, {"uri": "spotify:track:4nOv98rbyxOyLTGvjYenrJ", "name": "Tongue Tied", "artist": "Mint Simon", "popularity": 32, "danceability": 0.784, "energy": 0.406, "key": 2, "loudness": -8.947, "mode": 1, "speechiness": 0.0356, "acousticness": 0.0205, "instrumentalness": 8.81e-06, "liveness": 0.0741, "valence": 0.396, "tempo": 109.99, "duration_ms": 178091, "time_signature": 4}, {"uri": "spotify:track:2RwAlmqqMPsBMYC4PewkEt", "name": "The Lucky Ones", "artist": "Benedict Cork", "popularity": 45, "danceability": 0.638, "energy": 0.224, "key": 4, "loudness": -13.138, "mode": 1, "speechiness": 0.0612, "acousticness": 0.902, "instrumentalness": 0, "liveness": 0.0862, "valence": 0.222, "tempo": 143.086, "duration_ms": 216053, "time_signature": 4}, {"uri": "spotify:track:4qveJkXUpldVjDVRaVrdbv", "name": "Next Girlfriend", "artist": "Gia Woods", "popularity": 40, "danceability": 0.788, "energy": 0.804, "key": 1, "loudness": -3.285, "mode": 0, "speechiness": 0.0657, "acousticness": 0.0237, "instrumentalness": 0, "liveness": 0.426, "valence": 0.716, "tempo": 131.815, "duration_ms": 160028, "time_signature": 4}, {"uri": "spotify:track:4AyMhWSYyJCqVCpODpoUB6", "name": "Hell Is A Crowded Room", "artist": "Allison Ponthier", "popularity": 1, "danceability": 0.357, "energy": 0.296, "key": 6, "loudness": -10.199, "mode": 0, "speechiness": 0.0349, "acousticness": 0.915, "instrumentalness": 0.00137, "liveness": 0.0912, "valence": 0.12, "tempo": 142.65, "duration_ms": 190985, "time_signature": 3}, {"uri": "spotify:track:77yU8cXphr0D15KKJBMidV", "name": "Be In Her Bedroom", "artist": "L Devine", "popularity": 39, "danceability": 0.528, "energy": 0.426, "key": 0, "loudness": -8.441, "mode": 1, "speechiness": 0.265, "acousticness": 0.214, "instrumentalness": 1.95e-05, "liveness": 0.105, "valence": 0.442, "tempo": 211.941, "duration_ms": 169969, "time_signature": 4}, {"uri": "spotify:track:2HqJI083DX9UDxNYGGAImf", "name": "Hot & Heavy", "artist": "Lucy Dacus", "popularity": 53, "danceability": 0.551, "energy": 0.78, "key": 0, "loudness": -6.659, "mode": 1, "speechiness": 0.055, "acousticness": 0.0941, "instrumentalness": 1.15e-06, "liveness": 0.11, "valence": 0.421, "tempo": 135.023, "duration_ms": 250613, "time_signature": 4}, {"uri": "spotify:track:7i6ICmeDCSHQGZpoc4cdVZ", "name": "THE WAY IT WAS", "artist": "morgxn", "popularity": 56, "danceability": 0.673, "energy": 0.797, "key": 11, "loudness": -2.97, "mode": 1, "speechiness": 0.0524, "acousticness": 0.00236, "instrumentalness": 0, "liveness": 0.069, "valence": 0.769, "tempo": 127.034, "duration_ms": 197092, "time_signature": 4}, {"uri": "spotify:track:4Y1cqXFt1JgdzodgqqQskd", "name": "girls (feat. phem)", "artist": "Royal & the Serpent", "popularity": 52, "danceability": 0.711, "energy": 0.733, "key": 2, "loudness": -6.409, "mode": 1, "speechiness": 0.0405, "acousticness": 0.00586, "instrumentalness": 7.18e-05, "liveness": 0.639, "valence": 0.595, "tempo": 108.001, "duration_ms": 126634, "time_signature": 4}, {"uri": "spotify:track:3m2e3LEMygUgU2JbJ420Iu", "name": "dance in the mirror", "artist": "Kelechi", "popularity": 33, "danceability": 0.715, "energy": 0.589, "key": 11, "loudness": -6.561, "mode": 0, "speechiness": 0.0344, "acousticness": 0.231, "instrumentalness": 1.25e-05, "liveness": 0.133, "valence": 0.216, "tempo": 114.998, "duration_ms": 234754, "time_signature": 4}, {"uri": "spotify:track:5uVAcFHtYKGGbgWc835OLx", "name": "SFU", "artist": "Cayley Spivey", "popularity": 40, "danceability": 0.693, "energy": 0.864, "key": 9, "loudness": -4.501, "mode": 1, "speechiness": 0.0402, "acousticness": 0.0332, "instrumentalness": 0.000347, "liveness": 0.131, "valence": 0.309, "tempo": 112.0, "duration_ms": 214286, "time_signature": 4}, {"uri": "spotify:track:37mC2KemFKwFPHhEENjVR9", "name": "Daddy I Love Him", "artist": "Saro", "popularity": 35, "danceability": 0.431, "energy": 0.676, "key": 0, "loudness": -5.852, "mode": 1, "speechiness": 0.0791, "acousticness": 0.127, "instrumentalness": 1.37e-06, "liveness": 0.0991, "valence": 0.515, "tempo": 103.76, "duration_ms": 194500, "time_signature": 3}, {"uri": "spotify:track:5bwLs2TUxldWW6ZGOI9Zx6", "name": "Crush", "artist": "Ethel Cain", "popularity": 53, "danceability": 0.529, "energy": 0.357, "key": 4, "loudness": -10.937, "mode": 1, "speechiness": 0.029, "acousticness": 0.0266, "instrumentalness": 0, "liveness": 0.107, "valence": 0.221, "tempo": 94.944, "duration_ms": 204318, "time_signature": 4}, {"uri": "spotify:track:09DfLZY6TLOwzweoudTq4T", "name": "Hello Hello", "artist": "Trixie Mattel", "popularity": 53, "danceability": 0.495, "energy": 0.959, "key": 11, "loudness": -4.35, "mode": 0, "speechiness": 0.0705, "acousticness": 0.00101, "instrumentalness": 0, "liveness": 0.17, "valence": 0.834, "tempo": 159.988, "duration_ms": 156696, "time_signature": 4}, {"uri": "spotify:track:0dTgjND9WVIfk9M2jHbzjr", "name": "Late Bloomer", "artist": "Allison Ponthier", "popularity": 41, "danceability": 0.747, "energy": 0.712, "key": 5, "loudness": -6.641, "mode": 1, "speechiness": 0.0368, "acousticness": 0.238, "instrumentalness": 0.000668, "liveness": 0.0776, "valence": 0.862, "tempo": 77.988, "duration_ms": 174599, "time_signature": 4}, {"uri": "spotify:track:3nhbFjFcmVGyQGEAf1XzRX", "name": "Higher (feat. Alex Newell)", "artist": "VINCINT", "popularity": 43, "danceability": 0.714, "energy": 0.805, "key": 2, "loudness": -4.715, "mode": 1, "speechiness": 0.102, "acousticness": 0.0476, "instrumentalness": 0, "liveness": 0.334, "valence": 0.277, "tempo": 125.097, "duration_ms": 187639, "time_signature": 4}, {"uri": "spotify:track:1Smt0FqrlAkz6V1iEsUFvi", "name": "WONDER [with Sara Bareilles]", "artist": "morgxn", "popularity": 46, "danceability": 0.504, "energy": 0.647, "key": 6, "loudness": -4.489, "mode": 1, "speechiness": 0.0349, "acousticness": 0.0108, "instrumentalness": 4.99e-06, "liveness": 0.394, "valence": 0.268, "tempo": 99.987, "duration_ms": 224972, "time_signature": 4}, {"uri": "spotify:track:2tW9lXMLknjIKFmWtMpf54", "name": "nothing but the love", "artist": "Wrabel", "popularity": 47, "danceability": 0.729, "energy": 0.501, "key": 10, "loudness": -7.489, "mode": 1, "speechiness": 0.0511, "acousticness": 0.0209, "instrumentalness": 0, "liveness": 0.0643, "valence": 0.382, "tempo": 96.04, "duration_ms": 184901, "time_signature": 4}, {"uri": "spotify:track:0EPyKu3lM7IxSPYkYsSfPz", "name": "Can't Get Enough", "artist": "BEGINNERS", "popularity": 21, "danceability": 0.584, "energy": 0.579, "key": 2, "loudness": -11.282, "mode": 1, "speechiness": 0.0322, "acousticness": 0.000605, "instrumentalness": 0.571, "liveness": 0.369, "valence": 0.452, "tempo": 140.093, "duration_ms": 200718, "time_signature": 4}, {"uri": "spotify:track:2oap3QptGISyIvwKpnJJId", "name": "Experience", "artist": "Victoria Mon\u00e9t", "popularity": 63, "danceability": 0.614, "energy": 0.809, "key": 9, "loudness": -4.749, "mode": 1, "speechiness": 0.0738, "acousticness": 0.0105, "instrumentalness": 0.000353, "liveness": 0.148, "valence": 0.354, "tempo": 112.023, "duration_ms": 176774, "time_signature": 4}, {"uri": "spotify:track:1jpnnxTKqfvSWl6MccJjAd", "name": "SHOW OFF (feat. Nicole Scherzinger)", "artist": "Todrick Hall", "popularity": 51, "danceability": 0.818, "energy": 0.962, "key": 9, "loudness": -2.73, "mode": 1, "speechiness": 0.0952, "acousticness": 0.173, "instrumentalness": 1.23e-06, "liveness": 0.308, "valence": 0.929, "tempo": 121.988, "duration_ms": 220328, "time_signature": 4}, {"uri": "spotify:track:3T7lv6LiJSfOsZS9t6kcPp", "name": "Conversation", "artist": "LP", "popularity": 48, "danceability": 0.594, "energy": 0.784, "key": 2, "loudness": -5.474, "mode": 0, "speechiness": 0.0554, "acousticness": 0.0331, "instrumentalness": 0.0014, "liveness": 0.115, "valence": 0.459, "tempo": 122.994, "duration_ms": 286093, "time_signature": 4}, {"uri": "spotify:track:2Gp6Q9EDhcNHcJiPctBCmk", "name": "flowers & sex", "artist": "EMELINE", "popularity": 62, "danceability": 0.652, "energy": 0.34, "key": 5, "loudness": -7.941, "mode": 1, "speechiness": 0.402, "acousticness": 0.0442, "instrumentalness": 0, "liveness": 0.0691, "valence": 0.545, "tempo": 170.224, "duration_ms": 148588, "time_signature": 4}, {"uri": "spotify:track:29ptwsAFxPgzqMqyAu1OuK", "name": "paranoia party", "artist": "Frances Forever", "popularity": 50, "danceability": 0.515, "energy": 0.427, "key": 3, "loudness": -10.166, "mode": 1, "speechiness": 0.0992, "acousticness": 0.698, "instrumentalness": 5.47e-06, "liveness": 0.148, "valence": 0.101, "tempo": 188.552, "duration_ms": 185627, "time_signature": 3}, {"uri": "spotify:track:11ZulcYY4lowvcQm4oe3VJ", "name": "Slumber Party (feat. Princess Nokia)", "artist": "Ashnikko", "popularity": 80, "danceability": 0.964, "energy": 0.398, "key": 11, "loudness": -8.981, "mode": 0, "speechiness": 0.0795, "acousticness": 0.00151, "instrumentalness": 3.95e-05, "liveness": 0.101, "valence": 0.563, "tempo": 105.012, "duration_ms": 178405, "time_signature": 4}, {"uri": "spotify:track:66c2aovkJat36B3Todz9kz", "name": "back to back", "artist": "Wrabel", "popularity": 44, "danceability": 0.639, "energy": 0.411, "key": 6, "loudness": -8.746, "mode": 1, "speechiness": 0.0343, "acousticness": 0.0633, "instrumentalness": 2.45e-05, "liveness": 0.0781, "valence": 0.268, "tempo": 104.925, "duration_ms": 225614, "time_signature": 4}, {"uri": "spotify:track:0rwqECjqFgtzKksm85Hfwv", "name": "Tender feat. Yoke Lore", "artist": "Jax Anderson", "popularity": 42, "danceability": 0.449, "energy": 0.9, "key": 0, "loudness": -4.339, "mode": 1, "speechiness": 0.0886, "acousticness": 0.0488, "instrumentalness": 0.00121, "liveness": 0.107, "valence": 0.706, "tempo": 120.008, "duration_ms": 185232, "time_signature": 4}]