[{"uri": "spotify:track:4EuaDcxHmHKS6gZ5iuGba0", "name": "Joy Of My Life", "artist": "Chris Stapleton", "popularity": 68, "danceability": 0.63, "energy": 0.485, "key": 3, "loudness": -8.955, "mode": 1, "speechiness": 0.0299, "acousticness": 0.223, "instrumentalness": 0.0535, "liveness": 0.103, "valence": 0.398, "tempo": 149.23, "duration_ms": 274520, "time_signature": 4}, {"uri": "spotify:track:0dZeiSrApr5SAkrH5rQaRH", "name": "Dreams - The Campfire Sessions", "artist": "Sarah Darling", "popularity": 53, "danceability": 0.627, "energy": 0.217, "key": 8, "loudness": -9.696, "mode": 0, "speechiness": 0.0321, "acousticness": 0.931, "instrumentalness": 6.58e-06, "liveness": 0.0931, "valence": 0.239, "tempo": 119.775, "duration_ms": 226293, "time_signature": 4}, {"uri": "spotify:track:2TIdEu4aruzo33MTEUDGcf", "name": "Sunday Drive", "artist": "Brett Eldredge", "popularity": 55, "danceability": 0.327, "energy": 0.214, "key": 3, "loudness": -10.382, "mode": 1, "speechiness": 0.0355, "acousticness": 0.928, "instrumentalness": 0, "liveness": 0.104, "valence": 0.351, "tempo": 73.863, "duration_ms": 293933, "time_signature": 4}, {"uri": "spotify:track:66xwYKVQrraFqAwHyCDGao", "name": "Supernova", "artist": "Caitlyn Smith", "popularity": 51, "danceability": 0.43, "energy": 0.182, "key": 7, "loudness": -10.36, "mode": 1, "speechiness": 0.0368, "acousticness": 0.901, "instrumentalness": 7.98e-06, "liveness": 0.122, "valence": 0.162, "tempo": 116.398, "duration_ms": 156387, "time_signature": 4}, {"uri": "spotify:track:0uEqGj52IUFOcVXb4nK0sz", "name": "Forgiveness", "artist": "David Nail", "popularity": 56, "danceability": 0.552, "energy": 0.449, "key": 0, "loudness": -8.024, "mode": 0, "speechiness": 0.0288, "acousticness": 0.628, "instrumentalness": 0.025, "liveness": 0.116, "valence": 0.171, "tempo": 83.88, "duration_ms": 247948, "time_signature": 4}, {"uri": "spotify:track:2ekYJOliaYZ2zUb3XlLs5V", "name": "Wild Honey", "artist": "Anna Vaus", "popularity": 48, "danceability": 0.678, "energy": 0.434, "key": 11, "loudness": -8.247, "mode": 1, "speechiness": 0.0318, "acousticness": 0.473, "instrumentalness": 0, "liveness": 0.119, "valence": 0.337, "tempo": 125.989, "duration_ms": 213827, "time_signature": 4}, {"uri": "spotify:track:7Bpivl6q9y2FgSp1nr5MZ8", "name": "Small Town Hypocrite", "artist": "Caylee Hammack", "popularity": 61, "danceability": 0.409, "energy": 0.503, "key": 3, "loudness": -6.859, "mode": 1, "speechiness": 0.0424, "acousticness": 0.442, "instrumentalness": 0, "liveness": 0.0867, "valence": 0.193, "tempo": 73.104, "duration_ms": 241899, "time_signature": 4}, {"uri": "spotify:track:4OrDWRw53W0rp1Lps64OFb", "name": "Where You Are - Acoustic", "artist": "Tenille Townes", "popularity": 58, "danceability": 0.388, "energy": 0.174, "key": 2, "loudness": -14.765, "mode": 1, "speechiness": 0.0323, "acousticness": 0.614, "instrumentalness": 0, "liveness": 0.12, "valence": 0.213, "tempo": 161.304, "duration_ms": 243898, "time_signature": 4}, {"uri": "spotify:track:46lQ3fRXyOaugGZkeFr6Gd", "name": "Hold Onto Me", "artist": "Music Travel Love", "popularity": 0, "danceability": 0.715, "energy": 0.668, "key": 10, "loudness": -8.165, "mode": 1, "speechiness": 0.0332, "acousticness": 0.469, "instrumentalness": 3.72e-05, "liveness": 0.117, "valence": 0.67, "tempo": 142.015, "duration_ms": 205499, "time_signature": 4}, {"uri": "spotify:track:7bZP1hWx4jVnRUr0FgZ4nR", "name": "Roadtripsong", "artist": "Abby Cates", "popularity": 57, "danceability": 0.529, "energy": 0.0759, "key": 2, "loudness": -17.689, "mode": 1, "speechiness": 0.0331, "acousticness": 0.656, "instrumentalness": 0, "liveness": 0.156, "valence": 0.353, "tempo": 139.683, "duration_ms": 221143, "time_signature": 3}, {"uri": "spotify:track:0XIUYBQlVNG1c5vjSQKCYU", "name": "Front Porch", "artist": "Joy Williams", "popularity": 0, "danceability": 0.567, "energy": 0.224, "key": 1, "loudness": -10.024, "mode": 1, "speechiness": 0.0299, "acousticness": 0.887, "instrumentalness": 0, "liveness": 0.109, "valence": 0.2, "tempo": 124.44, "duration_ms": 231813, "time_signature": 4}, {"uri": "spotify:track:1ZIKpMTRPqhwAoVXWY3tXI", "name": "Chasing After You (with Maren Morris)", "artist": "Ryan Hurd", "popularity": 76, "danceability": 0.596, "energy": 0.679, "key": 4, "loudness": -6.395, "mode": 1, "speechiness": 0.0394, "acousticness": 0.723, "instrumentalness": 0, "liveness": 0.116, "valence": 0.479, "tempo": 131.912, "duration_ms": 207974, "time_signature": 4}, {"uri": "spotify:track:2z3HKlpENvfz1Am2MNF2pL", "name": "I Ain't Ever Loved No One - Acoustic", "artist": "Donovan Woods", "popularity": 61, "danceability": 0.322, "energy": 0.213, "key": 10, "loudness": -14.915, "mode": 0, "speechiness": 0.0318, "acousticness": 0.611, "instrumentalness": 0, "liveness": 0.113, "valence": 0.16, "tempo": 160.389, "duration_ms": 199594, "time_signature": 4}, {"uri": "spotify:track:3XOo21A0I4A8RXSyH8s7qA", "name": "Wings", "artist": "Jackson Dean", "popularity": 0, "danceability": 0.456, "energy": 0.385, "key": 0, "loudness": -10.6, "mode": 1, "speechiness": 0.0324, "acousticness": 0.731, "instrumentalness": 0.666, "liveness": 0.445, "valence": 0.0371, "tempo": 84.029, "duration_ms": 264162, "time_signature": 4}, {"uri": "spotify:track:4qaBHFw6eN6Oxa7gBXOvxv", "name": "Where the Heart Is", "artist": "Brett Eldredge", "popularity": 52, "danceability": 0.518, "energy": 0.611, "key": 0, "loudness": -8.812, "mode": 1, "speechiness": 0.0317, "acousticness": 0.111, "instrumentalness": 1.74e-05, "liveness": 0.109, "valence": 0.257, "tempo": 87.116, "duration_ms": 247693, "time_signature": 4}, {"uri": "spotify:track:2LTKYNBYZMOcyQNtRXUUxl", "name": "what do i", "artist": "Emily James", "popularity": 0, "danceability": 0.52, "energy": 0.314, "key": 11, "loudness": -9.002, "mode": 0, "speechiness": 0.0308, "acousticness": 0.247, "instrumentalness": 0.000433, "liveness": 0.0968, "valence": 0.233, "tempo": 139.896, "duration_ms": 223777, "time_signature": 4}, {"uri": "spotify:track:1pLbS57mLE8iG4njSQIAtX", "name": "Wait Up For Me", "artist": "Amos Lee", "popularity": 60, "danceability": 0.652, "energy": 0.24, "key": 10, "loudness": -15.691, "mode": 1, "speechiness": 0.0295, "acousticness": 0.678, "instrumentalness": 0.00652, "liveness": 0.0784, "valence": 0.257, "tempo": 83.02, "duration_ms": 225147, "time_signature": 1}, {"uri": "spotify:track:3YJOCGSlrb78vNwu6meBSf", "name": "half of my hometown - ballerini album version", "artist": "Kelsea Ballerini", "popularity": 49, "danceability": 0.588, "energy": 0.253, "key": 10, "loudness": -8.8, "mode": 1, "speechiness": 0.0295, "acousticness": 0.828, "instrumentalness": 0, "liveness": 0.0938, "valence": 0.221, "tempo": 137.18, "duration_ms": 236227, "time_signature": 4}, {"uri": "spotify:track:71gcKI3CKHIrkJPkk20USG", "name": "Because Of Yours", "artist": "Jeffrey East", "popularity": 49, "danceability": 0.649, "energy": 0.416, "key": 6, "loudness": -7.285, "mode": 1, "speechiness": 0.0298, "acousticness": 0.87, "instrumentalness": 1.26e-05, "liveness": 0.108, "valence": 0.138, "tempo": 127.907, "duration_ms": 240837, "time_signature": 4}, {"uri": "spotify:track:5ZZtNu0ZMABs6Jwomk8isG", "name": "The Captain's Daughter (Johnny Cash: Forever Words)", "artist": "Alison Krauss & Union Station", "popularity": 0, "danceability": 0.506, "energy": 0.354, "key": 1, "loudness": -10.497, "mode": 1, "speechiness": 0.0325, "acousticness": 0.824, "instrumentalness": 0.00189, "liveness": 0.147, "valence": 0.371, "tempo": 82.606, "duration_ms": 297747, "time_signature": 4}, {"uri": "spotify:track:0iXQ0GWaYAC4XMivDRYR5Y", "name": "Find Me Here - Broke Down", "artist": "Tucker Beathard", "popularity": 0, "danceability": 0.611, "energy": 0.305, "key": 4, "loudness": -8.107, "mode": 1, "speechiness": 0.0336, "acousticness": 0.747, "instrumentalness": 0, "liveness": 0.0916, "valence": 0.218, "tempo": 79.211, "duration_ms": 234320, "time_signature": 4}, {"uri": "spotify:track:3vqPa56C3wzRFjGZMprVr4", "name": "Sunday Best (Acoustic)", "artist": "Smithfield", "popularity": 48, "danceability": 0.546, "energy": 0.574, "key": 0, "loudness": -4.593, "mode": 1, "speechiness": 0.0292, "acousticness": 0.684, "instrumentalness": 0, "liveness": 0.169, "valence": 0.524, "tempo": 151.852, "duration_ms": 167535, "time_signature": 4}, {"uri": "spotify:track:7BI1SvPvEuxV7JRN2FbErX", "name": "Breakups - Acoustic", "artist": "Seaforth", "popularity": 51, "danceability": 0.587, "energy": 0.397, "key": 1, "loudness": -7.093, "mode": 1, "speechiness": 0.0389, "acousticness": 0.759, "instrumentalness": 0, "liveness": 0.0868, "valence": 0.268, "tempo": 75.281, "duration_ms": 227693, "time_signature": 4}, {"uri": "spotify:track:52GgfKWo0tdSbq8trVhgUj", "name": "Nothing Like You", "artist": "Dave Barnes", "popularity": 52, "danceability": 0.608, "energy": 0.496, "key": 0, "loudness": -8.929, "mode": 1, "speechiness": 0.0309, "acousticness": 0.558, "instrumentalness": 1.15e-05, "liveness": 0.152, "valence": 0.506, "tempo": 77.037, "duration_ms": 262080, "time_signature": 4}, {"uri": "spotify:track:3lcPNrCGKYelcmE6PnInp4", "name": "Nothing New", "artist": "Jeffrey East", "popularity": 47, "danceability": 0.486, "energy": 0.321, "key": 3, "loudness": -7.775, "mode": 1, "speechiness": 0.0274, "acousticness": 0.926, "instrumentalness": 4.19e-06, "liveness": 0.108, "valence": 0.307, "tempo": 89.311, "duration_ms": 218175, "time_signature": 4}, {"uri": "spotify:track:1UxeYs0x9oyJtCpmH0QbvL", "name": "War", "artist": "The Dryes", "popularity": 49, "danceability": 0.407, "energy": 0.244, "key": 2, "loudness": -11.591, "mode": 1, "speechiness": 0.0294, "acousticness": 0.69, "instrumentalness": 0, "liveness": 0.0881, "valence": 0.32, "tempo": 74.813, "duration_ms": 227662, "time_signature": 1}, {"uri": "spotify:track:28as0lgulKikhNu8TZeb66", "name": "Run of Good Luck", "artist": "Rob Baird", "popularity": 0, "danceability": 0.544, "energy": 0.166, "key": 6, "loudness": -12.926, "mode": 1, "speechiness": 0.0347, "acousticness": 0.701, "instrumentalness": 2.95e-06, "liveness": 0.106, "valence": 0.306, "tempo": 130.507, "duration_ms": 225400, "time_signature": 4}, {"uri": "spotify:track:36S4cmtCiqFx3ywMpfSBDT", "name": "Cairo, IL", "artist": "Natalie Hemby", "popularity": 50, "danceability": 0.61, "energy": 0.291, "key": 11, "loudness": -10.621, "mode": 1, "speechiness": 0.0271, "acousticness": 0.782, "instrumentalness": 0.00174, "liveness": 0.101, "valence": 0.303, "tempo": 100.052, "duration_ms": 179307, "time_signature": 4}, {"uri": "spotify:track:54tkmrvf1ejo3ejAHuVgq1", "name": "Far From Home", "artist": "Aubrie Sellers", "popularity": 47, "danceability": 0.323, "energy": 0.21, "key": 0, "loudness": -12.312, "mode": 1, "speechiness": 0.0362, "acousticness": 0.933, "instrumentalness": 0.00218, "liveness": 0.119, "valence": 0.0841, "tempo": 130.518, "duration_ms": 187253, "time_signature": 4}, {"uri": "spotify:track:4xI1VwZa8u3ymeS8hsHKed", "name": "Autumn Town Leaves", "artist": "Iron & Wine", "popularity": 0, "danceability": 0.662, "energy": 0.322, "key": 1, "loudness": -15.116, "mode": 1, "speechiness": 0.0305, "acousticness": 0.855, "instrumentalness": 0.00183, "liveness": 0.144, "valence": 0.429, "tempo": 115.677, "duration_ms": 195200, "time_signature": 4}, {"uri": "spotify:track:250RLekaiL1q9qZer975Eg", "name": "If We Were Vampires", "artist": "Jason Isbell and the 400 Unit", "popularity": 68, "danceability": 0.629, "energy": 0.208, "key": 5, "loudness": -16.225, "mode": 1, "speechiness": 0.0324, "acousticness": 0.824, "instrumentalness": 3.7e-06, "liveness": 0.107, "valence": 0.685, "tempo": 96.609, "duration_ms": 215564, "time_signature": 4}, {"uri": "spotify:track:1Exrzr80BmEOw2rMcRnjwh", "name": "I Forget Myself (feat. Darlingside)", "artist": "Henry Jamison", "popularity": 60, "danceability": 0.58, "energy": 0.193, "key": 9, "loudness": -12.144, "mode": 1, "speechiness": 0.0285, "acousticness": 0.866, "instrumentalness": 0.00375, "liveness": 0.0788, "valence": 0.339, "tempo": 141.938, "duration_ms": 212147, "time_signature": 4}, {"uri": "spotify:track:0aE6UUxRrKXQPL4f24PhDL", "name": "Home To Me", "artist": "Jeffrey East", "popularity": 49, "danceability": 0.598, "energy": 0.458, "key": 2, "loudness": -11.488, "mode": 1, "speechiness": 0.0301, "acousticness": 0.626, "instrumentalness": 0.0185, "liveness": 0.0896, "valence": 0.294, "tempo": 81.091, "duration_ms": 186317, "time_signature": 4}, {"uri": "spotify:track:6Sd0b842UWw6WrZ9Kf4lF5", "name": "St. Louis", "artist": "David Nail", "popularity": 17, "danceability": 0.624, "energy": 0.334, "key": 1, "loudness": -8.667, "mode": 1, "speechiness": 0.0304, "acousticness": 0.704, "instrumentalness": 0.0012, "liveness": 0.0875, "valence": 0.323, "tempo": 69.515, "duration_ms": 274964, "time_signature": 4}, {"uri": "spotify:track:3lF6cdiWGp8xjoHmL1ChxV", "name": "20/10 TN", "artist": "Tucker Beathard", "popularity": 50, "danceability": 0.665, "energy": 0.528, "key": 3, "loudness": -6.418, "mode": 1, "speechiness": 0.0411, "acousticness": 0.249, "instrumentalness": 0.000144, "liveness": 0.377, "valence": 0.167, "tempo": 138.006, "duration_ms": 205840, "time_signature": 4}, {"uri": "spotify:track:7yPmspgKN5MPOVlyAWFtsa", "name": "This Town Still Talks About You", "artist": "Natalie Hemby", "popularity": 49, "danceability": 0.522, "energy": 0.47, "key": 0, "loudness": -9.52, "mode": 1, "speechiness": 0.0242, "acousticness": 0.00791, "instrumentalness": 1.54e-06, "liveness": 0.103, "valence": 0.344, "tempo": 95.957, "duration_ms": 268160, "time_signature": 4}, {"uri": "spotify:track:2uMYugZ7YrpPV5IvrdmNVt", "name": "Body On Body (Johnny Cash: Forever Words)", "artist": "Jewel", "popularity": 0, "danceability": 0.514, "energy": 0.44, "key": 4, "loudness": -9.805, "mode": 0, "speechiness": 0.0279, "acousticness": 0.776, "instrumentalness": 0.00321, "liveness": 0.0902, "valence": 0.25, "tempo": 140.19, "duration_ms": 266187, "time_signature": 4}, {"uri": "spotify:track:4DG1AciZ86C7zaee6VkLih", "name": "Carolina In My Mind", "artist": "Raleigh Keegan", "popularity": 46, "danceability": 0.434, "energy": 0.267, "key": 4, "loudness": -12.972, "mode": 1, "speechiness": 0.0397, "acousticness": 0.848, "instrumentalness": 0, "liveness": 0.0622, "valence": 0.503, "tempo": 77.588, "duration_ms": 233684, "time_signature": 4}, {"uri": "spotify:track:6j8pohtxOHlzWiFoDrLuvm", "name": "A House Made of You", "artist": "Michael Shynes", "popularity": 47, "danceability": 0.62, "energy": 0.369, "key": 3, "loudness": -12.108, "mode": 1, "speechiness": 0.0389, "acousticness": 0.727, "instrumentalness": 0.000264, "liveness": 0.101, "valence": 0.259, "tempo": 150.002, "duration_ms": 204033, "time_signature": 4}, {"uri": "spotify:track:4e6dpHanuFVUxou9bKkLDN", "name": "Without A Word", "artist": "Sara Watkins", "popularity": 51, "danceability": 0.579, "energy": 0.171, "key": 11, "loudness": -14.495, "mode": 1, "speechiness": 0.0303, "acousticness": 0.901, "instrumentalness": 0.000308, "liveness": 0.111, "valence": 0.389, "tempo": 136.311, "duration_ms": 238560, "time_signature": 4}, {"uri": "spotify:track:5o0hAYrXcdGYUlDC8j3x34", "name": "Heartland", "artist": "Hailey Whitters", "popularity": 48, "danceability": 0.622, "energy": 0.671, "key": 4, "loudness": -5.132, "mode": 1, "speechiness": 0.0332, "acousticness": 0.0721, "instrumentalness": 0, "liveness": 0.169, "valence": 0.24, "tempo": 79.971, "duration_ms": 211293, "time_signature": 4}, {"uri": "spotify:track:0BYkrYRN04xUnZG53OHfGS", "name": "Time Is Cold (Coffee House Version)", "artist": "Jeffrey East", "popularity": 48, "danceability": 0.602, "energy": 0.275, "key": 10, "loudness": -11.688, "mode": 1, "speechiness": 0.031, "acousticness": 0.896, "instrumentalness": 0, "liveness": 0.155, "valence": 0.343, "tempo": 143.945, "duration_ms": 188542, "time_signature": 4}, {"uri": "spotify:track:11dJXX4oXQBZLkVwuQ8oxw", "name": "Lost In Your Love", "artist": "Music Travel Love", "popularity": 0, "danceability": 0.82, "energy": 0.624, "key": 0, "loudness": -6.386, "mode": 1, "speechiness": 0.0574, "acousticness": 0.225, "instrumentalness": 1.38e-06, "liveness": 0.168, "valence": 0.633, "tempo": 106.023, "duration_ms": 164939, "time_signature": 4}, {"uri": "spotify:track:5SZ4luA49qt2ZeJTh4jPOq", "name": "Dancing Shoes", "artist": "Green River Ordinance", "popularity": 0, "danceability": 0.594, "energy": 0.415, "key": 7, "loudness": -6.99, "mode": 1, "speechiness": 0.0277, "acousticness": 0.141, "instrumentalness": 1.58e-06, "liveness": 0.105, "valence": 0.205, "tempo": 138.032, "duration_ms": 229390, "time_signature": 4}, {"uri": "spotify:track:59hAttZ1StpkVPD8u2i1MM", "name": "hookup scene", "artist": "Kacey Musgraves", "popularity": 59, "danceability": 0.667, "energy": 0.238, "key": 10, "loudness": -10.776, "mode": 1, "speechiness": 0.0314, "acousticness": 0.921, "instrumentalness": 0, "liveness": 0.102, "valence": 0.473, "tempo": 94.811, "duration_ms": 201493, "time_signature": 4}, {"uri": "spotify:track:0u9NVrPqUINrHIFCuPOnYm", "name": "November Air", "artist": "Zach Bryan", "popularity": 67, "danceability": 0.429, "energy": 0.197, "key": 3, "loudness": -9.798, "mode": 1, "speechiness": 0.032, "acousticness": 0.774, "instrumentalness": 3.02e-06, "liveness": 0.146, "valence": 0.197, "tempo": 128.49, "duration_ms": 243709, "time_signature": 4}, {"uri": "spotify:track:31dEh1OeZGv61RZzDIixue", "name": "The Love That We Need", "artist": "Hayes Carll", "popularity": 54, "danceability": 0.369, "energy": 0.365, "key": 4, "loudness": -9.869, "mode": 1, "speechiness": 0.0451, "acousticness": 0.708, "instrumentalness": 0.0343, "liveness": 0.108, "valence": 0.222, "tempo": 181.019, "duration_ms": 248440, "time_signature": 4}, {"uri": "spotify:track:1OfA15M48QXwN2n92m7qE2", "name": "Two Story House", "artist": "Lainey Wilson", "popularity": 48, "danceability": 0.565, "energy": 0.278, "key": 11, "loudness": -9.627, "mode": 1, "speechiness": 0.0308, "acousticness": 0.668, "instrumentalness": 0, "liveness": 0.32, "valence": 0.336, "tempo": 139.927, "duration_ms": 199987, "time_signature": 4}, {"uri": "spotify:track:1JtvwshkJMxfm4oRhJp93C", "name": "The Time I've Wasted", "artist": "Lori McKenna", "popularity": 57, "danceability": 0.473, "energy": 0.25, "key": 5, "loudness": -11.263, "mode": 1, "speechiness": 0.0304, "acousticness": 0.796, "instrumentalness": 8.83e-05, "liveness": 0.101, "valence": 0.261, "tempo": 145.027, "duration_ms": 213249, "time_signature": 4}, {"uri": "spotify:track:4ftYIbHbKSVZWyrveFHCNu", "name": "Call It Dreaming", "artist": "Iron & Wine", "popularity": 1, "danceability": 0.515, "energy": 0.502, "key": 5, "loudness": -9.969, "mode": 1, "speechiness": 0.0327, "acousticness": 0.606, "instrumentalness": 6.14e-05, "liveness": 0.0974, "valence": 0.726, "tempo": 80.099, "duration_ms": 231755, "time_signature": 4}, {"uri": "spotify:track:6lg1rLyW6bDMxZVesz0WAO", "name": "Louise", "artist": "Mipso", "popularity": 0, "danceability": 0.639, "energy": 0.381, "key": 10, "loudness": -9.428, "mode": 1, "speechiness": 0.0321, "acousticness": 0.768, "instrumentalness": 2.25e-06, "liveness": 0.214, "valence": 0.489, "tempo": 89.897, "duration_ms": 266998, "time_signature": 4}, {"uri": "spotify:track:1WvRxjDesc8qkTwYQO55gI", "name": "It'll Work Itself Out", "artist": "Donovan Woods", "popularity": 0, "danceability": 0.625, "energy": 0.432, "key": 5, "loudness": -12.19, "mode": 1, "speechiness": 0.0313, "acousticness": 0.108, "instrumentalness": 0.00304, "liveness": 0.0995, "valence": 0.538, "tempo": 98.002, "duration_ms": 182806, "time_signature": 4}, {"uri": "spotify:track:3MJov5mT64K42o1Rffhblq", "name": "Never in My Wildest Dreams", "artist": "Dan Auerbach", "popularity": 67, "danceability": 0.559, "energy": 0.466, "key": 5, "loudness": -6.769, "mode": 1, "speechiness": 0.0362, "acousticness": 0.315, "instrumentalness": 0.0039, "liveness": 0.0933, "valence": 0.623, "tempo": 117.21, "duration_ms": 176027, "time_signature": 4}, {"uri": "spotify:track:5yP0mhRJkEEzGlCQLyC9Mn", "name": "Wild Honey (Acoustic)", "artist": "Anna Vaus", "popularity": 46, "danceability": 0.73, "energy": 0.0933, "key": 0, "loudness": -14.61, "mode": 1, "speechiness": 0.0393, "acousticness": 0.899, "instrumentalness": 0, "liveness": 0.11, "valence": 0.349, "tempo": 108.631, "duration_ms": 247250, "time_signature": 4}, {"uri": "spotify:track:5tXygo2KgUWVhpvYW7r0I5", "name": "Back to You", "artist": "Jedd Hughes", "popularity": 45, "danceability": 0.483, "energy": 0.309, "key": 1, "loudness": -15.851, "mode": 1, "speechiness": 0.0327, "acousticness": 0.506, "instrumentalness": 0.0102, "liveness": 0.113, "valence": 0.511, "tempo": 92.877, "duration_ms": 224627, "time_signature": 4}, {"uri": "spotify:track:5Ubvwnm3JFnLG1HHydGlL6", "name": "Eyes Fall", "artist": "Ocie Elliott", "popularity": 50, "danceability": 0.497, "energy": 0.296, "key": 11, "loudness": -12.333, "mode": 1, "speechiness": 0.0306, "acousticness": 0.917, "instrumentalness": 0.0675, "liveness": 0.125, "valence": 0.298, "tempo": 157.539, "duration_ms": 200272, "time_signature": 4}, {"uri": "spotify:track:0daO3mhf7lmqH1vNsGEFCJ", "name": "Pretty Hands", "artist": "Jeffrey Foucault", "popularity": 48, "danceability": 0.517, "energy": 0.131, "key": 10, "loudness": -18.439, "mode": 1, "speechiness": 0.0344, "acousticness": 0.926, "instrumentalness": 0.0984, "liveness": 0.151, "valence": 0.419, "tempo": 87.855, "duration_ms": 140493, "time_signature": 4}, {"uri": "spotify:track:2KeIYazn8x4IobcS1aXram", "name": "Cowgirl", "artist": "Nelly Joy", "popularity": 45, "danceability": 0.496, "energy": 0.42, "key": 8, "loudness": -7.313, "mode": 0, "speechiness": 0.0278, "acousticness": 0.363, "instrumentalness": 6.36e-06, "liveness": 0.246, "valence": 0.218, "tempo": 155.754, "duration_ms": 219217, "time_signature": 4}, {"uri": "spotify:track:5aDK0TurEtiedVdT0a6k9a", "name": "Whiskey And You", "artist": "Chris Stapleton", "popularity": 66, "danceability": 0.592, "energy": 0.0562, "key": 2, "loudness": -14.344, "mode": 1, "speechiness": 0.0599, "acousticness": 0.919, "instrumentalness": 6.22e-06, "liveness": 0.111, "valence": 0.266, "tempo": 127.005, "duration_ms": 236333, "time_signature": 4}, {"uri": "spotify:track:1iepnn71MidOJZ7Y3vfgE4", "name": "People Change", "artist": "Mipso", "popularity": 2, "danceability": 0.374, "energy": 0.276, "key": 7, "loudness": -14.945, "mode": 1, "speechiness": 0.0353, "acousticness": 0.884, "instrumentalness": 0.0123, "liveness": 0.122, "valence": 0.412, "tempo": 80.169, "duration_ms": 212853, "time_signature": 4}, {"uri": "spotify:track:5ehN5A3B3lDwmFCYO63Wk6", "name": "2016", "artist": "Sam Hunt", "popularity": 58, "danceability": 0.52, "energy": 0.384, "key": 6, "loudness": -8.168, "mode": 1, "speechiness": 0.0362, "acousticness": 0.596, "instrumentalness": 0, "liveness": 0.103, "valence": 0.328, "tempo": 149.536, "duration_ms": 235053, "time_signature": 5}, {"uri": "spotify:track:5xQTEPjGsLuvwnnvyK3fAA", "name": "Love You To Death", "artist": "Chord Overstreet", "popularity": 51, "danceability": 0.574, "energy": 0.344, "key": 4, "loudness": -8.995, "mode": 1, "speechiness": 0.0345, "acousticness": 0.421, "instrumentalness": 0, "liveness": 0.0804, "valence": 0.0987, "tempo": 147.924, "duration_ms": 199459, "time_signature": 3}, {"uri": "spotify:track:4dQCgHy1lh24ystDObYXDB", "name": "Giving It All (To You)", "artist": "Haley & Michaels", "popularity": 47, "danceability": 0.636, "energy": 0.32, "key": 9, "loudness": -9.953, "mode": 1, "speechiness": 0.028, "acousticness": 0.771, "instrumentalness": 0, "liveness": 0.117, "valence": 0.2, "tempo": 114.337, "duration_ms": 234333, "time_signature": 4}, {"uri": "spotify:track:218xrI3IoInlZWablELMrG", "name": "By Our Design", "artist": "Michaela Anne", "popularity": 46, "danceability": 0.569, "energy": 0.482, "key": 2, "loudness": -8.655, "mode": 1, "speechiness": 0.0288, "acousticness": 0.208, "instrumentalness": 0.0023, "liveness": 0.0772, "valence": 0.502, "tempo": 111.949, "duration_ms": 192557, "time_signature": 4}, {"uri": "spotify:track:2yWTcrs09YISrT3yXZB5Bp", "name": "Cheap Suit", "artist": "Jeffrey Foucault", "popularity": 49, "danceability": 0.502, "energy": 0.0596, "key": 3, "loudness": -16.977, "mode": 1, "speechiness": 0.0361, "acousticness": 0.928, "instrumentalness": 2.66e-05, "liveness": 0.125, "valence": 0.317, "tempo": 133.168, "duration_ms": 158960, "time_signature": 4}, {"uri": "spotify:track:0QnOPRxrCRLeRUEJKqecaG", "name": "Miles Away", "artist": "Krysta Nick", "popularity": 47, "danceability": 0.546, "energy": 0.49, "key": 10, "loudness": -7.0, "mode": 1, "speechiness": 0.0308, "acousticness": 0.335, "instrumentalness": 0, "liveness": 0.1, "valence": 0.373, "tempo": 161.743, "duration_ms": 220000, "time_signature": 4}, {"uri": "spotify:track:2PQAFvFbgTRdKSIiT4cWH4", "name": "Yesterday - live", "artist": "Joey Greer", "popularity": 47, "danceability": 0.716, "energy": 0.135, "key": 2, "loudness": -14.893, "mode": 0, "speechiness": 0.0369, "acousticness": 0.828, "instrumentalness": 0.000287, "liveness": 0.103, "valence": 0.309, "tempo": 79.02, "duration_ms": 224967, "time_signature": 4}, {"uri": "spotify:track:7rDz9WrGq1mCxgXZl3D0r2", "name": "Anyone", "artist": "Eric Van Houten", "popularity": 46, "danceability": 0.675, "energy": 0.128, "key": 2, "loudness": -14.982, "mode": 1, "speechiness": 0.0392, "acousticness": 0.866, "instrumentalness": 0, "liveness": 0.148, "valence": 0.238, "tempo": 115.915, "duration_ms": 171983, "time_signature": 4}, {"uri": "spotify:track:3ZzPTO2Qbo6cI72DBjOLep", "name": "End of the Rain", "artist": "Jason Blaine", "popularity": 46, "danceability": 0.571, "energy": 0.423, "key": 4, "loudness": -9.509, "mode": 1, "speechiness": 0.0359, "acousticness": 0.287, "instrumentalness": 1.41e-06, "liveness": 0.11, "valence": 0.382, "tempo": 153.927, "duration_ms": 195702, "time_signature": 4}, {"uri": "spotify:track:0zHJGLoaIkxwC41fw1os5w", "name": "Asking For A Friend", "artist": "Devin Dawson", "popularity": 0, "danceability": 0.713, "energy": 0.527, "key": 4, "loudness": -7.512, "mode": 1, "speechiness": 0.0329, "acousticness": 0.238, "instrumentalness": 7.49e-06, "liveness": 0.111, "valence": 0.445, "tempo": 123.006, "duration_ms": 239280, "time_signature": 4}, {"uri": "spotify:track:2dW9kl7WScv2wIY9JxjNN3", "name": "Crystal Eyes", "artist": "Thomas Csorba", "popularity": 44, "danceability": 0.705, "energy": 0.459, "key": 5, "loudness": -9.877, "mode": 1, "speechiness": 0.0285, "acousticness": 0.453, "instrumentalness": 0.0169, "liveness": 0.093, "valence": 0.332, "tempo": 120.004, "duration_ms": 222029, "time_signature": 4}, {"uri": "spotify:track:43bkejyRlzXjVGKvXYLHzg", "name": "Coming Down the Mountain", "artist": "Mipso", "popularity": 0, "danceability": 0.582, "energy": 0.344, "key": 4, "loudness": -9.148, "mode": 1, "speechiness": 0.0278, "acousticness": 0.857, "instrumentalness": 0.0871, "liveness": 0.15, "valence": 0.374, "tempo": 140.013, "duration_ms": 273959, "time_signature": 4}, {"uri": "spotify:track:2gc3SzQnjK11ToTGbQHqli", "name": "Suitcase Heart", "artist": "Tyler Cain", "popularity": 0, "danceability": 0.757, "energy": 0.29, "key": 8, "loudness": -6.217, "mode": 1, "speechiness": 0.0324, "acousticness": 0.856, "instrumentalness": 0, "liveness": 0.0877, "valence": 0.226, "tempo": 123.003, "duration_ms": 164195, "time_signature": 4}, {"uri": "spotify:track:0IYLEch1W0g2L6BOxypDdb", "name": "It Don't Work Like That", "artist": "Kenny Foster", "popularity": 45, "danceability": 0.574, "energy": 0.367, "key": 0, "loudness": -7.009, "mode": 1, "speechiness": 0.0316, "acousticness": 0.811, "instrumentalness": 6.8e-06, "liveness": 0.106, "valence": 0.289, "tempo": 81.566, "duration_ms": 181525, "time_signature": 4}, {"uri": "spotify:track:2lyEpuvVOnNGzV5c89Vnpf", "name": "Girl Goin' Nowhere", "artist": "Ashley McBryde", "popularity": 54, "danceability": 0.591, "energy": 0.157, "key": 11, "loudness": -12.924, "mode": 1, "speechiness": 0.0676, "acousticness": 0.574, "instrumentalness": 5.32e-05, "liveness": 0.122, "valence": 0.146, "tempo": 82.412, "duration_ms": 207067, "time_signature": 4}, {"uri": "spotify:track:3rGe3ed1wHvPNgAlwNO686", "name": "Swimming Alone", "artist": "Liz Rose", "popularity": 46, "danceability": 0.572, "energy": 0.493, "key": 2, "loudness": -6.859, "mode": 1, "speechiness": 0.0295, "acousticness": 0.493, "instrumentalness": 4.48e-06, "liveness": 0.0817, "valence": 0.171, "tempo": 160.067, "duration_ms": 220276, "time_signature": 4}, {"uri": "spotify:track:02eD9ymfJOJOhM97HYp5R9", "name": "The House That Built Me", "artist": "Miranda Lambert", "popularity": 68, "danceability": 0.525, "energy": 0.3, "key": 5, "loudness": -8.005, "mode": 1, "speechiness": 0.0286, "acousticness": 0.578, "instrumentalness": 8.3e-06, "liveness": 0.116, "valence": 0.206, "tempo": 80.993, "duration_ms": 236627, "time_signature": 4}, {"uri": "spotify:track:3doRPkGBQUl1ukOGagcFVs", "name": "Better Than That", "artist": "Ian McConnell", "popularity": 46, "danceability": 0.669, "energy": 0.401, "key": 5, "loudness": -8.458, "mode": 1, "speechiness": 0.0288, "acousticness": 0.57, "instrumentalness": 0, "liveness": 0.124, "valence": 0.19, "tempo": 127.914, "duration_ms": 193242, "time_signature": 4}, {"uri": "spotify:track:2zhk0kypGeOPsaaZcjyc14", "name": "Burning House", "artist": "Cam", "popularity": 67, "danceability": 0.728, "energy": 0.253, "key": 0, "loudness": -8.427, "mode": 1, "speechiness": 0.0304, "acousticness": 0.887, "instrumentalness": 1.11e-05, "liveness": 0.133, "valence": 0.457, "tempo": 140.923, "duration_ms": 231333, "time_signature": 4}, {"uri": "spotify:track:1yyXmUb99vQ1BI1ee9gkFh", "name": "Brighter Shade of Blue", "artist": "Jordan DePaul", "popularity": 46, "danceability": 0.489, "energy": 0.438, "key": 8, "loudness": -8.748, "mode": 1, "speechiness": 0.0265, "acousticness": 0.625, "instrumentalness": 8e-05, "liveness": 0.122, "valence": 0.188, "tempo": 84.984, "duration_ms": 228788, "time_signature": 4}, {"uri": "spotify:track:4bhDhtSwRVRNoLZIy5cbfM", "name": "Breaking Hearts The Hard Way", "artist": "Kenton Bryant", "popularity": 43, "danceability": 0.564, "energy": 0.321, "key": 4, "loudness": -7.489, "mode": 1, "speechiness": 0.0465, "acousticness": 0.879, "instrumentalness": 0, "liveness": 0.108, "valence": 0.302, "tempo": 127.586, "duration_ms": 189099, "time_signature": 4}, {"uri": "spotify:track:5geXpnAg1h2r0fouEe3AHK", "name": "Hollywood", "artist": "Lee Ann Womack", "popularity": 40, "danceability": 0.532, "energy": 0.396, "key": 11, "loudness": -10.459, "mode": 1, "speechiness": 0.0317, "acousticness": 0.885, "instrumentalness": 0.00354, "liveness": 0.127, "valence": 0.535, "tempo": 89.571, "duration_ms": 245240, "time_signature": 4}, {"uri": "spotify:track:1t2hJFgJyUPD2crOafMUEk", "name": "You and Tequila (feat. Grace Potter)", "artist": "Kenny Chesney", "popularity": 63, "danceability": 0.691, "energy": 0.454, "key": 6, "loudness": -9.13, "mode": 1, "speechiness": 0.0256, "acousticness": 0.437, "instrumentalness": 0.00227, "liveness": 0.0783, "valence": 0.35, "tempo": 135.839, "duration_ms": 242840, "time_signature": 4}]