[{"uri": "spotify:track:1Je1IMUlBXcx1Fz0WE7oPT", "name": "Wannabe", "artist": "Spice Girls", "popularity": 82, "danceability": 0.768, "energy": 0.864, "key": 11, "loudness": -6.145, "mode": 1, "speechiness": 0.0324, "acousticness": 0.101, "instrumentalness": 0, "liveness": 0.162, "valence": 0.891, "tempo": 110.008, "duration_ms": 173027, "time_signature": 4}, {"uri": "spotify:track:1yTQ39my3MoNROlFw3RDNy", "name": "Say You'll Be There", "artist": "Spice Girls", "popularity": 67, "danceability": 0.726, "energy": 0.679, "key": 1, "loudness": -6.219, "mode": 1, "speechiness": 0.0473, "acousticness": 0.0149, "instrumentalness": 1.49e-06, "liveness": 0.0837, "valence": 0.751, "tempo": 107.02, "duration_ms": 235973, "time_signature": 4}, {"uri": "spotify:track:5qGwqO0lkbBXw4xNfzT7SF", "name": "Spice Up Your Life", "artist": "Spice Girls", "popularity": 68, "danceability": 0.556, "energy": 0.993, "key": 1, "loudness": -5.067, "mode": 1, "speechiness": 0.0464, "acousticness": 0.0105, "instrumentalness": 0.0341, "liveness": 0.403, "valence": 0.702, "tempo": 124.016, "duration_ms": 173667, "time_signature": 4}, {"uri": "spotify:track:1jI1aLmm5HTwiMtvsbwDJw", "name": "Who Do You Think You Are", "artist": "Spice Girls", "popularity": 65, "danceability": 0.727, "energy": 0.83, "key": 6, "loudness": -6.658, "mode": 0, "speechiness": 0.0376, "acousticness": 0.0226, "instrumentalness": 0.00356, "liveness": 0.73, "valence": 0.899, "tempo": 118.002, "duration_ms": 240707, "time_signature": 4}, {"uri": "spotify:track:3FteycP8CaXS1MhjcXekVT", "name": "Stop", "artist": "Spice Girls", "popularity": 70, "danceability": 0.722, "energy": 0.845, "key": 2, "loudness": -4.446, "mode": 0, "speechiness": 0.0308, "acousticness": 0.287, "instrumentalness": 0, "liveness": 0.0561, "valence": 0.965, "tempo": 130.13, "duration_ms": 204754, "time_signature": 4}, {"uri": "spotify:track:36AWdhZIGLUTkWpJDhe7va", "name": "2 Become 1", "artist": "Spice Girls", "popularity": 68, "danceability": 0.646, "energy": 0.665, "key": 6, "loudness": -7.878, "mode": 1, "speechiness": 0.0268, "acousticness": 0.326, "instrumentalness": 1.97e-05, "liveness": 0.238, "valence": 0.7, "tempo": 143.966, "duration_ms": 241027, "time_signature": 4}, {"uri": "spotify:track:6BPDPcnbDMDf58srVzbfX9", "name": "Viva Forever", "artist": "Spice Girls", "popularity": 63, "danceability": 0.473, "energy": 0.698, "key": 6, "loudness": -8.133, "mode": 1, "speechiness": 0.0349, "acousticness": 0.0648, "instrumentalness": 0.231, "liveness": 0.136, "valence": 0.21, "tempo": 168.817, "duration_ms": 310667, "time_signature": 4}, {"uri": "spotify:track:1RQnYh2xw2BPpnzQFbO5r5", "name": "Too Much", "artist": "Spice Girls", "popularity": 58, "danceability": 0.333, "energy": 0.631, "key": 2, "loudness": -4.992, "mode": 1, "speechiness": 0.0461, "acousticness": 0.484, "instrumentalness": 0, "liveness": 0.332, "valence": 0.342, "tempo": 80.14, "duration_ms": 271933, "time_signature": 4}, {"uri": "spotify:track:3dNv3OuX6ol9si6PZ9KSAh", "name": "Mama", "artist": "Spice Girls", "popularity": 58, "danceability": 0.615, "energy": 0.734, "key": 8, "loudness": -9.328, "mode": 1, "speechiness": 0.0321, "acousticness": 0.345, "instrumentalness": 0.543, "liveness": 0.0963, "valence": 0.811, "tempo": 95.848, "duration_ms": 304960, "time_signature": 4}, {"uri": "spotify:track:3M83cWfWcFXtkavdM8NuEZ", "name": "Saturday Night Divas", "artist": "Spice Girls", "popularity": 48, "danceability": 0.625, "energy": 0.675, "key": 11, "loudness": -8.373, "mode": 0, "speechiness": 0.0598, "acousticness": 0.122, "instrumentalness": 0.000443, "liveness": 0.0307, "valence": 0.578, "tempo": 168.722, "duration_ms": 265893, "time_signature": 4}, {"uri": "spotify:track:1NwDWbpg9dPH12xBd2ibrv", "name": "Holler", "artist": "Spice Girls", "popularity": 54, "danceability": 0.769, "energy": 0.819, "key": 10, "loudness": -3.941, "mode": 0, "speechiness": 0.0431, "acousticness": 0.0293, "instrumentalness": 0.0037, "liveness": 0.0744, "valence": 0.82, "tempo": 109.998, "duration_ms": 255867, "time_signature": 4}, {"uri": "spotify:track:61PwiYyJhF1HLi0OXomzQE", "name": "Love Thing", "artist": "Spice Girls", "popularity": 47, "danceability": 0.8, "energy": 0.743, "key": 2, "loudness": -7.931, "mode": 1, "speechiness": 0.0519, "acousticness": 0.0263, "instrumentalness": 0, "liveness": 0.0698, "valence": 0.76, "tempo": 110.059, "duration_ms": 218573, "time_signature": 4}, {"uri": "spotify:track:6ZNw9Cnc85OeHZrjMAZJfY", "name": "Goodbye", "artist": "Spice Girls", "popularity": 56, "danceability": 0.552, "energy": 0.694, "key": 4, "loudness": -4.489, "mode": 1, "speechiness": 0.026, "acousticness": 0.0846, "instrumentalness": 0, "liveness": 0.117, "valence": 0.359, "tempo": 136.019, "duration_ms": 275427, "time_signature": 4}, {"uri": "spotify:track:6RQnRYot6B3TPZsMbbSJ20", "name": "Never Give Up On The Good Times", "artist": "Spice Girls", "popularity": 50, "danceability": 0.707, "energy": 0.905, "key": 5, "loudness": -5.534, "mode": 0, "speechiness": 0.0376, "acousticness": 0.00674, "instrumentalness": 0.0331, "liveness": 0.138, "valence": 0.641, "tempo": 116.997, "duration_ms": 270200, "time_signature": 4}, {"uri": "spotify:track:3P50dC4GwZYiToIXQGWIAC", "name": "Move Over", "artist": "Spice Girls", "popularity": 45, "danceability": 0.724, "energy": 0.934, "key": 7, "loudness": -5.271, "mode": 1, "speechiness": 0.0887, "acousticness": 0.0083, "instrumentalness": 9e-05, "liveness": 0.0782, "valence": 0.857, "tempo": 104.027, "duration_ms": 166533, "time_signature": 4}, {"uri": "spotify:track:6bh25NILjNfJnIvGRT2emC", "name": "If U Can't Dance", "artist": "Spice Girls", "popularity": 45, "danceability": 0.7, "energy": 0.786, "key": 11, "loudness": -8.621, "mode": 0, "speechiness": 0.14, "acousticness": 0.0606, "instrumentalness": 1.19e-05, "liveness": 0.069, "valence": 0.536, "tempo": 103.783, "duration_ms": 228533, "time_signature": 4}, {"uri": "spotify:track:4oB9UvwZUkic3nWWZKULqs", "name": "Do It", "artist": "Spice Girls", "popularity": 44, "danceability": 0.672, "energy": 0.859, "key": 11, "loudness": -5.367, "mode": 0, "speechiness": 0.0352, "acousticness": 0.0529, "instrumentalness": 0, "liveness": 0.31, "valence": 0.804, "tempo": 98.736, "duration_ms": 243995, "time_signature": 4}, {"uri": "spotify:track:5SAGopoaraFmLS08bNjLxB", "name": "Last Time Lover", "artist": "Spice Girls", "popularity": 45, "danceability": 0.721, "energy": 0.669, "key": 8, "loudness": -7.791, "mode": 0, "speechiness": 0.0488, "acousticness": 0.00738, "instrumentalness": 0.733, "liveness": 0.0762, "valence": 0.95, "tempo": 88.115, "duration_ms": 251533, "time_signature": 4}, {"uri": "spotify:track:79EAVfOpzgfHx3IE2BVFQv", "name": "Never Be The Same Again", "artist": "Melanie C", "popularity": 63, "danceability": 0.689, "energy": 0.685, "key": 3, "loudness": -5.153, "mode": 1, "speechiness": 0.0478, "acousticness": 0.0921, "instrumentalness": 0, "liveness": 0.119, "valence": 0.398, "tempo": 160.067, "duration_ms": 294200, "time_signature": 4}, {"uri": "spotify:track:7q3qX7Ees3FZtRFJXWgPZs", "name": "It's Raining Men", "artist": "Geri Halliwell", "popularity": 64, "danceability": 0.637, "energy": 0.929, "key": 5, "loudness": -6.03, "mode": 0, "speechiness": 0.0447, "acousticness": 0.063, "instrumentalness": 0.00796, "liveness": 0.318, "valence": 0.604, "tempo": 136.482, "duration_ms": 254640, "time_signature": 4}, {"uri": "spotify:track:6WJtzSaXumGZ7pIa0z7QIP", "name": "What Took You So Long?", "artist": "Emma Bunton", "popularity": 56, "danceability": 0.668, "energy": 0.772, "key": 9, "loudness": -5.4, "mode": 0, "speechiness": 0.0307, "acousticness": 0.123, "instrumentalness": 0, "liveness": 0.341, "valence": 0.911, "tempo": 118.011, "duration_ms": 241000, "time_signature": 4}, {"uri": "spotify:track:4X1zZilVgZQYtlUV3Ru0kL", "name": "Scream If You Wanna Go Faster", "artist": "Geri Halliwell", "popularity": 40, "danceability": 0.531, "energy": 0.904, "key": 11, "loudness": -5.334, "mode": 0, "speechiness": 0.0443, "acousticness": 0.000104, "instrumentalness": 0.00887, "liveness": 0.0786, "valence": 0.847, "tempo": 147.846, "duration_ms": 205267, "time_signature": 4}, {"uri": "spotify:track:0wVPsQNQ4tsjTTf2LIdOA7", "name": "Take My Breath Away", "artist": "Emma Bunton", "popularity": 47, "danceability": 0.653, "energy": 0.76, "key": 7, "loudness": -4.709, "mode": 1, "speechiness": 0.0315, "acousticness": 0.261, "instrumentalness": 1.16e-05, "liveness": 0.0705, "valence": 0.61, "tempo": 91.987, "duration_ms": 215600, "time_signature": 4}, {"uri": "spotify:track:3Qu88IYwuDpUQNi6UwJsDz", "name": "Mi chico latino", "artist": "Geri Halliwell", "popularity": 49, "danceability": 0.631, "energy": 0.913, "key": 0, "loudness": -6.076, "mode": 0, "speechiness": 0.133, "acousticness": 0.491, "instrumentalness": 0, "liveness": 0.379, "valence": 0.684, "tempo": 102.011, "duration_ms": 193467, "time_signature": 4}, {"uri": "spotify:track:7eU7mrPH3wG8pgAyFlQS3g", "name": "I Want You Back - Radio Edit", "artist": "Mel B", "popularity": 39, "danceability": 0.822, "energy": 0.803, "key": 2, "loudness": -4.048, "mode": 1, "speechiness": 0.227, "acousticness": 0.0189, "instrumentalness": 1.64e-05, "liveness": 0.0867, "valence": 0.426, "tempo": 92.002, "duration_ms": 206293, "time_signature": 4}, {"uri": "spotify:track:6LEJhui7NhqihZwA8kgiHs", "name": "Feels So Good", "artist": "Mel B", "popularity": 36, "danceability": 0.706, "energy": 0.708, "key": 11, "loudness": -6.022, "mode": 0, "speechiness": 0.0839, "acousticness": 0.0415, "instrumentalness": 0, "liveness": 0.0286, "valence": 0.759, "tempo": 85.021, "duration_ms": 243600, "time_signature": 4}, {"uri": "spotify:track:6qL8tweXFMqztcMwNB4r7y", "name": "Something Kinda Funny", "artist": "Spice Girls", "popularity": 44, "danceability": 0.691, "energy": 0.587, "key": 4, "loudness": -8.423, "mode": 0, "speechiness": 0.029, "acousticness": 0.00821, "instrumentalness": 0.138, "liveness": 0.071, "valence": 0.759, "tempo": 102.011, "duration_ms": 245027, "time_signature": 4}, {"uri": "spotify:track:2QMa85sq03n0NhDAjQe5eQ", "name": "Naked", "artist": "Spice Girls", "popularity": 42, "danceability": 0.544, "energy": 0.755, "key": 0, "loudness": -9.09, "mode": 0, "speechiness": 0.0367, "acousticness": 0.0857, "instrumentalness": 0.0417, "liveness": 0.0772, "valence": 0.499, "tempo": 160.063, "duration_ms": 265640, "time_signature": 4}, {"uri": "spotify:track:1AbZPODPDImsdoJy9NkaJC", "name": "Midnight Fantasy", "artist": "Victoria Beckham", "popularity": 37, "danceability": 0.785, "energy": 0.889, "key": 0, "loudness": -5.219, "mode": 0, "speechiness": 0.0297, "acousticness": 0.342, "instrumentalness": 0, "liveness": 0.24, "valence": 0.974, "tempo": 130.041, "duration_ms": 195920, "time_signature": 4}, {"uri": "spotify:track:0r5d5LmhLQwJVEw0kTEExp", "name": "Tell Me Why", "artist": "Spice Girls", "popularity": 38, "danceability": 0.829, "energy": 0.764, "key": 5, "loudness": -3.776, "mode": 0, "speechiness": 0.0431, "acousticness": 0.0287, "instrumentalness": 3.29e-06, "liveness": 0.0512, "valence": 0.919, "tempo": 104.0, "duration_ms": 254667, "time_signature": 4}, {"uri": "spotify:track:3RTHY1WOLAkXoDW9oh5Cgb", "name": "Denying", "artist": "Spice Girls", "popularity": 41, "danceability": 0.589, "energy": 0.702, "key": 6, "loudness": -6.702, "mode": 1, "speechiness": 0.0882, "acousticness": 0.133, "instrumentalness": 0, "liveness": 0.0613, "valence": 0.787, "tempo": 190.159, "duration_ms": 226960, "time_signature": 4}, {"uri": "spotify:track:2GcAqQbqBhBh2SwsOq3REu", "name": "Not Such An Innocent Girl", "artist": "Victoria Beckham", "popularity": 40, "danceability": 0.647, "energy": 0.863, "key": 1, "loudness": -3.651, "mode": 0, "speechiness": 0.0312, "acousticness": 0.256, "instrumentalness": 0, "liveness": 0.408, "valence": 0.823, "tempo": 101.255, "duration_ms": 199880, "time_signature": 4}, {"uri": "spotify:track:5EE1Uzg0JvtBhs6TRs33R0", "name": "Let Love Lead The Way", "artist": "Spice Girls", "popularity": 42, "danceability": 0.614, "energy": 0.788, "key": 11, "loudness": -5.547, "mode": 1, "speechiness": 0.027, "acousticness": 0.155, "instrumentalness": 0, "liveness": 0.157, "valence": 0.405, "tempo": 116.029, "duration_ms": 298293, "time_signature": 4}, {"uri": "spotify:track:1Le4SDanBrX8OtmnnyTNrh", "name": "I Turn To You", "artist": "Melanie C", "popularity": 57, "danceability": 0.522, "energy": 0.803, "key": 1, "loudness": -5.825, "mode": 1, "speechiness": 0.0327, "acousticness": 0.00117, "instrumentalness": 0.00167, "liveness": 0.31, "valence": 0.0783, "tempo": 135.205, "duration_ms": 352173, "time_signature": 4}, {"uri": "spotify:track:4ll3zqElfObKDVSIitAIga", "name": "Headlines (Friendship Never Ends) - Radio Version", "artist": "Spice Girls", "popularity": 39, "danceability": 0.549, "energy": 0.721, "key": 1, "loudness": -4.795, "mode": 1, "speechiness": 0.0249, "acousticness": 0.091, "instrumentalness": 0, "liveness": 0.2, "valence": 0.534, "tempo": 143.931, "duration_ms": 209537, "time_signature": 4}, {"uri": "spotify:track:2O8kqbUJS1vkL3x9mF7WzM", "name": "Right Back At Ya", "artist": "Spice Girls", "popularity": 36, "danceability": 0.736, "energy": 0.779, "key": 8, "loudness": -5.163, "mode": 1, "speechiness": 0.0401, "acousticness": 0.0172, "instrumentalness": 0.0033, "liveness": 0.118, "valence": 0.573, "tempo": 101.023, "duration_ms": 251000, "time_signature": 4}, {"uri": "spotify:track:28OZjeDdSOVPHpSbdJICsN", "name": "What I Am", "artist": "Emma Bunton", "popularity": 42, "danceability": 0.684, "energy": 0.848, "key": 7, "loudness": -3.496, "mode": 1, "speechiness": 0.0388, "acousticness": 0.291, "instrumentalness": 0.106, "liveness": 0.0882, "valence": 0.831, "tempo": 89.016, "duration_ms": 276933, "time_signature": 4}, {"uri": "spotify:track:48nODnC4U93lpNRx1LP2L7", "name": "I Know Him So Well (feat. Emma Bunton)", "artist": "Melanie C", "popularity": 0, "danceability": 0.424, "energy": 0.405, "key": 11, "loudness": -8.7, "mode": 1, "speechiness": 0.0293, "acousticness": 0.337, "instrumentalness": 0, "liveness": 0.181, "valence": 0.134, "tempo": 139.035, "duration_ms": 264267, "time_signature": 4}, {"uri": "spotify:track:2CGHvuEj1e7STMyAOLVEYI", "name": "Tell Me", "artist": "Mel B", "popularity": 34, "danceability": 0.615, "energy": 0.812, "key": 1, "loudness": -3.182, "mode": 1, "speechiness": 0.0771, "acousticness": 0.000317, "instrumentalness": 0.00338, "liveness": 0.184, "valence": 0.694, "tempo": 183.943, "duration_ms": 273667, "time_signature": 4}, {"uri": "spotify:track:6pOnHnn8sBs03CmYogpw3y", "name": "A Mind Of Its Own", "artist": "Victoria Beckham", "popularity": 32, "danceability": 0.577, "energy": 0.784, "key": 1, "loudness": -5.246, "mode": 1, "speechiness": 0.0285, "acousticness": 0.111, "instrumentalness": 0, "liveness": 0.14, "valence": 0.551, "tempo": 101.938, "duration_ms": 231973, "time_signature": 4}, {"uri": "spotify:track:6X0RiugAou4fvzmJOQwF9y", "name": "For Once In My Life", "artist": "Mel B", "popularity": 40, "danceability": 0.654, "energy": 0.872, "key": 0, "loudness": -3.461, "mode": 1, "speechiness": 0.0358, "acousticness": 0.0358, "instrumentalness": 0, "liveness": 0.393, "valence": 0.505, "tempo": 126.052, "duration_ms": 218571, "time_signature": 4}, {"uri": "spotify:track:3Uw1TQp2KyidoZUAMbFqRA", "name": "First Day Of My Life", "artist": "Melanie C", "popularity": 36, "danceability": 0.406, "energy": 0.526, "key": 1, "loudness": -5.945, "mode": 1, "speechiness": 0.0278, "acousticness": 0.0336, "instrumentalness": 0, "liveness": 0.106, "valence": 0.197, "tempo": 75.496, "duration_ms": 243987, "time_signature": 4}]