[{"uri": "spotify:track:6hzWWZjqHcoI2KIWpldo9v", "name": "Somebody To Love", "artist": "Ben Kim", "popularity": 66, "danceability": 0.725, "energy": 0.797, "key": 11, "loudness": -6.023, "mode": 0, "speechiness": 0.03, "acousticness": 0.00402, "instrumentalness": 0.251, "liveness": 0.102, "valence": 0.794, "tempo": 127.986, "duration_ms": 159375, "time_signature": 4}, {"uri": "spotify:track:1YKp8PG1DEQJ0hLc2CJGO8", "name": "You Give Me A Feeling", "artist": "Vintage Culture", "popularity": 71, "danceability": 0.761, "energy": 0.867, "key": 2, "loudness": -6.168, "mode": 1, "speechiness": 0.0499, "acousticness": 0.259, "instrumentalness": 0.615, "liveness": 0.0689, "valence": 0.679, "tempo": 126.03, "duration_ms": 185896, "time_signature": 4}, {"uri": "spotify:track:632paTWO6lWhhkpSPvlKiG", "name": "Backfire", "artist": "Shermanology", "popularity": 0, "danceability": 0.829, "energy": 0.631, "key": 11, "loudness": -9.682, "mode": 0, "speechiness": 0.1, "acousticness": 0.00316, "instrumentalness": 0.0329, "liveness": 0.0884, "valence": 0.539, "tempo": 129.979, "duration_ms": 199385, "time_signature": 4}, {"uri": "spotify:track:7LRY2RkbmL4eSZrTGhr17e", "name": "Tricky (feat. Autumn Rowe)", "artist": "Majestic", "popularity": 52, "danceability": 0.858, "energy": 0.867, "key": 8, "loudness": -6.603, "mode": 1, "speechiness": 0.0537, "acousticness": 0.00033, "instrumentalness": 0.00772, "liveness": 0.0657, "valence": 0.928, "tempo": 126.009, "duration_ms": 167906, "time_signature": 4}, {"uri": "spotify:track:66HB3QjqHIl9VF4O7ojyEB", "name": "Slow Down", "artist": "TS7", "popularity": 0, "danceability": 0.698, "energy": 0.87, "key": 4, "loudness": -5.278, "mode": 0, "speechiness": 0.039, "acousticness": 0.0683, "instrumentalness": 0.147, "liveness": 0.1, "valence": 0.398, "tempo": 127.937, "duration_ms": 191953, "time_signature": 4}, {"uri": "spotify:track:5WoBAyXaOnKEfvsZocrPeT", "name": "My Humps", "artist": "Joshwa", "popularity": 74, "danceability": 0.842, "energy": 0.673, "key": 9, "loudness": -6.068, "mode": 1, "speechiness": 0.068, "acousticness": 0.0307, "instrumentalness": 0.0197, "liveness": 0.058, "valence": 0.354, "tempo": 128.99, "duration_ms": 186047, "time_signature": 4}, {"uri": "spotify:track:5LBALrbr55bXfJNb8dsWb1", "name": "Soul System", "artist": "Michael Bibi", "popularity": 57, "danceability": 0.837, "energy": 0.839, "key": 4, "loudness": -5.87, "mode": 0, "speechiness": 0.1, "acousticness": 0.00427, "instrumentalness": 0.0771, "liveness": 0.0675, "valence": 0.689, "tempo": 130.001, "duration_ms": 223385, "time_signature": 4}, {"uri": "spotify:track:77uXlUY5qtAxiN1UCtAcyF", "name": "Garden", "artist": "Emily Nash", "popularity": 0, "danceability": 0.664, "energy": 0.874, "key": 4, "loudness": -5.918, "mode": 0, "speechiness": 0.0378, "acousticness": 0.00999, "instrumentalness": 0.256, "liveness": 0.189, "valence": 0.729, "tempo": 127.971, "duration_ms": 215645, "time_signature": 4}, {"uri": "spotify:track:3EJjWnvGleKgYPikSo3K33", "name": "No Apologies (feat. Mila Falls)", "artist": "Crazy Cousinz", "popularity": 52, "danceability": 0.64, "energy": 0.751, "key": 6, "loudness": -5.779, "mode": 0, "speechiness": 0.0413, "acousticness": 0.00633, "instrumentalness": 0, "liveness": 0.349, "valence": 0.676, "tempo": 125.959, "duration_ms": 173931, "time_signature": 4}, {"uri": "spotify:track:4ASOMWcJUrwEpjJy4GEijz", "name": "California Dreamin' (feat. High Jinx)", "artist": "Chris Lorenzo", "popularity": 75, "danceability": 0.685, "energy": 0.911, "key": 9, "loudness": -4.977, "mode": 1, "speechiness": 0.144, "acousticness": 0.00552, "instrumentalness": 0.0247, "liveness": 0.285, "valence": 0.351, "tempo": 128.02, "duration_ms": 196900, "time_signature": 4}, {"uri": "spotify:track:6BEoZqhw19Zo684zAd9jVT", "name": "Last Thought (feat. MKLA) - Jodie Harsh Remix", "artist": "Sonny Fodera", "popularity": 0, "danceability": 0.673, "energy": 0.878, "key": 11, "loudness": -5.602, "mode": 0, "speechiness": 0.0362, "acousticness": 0.00428, "instrumentalness": 0.446, "liveness": 0.0525, "valence": 0.784, "tempo": 126.017, "duration_ms": 177250, "time_signature": 4}, {"uri": "spotify:track:01xowIJrmShI6X9Q1WXqAd", "name": "Play By My Rules", "artist": "Chapter & Verse", "popularity": 47, "danceability": 0.753, "energy": 0.745, "key": 11, "loudness": -6.616, "mode": 1, "speechiness": 0.0453, "acousticness": 0.0169, "instrumentalness": 0.662, "liveness": 0.283, "valence": 0.853, "tempo": 126.019, "duration_ms": 217143, "time_signature": 4}, {"uri": "spotify:track:4PP6odxZOgVpqOsrMRDT9f", "name": "The North Quarter", "artist": "Shadow Child", "popularity": 46, "danceability": 0.589, "energy": 0.948, "key": 0, "loudness": -5.75, "mode": 0, "speechiness": 0.03, "acousticness": 3.09e-05, "instrumentalness": 0.831, "liveness": 0.0892, "valence": 0.744, "tempo": 127.991, "duration_ms": 241500, "time_signature": 4}, {"uri": "spotify:track:5e3EF3niG5U2ycCFc0seOL", "name": "Sweat", "artist": "Redlight", "popularity": 49, "danceability": 0.746, "energy": 0.893, "key": 4, "loudness": -8.426, "mode": 0, "speechiness": 0.0782, "acousticness": 0.00342, "instrumentalness": 0.0624, "liveness": 0.359, "valence": 0.443, "tempo": 127.975, "duration_ms": 176372, "time_signature": 4}, {"uri": "spotify:track:59ujQJCSRNgLtKQ1ly3b7c", "name": "Wait A Minute", "artist": "Biscits", "popularity": 64, "danceability": 0.861, "energy": 0.998, "key": 10, "loudness": -6.256, "mode": 0, "speechiness": 0.202, "acousticness": 0.0496, "instrumentalness": 0.0581, "liveness": 0.0342, "valence": 0.0629, "tempo": 125.983, "duration_ms": 215000, "time_signature": 4}, {"uri": "spotify:track:603pPHCZn9Ng9K9woYdWEd", "name": "Blackpool Boulevard - Edit", "artist": "Anish Kumar", "popularity": 54, "danceability": 0.598, "energy": 0.907, "key": 0, "loudness": -7.13, "mode": 0, "speechiness": 0.0371, "acousticness": 0.0123, "instrumentalness": 0.868, "liveness": 0.219, "valence": 0.393, "tempo": 121.998, "duration_ms": 215769, "time_signature": 4}, {"uri": "spotify:track:40up5wCfwQXTDXyE18hJbJ", "name": "Believe", "artist": "Eli Brown", "popularity": 0, "danceability": 0.789, "energy": 0.976, "key": 3, "loudness": -5.886, "mode": 1, "speechiness": 0.057, "acousticness": 0.0065, "instrumentalness": 0.849, "liveness": 0.0639, "valence": 0.258, "tempo": 131.99, "duration_ms": 408669, "time_signature": 4}, {"uri": "spotify:track:5B2Fil0dJNfob1W8gpL5E4", "name": "Love Vibration", "artist": "ESSEL", "popularity": 61, "danceability": 0.773, "energy": 0.903, "key": 11, "loudness": -5.279, "mode": 1, "speechiness": 0.0417, "acousticness": 0.00171, "instrumentalness": 0.617, "liveness": 0.0476, "valence": 0.762, "tempo": 123.926, "duration_ms": 180488, "time_signature": 4}, {"uri": "spotify:track:6oZnpPjdCWtWVmRJzphWUV", "name": "Push It", "artist": "AmyElle", "popularity": 53, "danceability": 0.58, "energy": 0.911, "key": 5, "loudness": -5.516, "mode": 1, "speechiness": 0.0419, "acousticness": 0.00161, "instrumentalness": 0.000322, "liveness": 0.614, "valence": 0.47, "tempo": 128.008, "duration_ms": 235883, "time_signature": 4}, {"uri": "spotify:track:2TEPMRBEN4rQQ3pjbQhX2i", "name": "Icaro", "artist": "TIBASKO", "popularity": 50, "danceability": 0.622, "energy": 0.852, "key": 11, "loudness": -10.3, "mode": 0, "speechiness": 0.0451, "acousticness": 0.000464, "instrumentalness": 0.885, "liveness": 0.0768, "valence": 0.592, "tempo": 128.001, "duration_ms": 255000, "time_signature": 4}, {"uri": "spotify:track:6MPAQZTnBh5NvR9cH0qCJS", "name": "All About Love - Edit", "artist": "Finn", "popularity": 44, "danceability": 0.67, "energy": 0.954, "key": 0, "loudness": -3.97, "mode": 1, "speechiness": 0.0675, "acousticness": 0.208, "instrumentalness": 0.271, "liveness": 0.209, "valence": 0.363, "tempo": 127.031, "duration_ms": 218804, "time_signature": 4}, {"uri": "spotify:track:3MK2rvp7XjarzRKFrPGMOb", "name": "Disconnected", "artist": "James Hype", "popularity": 64, "danceability": 0.842, "energy": 0.811, "key": 2, "loudness": -6.476, "mode": 1, "speechiness": 0.109, "acousticness": 0.00579, "instrumentalness": 0.176, "liveness": 0.0702, "valence": 0.594, "tempo": 125.995, "duration_ms": 194524, "time_signature": 4}, {"uri": "spotify:track:4oIm6Nv85IWMOPv4Gq0EMN", "name": "Fantasy", "artist": "Jamie Roy", "popularity": 48, "danceability": 0.602, "energy": 0.933, "key": 4, "loudness": -6.168, "mode": 0, "speechiness": 0.0464, "acousticness": 0.0178, "instrumentalness": 0.00102, "liveness": 0.104, "valence": 0.486, "tempo": 127.968, "duration_ms": 177857, "time_signature": 4}, {"uri": "spotify:track:1AH6GkZnybM0R5WZZTj7GF", "name": "Back Tae Ayr", "artist": "Ewan McVicar", "popularity": 52, "danceability": 0.769, "energy": 0.923, "key": 7, "loudness": -6.146, "mode": 1, "speechiness": 0.142, "acousticness": 0.00157, "instrumentalness": 0.697, "liveness": 0.505, "valence": 0.817, "tempo": 129.992, "duration_ms": 332931, "time_signature": 4}, {"uri": "spotify:track:23Hpu8KpFzy6NpycYnvk9L", "name": "Cold Love (feat. Jack Hawitt)", "artist": "Jess Bays", "popularity": 46, "danceability": 0.771, "energy": 0.49, "key": 2, "loudness": -10.141, "mode": 1, "speechiness": 0.0451, "acousticness": 0.147, "instrumentalness": 0.0706, "liveness": 0.104, "valence": 0.558, "tempo": 119.953, "duration_ms": 146000, "time_signature": 4}, {"uri": "spotify:track:4A33rjRNxA1uG6W8VyVMoR", "name": "Everything Is Going To Be Alright", "artist": "Barry Can't Swim", "popularity": 56, "danceability": 0.727, "energy": 0.854, "key": 8, "loudness": -6.839, "mode": 0, "speechiness": 0.0861, "acousticness": 0.00282, "instrumentalness": 0.304, "liveness": 0.11, "valence": 0.486, "tempo": 120.053, "duration_ms": 226621, "time_signature": 4}, {"uri": "spotify:track:1XfkucWcvN121yy1b2MoD5", "name": "I'll Take You Down (feat. Chilli Chilton)", "artist": "220 KID", "popularity": 55, "danceability": 0.806, "energy": 0.598, "key": 0, "loudness": -9.106, "mode": 0, "speechiness": 0.0373, "acousticness": 0.0917, "instrumentalness": 0.00352, "liveness": 0.317, "valence": 0.264, "tempo": 124.003, "duration_ms": 190208, "time_signature": 4}, {"uri": "spotify:track:4skbQNtyjy8A7mo8oqe2oD", "name": "A Drug From God", "artist": "Chris Lake", "popularity": 70, "danceability": 0.714, "energy": 0.883, "key": 9, "loudness": -4.43, "mode": 1, "speechiness": 0.0625, "acousticness": 0.00819, "instrumentalness": 0.843, "liveness": 0.231, "valence": 0.819, "tempo": 126.016, "duration_ms": 192455, "time_signature": 4}, {"uri": "spotify:track:39dXUV9SNass0Rpmz1HQwI", "name": "Never Enough - Dylan C. Greene Remix", "artist": "Disclosure", "popularity": 60, "danceability": 0.833, "energy": 0.955, "key": 3, "loudness": -6.685, "mode": 0, "speechiness": 0.0963, "acousticness": 0.189, "instrumentalness": 0.652, "liveness": 0.0893, "valence": 0.593, "tempo": 128.018, "duration_ms": 283353, "time_signature": 4}, {"uri": "spotify:track:00iUcyIQ1EkAmk0QTrCSy5", "name": "Movin", "artist": "Mark Knight", "popularity": 46, "danceability": 0.69, "energy": 0.978, "key": 4, "loudness": -5.211, "mode": 0, "speechiness": 0.0545, "acousticness": 0.000741, "instrumentalness": 0.513, "liveness": 0.612, "valence": 0.223, "tempo": 123.983, "duration_ms": 240000, "time_signature": 4}, {"uri": "spotify:track:07RRdRQkneC0h6ywyaeTbb", "name": "Hibiscus", "artist": "TIBASKO", "popularity": 44, "danceability": 0.552, "energy": 0.695, "key": 1, "loudness": -9.115, "mode": 0, "speechiness": 0.0321, "acousticness": 0.000205, "instrumentalness": 0.673, "liveness": 0.136, "valence": 0.114, "tempo": 124.007, "duration_ms": 282283, "time_signature": 4}, {"uri": "spotify:track:3hOWWujfSbRwkxgpW1WXYy", "name": "Overtime", "artist": "Jaded", "popularity": 46, "danceability": 0.762, "energy": 0.872, "key": 7, "loudness": -5.316, "mode": 1, "speechiness": 0.0697, "acousticness": 0.0155, "instrumentalness": 0.237, "liveness": 0.351, "valence": 0.749, "tempo": 124.033, "duration_ms": 168502, "time_signature": 4}, {"uri": "spotify:track:7eJholoRepkkrXmXmPTo4g", "name": "Feels", "artist": "Wh0", "popularity": 43, "danceability": 0.722, "energy": 0.954, "key": 8, "loudness": -4.169, "mode": 1, "speechiness": 0.0764, "acousticness": 0.0054, "instrumentalness": 0.942, "liveness": 0.651, "valence": 0.845, "tempo": 124.983, "duration_ms": 237600, "time_signature": 4}, {"uri": "spotify:track:3eQ2o9qHlzsMPdgIzeT63f", "name": "Take Me High", "artist": "Dusky", "popularity": 50, "danceability": 0.569, "energy": 0.761, "key": 9, "loudness": -7.263, "mode": 0, "speechiness": 0.0439, "acousticness": 0.00259, "instrumentalness": 0.767, "liveness": 0.151, "valence": 0.0924, "tempo": 128.992, "duration_ms": 266174, "time_signature": 4}, {"uri": "spotify:track:4CwiAGMzgLZf0K5fhPRIz8", "name": "A Call Out For Love", "artist": "Alan Fitzpatrick", "popularity": 46, "danceability": 0.588, "energy": 0.782, "key": 1, "loudness": -10.139, "mode": 1, "speechiness": 0.0327, "acousticness": 0.0167, "instrumentalness": 0.039, "liveness": 0.0905, "valence": 0.243, "tempo": 127.981, "duration_ms": 206234, "time_signature": 4}, {"uri": "spotify:track:5Cu4Qj7SQq7Kid9YhWdpHH", "name": "Insomniac", "artist": "Eli Brown", "popularity": 49, "danceability": 0.728, "energy": 0.795, "key": 9, "loudness": -6.082, "mode": 1, "speechiness": 0.0614, "acousticness": 0.0534, "instrumentalness": 0.0318, "liveness": 0.212, "valence": 0.543, "tempo": 124.994, "duration_ms": 189441, "time_signature": 4}, {"uri": "spotify:track:6FYiUGWk4P8mDKUCj5m7ID", "name": "Falling", "artist": "Emily Nash", "popularity": 52, "danceability": 0.64, "energy": 0.631, "key": 0, "loudness": -8.475, "mode": 1, "speechiness": 0.0344, "acousticness": 0.00625, "instrumentalness": 0.499, "liveness": 0.0831, "valence": 0.0524, "tempo": 123.005, "duration_ms": 224390, "time_signature": 4}, {"uri": "spotify:track:2uLhfL4MvW6jTGEYt6NYPM", "name": "So Hot", "artist": "Daniel Orpi", "popularity": 0, "danceability": 0.797, "energy": 0.752, "key": 4, "loudness": -8.146, "mode": 0, "speechiness": 0.0735, "acousticness": 0.00388, "instrumentalness": 0.843, "liveness": 0.101, "valence": 0.372, "tempo": 127.998, "duration_ms": 212812, "time_signature": 4}, {"uri": "spotify:track:5CS9dAVLZ3EVFtw84mI1Bo", "name": "Want U", "artist": "Naylor", "popularity": 42, "danceability": 0.829, "energy": 0.603, "key": 10, "loudness": -9.665, "mode": 0, "speechiness": 0.0412, "acousticness": 0.0418, "instrumentalness": 0.789, "liveness": 0.191, "valence": 0.608, "tempo": 127.0, "duration_ms": 239844, "time_signature": 4}, {"uri": "spotify:track:4jg1AyAqpMyNoSHNN6uw9P", "name": "Believe In You", "artist": "Adelphi Music Factory", "popularity": 52, "danceability": 0.646, "energy": 0.942, "key": 9, "loudness": -5.367, "mode": 0, "speechiness": 0.04, "acousticness": 9.52e-05, "instrumentalness": 0.0752, "liveness": 0.24, "valence": 0.936, "tempo": 124.0, "duration_ms": 174646, "time_signature": 4}, {"uri": "spotify:track:5jkvl2xrZGi78KAoBFhLPs", "name": "Dance 4 Me", "artist": "Jaxx Inc.", "popularity": 46, "danceability": 0.751, "energy": 0.936, "key": 2, "loudness": -6.182, "mode": 1, "speechiness": 0.257, "acousticness": 0.00583, "instrumentalness": 0.164, "liveness": 0.681, "valence": 0.898, "tempo": 124.997, "duration_ms": 171360, "time_signature": 4}, {"uri": "spotify:track:7xbBNB9bivza5vrYfnZJYg", "name": "Dancing", "artist": "James Hype", "popularity": 62, "danceability": 0.74, "energy": 0.877, "key": 1, "loudness": -8.357, "mode": 1, "speechiness": 0.0497, "acousticness": 0.372, "instrumentalness": 0.544, "liveness": 0.0886, "valence": 0.377, "tempo": 125.033, "duration_ms": 240480, "time_signature": 4}, {"uri": "spotify:track:4eadst9pPSuPYa6ZC79DBj", "name": "Want To Love", "artist": "Chapter & Verse", "popularity": 57, "danceability": 0.602, "energy": 0.922, "key": 1, "loudness": -5.657, "mode": 1, "speechiness": 0.0731, "acousticness": 0.0204, "instrumentalness": 0.396, "liveness": 0.476, "valence": 0.837, "tempo": 125.975, "duration_ms": 205714, "time_signature": 4}, {"uri": "spotify:track:3yDbJlEJuWjTMPUrM9z9TH", "name": "When Friday Comes", "artist": "KOLIDESCOPES", "popularity": 63, "danceability": 0.784, "energy": 0.777, "key": 11, "loudness": -5.381, "mode": 1, "speechiness": 0.0484, "acousticness": 0.0203, "instrumentalness": 1.12e-05, "liveness": 0.111, "valence": 0.797, "tempo": 124.02, "duration_ms": 181944, "time_signature": 4}, {"uri": "spotify:track:3NeSlNBRvB4BMrxhA88Zke", "name": "Dancing Clich\u00e9", "artist": "LF SYSTEM", "popularity": 58, "danceability": 0.806, "energy": 0.92, "key": 11, "loudness": -5.271, "mode": 0, "speechiness": 0.0882, "acousticness": 0.000174, "instrumentalness": 0.0659, "liveness": 0.07, "valence": 0.935, "tempo": 128.04, "duration_ms": 152669, "time_signature": 4}, {"uri": "spotify:track:4rbprhajs0YAoGNKefuS77", "name": "Off Limits", "artist": "Joshwa", "popularity": 55, "danceability": 0.776, "energy": 0.906, "key": 1, "loudness": -9.033, "mode": 1, "speechiness": 0.0871, "acousticness": 0.0482, "instrumentalness": 0.717, "liveness": 0.068, "valence": 0.605, "tempo": 128.034, "duration_ms": 157969, "time_signature": 4}, {"uri": "spotify:track:1Jrd0ffxv2h8orDkw671pb", "name": "BAD - Amy Lauren Remix", "artist": "Charlotte Devaney", "popularity": 30, "danceability": 0.801, "energy": 0.967, "key": 11, "loudness": -4.825, "mode": 0, "speechiness": 0.0779, "acousticness": 0.00209, "instrumentalness": 0.186, "liveness": 0.328, "valence": 0.527, "tempo": 123.986, "duration_ms": 158710, "time_signature": 4}, {"uri": "spotify:track:1yLFszi3D4sq3ECcDxxPM6", "name": "Searching", "artist": "Will Clarke", "popularity": 57, "danceability": 0.564, "energy": 0.826, "key": 3, "loudness": -5.901, "mode": 0, "speechiness": 0.0353, "acousticness": 0.0684, "instrumentalness": 0.023, "liveness": 0.0882, "valence": 0.677, "tempo": 126.026, "duration_ms": 210875, "time_signature": 4}, {"uri": "spotify:track:3HNB7P3nnZlGzHKPPXXYix", "name": "Worst Enemy", "artist": "Alex Mills", "popularity": 50, "danceability": 0.699, "energy": 0.882, "key": 0, "loudness": -5.691, "mode": 0, "speechiness": 0.0361, "acousticness": 0.00175, "instrumentalness": 0.089, "liveness": 0.27, "valence": 0.571, "tempo": 122.043, "duration_ms": 171146, "time_signature": 4}, {"uri": "spotify:track:1AB1osCyLLCGVHpQSTfrkE", "name": "Girls Who Like Boys", "artist": "Ali Story", "popularity": 43, "danceability": 0.754, "energy": 0.902, "key": 6, "loudness": -5.26, "mode": 1, "speechiness": 0.0477, "acousticness": 0.0446, "instrumentalness": 0.129, "liveness": 0.108, "valence": 0.791, "tempo": 125.991, "duration_ms": 233195, "time_signature": 4}, {"uri": "spotify:track:06GaggIrBExxcmkZoRVxdU", "name": "Rain", "artist": "Chapter & Verse", "popularity": 45, "danceability": 0.746, "energy": 0.937, "key": 11, "loudness": -4.772, "mode": 0, "speechiness": 0.0588, "acousticness": 0.00339, "instrumentalness": 0.056, "liveness": 0.07, "valence": 0.846, "tempo": 124.992, "duration_ms": 210960, "time_signature": 4}, {"uri": "spotify:track:5Pr1Z1a54h4u1takGhdAYA", "name": "Conversations", "artist": "Kyle Watson", "popularity": 50, "danceability": 0.867, "energy": 0.506, "key": 4, "loudness": -7.097, "mode": 1, "speechiness": 0.0618, "acousticness": 0.0394, "instrumentalness": 0.14, "liveness": 0.0695, "valence": 0.801, "tempo": 125.003, "duration_ms": 216500, "time_signature": 4}, {"uri": "spotify:track:3PkiB253ErJjaAfsiDm7Kk", "name": "Can't Get Enough", "artist": "Hollaphonic", "popularity": 47, "danceability": 0.766, "energy": 0.886, "key": 7, "loudness": -5.163, "mode": 1, "speechiness": 0.0566, "acousticness": 0.00824, "instrumentalness": 0.725, "liveness": 0.305, "valence": 0.748, "tempo": 126.015, "duration_ms": 210705, "time_signature": 4}, {"uri": "spotify:track:6EhZYH9MsQvX3IXoRF4Ler", "name": "Move Your Body - Edit", "artist": "Jaden Thompson", "popularity": 43, "danceability": 0.721, "energy": 0.844, "key": 1, "loudness": -6.603, "mode": 0, "speechiness": 0.162, "acousticness": 0.00366, "instrumentalness": 0.00255, "liveness": 0.121, "valence": 0.936, "tempo": 128.006, "duration_ms": 180230, "time_signature": 4}, {"uri": "spotify:track:4O3APpGNhOldqDsPF8IaS5", "name": "Welcome To The People", "artist": "Jaded", "popularity": 59, "danceability": 0.716, "energy": 0.917, "key": 6, "loudness": -5.091, "mode": 1, "speechiness": 0.0331, "acousticness": 0.123, "instrumentalness": 0.396, "liveness": 0.0628, "valence": 0.751, "tempo": 124.032, "duration_ms": 160669, "time_signature": 4}, {"uri": "spotify:track:5NrecJDB0DefSkXKERjTFF", "name": "Calling", "artist": "Marsh", "popularity": 47, "danceability": 0.7, "energy": 0.757, "key": 0, "loudness": -7.304, "mode": 1, "speechiness": 0.037, "acousticness": 0.0182, "instrumentalness": 0.809, "liveness": 0.17, "valence": 0.217, "tempo": 123.988, "duration_ms": 247862, "time_signature": 4}, {"uri": "spotify:track:5e81fxQBpGAutsfrfUp9Dm", "name": "Need You Now", "artist": "AmyElle", "popularity": 43, "danceability": 0.501, "energy": 0.815, "key": 5, "loudness": -6.697, "mode": 0, "speechiness": 0.0323, "acousticness": 0.00946, "instrumentalness": 0.0374, "liveness": 0.237, "valence": 0.0924, "tempo": 124.046, "duration_ms": 197661, "time_signature": 4}, {"uri": "spotify:track:70nUQ9n4i1jJiZLlo6OtR8", "name": "Illusions", "artist": "Cristoph", "popularity": 49, "danceability": 0.59, "energy": 0.95, "key": 0, "loudness": -5.656, "mode": 0, "speechiness": 0.0393, "acousticness": 0.00103, "instrumentalness": 0.00523, "liveness": 0.124, "valence": 0.113, "tempo": 123.009, "duration_ms": 240545, "time_signature": 4}, {"uri": "spotify:track:6hBHMrdoQP3VmtvCvbhKOX", "name": "Imagination", "artist": "Tommy Farrow", "popularity": 38, "danceability": 0.695, "energy": 0.557, "key": 0, "loudness": -11.287, "mode": 0, "speechiness": 0.0497, "acousticness": 0.0643, "instrumentalness": 0.846, "liveness": 0.101, "valence": 0.461, "tempo": 127.981, "duration_ms": 412386, "time_signature": 4}, {"uri": "spotify:track:1KBPJUMJjKd95viVQGy5NK", "name": "Something Fresh", "artist": "Amy Lauren", "popularity": 41, "danceability": 0.777, "energy": 0.935, "key": 0, "loudness": -7.889, "mode": 1, "speechiness": 0.0593, "acousticness": 0.0139, "instrumentalness": 0.376, "liveness": 0.07, "valence": 0.704, "tempo": 125.009, "duration_ms": 172800, "time_signature": 4}, {"uri": "spotify:track:1vKVGg4sQDZW4eO7qLh6WM", "name": "Love, Peace & Harmony", "artist": "Ben Hemsley", "popularity": 48, "danceability": 0.49, "energy": 0.95, "key": 0, "loudness": -5.325, "mode": 1, "speechiness": 0.0381, "acousticness": 0.0088, "instrumentalness": 0.515, "liveness": 0.462, "valence": 0.0785, "tempo": 129.997, "duration_ms": 147061, "time_signature": 4}, {"uri": "spotify:track:5bbpAKnhuPbzfd7m8iDNnh", "name": "Love In 8 Bit", "artist": "David Jackson", "popularity": 41, "danceability": 0.602, "energy": 0.903, "key": 1, "loudness": -9.112, "mode": 0, "speechiness": 0.0607, "acousticness": 0.000177, "instrumentalness": 0.00542, "liveness": 0.11, "valence": 0.27, "tempo": 123.986, "duration_ms": 238327, "time_signature": 4}, {"uri": "spotify:track:7kUvMTkyNN8inOr53NQAVC", "name": "Got Me (feat. Julia Stone)", "artist": "Maya Jane Coles", "popularity": 45, "danceability": 0.794, "energy": 0.684, "key": 3, "loudness": -8.167, "mode": 0, "speechiness": 0.313, "acousticness": 0.783, "instrumentalness": 0.0933, "liveness": 0.088, "valence": 0.465, "tempo": 124.932, "duration_ms": 263987, "time_signature": 3}, {"uri": "spotify:track:5J5ORcB3J61EgsVC2LADbc", "name": "Motivate", "artist": "Jeremiah Asiamah", "popularity": 45, "danceability": 0.813, "energy": 0.971, "key": 11, "loudness": -6.099, "mode": 0, "speechiness": 0.0641, "acousticness": 0.000125, "instrumentalness": 0.0931, "liveness": 0.0356, "valence": 0.833, "tempo": 124.973, "duration_ms": 127680, "time_signature": 4}, {"uri": "spotify:track:0HEcwBPQfxpHMtXR4qO55K", "name": "Deep", "artist": "Dopamine", "popularity": 39, "danceability": 0.572, "energy": 0.889, "key": 2, "loudness": -5.26, "mode": 1, "speechiness": 0.0402, "acousticness": 0.00038, "instrumentalness": 0.000352, "liveness": 0.034, "valence": 0.472, "tempo": 123.043, "duration_ms": 206829, "time_signature": 4}, {"uri": "spotify:track:1gsE1eNiDb5CghKgbMgWJx", "name": "Isolator", "artist": "Sosa UK", "popularity": 51, "danceability": 0.802, "energy": 0.71, "key": 4, "loudness": -8.962, "mode": 0, "speechiness": 0.0633, "acousticness": 0.00299, "instrumentalness": 0.595, "liveness": 0.0997, "valence": 0.195, "tempo": 126.003, "duration_ms": 243810, "time_signature": 3}, {"uri": "spotify:track:4XCmCiKriuXyeVIiWFqufT", "name": "Hold On", "artist": "KC Lights", "popularity": 42, "danceability": 0.625, "energy": 0.86, "key": 0, "loudness": -7.597, "mode": 1, "speechiness": 0.0279, "acousticness": 0.00774, "instrumentalness": 0.0322, "liveness": 0.117, "valence": 0.351, "tempo": 126.972, "duration_ms": 194633, "time_signature": 4}, {"uri": "spotify:track:061eiDBfDGwyKBBfjUxAYs", "name": "Joy of Pain", "artist": "Mr. Sosa", "popularity": 39, "danceability": 0.683, "energy": 0.707, "key": 7, "loudness": -5.325, "mode": 0, "speechiness": 0.0673, "acousticness": 0.00224, "instrumentalness": 0.858, "liveness": 0.088, "valence": 0.909, "tempo": 134.003, "duration_ms": 420000, "time_signature": 4}, {"uri": "spotify:track:5w5FCLsRZ85tWWGeTILL2T", "name": "Neu", "artist": "Kuba", "popularity": 37, "danceability": 0.879, "energy": 0.624, "key": 1, "loudness": -6.466, "mode": 0, "speechiness": 0.315, "acousticness": 0.0798, "instrumentalness": 0.00116, "liveness": 0.194, "valence": 0.614, "tempo": 130.027, "duration_ms": 211022, "time_signature": 4}, {"uri": "spotify:track:6TKBHKMYhBJwW49WhSPtQw", "name": "No Hoes", "artist": "Fleur Shore", "popularity": 37, "danceability": 0.79, "energy": 0.828, "key": 2, "loudness": -9.603, "mode": 1, "speechiness": 0.0799, "acousticness": 0.000214, "instrumentalness": 0.859, "liveness": 0.757, "valence": 0.882, "tempo": 127.981, "duration_ms": 403125, "time_signature": 4}, {"uri": "spotify:track:0LuvHgMvXnGAqywivMEl0p", "name": "Papped - Original Mix", "artist": "Cousn", "popularity": 36, "danceability": 0.779, "energy": 0.861, "key": 6, "loudness": -8.68, "mode": 1, "speechiness": 0.0482, "acousticness": 0.0221, "instrumentalness": 0.869, "liveness": 0.1, "valence": 0.433, "tempo": 130.014, "duration_ms": 237692, "time_signature": 4}, {"uri": "spotify:track:1klY5RDT7s0wXJrJjg0ftJ", "name": "Love It or Not (feat. Infinite Coles)", "artist": "Mella Dee", "popularity": 53, "danceability": 0.651, "energy": 0.819, "key": 2, "loudness": -6.99, "mode": 0, "speechiness": 0.0313, "acousticness": 0.188, "instrumentalness": 0.648, "liveness": 0.103, "valence": 0.36, "tempo": 137.992, "duration_ms": 194783, "time_signature": 4}, {"uri": "spotify:track:3KffMs30iYfPNYI8epNj5a", "name": "Hannah (The Sun)", "artist": "Fred again..", "popularity": 60, "danceability": 0.767, "energy": 0.878, "key": 8, "loudness": -4.581, "mode": 1, "speechiness": 0.0648, "acousticness": 0.0249, "instrumentalness": 0.0294, "liveness": 0.147, "valence": 0.401, "tempo": 125.018, "duration_ms": 196797, "time_signature": 4}, {"uri": "spotify:track:0SaXnvFBhh9xbSH68xUxli", "name": "Roskill", "artist": "Josh Butler", "popularity": 40, "danceability": 0.8, "energy": 0.585, "key": 8, "loudness": -12.485, "mode": 0, "speechiness": 0.0499, "acousticness": 0.000732, "instrumentalness": 0.907, "liveness": 0.0976, "valence": 0.0379, "tempo": 128.002, "duration_ms": 420848, "time_signature": 4}, {"uri": "spotify:track:7mbxdhvjqAHjaOhQqxaxhi", "name": "Save The Night", "artist": "Yousef", "popularity": 38, "danceability": 0.69, "energy": 0.897, "key": 2, "loudness": -7.846, "mode": 0, "speechiness": 0.0358, "acousticness": 0.00329, "instrumentalness": 0.508, "liveness": 0.0706, "valence": 0.148, "tempo": 123.963, "duration_ms": 234194, "time_signature": 4}, {"uri": "spotify:track:7pJv0XNaGy095mMYk2SEaf", "name": "Boom Shack", "artist": "Steve Lawler", "popularity": 29, "danceability": 0.835, "energy": 0.928, "key": 6, "loudness": -5.183, "mode": 0, "speechiness": 0.131, "acousticness": 0.00883, "instrumentalness": 0.595, "liveness": 0.295, "valence": 0.536, "tempo": 126.045, "duration_ms": 190476, "time_signature": 4}, {"uri": "spotify:track:10y2Bcx3Xl6U4sQVjDYchn", "name": "Make It Through", "artist": "Low Steppa", "popularity": 50, "danceability": 0.71, "energy": 0.938, "key": 1, "loudness": -5.905, "mode": 1, "speechiness": 0.0445, "acousticness": 0.0144, "instrumentalness": 0.311, "liveness": 0.338, "valence": 0.655, "tempo": 125.007, "duration_ms": 214560, "time_signature": 4}, {"uri": "spotify:track:3HJr6Bql5OLIqMfg2qm990", "name": "Eros", "artist": "Dusky", "popularity": 49, "danceability": 0.758, "energy": 0.735, "key": 10, "loudness": -6.45, "mode": 1, "speechiness": 0.0542, "acousticness": 0.00342, "instrumentalness": 0.848, "liveness": 0.121, "valence": 0.176, "tempo": 130.002, "duration_ms": 284461, "time_signature": 4}, {"uri": "spotify:track:7hYvu99xJfuoxIHkNmFrXu", "name": "Gift of Life", "artist": "Emily Nash", "popularity": 41, "danceability": 0.777, "energy": 0.883, "key": 6, "loudness": -7.175, "mode": 0, "speechiness": 0.068, "acousticness": 0.0383, "instrumentalness": 0.788, "liveness": 0.0872, "valence": 0.261, "tempo": 124.041, "duration_ms": 234194, "time_signature": 4}, {"uri": "spotify:track:5pT4oCTVYmkOHM39MSGF2O", "name": "What We Do - Radio Edit", "artist": "Maxinne", "popularity": 42, "danceability": 0.802, "energy": 0.97, "key": 0, "loudness": -6.464, "mode": 1, "speechiness": 0.0425, "acousticness": 0.000361, "instrumentalness": 0.56, "liveness": 0.0581, "valence": 0.667, "tempo": 127.008, "duration_ms": 215500, "time_signature": 4}, {"uri": "spotify:track:4tCY8lh8ocqqfac1sjXwvk", "name": "Off My Mind", "artist": "TCTS", "popularity": 56, "danceability": 0.702, "energy": 0.904, "key": 11, "loudness": -3.891, "mode": 0, "speechiness": 0.0589, "acousticness": 0.0158, "instrumentalness": 0.000548, "liveness": 0.226, "valence": 0.474, "tempo": 123.996, "duration_ms": 176280, "time_signature": 4}, {"uri": "spotify:track:6EYhXoxf4PyABbPjTmRBw7", "name": "3AM", "artist": "Elaine Mai", "popularity": 37, "danceability": 0.828, "energy": 0.569, "key": 6, "loudness": -8.334, "mode": 0, "speechiness": 0.0369, "acousticness": 0.159, "instrumentalness": 0.103, "liveness": 0.0937, "valence": 0.538, "tempo": 124.014, "duration_ms": 251613, "time_signature": 4}, {"uri": "spotify:track:3076IusoisUX5gaNsrxtNr", "name": "In the Glow", "artist": "OC & Verde", "popularity": 40, "danceability": 0.593, "energy": 0.835, "key": 10, "loudness": -7.555, "mode": 0, "speechiness": 0.0381, "acousticness": 0.0146, "instrumentalness": 0.0769, "liveness": 0.103, "valence": 0.046, "tempo": 124.015, "duration_ms": 337618, "time_signature": 4}, {"uri": "spotify:track:6QNOYe6I5Dt7oHtcIkmYZ5", "name": "Love You Like That", "artist": "Cloonee", "popularity": 59, "danceability": 0.911, "energy": 0.656, "key": 8, "loudness": -11.725, "mode": 0, "speechiness": 0.0965, "acousticness": 0.00814, "instrumentalness": 0.000327, "liveness": 0.114, "valence": 0.918, "tempo": 124.957, "duration_ms": 175000, "time_signature": 4}, {"uri": "spotify:track:2cGiwvkBmgpP08BRoPWRn2", "name": "Reach", "artist": "DJ Rae", "popularity": 38, "danceability": 0.659, "energy": 0.967, "key": 9, "loudness": -2.948, "mode": 0, "speechiness": 0.0326, "acousticness": 0.267, "instrumentalness": 0.00272, "liveness": 0.166, "valence": 0.531, "tempo": 124.991, "duration_ms": 205920, "time_signature": 4}, {"uri": "spotify:track:4QNHkL09PIRR9TY11blRLY", "name": "Forgive Me", "artist": "ESSEL", "popularity": 49, "danceability": 0.383, "energy": 0.951, "key": 10, "loudness": -4.758, "mode": 1, "speechiness": 0.0891, "acousticness": 0.0453, "instrumentalness": 0.874, "liveness": 0.336, "valence": 0.209, "tempo": 124.124, "duration_ms": 161250, "time_signature": 4}]