[{"uri": "spotify:track:6hIr2IDeBDXfRFk0rYe5Tz", "name": "Won\u2019t Stand Down", "artist": "Muse", "popularity": 0, "danceability": 0.514, "energy": 0.882, "key": 7, "loudness": -4.406, "mode": 1, "speechiness": 0.0862, "acousticness": 0.0043, "instrumentalness": 2.52e-06, "liveness": 0.156, "valence": 0.424, "tempo": 104.85, "duration_ms": 209061, "time_signature": 4}, {"uri": "spotify:track:1ovFnZv6mUe0LzAbfVqOmh", "name": "Dark Side", "artist": "Blind Channel", "popularity": 70, "danceability": 0.571, "energy": 0.955, "key": 7, "loudness": -3.795, "mode": 1, "speechiness": 0.105, "acousticness": 0.00254, "instrumentalness": 1.55e-06, "liveness": 0.274, "valence": 0.437, "tempo": 98.01, "duration_ms": 177790, "time_signature": 4}, {"uri": "spotify:track:4pt5fDVTg5GhEvEtlz9dKk", "name": "I WANNA BE YOUR SLAVE", "artist": "M\u00e5neskin", "popularity": 89, "danceability": 0.75, "energy": 0.608, "key": 1, "loudness": -4.008, "mode": 1, "speechiness": 0.0387, "acousticness": 0.00165, "instrumentalness": 0, "liveness": 0.178, "valence": 0.958, "tempo": 132.507, "duration_ms": 173347, "time_signature": 4}, {"uri": "spotify:track:1wsRitfRRtWyEapl0q22o8", "name": "Guerrilla Radio", "artist": "Rage Against The Machine", "popularity": 71, "danceability": 0.599, "energy": 0.957, "key": 11, "loudness": -5.764, "mode": 1, "speechiness": 0.188, "acousticness": 0.0129, "instrumentalness": 7.06e-05, "liveness": 0.155, "valence": 0.489, "tempo": 103.68, "duration_ms": 206200, "time_signature": 4}, {"uri": "spotify:track:5svL1PkWw8hPEAOdTNLexy", "name": "Paralyzed", "artist": "Sueco", "popularity": 77, "danceability": 0.587, "energy": 0.847, "key": 0, "loudness": -5.273, "mode": 0, "speechiness": 0.0594, "acousticness": 0.00126, "instrumentalness": 2.29e-06, "liveness": 0.111, "valence": 0.376, "tempo": 149.954, "duration_ms": 162805, "time_signature": 4}, {"uri": "spotify:track:2IEbyYtElSG0IU0WZXFA2N", "name": "Put A Record On", "artist": "NOISY", "popularity": 0, "danceability": 0.618, "energy": 0.955, "key": 10, "loudness": -3.178, "mode": 0, "speechiness": 0.0837, "acousticness": 0.00305, "instrumentalness": 0.0287, "liveness": 0.323, "valence": 0.687, "tempo": 128.018, "duration_ms": 181500, "time_signature": 4}, {"uri": "spotify:track:1OGVFkHHzgupyil0N386Q5", "name": "hollywood sucks//", "artist": "KennyHoopla", "popularity": 57, "danceability": 0.578, "energy": 0.894, "key": 2, "loudness": -4.671, "mode": 1, "speechiness": 0.0593, "acousticness": 0.00158, "instrumentalness": 7.51e-06, "liveness": 0.383, "valence": 0.522, "tempo": 139.99, "duration_ms": 153040, "time_signature": 4}, {"uri": "spotify:track:2GFwwTIVLjnOrtP7m9luHC", "name": "Hurricane", "artist": "I Prevail", "popularity": 69, "danceability": 0.389, "energy": 0.885, "key": 6, "loudness": -5.063, "mode": 0, "speechiness": 0.0551, "acousticness": 0.000372, "instrumentalness": 0.000311, "liveness": 0.202, "valence": 0.187, "tempo": 164.989, "duration_ms": 223173, "time_signature": 4}, {"uri": "spotify:track:1F9kEuwT29fgqlovIclu81", "name": "love race (feat. Kellin Quinn)", "artist": "Machine Gun Kelly", "popularity": 73, "danceability": 0.517, "energy": 0.848, "key": 10, "loudness": -4.054, "mode": 1, "speechiness": 0.0521, "acousticness": 0.00581, "instrumentalness": 0, "liveness": 0.214, "valence": 0.429, "tempo": 95.906, "duration_ms": 188779, "time_signature": 4}, {"uri": "spotify:track:5aFGo8wHEntVxFI8IF7Wuj", "name": "Typhoons", "artist": "Royal Blood", "popularity": 62, "danceability": 0.601, "energy": 0.723, "key": 8, "loudness": -4.364, "mode": 0, "speechiness": 0.0384, "acousticness": 0.000347, "instrumentalness": 0.0011, "liveness": 0.346, "valence": 0.581, "tempo": 114.991, "duration_ms": 236933, "time_signature": 4}, {"uri": "spotify:track:7noHzxuNmeIwYftylZfVRT", "name": "Heat Seeker", "artist": "DREAMERS", "popularity": 59, "danceability": 0.5, "energy": 0.949, "key": 1, "loudness": -3.123, "mode": 1, "speechiness": 0.0833, "acousticness": 0.00847, "instrumentalness": 0, "liveness": 0.514, "valence": 0.648, "tempo": 159.824, "duration_ms": 175343, "time_signature": 4}, {"uri": "spotify:track:66Avcq6c51vcMGXLzHH5d7", "name": "Bloodfeather", "artist": "Highly Suspect", "popularity": 59, "danceability": 0.547, "energy": 0.792, "key": 9, "loudness": -5.645, "mode": 0, "speechiness": 0.035, "acousticness": 0.000383, "instrumentalness": 0.000259, "liveness": 0.106, "valence": 0.395, "tempo": 97.998, "duration_ms": 234093, "time_signature": 4}, {"uri": "spotify:track:4LFBVDJV0xpayUvquQVzhS", "name": "Cut the Cord", "artist": "Shinedown", "popularity": 69, "danceability": 0.447, "energy": 0.966, "key": 7, "loudness": -2.966, "mode": 1, "speechiness": 0.089, "acousticness": 0.00349, "instrumentalness": 0.000198, "liveness": 0.312, "valence": 0.533, "tempo": 178.105, "duration_ms": 224597, "time_signature": 4}, {"uri": "spotify:track:0y3fi7fknIXOxnkbUgzT3n", "name": "HandClap", "artist": "Fitz and The Tantrums", "popularity": 52, "danceability": 0.633, "energy": 0.833, "key": 8, "loudness": -3.001, "mode": 1, "speechiness": 0.043, "acousticness": 0.00615, "instrumentalness": 0.000148, "liveness": 0.0827, "valence": 0.693, "tempo": 139.963, "duration_ms": 193173, "time_signature": 4}, {"uri": "spotify:track:78ZTkIlW7NLXRCCPecwUyd", "name": "Ten Tonne Skeleton", "artist": "Royal Blood", "popularity": 47, "danceability": 0.488, "energy": 0.879, "key": 7, "loudness": -3.329, "mode": 0, "speechiness": 0.0393, "acousticness": 0.000488, "instrumentalness": 1.19e-06, "liveness": 0.14, "valence": 0.557, "tempo": 86.986, "duration_ms": 187853, "time_signature": 4}, {"uri": "spotify:track:3PoiPLGqcvVnZUGAzaStv9", "name": "Nothing Left", "artist": "POORSTACY", "popularity": 51, "danceability": 0.527, "energy": 0.973, "key": 11, "loudness": -3.203, "mode": 0, "speechiness": 0.19, "acousticness": 0.000756, "instrumentalness": 8.93e-05, "liveness": 0.361, "valence": 0.131, "tempo": 134.942, "duration_ms": 122222, "time_signature": 4}, {"uri": "spotify:track:2PETsovNFRjQOSMWj8gNii", "name": "Superblood Wolfmoon", "artist": "Pearl Jam", "popularity": 55, "danceability": 0.511, "energy": 0.93, "key": 9, "loudness": -5.173, "mode": 1, "speechiness": 0.0522, "acousticness": 0.00556, "instrumentalness": 0, "liveness": 0.403, "valence": 0.881, "tempo": 153.376, "duration_ms": 229467, "time_signature": 4}, {"uri": "spotify:track:2COhljkZObSdthS0NG5s3B", "name": "My Songs Know What You Did In The Dark (Light Em Up)", "artist": "Fall Out Boy", "popularity": 0, "danceability": 0.56, "energy": 0.916, "key": 9, "loudness": -4.319, "mode": 0, "speechiness": 0.0673, "acousticness": 0.0278, "instrumentalness": 6.27e-06, "liveness": 0.294, "valence": 0.524, "tempo": 151.963, "duration_ms": 188573, "time_signature": 4}, {"uri": "spotify:track:5hQZDntIU1PbXhmH94kZoM", "name": "Don't Look At Me", "artist": "POORSTACY", "popularity": 68, "danceability": 0.539, "energy": 0.832, "key": 1, "loudness": -6.53, "mode": 0, "speechiness": 0.256, "acousticness": 0.0101, "instrumentalness": 0.00437, "liveness": 0.638, "valence": 0.287, "tempo": 76.503, "duration_ms": 188238, "time_signature": 4}, {"uri": "spotify:track:7vXtuHrqgzQi58ihUO7L2d", "name": "Karma", "artist": "MOD SUN", "popularity": 65, "danceability": 0.461, "energy": 0.825, "key": 8, "loudness": -3.583, "mode": 1, "speechiness": 0.115, "acousticness": 0.0246, "instrumentalness": 0, "liveness": 0.224, "valence": 0.412, "tempo": 198.045, "duration_ms": 159394, "time_signature": 4}, {"uri": "spotify:track:1bWEngw5tAF7vWByrf5Oy5", "name": "bloody valentine", "artist": "Machine Gun Kelly", "popularity": 2, "danceability": 0.52, "energy": 0.856, "key": 2, "loudness": -4.228, "mode": 1, "speechiness": 0.0806, "acousticness": 0.000193, "instrumentalness": 0, "liveness": 0.157, "valence": 0.47, "tempo": 160.083, "duration_ms": 205016, "time_signature": 4}, {"uri": "spotify:track:4TIa51S5pZ7U9UdqHWqvsx", "name": "The Best", "artist": "AWOLNATION", "popularity": 0, "danceability": 0.635, "energy": 0.875, "key": 2, "loudness": -4.756, "mode": 0, "speechiness": 0.0306, "acousticness": 0.11, "instrumentalness": 0.236, "liveness": 0.0993, "valence": 0.0485, "tempo": 111.005, "duration_ms": 223320, "time_signature": 4}, {"uri": "spotify:track:0kP4jYOuH9le6avYm2JnvZ", "name": "Sex Party", "artist": "Left Boy", "popularity": 56, "danceability": 0.516, "energy": 0.858, "key": 11, "loudness": -4.503, "mode": 0, "speechiness": 0.125, "acousticness": 0.0496, "instrumentalness": 0, "liveness": 0.15, "valence": 0.685, "tempo": 155.082, "duration_ms": 167226, "time_signature": 4}, {"uri": "spotify:track:043IjYujEo3sEDuaBtWzu0", "name": "Prescription Kid", "artist": "KID BRUNSWICK", "popularity": 49, "danceability": 0.529, "energy": 0.767, "key": 1, "loudness": -5.847, "mode": 1, "speechiness": 0.0407, "acousticness": 0.00069, "instrumentalness": 0.00206, "liveness": 0.37, "valence": 0.299, "tempo": 87.462, "duration_ms": 208601, "time_signature": 4}, {"uri": "spotify:track:58q4ZkagWkDV16Sehqx6AF", "name": "The Devil's Bleeding Crown", "artist": "Volbeat", "popularity": 0, "danceability": 0.55, "energy": 0.917, "key": 7, "loudness": -4.575, "mode": 1, "speechiness": 0.0378, "acousticness": 1.85e-05, "instrumentalness": 0.214, "liveness": 0.0333, "valence": 0.245, "tempo": 109.552, "duration_ms": 238653, "time_signature": 3}, {"uri": "spotify:track:5V3mdRI2yQxbSsJGDPc5lD", "name": "Chop Suey!", "artist": "System Of A Down", "popularity": 0, "danceability": 0.42, "energy": 0.929, "key": 7, "loudness": -3.899, "mode": 0, "speechiness": 0.121, "acousticness": 0.000353, "instrumentalness": 0.000747, "liveness": 0.122, "valence": 0.3, "tempo": 127.204, "duration_ms": 210240, "time_signature": 4}, {"uri": "spotify:track:7dBMQbBKG6n9HkVXkUKnhQ", "name": "The Way You Used To Do", "artist": "Queens of the Stone Age", "popularity": 0, "danceability": 0.474, "energy": 0.843, "key": 0, "loudness": -5.909, "mode": 1, "speechiness": 0.272, "acousticness": 0.0102, "instrumentalness": 0.104, "liveness": 0.362, "valence": 0.433, "tempo": 97.691, "duration_ms": 274282, "time_signature": 4}, {"uri": "spotify:track:78Whqvk23AqxailSEMv83F", "name": "Instant History - Single Version", "artist": "Biffy Clyro", "popularity": 51, "danceability": 0.588, "energy": 0.761, "key": 8, "loudness": -3.78, "mode": 0, "speechiness": 0.0324, "acousticness": 0.000753, "instrumentalness": 0, "liveness": 0.648, "valence": 0.41, "tempo": 133.009, "duration_ms": 197912, "time_signature": 4}, {"uri": "spotify:track:62wJuHJ28SLRLem8XMUS8b", "name": "Bury Me", "artist": "The Luka State", "popularity": 0, "danceability": 0.378, "energy": 0.935, "key": 11, "loudness": -2.353, "mode": 0, "speechiness": 0.0903, "acousticness": 0.000905, "instrumentalness": 0, "liveness": 0.215, "valence": 0.701, "tempo": 178.118, "duration_ms": 178718, "time_signature": 4}, {"uri": "spotify:track:35ON1xFiywJOT66gLbPtI3", "name": "Quiet Little Voices", "artist": "We Were Promised Jetpacks", "popularity": 8, "danceability": 0.23, "energy": 0.931, "key": 4, "loudness": -4.313, "mode": 1, "speechiness": 0.0637, "acousticness": 0.000214, "instrumentalness": 0.0189, "liveness": 0.106, "valence": 0.428, "tempo": 171.861, "duration_ms": 261427, "time_signature": 4}, {"uri": "spotify:track:222MT5t80Pf0C1ItJ79sCF", "name": "strawberry lipstick", "artist": "YUNGBLUD", "popularity": 0, "danceability": 0.451, "energy": 0.94, "key": 10, "loudness": -4.259, "mode": 1, "speechiness": 0.105, "acousticness": 1.37e-05, "instrumentalness": 0, "liveness": 0.585, "valence": 0.134, "tempo": 126.917, "duration_ms": 162727, "time_signature": 4}, {"uri": "spotify:track:5VYRZ0PFFpHX8Hp0turWxI", "name": "Blame It On My Youth", "artist": "blink-182", "popularity": 0, "danceability": 0.452, "energy": 0.936, "key": 8, "loudness": -3.028, "mode": 1, "speechiness": 0.19, "acousticness": 0.0331, "instrumentalness": 0, "liveness": 0.197, "valence": 0.666, "tempo": 170.12, "duration_ms": 186000, "time_signature": 4}, {"uri": "spotify:track:5jdvRj8zXHJ7XpKsBKT9CZ", "name": "Howlin' For You", "artist": "The Black Keys", "popularity": 0, "danceability": 0.708, "energy": 0.737, "key": 11, "loudness": -6.665, "mode": 0, "speechiness": 0.0943, "acousticness": 0.0299, "instrumentalness": 0.0804, "liveness": 0.101, "valence": 0.476, "tempo": 132.612, "duration_ms": 191800, "time_signature": 4}, {"uri": "spotify:track:3IqHzcXy7IsYYND6lKwPAi", "name": "DEVIL", "artist": "Shinedown", "popularity": 0, "danceability": 0.354, "energy": 0.942, "key": 7, "loudness": -3.245, "mode": 1, "speechiness": 0.237, "acousticness": 0.00039, "instrumentalness": 6.36e-06, "liveness": 0.431, "valence": 0.242, "tempo": 119.992, "duration_ms": 207987, "time_signature": 4}, {"uri": "spotify:track:3SUusuA9jH1v6PVwtYMbdv", "name": "Last Nite", "artist": "The Strokes", "popularity": 68, "danceability": 0.624, "energy": 0.899, "key": 0, "loudness": -5.709, "mode": 1, "speechiness": 0.0296, "acousticness": 0.0221, "instrumentalness": 0.000137, "liveness": 0.0975, "valence": 0.79, "tempo": 104.061, "duration_ms": 193373, "time_signature": 4}, {"uri": "spotify:track:0Q6AD7e7d9tpN1dXL4qh5P", "name": "Made An America", "artist": "FEVER 333", "popularity": 52, "danceability": 0.479, "energy": 0.926, "key": 3, "loudness": -4.226, "mode": 0, "speechiness": 0.0893, "acousticness": 0.000399, "instrumentalness": 0.0022, "liveness": 0.179, "valence": 0.673, "tempo": 175.994, "duration_ms": 173327, "time_signature": 4}, {"uri": "spotify:track:305WCRhhS10XUcH6AEwZk6", "name": "Are You Gonna Be My Girl", "artist": "Jet", "popularity": 77, "danceability": 0.613, "energy": 0.953, "key": 2, "loudness": -3.435, "mode": 1, "speechiness": 0.0855, "acousticness": 0.00148, "instrumentalness": 0.000582, "liveness": 0.152, "valence": 0.537, "tempo": 105.046, "duration_ms": 213800, "time_signature": 4}, {"uri": "spotify:track:7ISL3LO8AWP3fKIXunvqTa", "name": "Joker And The Thief", "artist": "Wolfmother", "popularity": 68, "danceability": 0.264, "energy": 0.78, "key": 0, "loudness": -2.741, "mode": 1, "speechiness": 0.0517, "acousticness": 0.0452, "instrumentalness": 0.0222, "liveness": 0.376, "valence": 0.456, "tempo": 155.376, "duration_ms": 280467, "time_signature": 4}, {"uri": "spotify:track:383QXk8nb2YrARMUwDdjQS", "name": "Psycho", "artist": "Muse", "popularity": 70, "danceability": 0.555, "energy": 0.883, "key": 2, "loudness": -3.426, "mode": 1, "speechiness": 0.0341, "acousticness": 0.00114, "instrumentalness": 0.041, "liveness": 0.868, "valence": 0.507, "tempo": 125.02, "duration_ms": 316718, "time_signature": 4}, {"uri": "spotify:track:47No93LxERvV6MtOAmQzHS", "name": "Ignorance", "artist": "Paramore", "popularity": 68, "danceability": 0.522, "energy": 0.964, "key": 11, "loudness": -2.645, "mode": 0, "speechiness": 0.095, "acousticness": 0.00109, "instrumentalness": 0.000389, "liveness": 0.0387, "valence": 0.51, "tempo": 170.944, "duration_ms": 218627, "time_signature": 4}, {"uri": "spotify:track:2mVFo8BJ6ZPh82QAOpCUbT", "name": "Be Legendary", "artist": "Pop Evil", "popularity": 0, "danceability": 0.547, "energy": 0.944, "key": 4, "loudness": -3.304, "mode": 0, "speechiness": 0.0507, "acousticness": 4.81e-05, "instrumentalness": 0.0451, "liveness": 0.195, "valence": 0.364, "tempo": 93.966, "duration_ms": 203274, "time_signature": 4}, {"uri": "spotify:track:0a7BloCiNzLDD9qSQHh5m7", "name": "Dance, Dance", "artist": "Fall Out Boy", "popularity": 77, "danceability": 0.622, "energy": 0.961, "key": 11, "loudness": -3.198, "mode": 0, "speechiness": 0.154, "acousticness": 0.00523, "instrumentalness": 0, "liveness": 0.0854, "valence": 0.449, "tempo": 114.452, "duration_ms": 180267, "time_signature": 4}, {"uri": "spotify:track:7owfaYY6CFwqQAv2Xih9CY", "name": "Fire Alarm", "artist": "Castlecomer", "popularity": 0, "danceability": 0.499, "energy": 0.938, "key": 6, "loudness": -3.806, "mode": 0, "speechiness": 0.0606, "acousticness": 0.000148, "instrumentalness": 0.0204, "liveness": 0.302, "valence": 0.479, "tempo": 145.047, "duration_ms": 237107, "time_signature": 4}, {"uri": "spotify:track:0vwFuY4xsUvrFk4D74DqLQ", "name": "Wasting Time", "artist": "No Love For The Middle Child", "popularity": 41, "danceability": 0.408, "energy": 0.861, "key": 1, "loudness": -5.497, "mode": 1, "speechiness": 0.0492, "acousticness": 0.00106, "instrumentalness": 0, "liveness": 0.389, "valence": 0.626, "tempo": 90.989, "duration_ms": 188331, "time_signature": 4}, {"uri": "spotify:track:7bjgoIjY4tl0KVexQVpANn", "name": "Could Have Been Me", "artist": "The Struts", "popularity": 0, "danceability": 0.508, "energy": 0.823, "key": 6, "loudness": -7.611, "mode": 0, "speechiness": 0.0662, "acousticness": 0.0104, "instrumentalness": 0.000226, "liveness": 0.281, "valence": 0.458, "tempo": 160.067, "duration_ms": 187653, "time_signature": 4}, {"uri": "spotify:track:03YoRDLmG333y0ORu2D5A4", "name": "Run For Cover", "artist": "The Killers", "popularity": 0, "danceability": 0.462, "energy": 0.957, "key": 10, "loudness": -3.304, "mode": 1, "speechiness": 0.131, "acousticness": 0.00129, "instrumentalness": 0.00203, "liveness": 0.314, "valence": 0.498, "tempo": 165.112, "duration_ms": 223067, "time_signature": 4}, {"uri": "spotify:track:0eENgTgNVheMpLiQO5aveL", "name": "how will i rest in peace if i'm buried by a highway?//", "artist": "KennyHoopla", "popularity": 43, "danceability": 0.486, "energy": 0.839, "key": 4, "loudness": -4.537, "mode": 1, "speechiness": 0.0967, "acousticness": 0.0128, "instrumentalness": 3e-06, "liveness": 0.197, "valence": 0.47, "tempo": 159.928, "duration_ms": 218533, "time_signature": 4}, {"uri": "spotify:track:3ItzRpwvKtkDSNdRSjXu7Z", "name": "Chelsea Dagger", "artist": "The Fratellis", "popularity": 61, "danceability": 0.512, "energy": 0.817, "key": 7, "loudness": -3.154, "mode": 1, "speechiness": 0.142, "acousticness": 0.0505, "instrumentalness": 0, "liveness": 0.0775, "valence": 0.552, "tempo": 154.607, "duration_ms": 215173, "time_signature": 4}, {"uri": "spotify:track:3PBXTtPiOqfYcbc30ydVTz", "name": "Freeze Me", "artist": "Death From Above 1979", "popularity": 0, "danceability": 0.495, "energy": 0.747, "key": 0, "loudness": -5.302, "mode": 1, "speechiness": 0.0328, "acousticness": 0.000735, "instrumentalness": 0.000356, "liveness": 0.192, "valence": 0.457, "tempo": 130.04, "duration_ms": 198080, "time_signature": 4}, {"uri": "spotify:track:2kFKIFc5RSTlhuGed6ZNZ7", "name": "hometown", "artist": "cleopatrick", "popularity": 0, "danceability": 0.315, "energy": 0.826, "key": 7, "loudness": -4.315, "mode": 0, "speechiness": 0.0644, "acousticness": 0.000621, "instrumentalness": 0.000669, "liveness": 0.0703, "valence": 0.359, "tempo": 139.163, "duration_ms": 256072, "time_signature": 4}, {"uri": "spotify:track:5PIxPhOifdCCdJYm6XcEgk", "name": "Golden", "artist": "Parade of Lights", "popularity": 17, "danceability": 0.478, "energy": 0.839, "key": 9, "loudness": -4.932, "mode": 1, "speechiness": 0.162, "acousticness": 0.000454, "instrumentalness": 0, "liveness": 0.541, "valence": 0.644, "tempo": 99.965, "duration_ms": 184467, "time_signature": 4}, {"uri": "spotify:track:4Bat75aAUU5ZgW0oN7G5p4", "name": "Your Love Could Start a War", "artist": "The Unlikely Candidates", "popularity": 0, "danceability": 0.493, "energy": 0.879, "key": 4, "loudness": -3.305, "mode": 0, "speechiness": 0.0737, "acousticness": 0.035, "instrumentalness": 0.00116, "liveness": 0.343, "valence": 0.567, "tempo": 120.066, "duration_ms": 208675, "time_signature": 4}, {"uri": "spotify:track:2VDdoBA24QICNHn5JkJwyE", "name": "Born For Greatness", "artist": "Papa Roach", "popularity": 53, "danceability": 0.518, "energy": 0.849, "key": 9, "loudness": -5.472, "mode": 0, "speechiness": 0.0664, "acousticness": 0.0561, "instrumentalness": 0, "liveness": 0.0569, "valence": 0.299, "tempo": 134.093, "duration_ms": 227847, "time_signature": 4}, {"uri": "spotify:track:1bTVbi6uwmGwlsXy2soxpg", "name": "Prophets Of Rage", "artist": "Prophets Of Rage", "popularity": 54, "danceability": 0.621, "energy": 0.935, "key": 5, "loudness": -5.516, "mode": 0, "speechiness": 0.0366, "acousticness": 0.000785, "instrumentalness": 0.00191, "liveness": 0.242, "valence": 0.885, "tempo": 99.981, "duration_ms": 190181, "time_signature": 4}, {"uri": "spotify:track:3mcG2NI5G5vhrQtRda1YnA", "name": "The Middle", "artist": "Jimmy Eat World", "popularity": 1, "danceability": 0.629, "energy": 0.897, "key": 2, "loudness": -3.401, "mode": 1, "speechiness": 0.0483, "acousticness": 0.0424, "instrumentalness": 0, "liveness": 0.263, "valence": 0.93, "tempo": 161.944, "duration_ms": 168253, "time_signature": 4}, {"uri": "spotify:track:15BsrefgYpMgu1ZCIr8EJw", "name": "Painkiller", "artist": "DREAMERS", "popularity": 61, "danceability": 0.398, "energy": 0.92, "key": 2, "loudness": -3.267, "mode": 0, "speechiness": 0.0491, "acousticness": 0.00311, "instrumentalness": 0.000531, "liveness": 0.108, "valence": 0.226, "tempo": 200.131, "duration_ms": 202627, "time_signature": 4}, {"uri": "spotify:track:3meXdlcyYTgukuOfX6VyhJ", "name": "Amsterdam", "artist": "Nothing But Thieves", "popularity": 0, "danceability": 0.513, "energy": 0.932, "key": 10, "loudness": -5.016, "mode": 1, "speechiness": 0.172, "acousticness": 0.00456, "instrumentalness": 2.48e-05, "liveness": 0.245, "valence": 0.665, "tempo": 168.062, "duration_ms": 272240, "time_signature": 4}, {"uri": "spotify:track:6LG5yHz0f1NfINREp1QsMI", "name": "Highway Tune", "artist": "Greta Van Fleet", "popularity": 0, "danceability": 0.584, "energy": 0.955, "key": 4, "loudness": -3.228, "mode": 1, "speechiness": 0.0457, "acousticness": 0.00607, "instrumentalness": 0.245, "liveness": 0.143, "valence": 0.473, "tempo": 123.991, "duration_ms": 181213, "time_signature": 4}, {"uri": "spotify:track:4Auog9KgBRR5tGLgxB7CW5", "name": "My Name Is Thunder", "artist": "Jet", "popularity": 0, "danceability": 0.409, "energy": 0.939, "key": 9, "loudness": -3.239, "mode": 1, "speechiness": 0.0896, "acousticness": 0.0112, "instrumentalness": 0.000199, "liveness": 0.778, "valence": 0.344, "tempo": 127.883, "duration_ms": 176053, "time_signature": 4}, {"uri": "spotify:track:5NIPsWpDjJTFBoPxCUUeXp", "name": "Welcome To The Jungle", "artist": "Guns N' Roses", "popularity": 0, "danceability": 0.445, "energy": 0.955, "key": 8, "loudness": -8.027, "mode": 1, "speechiness": 0.0856, "acousticness": 0.0326, "instrumentalness": 0.284, "liveness": 0.317, "valence": 0.336, "tempo": 123.343, "duration_ms": 273600, "time_signature": 4}, {"uri": "spotify:track:44wXefe8WB9Fd6xwtmAwbR", "name": "Monkey Wrench", "artist": "Foo Fighters", "popularity": 70, "danceability": 0.401, "energy": 0.953, "key": 4, "loudness": -4.276, "mode": 1, "speechiness": 0.0752, "acousticness": 1.83e-05, "instrumentalness": 2.56e-05, "liveness": 0.149, "valence": 0.555, "tempo": 174.217, "duration_ms": 231480, "time_signature": 4}, {"uri": "spotify:track:5I69y4P1gq3WA2B5AHVicr", "name": "Hook, Line & Sinker", "artist": "Royal Blood", "popularity": 37, "danceability": 0.51, "energy": 0.896, "key": 7, "loudness": -5.217, "mode": 1, "speechiness": 0.0363, "acousticness": 0.000614, "instrumentalness": 1.5e-05, "liveness": 0.252, "valence": 0.492, "tempo": 88.034, "duration_ms": 207760, "time_signature": 4}, {"uri": "spotify:track:5quxrZTYgMATSD8ocr0den", "name": "Miracle Mile", "artist": "Cold War Kids", "popularity": 0, "danceability": 0.353, "energy": 0.866, "key": 2, "loudness": -3.163, "mode": 1, "speechiness": 0.0658, "acousticness": 0.00685, "instrumentalness": 0.795, "liveness": 0.325, "valence": 0.293, "tempo": 142.858, "duration_ms": 180133, "time_signature": 4}, {"uri": "spotify:track:421On515lAdhfA5B0h6yPR", "name": "Highway", "artist": "Bleeker", "popularity": 0, "danceability": 0.457, "energy": 0.941, "key": 6, "loudness": -5.174, "mode": 1, "speechiness": 0.0339, "acousticness": 0.000136, "instrumentalness": 3.12e-06, "liveness": 0.0896, "valence": 0.704, "tempo": 154.038, "duration_ms": 201680, "time_signature": 4}, {"uri": "spotify:track:0qlgfcFAsrlNCD4tBGVAY9", "name": "Afraid of Heights", "artist": "Billy Talent", "popularity": 28, "danceability": 0.543, "energy": 0.991, "key": 9, "loudness": -2.78, "mode": 0, "speechiness": 0.0668, "acousticness": 0.000168, "instrumentalness": 1.31e-05, "liveness": 0.374, "valence": 0.766, "tempo": 150.031, "duration_ms": 225680, "time_signature": 4}, {"uri": "spotify:track:2s53BFN2aKtiBA93tRQtGj", "name": "Rusty Cage", "artist": "Soundgarden", "popularity": 0, "danceability": 0.302, "energy": 0.819, "key": 11, "loudness": -11.364, "mode": 0, "speechiness": 0.0824, "acousticness": 1.84e-05, "instrumentalness": 0.000416, "liveness": 0.0568, "valence": 0.309, "tempo": 102.048, "duration_ms": 265907, "time_signature": 4}, {"uri": "spotify:track:34hoCwSsssai61QCqzGYtX", "name": "Bored To Death", "artist": "blink-182", "popularity": 0, "danceability": 0.502, "energy": 0.966, "key": 0, "loudness": -3.876, "mode": 1, "speechiness": 0.0946, "acousticness": 0.00575, "instrumentalness": 1.56e-06, "liveness": 0.117, "valence": 0.638, "tempo": 159.948, "duration_ms": 235613, "time_signature": 4}, {"uri": "spotify:track:2V4Bc2I962j7acQj1N0PiQ", "name": "Celebrity Skin", "artist": "Hole", "popularity": 70, "danceability": 0.438, "energy": 0.905, "key": 9, "loudness": -6.161, "mode": 1, "speechiness": 0.0419, "acousticness": 9.44e-06, "instrumentalness": 5.4e-05, "liveness": 0.363, "valence": 0.723, "tempo": 134.163, "duration_ms": 162667, "time_signature": 4}, {"uri": "spotify:track:60P2olAVgTm0UL2VXXHEhj", "name": "Circles", "artist": "Pierce The Veil", "popularity": 0, "danceability": 0.504, "energy": 0.976, "key": 11, "loudness": -3.136, "mode": 0, "speechiness": 0.0975, "acousticness": 0.000186, "instrumentalness": 4.97e-05, "liveness": 0.141, "valence": 0.368, "tempo": 80.996, "duration_ms": 224307, "time_signature": 4}, {"uri": "spotify:track:4Avvd1ZV1CX4zLzeMVp8RO", "name": "Curse the Weather", "artist": "Royal Tusk", "popularity": 21, "danceability": 0.311, "energy": 0.884, "key": 11, "loudness": -4.313, "mode": 1, "speechiness": 0.0703, "acousticness": 0.000133, "instrumentalness": 0.0265, "liveness": 0.124, "valence": 0.364, "tempo": 131.733, "duration_ms": 223560, "time_signature": 4}, {"uri": "spotify:track:0Z2wvNROelCrTqUM28RLYt", "name": "Bang Bang", "artist": "Green Day", "popularity": 0, "danceability": 0.503, "energy": 0.984, "key": 9, "loudness": -1.65, "mode": 1, "speechiness": 0.112, "acousticness": 0.000359, "instrumentalness": 2.18e-06, "liveness": 0.409, "valence": 0.368, "tempo": 127.484, "duration_ms": 205440, "time_signature": 4}, {"uri": "spotify:track:24efdUt3KGbZ6wnBLp6j2n", "name": "Beating Heart Baby", "artist": "Head Automatica", "popularity": 54, "danceability": 0.458, "energy": 0.971, "key": 8, "loudness": -4.549, "mode": 1, "speechiness": 0.1, "acousticness": 0.0027, "instrumentalness": 0, "liveness": 0.179, "valence": 0.49, "tempo": 149.944, "duration_ms": 203733, "time_signature": 4}, {"uri": "spotify:track:3h2pnVxdlwh4NWjRkSiMac", "name": "When You Were Young", "artist": "The Killers", "popularity": 0, "danceability": 0.442, "energy": 0.973, "key": 8, "loudness": -3.059, "mode": 0, "speechiness": 0.146, "acousticness": 0.000328, "instrumentalness": 0.0397, "liveness": 0.312, "valence": 0.258, "tempo": 130.458, "duration_ms": 220413, "time_signature": 4}, {"uri": "spotify:track:6LzsmlN5UbCYytaaKZueRH", "name": "Pink Lemonade", "artist": "James Bay", "popularity": 0, "danceability": 0.474, "energy": 0.921, "key": 1, "loudness": -2.506, "mode": 0, "speechiness": 0.0478, "acousticness": 0.000114, "instrumentalness": 0.0266, "liveness": 0.746, "valence": 0.715, "tempo": 152.078, "duration_ms": 252933, "time_signature": 4}, {"uri": "spotify:track:2x4F1O1fGO6yj860N2Or0N", "name": "Who Needs You", "artist": "The Orwells", "popularity": 46, "danceability": 0.3, "energy": 0.88, "key": 5, "loudness": -4.573, "mode": 1, "speechiness": 0.0465, "acousticness": 1.37e-05, "instrumentalness": 0.0273, "liveness": 0.0746, "valence": 0.563, "tempo": 207.92, "duration_ms": 199147, "time_signature": 4}, {"uri": "spotify:track:5kr3j5Clb9rjEposoMyLVt", "name": "Welcome to Paradise", "artist": "Green Day", "popularity": 70, "danceability": 0.37, "energy": 0.96, "key": 3, "loudness": -4.162, "mode": 0, "speechiness": 0.0378, "acousticness": 0.000241, "instrumentalness": 0.0116, "liveness": 0.0563, "valence": 0.717, "tempo": 89.428, "duration_ms": 224133, "time_signature": 4}, {"uri": "spotify:track:4o2mXUsityYafHUt0kWjFx", "name": "Fall", "artist": "Palisades", "popularity": 54, "danceability": 0.516, "energy": 0.941, "key": 6, "loudness": -4.371, "mode": 0, "speechiness": 0.0529, "acousticness": 0.00216, "instrumentalness": 0, "liveness": 0.407, "valence": 0.549, "tempo": 145.048, "duration_ms": 218856, "time_signature": 4}, {"uri": "spotify:track:53xIMpFKswj3mqbPuiFJC0", "name": "GREAT NIGHT (feat. Shovels & Rope)", "artist": "NEEDTOBREATHE", "popularity": 40, "danceability": 0.453, "energy": 0.914, "key": 1, "loudness": -3.445, "mode": 1, "speechiness": 0.0825, "acousticness": 0.0018, "instrumentalness": 0, "liveness": 0.349, "valence": 0.504, "tempo": 129.841, "duration_ms": 175680, "time_signature": 4}, {"uri": "spotify:track:5N0ToFp1DWQnG3EX24TNPs", "name": "Hated", "artist": "Beartooth", "popularity": 0, "danceability": 0.458, "energy": 0.99, "key": 8, "loudness": -3.717, "mode": 1, "speechiness": 0.183, "acousticness": 0.000285, "instrumentalness": 0.000893, "liveness": 0.454, "valence": 0.46, "tempo": 166.904, "duration_ms": 211430, "time_signature": 4}, {"uri": "spotify:track:0Tpc0c8WaTnbYsoWoJ06k2", "name": "Oh My Heart", "artist": "Night Riots", "popularity": 41, "danceability": 0.469, "energy": 0.894, "key": 8, "loudness": -4.981, "mode": 1, "speechiness": 0.0508, "acousticness": 3.61e-05, "instrumentalness": 0.542, "liveness": 0.512, "valence": 0.476, "tempo": 162.979, "duration_ms": 191522, "time_signature": 4}, {"uri": "spotify:track:7ve7SjgFNCQiuwaYP6uERF", "name": "Alive With The Glory Of Love", "artist": "Say Anything", "popularity": 0, "danceability": 0.36, "energy": 0.912, "key": 9, "loudness": -4.631, "mode": 1, "speechiness": 0.121, "acousticness": 0.0534, "instrumentalness": 0, "liveness": 0.183, "valence": 0.624, "tempo": 202.791, "duration_ms": 254973, "time_signature": 4}, {"uri": "spotify:track:6Ntw7a75QeRdBy5twUjwDM", "name": "Loveblood", "artist": "Sundara Karma", "popularity": 0, "danceability": 0.373, "energy": 0.89, "key": 2, "loudness": -4.607, "mode": 1, "speechiness": 0.0544, "acousticness": 2.24e-05, "instrumentalness": 0.0601, "liveness": 0.408, "valence": 0.222, "tempo": 170.042, "duration_ms": 245120, "time_signature": 4}, {"uri": "spotify:track:0qnOjNW04qpcgXqD9dwru2", "name": "Killer Whales", "artist": "Smallpools", "popularity": 51, "danceability": 0.416, "energy": 0.849, "key": 8, "loudness": -3.833, "mode": 1, "speechiness": 0.0503, "acousticness": 0.000303, "instrumentalness": 4.23e-05, "liveness": 0.185, "valence": 0.677, "tempo": 144.844, "duration_ms": 222760, "time_signature": 4}, {"uri": "spotify:track:2XgTw2co6xv95TmKpMcL70", "name": "Square Hammer", "artist": "Ghost", "popularity": 61, "danceability": 0.53, "energy": 0.903, "key": 2, "loudness": -4.396, "mode": 0, "speechiness": 0.0483, "acousticness": 3.31e-05, "instrumentalness": 0.182, "liveness": 0.259, "valence": 0.747, "tempo": 129.983, "duration_ms": 239293, "time_signature": 4}, {"uri": "spotify:track:51EhqjwJH9AmtnQhxVGv1F", "name": "Oh No", "artist": "Goodbye June", "popularity": 0, "danceability": 0.259, "energy": 0.978, "key": 8, "loudness": -3.842, "mode": 1, "speechiness": 0.22, "acousticness": 0.000477, "instrumentalness": 0.000314, "liveness": 0.268, "valence": 0.266, "tempo": 132.97, "duration_ms": 220533, "time_signature": 4}, {"uri": "spotify:track:0ntQJM78wzOLVeCUAW7Y45", "name": "Sex on Fire", "artist": "Kings of Leon", "popularity": 82, "danceability": 0.542, "energy": 0.905, "key": 9, "loudness": -5.653, "mode": 1, "speechiness": 0.054, "acousticness": 0.00172, "instrumentalness": 0.0104, "liveness": 0.136, "valence": 0.374, "tempo": 153.398, "duration_ms": 203347, "time_signature": 4}, {"uri": "spotify:track:33iv3wnGMrrDugd7GBso1z", "name": "My Own Worst Enemy", "artist": "Lit", "popularity": 73, "danceability": 0.494, "energy": 0.946, "key": 4, "loudness": -2.757, "mode": 1, "speechiness": 0.0637, "acousticness": 0.00129, "instrumentalness": 0, "liveness": 0.398, "valence": 0.741, "tempo": 103.408, "duration_ms": 169027, "time_signature": 4}, {"uri": "spotify:track:12mF5rnbbT7jNqiBv8NBFt", "name": "My Friends Over You", "artist": "New Found Glory", "popularity": 0, "danceability": 0.398, "energy": 0.978, "key": 2, "loudness": -4.001, "mode": 1, "speechiness": 0.133, "acousticness": 0.000291, "instrumentalness": 0, "liveness": 0.0947, "valence": 0.441, "tempo": 177.797, "duration_ms": 220200, "time_signature": 4}, {"uri": "spotify:track:6Ou4ZbbiRTSMpgIQqMy6Pt", "name": "Every Time I Look For You", "artist": "blink-182", "popularity": 48, "danceability": 0.504, "energy": 0.956, "key": 11, "loudness": -2.95, "mode": 1, "speechiness": 0.0469, "acousticness": 0.00162, "instrumentalness": 0, "liveness": 0.376, "valence": 0.645, "tempo": 128.25, "duration_ms": 185027, "time_signature": 4}, {"uri": "spotify:track:6o39Ln9118FKTMbM4BvcEy", "name": "Drown", "artist": "Bring Me The Horizon", "popularity": 71, "danceability": 0.405, "energy": 0.94, "key": 1, "loudness": -3.103, "mode": 0, "speechiness": 0.0844, "acousticness": 0.000102, "instrumentalness": 2.79e-05, "liveness": 0.719, "valence": 0.24, "tempo": 143.126, "duration_ms": 222093, "time_signature": 4}, {"uri": "spotify:track:42et6fnHCw1HIPSrdPprMl", "name": "Semi-Charmed Life", "artist": "Third Eye Blind", "popularity": 76, "danceability": 0.64, "energy": 0.864, "key": 7, "loudness": -6.576, "mode": 1, "speechiness": 0.0314, "acousticness": 0.00832, "instrumentalness": 0, "liveness": 0.123, "valence": 0.701, "tempo": 102.026, "duration_ms": 268360, "time_signature": 4}, {"uri": "spotify:track:5dTHtzHFPyi8TlTtzoz1J9", "name": "Helena", "artist": "My Chemical Romance", "popularity": 75, "danceability": 0.356, "energy": 0.96, "key": 4, "loudness": -3.487, "mode": 1, "speechiness": 0.104, "acousticness": 0.0142, "instrumentalness": 0, "liveness": 0.209, "valence": 0.0857, "tempo": 125.921, "duration_ms": 204733, "time_signature": 4}, {"uri": "spotify:track:0jUyIAehDk6svz4Neqi5sp", "name": "Up In The Air", "artist": "Thirty Seconds To Mars", "popularity": 0, "danceability": 0.471, "energy": 0.826, "key": 11, "loudness": -6.014, "mode": 0, "speechiness": 0.0897, "acousticness": 0.00685, "instrumentalness": 0, "liveness": 0.187, "valence": 0.422, "tempo": 124.033, "duration_ms": 277120, "time_signature": 4}, {"uri": "spotify:track:1595LW73XBxkRk2ciQOHfr", "name": "A-Punk", "artist": "Vampire Weekend", "popularity": 8, "danceability": 0.548, "energy": 0.816, "key": 2, "loudness": -4.478, "mode": 1, "speechiness": 0.0499, "acousticness": 0.0104, "instrumentalness": 0.0543, "liveness": 0.152, "valence": 0.857, "tempo": 174.993, "duration_ms": 137760, "time_signature": 4}, {"uri": "spotify:track:44psOy0D0SP8rcIiUgKgBs", "name": "Tightrope", "artist": "WALK THE MOON", "popularity": 55, "danceability": 0.467, "energy": 0.794, "key": 1, "loudness": -6.174, "mode": 0, "speechiness": 0.0349, "acousticness": 8.39e-05, "instrumentalness": 0.00204, "liveness": 0.103, "valence": 0.589, "tempo": 162.435, "duration_ms": 209187, "time_signature": 4}, {"uri": "spotify:track:5ugzDiilhy6ILKmKfhEzd7", "name": "The Hand That Feeds", "artist": "Nine Inch Nails", "popularity": 64, "danceability": 0.587, "energy": 0.99, "key": 0, "loudness": -4.496, "mode": 1, "speechiness": 0.0783, "acousticness": 0.0172, "instrumentalness": 0.000668, "liveness": 0.104, "valence": 0.486, "tempo": 127.992, "duration_ms": 211680, "time_signature": 4}, {"uri": "spotify:track:5JtPGzRgrWxkXX9LoROq3d", "name": "1901", "artist": "Phoenix", "popularity": 0, "danceability": 0.604, "energy": 0.825, "key": 0, "loudness": -5.373, "mode": 1, "speechiness": 0.0429, "acousticness": 0.0564, "instrumentalness": 5.8e-05, "liveness": 0.192, "valence": 0.707, "tempo": 144.085, "duration_ms": 193107, "time_signature": 4}, {"uri": "spotify:track:276BiOUCz2cMLxAY8ERvEU", "name": "Wolves of Winter", "artist": "Biffy Clyro", "popularity": 34, "danceability": 0.546, "energy": 0.857, "key": 5, "loudness": -4.748, "mode": 1, "speechiness": 0.0445, "acousticness": 0.00031, "instrumentalness": 0.00111, "liveness": 0.384, "valence": 0.373, "tempo": 110.293, "duration_ms": 248517, "time_signature": 3}, {"uri": "spotify:track:28qibzvW2qqNDfAsAS71pL", "name": "You & Me", "artist": "The Hunna", "popularity": 28, "danceability": 0.398, "energy": 0.893, "key": 4, "loudness": -3.217, "mode": 1, "speechiness": 0.0783, "acousticness": 0.000749, "instrumentalness": 0, "liveness": 0.128, "valence": 0.563, "tempo": 146.005, "duration_ms": 181525, "time_signature": 4}, {"uri": "spotify:track:1KDYN3odJHnj9pqGHN3FVs", "name": "My Body", "artist": "Young the Giant", "popularity": 63, "danceability": 0.488, "energy": 0.909, "key": 10, "loudness": -6.591, "mode": 1, "speechiness": 0.0929, "acousticness": 0.0011, "instrumentalness": 1.02e-05, "liveness": 0.456, "valence": 0.643, "tempo": 129.774, "duration_ms": 244400, "time_signature": 4}]