[{"uri": "spotify:track:1OlYcAdEPMmjgBhOqpF0se", "name": "Old Friend - Instrumental", "artist": "Darlingside", "popularity": 34, "danceability": 0.28, "energy": 0.279, "key": 3, "loudness": -14.003, "mode": 1, "speechiness": 0.0307, "acousticness": 0.818, "instrumentalness": 0.915, "liveness": 0.111, "valence": 0.55, "tempo": 80.257, "duration_ms": 145136, "time_signature": 4}, {"uri": "spotify:track:7FSVDHLGYH54TPOntXBFoP", "name": "Hat of Rain", "artist": "Hiss Golden Messenger", "popularity": 0, "danceability": 0.382, "energy": 0.61, "key": 7, "loudness": -16.082, "mode": 1, "speechiness": 0.0444, "acousticness": 0.665, "instrumentalness": 0.934, "liveness": 0.0831, "valence": 0.477, "tempo": 163.923, "duration_ms": 136339, "time_signature": 5}, {"uri": "spotify:track:74KdVnlCyEqUod4bti2GBc", "name": "Goodbye, Honey, You Call That Gone", "artist": "Jake Blount", "popularity": 36, "danceability": 0.679, "energy": 0.632, "key": 2, "loudness": -13.32, "mode": 0, "speechiness": 0.0334, "acousticness": 0.947, "instrumentalness": 0.92, "liveness": 0.0965, "valence": 0.956, "tempo": 105.059, "duration_ms": 130547, "time_signature": 4}, {"uri": "spotify:track:1B7KXeQOP0QBPHzJLowkKK", "name": "Georgia Drumbeat - Instrumental", "artist": "Dom Flemons", "popularity": 0, "danceability": 0.631, "energy": 0.431, "key": 1, "loudness": -13.921, "mode": 0, "speechiness": 0.0979, "acousticness": 0.0509, "instrumentalness": 0.573, "liveness": 0.109, "valence": 0.339, "tempo": 156.503, "duration_ms": 168470, "time_signature": 4}, {"uri": "spotify:track:17RE55cpX3f07WUuIuwXWH", "name": "Neglect", "artist": "Courtney Hartman", "popularity": 0, "danceability": 0.486, "energy": 0.251, "key": 2, "loudness": -16.933, "mode": 1, "speechiness": 0.0376, "acousticness": 0.983, "instrumentalness": 0.898, "liveness": 0.0699, "valence": 0.247, "tempo": 122.808, "duration_ms": 192263, "time_signature": 4}, {"uri": "spotify:track:3QDwa1AZKMBPrEMmme8gXo", "name": "Alpine Star", "artist": "William Tyler", "popularity": 0, "danceability": 0.413, "energy": 0.53, "key": 0, "loudness": -9.59, "mode": 1, "speechiness": 0.0302, "acousticness": 0.711, "instrumentalness": 0.933, "liveness": 0.127, "valence": 0.197, "tempo": 115.6, "duration_ms": 326573, "time_signature": 3}, {"uri": "spotify:track:7ikjE2hONSibKyentZnhln", "name": "Splintered - Instrumental", "artist": "Aisha Badru", "popularity": 38, "danceability": 0.509, "energy": 0.292, "key": 1, "loudness": -18.421, "mode": 0, "speechiness": 0.0343, "acousticness": 0.768, "instrumentalness": 0.882, "liveness": 0.108, "valence": 0.0539, "tempo": 147.917, "duration_ms": 250453, "time_signature": 4}, {"uri": "spotify:track:6tPCFKdtVp9zMCV3JJlj6C", "name": "Impossible Air", "artist": "Nathan Salsburg", "popularity": 3, "danceability": 0.557, "energy": 0.207, "key": 8, "loudness": -13.69, "mode": 1, "speechiness": 0.0554, "acousticness": 0.821, "instrumentalness": 0.876, "liveness": 0.117, "valence": 0.427, "tempo": 90.128, "duration_ms": 288053, "time_signature": 4}, {"uri": "spotify:track:6iNO31NlTHD66Izp5vxry8", "name": "Cloud Corner", "artist": "Marisa Anderson", "popularity": 39, "danceability": 0.326, "energy": 0.458, "key": 4, "loudness": -10.046, "mode": 1, "speechiness": 0.0315, "acousticness": 0.188, "instrumentalness": 0.853, "liveness": 0.181, "valence": 0.111, "tempo": 141.898, "duration_ms": 202011, "time_signature": 5}, {"uri": "spotify:track:6Jl9PxWmGOoSxOBWa00Z0q", "name": "Unspecified Bird Calls", "artist": "Grayson Erhard", "popularity": 0, "danceability": 0.61, "energy": 0.376, "key": 7, "loudness": -11.68, "mode": 1, "speechiness": 0.037, "acousticness": 0.648, "instrumentalness": 0.803, "liveness": 0.0927, "valence": 0.375, "tempo": 146.014, "duration_ms": 145689, "time_signature": 4}, {"uri": "spotify:track:2bATVm3tseBCNJTTolIHOP", "name": "White Horses - Instrumental", "artist": "Darlingside", "popularity": 26, "danceability": 0.535, "energy": 0.456, "key": 7, "loudness": -11.254, "mode": 1, "speechiness": 0.0291, "acousticness": 0.285, "instrumentalness": 0.889, "liveness": 0.0867, "valence": 0.608, "tempo": 76.428, "duration_ms": 250470, "time_signature": 4}, {"uri": "spotify:track:0SeCA3vPHuXGP6sizB05ZA", "name": "Twins", "artist": "Matt Kivel", "popularity": 42, "danceability": 0.581, "energy": 0.14, "key": 5, "loudness": -23.095, "mode": 1, "speechiness": 0.214, "acousticness": 0.971, "instrumentalness": 0.955, "liveness": 0.109, "valence": 0.248, "tempo": 183.773, "duration_ms": 50015, "time_signature": 4}, {"uri": "spotify:track:3l3Wh4KRKll7nFdpCFfDe5", "name": "Undefined", "artist": "William Ryan Fritch", "popularity": 32, "danceability": 0.211, "energy": 0.507, "key": 11, "loudness": -16.056, "mode": 0, "speechiness": 0.0467, "acousticness": 0.859, "instrumentalness": 0.947, "liveness": 0.0884, "valence": 0.14, "tempo": 125.473, "duration_ms": 138948, "time_signature": 3}, {"uri": "spotify:track:7th5cSpLRONE5nrvzkSiLS", "name": "Cascade", "artist": "Danny Black", "popularity": 31, "danceability": 0.353, "energy": 0.865, "key": 5, "loudness": -5.732, "mode": 1, "speechiness": 0.0378, "acousticness": 0.765, "instrumentalness": 0.896, "liveness": 0.204, "valence": 0.826, "tempo": 169.868, "duration_ms": 131213, "time_signature": 3}, {"uri": "spotify:track:217H94y73OgLMiT7LswFEn", "name": "Static Orphans", "artist": "The Barr Brothers", "popularity": 0, "danceability": 0.237, "energy": 0.315, "key": 11, "loudness": -18.468, "mode": 0, "speechiness": 0.044, "acousticness": 0.97, "instrumentalness": 0.898, "liveness": 0.285, "valence": 0.521, "tempo": 171.55, "duration_ms": 124560, "time_signature": 3}, {"uri": "spotify:track:2SJ8bLidXSMbGrdqmOW5ks", "name": "South Australian Border", "artist": "James Kenyon", "popularity": 30, "danceability": 0.329, "energy": 0.225, "key": 4, "loudness": -22.526, "mode": 1, "speechiness": 0.0382, "acousticness": 0.871, "instrumentalness": 0.903, "liveness": 0.109, "valence": 0.316, "tempo": 112.905, "duration_ms": 121111, "time_signature": 3}, {"uri": "spotify:track:383MxeoXVw7bdeBKEz68Po", "name": "Here Too Far", "artist": "Beta Radio", "popularity": 44, "danceability": 0.516, "energy": 0.0971, "key": 5, "loudness": -20.081, "mode": 1, "speechiness": 0.0559, "acousticness": 0.974, "instrumentalness": 0.951, "liveness": 0.108, "valence": 0.46, "tempo": 107.037, "duration_ms": 55213, "time_signature": 4}, {"uri": "spotify:track:0ksfRvHljT8MW9dlhmQMia", "name": "Shadrach", "artist": "Brown Bird", "popularity": 39, "danceability": 0.499, "energy": 0.564, "key": 9, "loudness": -9.736, "mode": 0, "speechiness": 0.0417, "acousticness": 0.582, "instrumentalness": 0.881, "liveness": 0.087, "valence": 0.559, "tempo": 154.024, "duration_ms": 171480, "time_signature": 4}, {"uri": "spotify:track:0qlwfXNM5YTxYzLMtZuTym", "name": "La Mer Peu Profonde", "artist": "The Ballroom Thieves", "popularity": 0, "danceability": 0.543, "energy": 0.148, "key": 5, "loudness": -17.457, "mode": 1, "speechiness": 0.0693, "acousticness": 0.833, "instrumentalness": 0.881, "liveness": 0.11, "valence": 0.421, "tempo": 134.084, "duration_ms": 60387, "time_signature": 4}, {"uri": "spotify:track:0sBqNVnk1Z8VYfQMkHGskp", "name": "On the Atlantic Ocean", "artist": "Ben Sollee", "popularity": 0, "danceability": 0.278, "energy": 0.000879, "key": 8, "loudness": -38.243, "mode": 1, "speechiness": 0.0525, "acousticness": 0.851, "instrumentalness": 0.987, "liveness": 0.0892, "valence": 0.0396, "tempo": 64.154, "duration_ms": 172389, "time_signature": 3}, {"uri": "spotify:track:6I7U9PRJPSLrmnieJA4B8U", "name": "Across White Oak Mountain", "artist": "Chuck Johnson", "popularity": 0, "danceability": 0.185, "energy": 0.433, "key": 0, "loudness": -12.409, "mode": 1, "speechiness": 0.041, "acousticness": 0.885, "instrumentalness": 0.964, "liveness": 0.155, "valence": 0.635, "tempo": 114.24, "duration_ms": 230449, "time_signature": 4}, {"uri": "spotify:track:7qWRxZQ6YTNDxUV3MRuZiV", "name": "Interlude", "artist": "Lindsay Lou & the Flatbellys", "popularity": 0, "danceability": 0.566, "energy": 0.155, "key": 2, "loudness": -18.76, "mode": 1, "speechiness": 0.033, "acousticness": 0.828, "instrumentalness": 0.819, "liveness": 0.116, "valence": 0.69, "tempo": 108.51, "duration_ms": 31844, "time_signature": 4}, {"uri": "spotify:track:3X4a2AYRrq5H5QWySInuyU", "name": "The Beekeeper", "artist": "Danny Black", "popularity": 31, "danceability": 0.638, "energy": 0.504, "key": 11, "loudness": -6.269, "mode": 0, "speechiness": 0.065, "acousticness": 0.897, "instrumentalness": 0.83, "liveness": 0.11, "valence": 0.633, "tempo": 116.632, "duration_ms": 129613, "time_signature": 4}, {"uri": "spotify:track:6xBv2Rlq9DiYeTBFno0uR5", "name": "Cedarsmoke", "artist": "Sea Wolf", "popularity": 32, "danceability": 0.168, "energy": 0.368, "key": 2, "loudness": -17.304, "mode": 0, "speechiness": 0.0608, "acousticness": 0.77, "instrumentalness": 0.938, "liveness": 0.312, "valence": 0.372, "tempo": 85.377, "duration_ms": 214093, "time_signature": 5}, {"uri": "spotify:track:6NiCAvbTwwW305zhHBfS6d", "name": "I Can't Tell My Secret Weapon", "artist": "Chessboxer", "popularity": 31, "danceability": 0.678, "energy": 0.181, "key": 7, "loudness": -10.56, "mode": 1, "speechiness": 0.0504, "acousticness": 0.822, "instrumentalness": 0.91, "liveness": 0.112, "valence": 0.0684, "tempo": 118.035, "duration_ms": 153773, "time_signature": 5}, {"uri": "spotify:track:2JBCRQHglccEoLT1xvwLoM", "name": "Fletcher Bay - Instrumental", "artist": "Harry Pane", "popularity": 37, "danceability": 0.438, "energy": 0.291, "key": 1, "loudness": -14.663, "mode": 1, "speechiness": 0.0383, "acousticness": 0.754, "instrumentalness": 0.77, "liveness": 0.239, "valence": 0.342, "tempo": 171.585, "duration_ms": 190168, "time_signature": 4}, {"uri": "spotify:track:3Zb3SXZdtyNA0Cdq0DWLeC", "name": "Chime", "artist": "Alan Gogoll", "popularity": 39, "danceability": 0.55, "energy": 0.327, "key": 1, "loudness": -22.131, "mode": 1, "speechiness": 0.0441, "acousticness": 0.516, "instrumentalness": 0.819, "liveness": 0.115, "valence": 0.713, "tempo": 121.806, "duration_ms": 106286, "time_signature": 4}, {"uri": "spotify:track:0aFjIDGbpXAspTiSHXmU45", "name": "Instrumental", "artist": "Joshua Hyslop", "popularity": 0, "danceability": 0.566, "energy": 0.244, "key": 4, "loudness": -15.977, "mode": 1, "speechiness": 0.0536, "acousticness": 0.833, "instrumentalness": 0.935, "liveness": 0.125, "valence": 0.207, "tempo": 113.79, "duration_ms": 177360, "time_signature": 5}, {"uri": "spotify:track:2tJ5nxeNIFTNGSqyFvG8Ov", "name": "Intro", "artist": "Sea Wolf", "popularity": 31, "danceability": 0.234, "energy": 0.333, "key": 0, "loudness": -18.284, "mode": 1, "speechiness": 0.0425, "acousticness": 0.704, "instrumentalness": 0.868, "liveness": 0.334, "valence": 0.144, "tempo": 184.839, "duration_ms": 140000, "time_signature": 3}, {"uri": "spotify:track:0U00mgaUXkkDDBwYN1JE3q", "name": "Gone Clear", "artist": "William Tyler", "popularity": 0, "danceability": 0.245, "energy": 0.362, "key": 7, "loudness": -10.827, "mode": 1, "speechiness": 0.0345, "acousticness": 0.786, "instrumentalness": 0.934, "liveness": 0.12, "valence": 0.0566, "tempo": 139.992, "duration_ms": 367570, "time_signature": 4}, {"uri": "spotify:track:5rNaSws9k7wzVLOyJ508IO", "name": "Can the Gwot Save Us?", "artist": "Kaki King", "popularity": 33, "danceability": 0.335, "energy": 0.041, "key": 8, "loudness": -20.502, "mode": 1, "speechiness": 0.0423, "acousticness": 0.943, "instrumentalness": 0.866, "liveness": 0.11, "valence": 0.0362, "tempo": 130.509, "duration_ms": 260253, "time_signature": 1}, {"uri": "spotify:track:1DprJIKazijA5UkXiR6oQ6", "name": "Perfect Instance", "artist": "City of the Sun", "popularity": 0, "danceability": 0.481, "energy": 0.256, "key": 5, "loudness": -14.291, "mode": 0, "speechiness": 0.0284, "acousticness": 0.727, "instrumentalness": 0.816, "liveness": 0.114, "valence": 0.0383, "tempo": 104.112, "duration_ms": 253061, "time_signature": 3}, {"uri": "spotify:track:75s7uFrBUhwHH4sVbsSn0a", "name": "Elk River", "artist": "Six Organs Of Admittance", "popularity": 36, "danceability": 0.39, "energy": 0.186, "key": 2, "loudness": -14.432, "mode": 1, "speechiness": 0.0771, "acousticness": 0.341, "instrumentalness": 0.713, "liveness": 0.111, "valence": 0.151, "tempo": 137.697, "duration_ms": 191347, "time_signature": 4}, {"uri": "spotify:track:6rOVbgBB8YTpUrrSflSF2O", "name": "Masollan", "artist": "Balmorhea", "popularity": 9, "danceability": 0.459, "energy": 0.325, "key": 4, "loudness": -13.411, "mode": 1, "speechiness": 0.0261, "acousticness": 0.324, "instrumentalness": 0.899, "liveness": 0.113, "valence": 0.176, "tempo": 90.817, "duration_ms": 313460, "time_signature": 4}, {"uri": "spotify:track:6kVGpBhaHX3PQWaQ7tEpe4", "name": "They Fixed The Broken Windmill Today", "artist": "Six Organs Of Admittance", "popularity": 32, "danceability": 0.337, "energy": 0.259, "key": 5, "loudness": -15.595, "mode": 1, "speechiness": 0.0513, "acousticness": 0.842, "instrumentalness": 0.875, "liveness": 0.112, "valence": 0.291, "tempo": 104.819, "duration_ms": 438093, "time_signature": 4}, {"uri": "spotify:track:46rTa2aNbVMfTzaMo3vL0h", "name": "Calon Lan", "artist": "Chessboxer", "popularity": 34, "danceability": 0.305, "energy": 0.379, "key": 9, "loudness": -9.039, "mode": 1, "speechiness": 0.0335, "acousticness": 0.977, "instrumentalness": 0.891, "liveness": 0.101, "valence": 0.639, "tempo": 191.16, "duration_ms": 255213, "time_signature": 3}, {"uri": "spotify:track:7sGdAmegA4tEPFaW21ImxR", "name": "Carbon Scores and Smoke", "artist": "Mappe Of", "popularity": 0, "danceability": 0.617, "energy": 0.537, "key": 6, "loudness": -10.64, "mode": 1, "speechiness": 0.0309, "acousticness": 0.892, "instrumentalness": 0.589, "liveness": 0.671, "valence": 0.388, "tempo": 139.895, "duration_ms": 365200, "time_signature": 4}, {"uri": "spotify:track:1YgPS8qdg3lbX4Tmv97rYw", "name": "Home Over Yonder Variations Pt. 2", "artist": "Sarah Louise", "popularity": 0, "danceability": 0.278, "energy": 0.439, "key": 6, "loudness": -12.771, "mode": 1, "speechiness": 0.0388, "acousticness": 0.817, "instrumentalness": 0.958, "liveness": 0.11, "valence": 0.504, "tempo": 111.05, "duration_ms": 153287, "time_signature": 5}, {"uri": "spotify:track:1gncrVlz927rYTePwskx7G", "name": "What Stays in Motion / A Slow Burn", "artist": "William Ryan Fritch", "popularity": 25, "danceability": 0.297, "energy": 0.299, "key": 11, "loudness": -15.025, "mode": 1, "speechiness": 0.0311, "acousticness": 0.803, "instrumentalness": 0.946, "liveness": 0.169, "valence": 0.0439, "tempo": 146.373, "duration_ms": 213925, "time_signature": 3}, {"uri": "spotify:track:2rknjj7MqyOPIif150QmXg", "name": "Bellwoods Park", "artist": "Shawn William Clarke", "popularity": 25, "danceability": 0.222, "energy": 0.484, "key": 5, "loudness": -15.085, "mode": 1, "speechiness": 0.0277, "acousticness": 0.0278, "instrumentalness": 0.798, "liveness": 0.114, "valence": 0.493, "tempo": 94.73, "duration_ms": 215213, "time_signature": 4}, {"uri": "spotify:track:2FkO5IfLhFWOHAL3yTWApl", "name": "Smeared Pointillist Painting", "artist": "Matt Costa", "popularity": 0, "danceability": 0.504, "energy": 0.3, "key": 1, "loudness": -12.364, "mode": 1, "speechiness": 0.0351, "acousticness": 0.861, "instrumentalness": 0.889, "liveness": 0.123, "valence": 0.265, "tempo": 105.402, "duration_ms": 159204, "time_signature": 4}, {"uri": "spotify:track:2rXcLC10mje0oGD0VdIIg0", "name": "Field (feat. Ren Ford)", "artist": "Keaton Henson", "popularity": 36, "danceability": 0.137, "energy": 0.0751, "key": 0, "loudness": -16.527, "mode": 1, "speechiness": 0.044, "acousticness": 0.685, "instrumentalness": 0.427, "liveness": 0.0956, "valence": 0.0395, "tempo": 72.878, "duration_ms": 225503, "time_signature": 4}, {"uri": "spotify:track:24zIONrHkf1uW9R9cxiKbu", "name": "Of Its Own Kind", "artist": "Glenn Jones", "popularity": 0, "danceability": 0.274, "energy": 0.36, "key": 8, "loudness": -13.556, "mode": 1, "speechiness": 0.0386, "acousticness": 0.821, "instrumentalness": 0.94, "liveness": 0.101, "valence": 0.192, "tempo": 106.789, "duration_ms": 445281, "time_signature": 4}, {"uri": "spotify:track:3jgGyltkhzYjDWGibVUBlW", "name": "Duet for Guitars #2", "artist": "M. Ward", "popularity": 0, "danceability": 0.456, "energy": 0.393, "key": 2, "loudness": -14.688, "mode": 1, "speechiness": 0.0433, "acousticness": 0.858, "instrumentalness": 0.824, "liveness": 0.349, "valence": 0.0753, "tempo": 85.813, "duration_ms": 125173, "time_signature": 4}, {"uri": "spotify:track:53V7XcwA8G4QVhheBYXAaA", "name": "Oscilla", "artist": "The Barr Brothers", "popularity": 30, "danceability": 0.119, "energy": 0.129, "key": 2, "loudness": -19.262, "mode": 1, "speechiness": 0.0404, "acousticness": 0.986, "instrumentalness": 0.966, "liveness": 0.0992, "valence": 0.0383, "tempo": 96.091, "duration_ms": 112933, "time_signature": 3}, {"uri": "spotify:track:1ba8qyfCD9olHnAfGGgxts", "name": "Butter and Eggs", "artist": "Julian Lage & Chris Eldridge", "popularity": 40, "danceability": 0.484, "energy": 0.151, "key": 2, "loudness": -18.493, "mode": 1, "speechiness": 0.0493, "acousticness": 0.935, "instrumentalness": 0.207, "liveness": 0.105, "valence": 0.283, "tempo": 137.434, "duration_ms": 204000, "time_signature": 4}, {"uri": "spotify:track:5qMWvCm0ufA59sLxdCmN3U", "name": "The Quiet at Night", "artist": "Mary Lattimore", "popularity": 5, "danceability": 0.533, "energy": 0.212, "key": 2, "loudness": -12.486, "mode": 1, "speechiness": 0.0352, "acousticness": 0.993, "instrumentalness": 0.926, "liveness": 0.101, "valence": 0.212, "tempo": 107.941, "duration_ms": 252394, "time_signature": 4}, {"uri": "spotify:track:5MCJouDXPcrngC3Yf105Fs", "name": "Bright As the Day - Instrumental", "artist": "Darlingside", "popularity": 22, "danceability": 0.257, "energy": 0.192, "key": 2, "loudness": -12.177, "mode": 1, "speechiness": 0.0366, "acousticness": 0.792, "instrumentalness": 0.85, "liveness": 0.0879, "valence": 0.222, "tempo": 118.425, "duration_ms": 185355, "time_signature": 4}, {"uri": "spotify:track:4Jzhluc2ZWHgA8ijEMP1HJ", "name": "Ionia", "artist": "Lindsay Lou & the Flatbellys", "popularity": 0, "danceability": 0.656, "energy": 0.624, "key": 2, "loudness": -14.447, "mode": 1, "speechiness": 0.0271, "acousticness": 0.907, "instrumentalness": 0.865, "liveness": 0.124, "valence": 0.875, "tempo": 110.493, "duration_ms": 193412, "time_signature": 4}, {"uri": "spotify:track:7eVWFB4z9ETseDMJ04ftYi", "name": "Sunset at the Gas Pump", "artist": "Matt Pond PA", "popularity": 26, "danceability": 0.45, "energy": 0.251, "key": 0, "loudness": -17.724, "mode": 1, "speechiness": 0.0443, "acousticness": 0.747, "instrumentalness": 0.772, "liveness": 0.0802, "valence": 0.656, "tempo": 173.989, "duration_ms": 104865, "time_signature": 3}, {"uri": "spotify:track:3MRN6jyUxfffTdOEaHwDOE", "name": "Focus (Rosie's Theme)", "artist": "The Civil Wars & T Bone Burnett", "popularity": 30, "danceability": 0.567, "energy": 0.0795, "key": 0, "loudness": -19.755, "mode": 1, "speechiness": 0.0529, "acousticness": 0.885, "instrumentalness": 0.585, "liveness": 0.0999, "valence": 0.239, "tempo": 132.607, "duration_ms": 141067, "time_signature": 3}, {"uri": "spotify:track:6dLkbgtwhk5vzSLhbRlW8A", "name": "Neanderthal", "artist": "Kaki King", "popularity": 29, "danceability": 0.237, "energy": 0.317, "key": 6, "loudness": -15.322, "mode": 1, "speechiness": 0.0391, "acousticness": 0.87, "instrumentalness": 0.939, "liveness": 0.11, "valence": 0.204, "tempo": 111.312, "duration_ms": 268040, "time_signature": 4}, {"uri": "spotify:track:0w2kb2POWcEtGbbqhXu4IF", "name": "Barrag\u00e1n", "artist": "Blonde Redhead", "popularity": 33, "danceability": 0.446, "energy": 0.234, "key": 5, "loudness": -21.951, "mode": 0, "speechiness": 0.0388, "acousticness": 0.682, "instrumentalness": 0.801, "liveness": 0.111, "valence": 0.412, "tempo": 97.768, "duration_ms": 133980, "time_signature": 4}, {"uri": "spotify:track:47yKkSXhPH2YG8hmdGqCpW", "name": "The Ballad of Barbara Allen", "artist": "Goldmund", "popularity": 0, "danceability": 0.569, "energy": 0.0967, "key": 7, "loudness": -16.331, "mode": 1, "speechiness": 0.0447, "acousticness": 0.933, "instrumentalness": 0.702, "liveness": 0.0872, "valence": 0.168, "tempo": 111.898, "duration_ms": 103573, "time_signature": 5}, {"uri": "spotify:track:7yByBhB0tiRnumK1dtFkmQ", "name": "Those Days Are Now", "artist": "City of the Sun", "popularity": 0, "danceability": 0.354, "energy": 0.32, "key": 7, "loudness": -18.476, "mode": 0, "speechiness": 0.0386, "acousticness": 0.407, "instrumentalness": 0.912, "liveness": 0.124, "valence": 0.232, "tempo": 148.423, "duration_ms": 343020, "time_signature": 4}, {"uri": "spotify:track:17Vyuiin8uY1eOR1imRtqS", "name": "Everything", "artist": "City of the Sun", "popularity": 0, "danceability": 0.361, "energy": 0.237, "key": 5, "loudness": -20.284, "mode": 1, "speechiness": 0.0354, "acousticness": 0.833, "instrumentalness": 0.945, "liveness": 0.0868, "valence": 0.12, "tempo": 139.213, "duration_ms": 338000, "time_signature": 4}, {"uri": "spotify:track:0GNSXFE8a9MkDR4ZTiF4Lj", "name": "Eventual Surrender", "artist": "William Tyler", "popularity": 0, "danceability": 0.541, "energy": 0.335, "key": 0, "loudness": -13.643, "mode": 1, "speechiness": 0.0282, "acousticness": 0.785, "instrumentalness": 0.96, "liveness": 0.0945, "valence": 0.201, "tempo": 80.05, "duration_ms": 183547, "time_signature": 4}, {"uri": "spotify:track:4UgfhLbk4GAPMK1bHAD4z1", "name": "Bewley In Grey", "artist": "Bibio", "popularity": 36, "danceability": 0.398, "energy": 0.609, "key": 11, "loudness": -11.917, "mode": 0, "speechiness": 0.0311, "acousticness": 0.81, "instrumentalness": 0.81, "liveness": 0.0881, "valence": 0.332, "tempo": 82.129, "duration_ms": 101586, "time_signature": 4}, {"uri": "spotify:track:7FVeGaVeBzyw2SKbHOWKMv", "name": "Lakeside", "artist": "Bibio", "popularity": 29, "danceability": 0.261, "energy": 0.289, "key": 4, "loudness": -16.67, "mode": 1, "speechiness": 0.0386, "acousticness": 0.967, "instrumentalness": 0.973, "liveness": 0.21, "valence": 0.15, "tempo": 95.166, "duration_ms": 220013, "time_signature": 3}, {"uri": "spotify:track:7EVcYnk0RQAwjntUiNLiyi", "name": "The Old Favourite", "artist": "The Gloaming", "popularity": 30, "danceability": 0.281, "energy": 0.238, "key": 9, "loudness": -12.343, "mode": 1, "speechiness": 0.0403, "acousticness": 0.97, "instrumentalness": 0.106, "liveness": 0.0875, "valence": 0.147, "tempo": 75.36, "duration_ms": 249840, "time_signature": 3}, {"uri": "spotify:track:0cad378gGsvZfnmE7Sxe9w", "name": "Granny Diner", "artist": "Grizzly Bear", "popularity": 29, "danceability": 0.295, "energy": 0.123, "key": 2, "loudness": -20.399, "mode": 1, "speechiness": 0.038, "acousticness": 0.907, "instrumentalness": 0.605, "liveness": 0.378, "valence": 0.0458, "tempo": 135.083, "duration_ms": 288960, "time_signature": 3}, {"uri": "spotify:track:5eMiGAYw53R3Eyyk8p4Bun", "name": "Toomsuba", "artist": "Matt Marble", "popularity": 22, "danceability": 0.543, "energy": 0.365, "key": 5, "loudness": -12.973, "mode": 0, "speechiness": 0.039, "acousticness": 0.957, "instrumentalness": 0.914, "liveness": 0.118, "valence": 0.355, "tempo": 132.098, "duration_ms": 279375, "time_signature": 4}, {"uri": "spotify:track:1W3WoQ2ECZzQnpOEt3XZVK", "name": "Cumberland Gap", "artist": "Courtney Hartman", "popularity": 37, "danceability": 0.418, "energy": 0.28, "key": 3, "loudness": -17.164, "mode": 1, "speechiness": 0.0369, "acousticness": 0.941, "instrumentalness": 0.839, "liveness": 0.102, "valence": 0.91, "tempo": 110.492, "duration_ms": 133027, "time_signature": 4}, {"uri": "spotify:track:3zeHdmXo195KoBqqHOO6A9", "name": "Duet for Guitars #3", "artist": "M. Ward", "popularity": 0, "danceability": 0.537, "energy": 0.392, "key": 7, "loudness": -12.664, "mode": 1, "speechiness": 0.0443, "acousticness": 0.684, "instrumentalness": 0.834, "liveness": 0.0828, "valence": 0.158, "tempo": 94.681, "duration_ms": 112680, "time_signature": 4}, {"uri": "spotify:track:2vSjs5QYsnVfp1HIDMhHdh", "name": "The Day is Past and Gone (Variations), Extended", "artist": "Sarah Louise", "popularity": 0, "danceability": 0.312, "energy": 0.378, "key": 6, "loudness": -10.956, "mode": 1, "speechiness": 0.0358, "acousticness": 0.842, "instrumentalness": 0.933, "liveness": 0.108, "valence": 0.146, "tempo": 110.443, "duration_ms": 283000, "time_signature": 4}, {"uri": "spotify:track:7gP40cgwzUeDkypRwpSNrf", "name": "All Along the Watchtower (feat. Gabe Witcher) - From Sons of Anarchy (Instrumental)", "artist": "The Forest Rangers", "popularity": 25, "danceability": 0.607, "energy": 0.194, "key": 2, "loudness": -10.396, "mode": 0, "speechiness": 0.0308, "acousticness": 0.97, "instrumentalness": 0.34, "liveness": 0.107, "valence": 0.181, "tempo": 99.835, "duration_ms": 172080, "time_signature": 4}, {"uri": "spotify:track:2wxpgRChMOPsE9lebeEzMj", "name": "Angi", "artist": "Davy Graham", "popularity": 0, "danceability": 0.475, "energy": 0.0703, "key": 0, "loudness": -22.699, "mode": 0, "speechiness": 0.0465, "acousticness": 0.961, "instrumentalness": 0.891, "liveness": 0.13, "valence": 0.497, "tempo": 153.597, "duration_ms": 147067, "time_signature": 4}, {"uri": "spotify:track:3dRkBf8fXhph6yQtQR7uBL", "name": "Si No Te Vas (Instrumental)", "artist": "Carrie Rodriguez", "popularity": 21, "danceability": 0.314, "energy": 0.315, "key": 5, "loudness": -12.686, "mode": 1, "speechiness": 0.0274, "acousticness": 0.533, "instrumentalness": 0.884, "liveness": 0.112, "valence": 0.106, "tempo": 171.439, "duration_ms": 261827, "time_signature": 4}, {"uri": "spotify:track:59tcQJiHwApzE4h6yVnL9i", "name": "Ocean", "artist": "John Butler", "popularity": 52, "danceability": 0.282, "energy": 0.499, "key": 4, "loudness": -7.969, "mode": 1, "speechiness": 0.0292, "acousticness": 0.273, "instrumentalness": 0.908, "liveness": 0.153, "valence": 0.279, "tempo": 95.95, "duration_ms": 699261, "time_signature": 4}, {"uri": "spotify:track:0TmXJc8p6FHnuUilFYrBim", "name": "Dance of Death", "artist": "Andrew Bird", "popularity": 0, "danceability": 0.421, "energy": 0.106, "key": 7, "loudness": -16.393, "mode": 1, "speechiness": 0.0368, "acousticness": 0.978, "instrumentalness": 0.697, "liveness": 0.681, "valence": 0.353, "tempo": 133.339, "duration_ms": 227067, "time_signature": 4}, {"uri": "spotify:track:6X3618mK5K2tKZ1w71309J", "name": "The Cascades", "artist": "Fleet Foxes", "popularity": 0, "danceability": 0.431, "energy": 0.294, "key": 7, "loudness": -13.928, "mode": 1, "speechiness": 0.0269, "acousticness": 0.882, "instrumentalness": 0.901, "liveness": 0.111, "valence": 0.193, "tempo": 88.085, "duration_ms": 127640, "time_signature": 4}, {"uri": "spotify:track:53wIyztwFrKjjHMo7IiLQm", "name": "Budhvaar Raga", "artist": "Kyle Tuttle", "popularity": 28, "danceability": 0.491, "energy": 0.489, "key": 0, "loudness": -11.815, "mode": 1, "speechiness": 0.0699, "acousticness": 0.482, "instrumentalness": 0.869, "liveness": 0.082, "valence": 0.597, "tempo": 113.397, "duration_ms": 314853, "time_signature": 4}, {"uri": "spotify:track:7hpOIIRXsBLVdidajcJ06R", "name": "Great Big God of Hands", "artist": "James Elkington", "popularity": 0, "danceability": 0.345, "energy": 0.447, "key": 4, "loudness": -13.866, "mode": 1, "speechiness": 0.0444, "acousticness": 0.846, "instrumentalness": 0.937, "liveness": 0.116, "valence": 0.349, "tempo": 146.413, "duration_ms": 194708, "time_signature": 3}, {"uri": "spotify:track:6lsGZBXAJ4GFLF6UXdfXs5", "name": "Remington", "artist": "The Honey Dewdrops", "popularity": 37, "danceability": 0.443, "energy": 0.159, "key": 6, "loudness": -17.821, "mode": 1, "speechiness": 0.0426, "acousticness": 0.894, "instrumentalness": 0.757, "liveness": 0.0985, "valence": 0.301, "tempo": 136.843, "duration_ms": 220347, "time_signature": 4}, {"uri": "spotify:track:15BLGHLGn4PW7zjWQyWi1S", "name": "The Lizard", "artist": "Ralegh Long", "popularity": 31, "danceability": 0.552, "energy": 0.387, "key": 4, "loudness": -12.804, "mode": 0, "speechiness": 0.0276, "acousticness": 0.823, "instrumentalness": 0.912, "liveness": 0.146, "valence": 0.391, "tempo": 86.97, "duration_ms": 140843, "time_signature": 4}, {"uri": "spotify:track:1IFELYLpQlreLdG6ahFszj", "name": "Crippled-up Blues", "artist": "3hattrio", "popularity": 27, "danceability": 0.68, "energy": 0.362, "key": 9, "loudness": -13.417, "mode": 0, "speechiness": 0.0415, "acousticness": 0.974, "instrumentalness": 0.879, "liveness": 0.0725, "valence": 0.787, "tempo": 101.024, "duration_ms": 137175, "time_signature": 4}, {"uri": "spotify:track:7qDMwy7Db8urIvxWWiPBoB", "name": "Interruptions (Heart And Breath Nonet): VI French Guitars", "artist": "Richard Reed Parry", "popularity": 21, "danceability": 0.116, "energy": 0.0981, "key": 4, "loudness": -22.015, "mode": 0, "speechiness": 0.0383, "acousticness": 0.824, "instrumentalness": 0.925, "liveness": 0.15, "valence": 0.0779, "tempo": 166.785, "duration_ms": 203800, "time_signature": 3}, {"uri": "spotify:track:0yod6tHyQ4i5P2ArTRDLhz", "name": "Exploding", "artist": "Jim James", "popularity": 0, "danceability": 0.452, "energy": 0.136, "key": 3, "loudness": -16.305, "mode": 1, "speechiness": 0.0299, "acousticness": 0.982, "instrumentalness": 0.862, "liveness": 0.113, "valence": 0.334, "tempo": 106.311, "duration_ms": 120960, "time_signature": 4}, {"uri": "spotify:track:6zL8sJ4H5SrSZuivn0XUPg", "name": "Heads of the Valleys Road", "artist": "Jess Morgan", "popularity": 0, "danceability": 0.529, "energy": 0.0342, "key": 7, "loudness": -21.638, "mode": 1, "speechiness": 0.0513, "acousticness": 0.94, "instrumentalness": 0.728, "liveness": 0.111, "valence": 0.163, "tempo": 79.88, "duration_ms": 124000, "time_signature": 4}, {"uri": "spotify:track:1GGYLHfN6NnY8UKER97oPj", "name": "Buho", "artist": "Ash Black Bufflo", "popularity": 19, "danceability": 0.619, "energy": 0.773, "key": 9, "loudness": -10.443, "mode": 0, "speechiness": 0.0422, "acousticness": 0.397, "instrumentalness": 0.714, "liveness": 0.105, "valence": 0.195, "tempo": 130.006, "duration_ms": 264680, "time_signature": 3}, {"uri": "spotify:track:0w5meNXPj2syJfQSekRA2Y", "name": "Leather and Lace", "artist": "amiina", "popularity": 35, "danceability": 0.273, "energy": 0.137, "key": 2, "loudness": -14.582, "mode": 0, "speechiness": 0.0339, "acousticness": 0.987, "instrumentalness": 0.932, "liveness": 0.0649, "valence": 0.186, "tempo": 86.214, "duration_ms": 244787, "time_signature": 3}, {"uri": "spotify:track:5tpSGHl2739Ogq4PW1jyko", "name": "Instrumental II", "artist": "Noah And The Whale", "popularity": 30, "danceability": 0.399, "energy": 0.0109, "key": 2, "loudness": -19.808, "mode": 1, "speechiness": 0.0522, "acousticness": 0.661, "instrumentalness": 0.592, "liveness": 0.131, "valence": 0.333, "tempo": 104.839, "duration_ms": 96227, "time_signature": 3}, {"uri": "spotify:track:3s128mpojxjvzyafuFmxmF", "name": "Bella Marie", "artist": "Megafaun", "popularity": 0, "danceability": 0.406, "energy": 0.0766, "key": 5, "loudness": -18.95, "mode": 1, "speechiness": 0.0431, "acousticness": 0.857, "instrumentalness": 0.959, "liveness": 0.113, "valence": 0.106, "tempo": 115.495, "duration_ms": 89547, "time_signature": 3}, {"uri": "spotify:track:20CfjF0RDubBV5jlpCIPje", "name": "Volcano - Instrumental", "artist": "Damien Rice", "popularity": 28, "danceability": 0.722, "energy": 0.499, "key": 0, "loudness": -9.932, "mode": 1, "speechiness": 0.0334, "acousticness": 0.396, "instrumentalness": 0.893, "liveness": 0.284, "valence": 0.776, "tempo": 97.024, "duration_ms": 209160, "time_signature": 4}, {"uri": "spotify:track:22oaoUyQpCOKee5Lrz6QSQ", "name": "Waiving to Ryan (The Rolling Waves / The North Star / Sean Ryan's Jig)", "artist": "The Fretless", "popularity": 35, "danceability": 0.439, "energy": 0.497, "key": 4, "loudness": -10.742, "mode": 0, "speechiness": 0.0413, "acousticness": 0.877, "instrumentalness": 0.0293, "liveness": 0.102, "valence": 0.886, "tempo": 127.941, "duration_ms": 327413, "time_signature": 4}, {"uri": "spotify:track:2LG3bDoyaddX9WSDPzPu3V", "name": "To Hugo", "artist": "Clogs", "popularity": 28, "danceability": 0.464, "energy": 0.118, "key": 2, "loudness": -20.309, "mode": 0, "speechiness": 0.0315, "acousticness": 0.97, "instrumentalness": 0.952, "liveness": 0.103, "valence": 0.271, "tempo": 145.142, "duration_ms": 266667, "time_signature": 3}, {"uri": "spotify:track:7FAuw1619lSUKBbC9VVpr2", "name": "Castle Walls - Instrumental", "artist": "Mus\u00e9e M\u00e9canique", "popularity": 28, "danceability": 0.159, "energy": 0.288, "key": 8, "loudness": -13.003, "mode": 1, "speechiness": 0.0386, "acousticness": 0.325, "instrumentalness": 0.938, "liveness": 0.357, "valence": 0.0676, "tempo": 165.71, "duration_ms": 280387, "time_signature": 3}, {"uri": "spotify:track:43x3Mgyfiw2XZJ48quyA15", "name": "Green Arrow", "artist": "Yo La Tengo", "popularity": 0, "danceability": 0.163, "energy": 0.151, "key": 7, "loudness": -19.405, "mode": 0, "speechiness": 0.0336, "acousticness": 0.813, "instrumentalness": 0.846, "liveness": 0.084, "valence": 0.0834, "tempo": 174.58, "duration_ms": 343800, "time_signature": 4}, {"uri": "spotify:track:7tKNwkWyhRUalXj9K8Q0Zv", "name": "Steady Proof", "artist": "Julian Lage & Chris Eldridge", "popularity": 27, "danceability": 0.367, "energy": 0.229, "key": 2, "loudness": -15.406, "mode": 1, "speechiness": 0.0461, "acousticness": 0.947, "instrumentalness": 0.924, "liveness": 0.11, "valence": 0.148, "tempo": 167.948, "duration_ms": 179693, "time_signature": 4}, {"uri": "spotify:track:1aoUb50Wbn7Fk7jhwgCTrT", "name": "Sonata No. 2 in A minor, BWV 1003: I. Grave", "artist": "Johann Sebastian Bach", "popularity": 25, "danceability": 0.553, "energy": 0.0397, "key": 9, "loudness": -29.921, "mode": 0, "speechiness": 0.0921, "acousticness": 0.899, "instrumentalness": 0.788, "liveness": 0.0869, "valence": 0.34, "tempo": 81.207, "duration_ms": 286200, "time_signature": 4}, {"uri": "spotify:track:4iGmKntLtyPe18ZOzMC2FL", "name": "Less Is Moi", "artist": "Yo-Yo Ma", "popularity": 0, "danceability": 0.559, "energy": 0.187, "key": 4, "loudness": -18.941, "mode": 0, "speechiness": 0.0362, "acousticness": 0.896, "instrumentalness": 0.874, "liveness": 0.0618, "valence": 0.476, "tempo": 149.555, "duration_ms": 447667, "time_signature": 5}, {"uri": "spotify:track:7Ko4so8MIU5HBwrCMcOI1c", "name": "Her Smoke Rose Up Forever", "artist": "James Blackshaw", "popularity": 37, "danceability": 0.291, "energy": 0.215, "key": 2, "loudness": -15.706, "mode": 1, "speechiness": 0.0447, "acousticness": 0.962, "instrumentalness": 0.904, "liveness": 0.107, "valence": 0.228, "tempo": 173.255, "duration_ms": 426960, "time_signature": 3}, {"uri": "spotify:track:3rbanyAxECNBbFFi2IM0S2", "name": "Rickover's Dream", "artist": "Michael Hedges", "popularity": 40, "danceability": 0.476, "energy": 0.0514, "key": 0, "loudness": -21.223, "mode": 1, "speechiness": 0.0505, "acousticness": 0.722, "instrumentalness": 0.78, "liveness": 0.0396, "valence": 0.0819, "tempo": 86.664, "duration_ms": 290707, "time_signature": 4}, {"uri": "spotify:track:0FMkEykWCe2vpzv6H3Dsx5", "name": "California Traveler", "artist": "California", "popularity": 23, "danceability": 0.417, "energy": 0.74, "key": 2, "loudness": -9.159, "mode": 1, "speechiness": 0.0283, "acousticness": 0.399, "instrumentalness": 0.905, "liveness": 0.106, "valence": 0.745, "tempo": 136.234, "duration_ms": 308773, "time_signature": 4}, {"uri": "spotify:track:0ndCPlYIOLh54JMzW7tCjl", "name": "Smoothie Song", "artist": "Nickel Creek", "popularity": 20, "danceability": 0.526, "energy": 0.516, "key": 7, "loudness": -11.034, "mode": 1, "speechiness": 0.0384, "acousticness": 0.544, "instrumentalness": 0.0283, "liveness": 0.0921, "valence": 0.506, "tempo": 109.882, "duration_ms": 200800, "time_signature": 4}, {"uri": "spotify:track:0rib9hiYy1NWL0w8BUYgmd", "name": "Sandusky", "artist": "Uncle Tupelo", "popularity": 55, "danceability": 0.525, "energy": 0.594, "key": 4, "loudness": -14.033, "mode": 0, "speechiness": 0.0907, "acousticness": 0.161, "instrumentalness": 0.949, "liveness": 0.0751, "valence": 0.0703, "tempo": 157.917, "duration_ms": 223640, "time_signature": 4}, {"uri": "spotify:track:4YzBw6TuBou23iaiTzABqm", "name": "Blood Branches - Live Version", "artist": "Halves", "popularity": 0, "danceability": 0.247, "energy": 0.345, "key": 7, "loudness": -16.944, "mode": 0, "speechiness": 0.0431, "acousticness": 0.0703, "instrumentalness": 0.337, "liveness": 0.693, "valence": 0.103, "tempo": 167.406, "duration_ms": 212732, "time_signature": 4}, {"uri": "spotify:track:48PkrDxRgOLNf1eCgpAMA4", "name": "Bowspirit", "artist": "Balmorhea", "popularity": 0, "danceability": 0.334, "energy": 0.183, "key": 7, "loudness": -11.197, "mode": 1, "speechiness": 0.0369, "acousticness": 0.416, "instrumentalness": 0.64, "liveness": 0.0847, "valence": 0.168, "tempo": 91.668, "duration_ms": 317293, "time_signature": 4}, {"uri": "spotify:track:7MWxuZMLPtcC0oUlQabHxW", "name": "Colony Theme", "artist": "Clogs", "popularity": 23, "danceability": 0.483, "energy": 0.0834, "key": 11, "loudness": -22.877, "mode": 1, "speechiness": 0.0347, "acousticness": 0.965, "instrumentalness": 0.966, "liveness": 0.0889, "valence": 0.248, "tempo": 152.07, "duration_ms": 197467, "time_signature": 4}, {"uri": "spotify:track:3N4qrkxpoy27Yt8CKj428G", "name": "Guitar 13", "artist": "Clogs", "popularity": 25, "danceability": 0.36, "energy": 0.0391, "key": 2, "loudness": -21.699, "mode": 1, "speechiness": 0.0468, "acousticness": 0.987, "instrumentalness": 0.965, "liveness": 0.127, "valence": 0.152, "tempo": 165.174, "duration_ms": 105920, "time_signature": 3}, {"uri": "spotify:track:1F8eHbbrXTSRQTPLEREItt", "name": "Ashoken Farewell", "artist": "Goldmund", "popularity": 0, "danceability": 0.486, "energy": 0.0863, "key": 2, "loudness": -16.373, "mode": 1, "speechiness": 0.0364, "acousticness": 0.955, "instrumentalness": 0.768, "liveness": 0.115, "valence": 0.324, "tempo": 85.414, "duration_ms": 150560, "time_signature": 3}, {"uri": "spotify:track:3srImJt4dJOSRdX0qov2Yo", "name": "Sally Goodin", "artist": "Pharis & Jason Romero", "popularity": 36, "danceability": 0.465, "energy": 0.397, "key": 5, "loudness": -15.089, "mode": 1, "speechiness": 0.0448, "acousticness": 0.958, "instrumentalness": 0.828, "liveness": 0.117, "valence": 0.91, "tempo": 92.406, "duration_ms": 165453, "time_signature": 4}, {"uri": "spotify:track:1sNHnNghTXeVqhWfklniyl", "name": "Everything That Can Be Invented", "artist": "Tv\u00e4rv\u00e4gen", "popularity": 34, "danceability": 0.526, "energy": 0.162, "key": 9, "loudness": -14.238, "mode": 0, "speechiness": 0.214, "acousticness": 0.832, "instrumentalness": 0.76, "liveness": 0.0974, "valence": 0.201, "tempo": 115.073, "duration_ms": 287296, "time_signature": 3}, {"uri": "spotify:track:63hW7Mq0KWWwExEjYOdSUY", "name": "What What What", "artist": "Caoimh\u00edn \u00d3 Raghallaigh", "popularity": 34, "danceability": 0.274, "energy": 0.0841, "key": 5, "loudness": -17.239, "mode": 1, "speechiness": 0.0486, "acousticness": 0.995, "instrumentalness": 0.838, "liveness": 0.0865, "valence": 0.475, "tempo": 78.092, "duration_ms": 185009, "time_signature": 4}, {"uri": "spotify:track:6U8HTPdHHVg5foiqoCRSdy", "name": "Carol Kaye (Instrumental)", "artist": "Laura Veirs", "popularity": 0, "danceability": 0.646, "energy": 0.0981, "key": 10, "loudness": -18.788, "mode": 1, "speechiness": 0.0396, "acousticness": 0.98, "instrumentalness": 0.919, "liveness": 0.108, "valence": 0.507, "tempo": 118.757, "duration_ms": 165707, "time_signature": 4}, {"uri": "spotify:track:7zjVZdRtsQcyjISYINrLza", "name": "Quiet Voices", "artist": "Mike Vass", "popularity": 39, "danceability": 0.399, "energy": 0.199, "key": 7, "loudness": -15.806, "mode": 1, "speechiness": 0.031, "acousticness": 0.961, "instrumentalness": 0.888, "liveness": 0.12, "valence": 0.3, "tempo": 143.949, "duration_ms": 228493, "time_signature": 4}, {"uri": "spotify:track:3qsfBj0XK75ndx6adpE656", "name": "Itasca", "artist": "Paul Spring", "popularity": 32, "danceability": 0.561, "energy": 0.0698, "key": 2, "loudness": -20.032, "mode": 1, "speechiness": 0.112, "acousticness": 0.877, "instrumentalness": 0.689, "liveness": 0.107, "valence": 0.206, "tempo": 110.015, "duration_ms": 169107, "time_signature": 4}, {"uri": "spotify:track:5rex1EYt4davYPo4igd2eH", "name": "HEIR I", "artist": "Balmorhea", "popularity": 1, "danceability": 0.27, "energy": 0.195, "key": 9, "loudness": -19.065, "mode": 0, "speechiness": 0.0329, "acousticness": 0.943, "instrumentalness": 0.903, "liveness": 0.163, "valence": 0.163, "tempo": 78.656, "duration_ms": 300547, "time_signature": 3}, {"uri": "spotify:track:4zS96Q1Ez9HsU3P9fy8N5g", "name": "Racing in Your Heart", "artist": "Aaron Krause", "popularity": 29, "danceability": 0.179, "energy": 0.103, "key": 7, "loudness": -19.569, "mode": 1, "speechiness": 0.039, "acousticness": 0.836, "instrumentalness": 0.884, "liveness": 0.0584, "valence": 0.0396, "tempo": 113.417, "duration_ms": 215188, "time_signature": 1}, {"uri": "spotify:track:07WIlZYmpREuOsaMGS3Zxk", "name": "Geometr\u00eda del Universo", "artist": "Colleen", "popularity": 0, "danceability": 0.493, "energy": 0.431, "key": 9, "loudness": -16.755, "mode": 0, "speechiness": 0.123, "acousticness": 0.992, "instrumentalness": 0.967, "liveness": 0.11, "valence": 0.0868, "tempo": 82.983, "duration_ms": 169831, "time_signature": 4}, {"uri": "spotify:track:3TIzlAcIwj0O4NbmRg6nwh", "name": "Passepied (Debussy)", "artist": "Punch Brothers", "popularity": 39, "danceability": 0.636, "energy": 0.299, "key": 6, "loudness": -16.168, "mode": 0, "speechiness": 0.0367, "acousticness": 0.95, "instrumentalness": 0.608, "liveness": 0.0884, "valence": 0.675, "tempo": 92.391, "duration_ms": 209600, "time_signature": 4}, {"uri": "spotify:track:3a9w7n6rSXCBe0PVnk208y", "name": "A Prairie Tale", "artist": "King Creosote", "popularity": 0, "danceability": 0.0968, "energy": 0.361, "key": 2, "loudness": -10.414, "mode": 1, "speechiness": 0.0415, "acousticness": 0.221, "instrumentalness": 0.859, "liveness": 0.198, "valence": 0.0926, "tempo": 80.142, "duration_ms": 96347, "time_signature": 4}, {"uri": "spotify:track:67CxEFAX8brkx6UunTJiYw", "name": "Slide it in", "artist": "Jack Broadbent", "popularity": 32, "danceability": 0.501, "energy": 0.24, "key": 9, "loudness": -15.419, "mode": 0, "speechiness": 0.0804, "acousticness": 0.82, "instrumentalness": 0.617, "liveness": 0.227, "valence": 0.413, "tempo": 144.549, "duration_ms": 1016034, "time_signature": 4}, {"uri": "spotify:track:0QXehgImD8pDxFhUst9Q62", "name": "Interlude", "artist": "Delta Spirit", "popularity": 0, "danceability": 0.218, "energy": 0.287, "key": 6, "loudness": -17.395, "mode": 1, "speechiness": 0.0295, "acousticness": 0.745, "instrumentalness": 0.963, "liveness": 0.134, "valence": 0.0845, "tempo": 84.975, "duration_ms": 81293, "time_signature": 4}, {"uri": "spotify:track:73hk94lqe5AE2B4heXzivd", "name": "Silence Is Sincerity", "artist": "Blake Mills", "popularity": 30, "danceability": 0.527, "energy": 0.063, "key": 2, "loudness": -18.247, "mode": 1, "speechiness": 0.0648, "acousticness": 0.983, "instrumentalness": 0.756, "liveness": 0.171, "valence": 0.256, "tempo": 137.672, "duration_ms": 72040, "time_signature": 3}]