[{"uri": "spotify:track:3jQvH2VoTRe5CEnIS0MnCE", "name": "Dawn FM", "artist": "The Weeknd", "popularity": 66, "danceability": 0.28, "energy": 0.478, "key": 9, "loudness": -8.755, "mode": 0, "speechiness": 0.037, "acousticness": 0.674, "instrumentalness": 5.85e-05, "liveness": 0.483, "valence": 0.0807, "tempo": 111.65, "duration_ms": 96240, "time_signature": 4}, {"uri": "spotify:track:3KyKxJ4P3pVCgaZwaq2rUC", "name": "Gasoline", "artist": "The Weeknd", "popularity": 87, "danceability": 0.728, "energy": 0.741, "key": 6, "loudness": -7.075, "mode": 0, "speechiness": 0.0473, "acousticness": 0.000582, "instrumentalness": 0.00206, "liveness": 0.33, "valence": 0.31, "tempo": 123.006, "duration_ms": 212166, "time_signature": 4}, {"uri": "spotify:track:2Ghp894n1laIf2w98VeAOJ", "name": "How Do I Make You Love Me?", "artist": "The Weeknd", "popularity": 87, "danceability": 0.805, "energy": 0.498, "key": 7, "loudness": -7.927, "mode": 0, "speechiness": 0.0737, "acousticness": 0.0203, "instrumentalness": 2.37e-05, "liveness": 0.085, "valence": 0.636, "tempo": 121.006, "duration_ms": 214215, "time_signature": 4}, {"uri": "spotify:track:0XvDZGVqGYM7P4rgzRnWhq", "name": "Take My Breath", "artist": "The Weeknd", "popularity": 65, "danceability": 0.698, "energy": 0.769, "key": 8, "loudness": -7.154, "mode": 1, "speechiness": 0.0368, "acousticness": 0.0128, "instrumentalness": 0.00166, "liveness": 0.238, "valence": 0.354, "tempo": 121.02, "duration_ms": 339023, "time_signature": 4}, {"uri": "spotify:track:1nH2PkJL1XoUq8oE6tBZoU", "name": "Sacrifice", "artist": "The Weeknd", "popularity": 91, "danceability": 0.735, "energy": 0.795, "key": 11, "loudness": -6.523, "mode": 0, "speechiness": 0.113, "acousticness": 0.0296, "instrumentalness": 3.18e-05, "liveness": 0.0678, "valence": 0.905, "tempo": 122.0, "duration_ms": 188918, "time_signature": 4}, {"uri": "spotify:track:759ndr57jb0URg4j9YSWml", "name": "A Tale By Quincy", "artist": "The Weeknd", "popularity": 83, "danceability": 0.447, "energy": 0.513, "key": 5, "loudness": -8.67, "mode": 0, "speechiness": 0.127, "acousticness": 0.679, "instrumentalness": 2.98e-05, "liveness": 0.096, "valence": 0.572, "tempo": 67.289, "duration_ms": 96232, "time_signature": 3}, {"uri": "spotify:track:2SLwbpExuoBDZBpjfefCtV", "name": "Out of Time", "artist": "The Weeknd", "popularity": 88, "danceability": 0.65, "energy": 0.76, "key": 0, "loudness": -4.422, "mode": 0, "speechiness": 0.0446, "acousticness": 0.255, "instrumentalness": 0, "liveness": 0.339, "valence": 0.838, "tempo": 93.057, "duration_ms": 214194, "time_signature": 4}, {"uri": "spotify:track:1NhjYYcYTRywc0di98xHxf", "name": "Here We Go\u2026 Again (feat. Tyler, the Creator)", "artist": "The Weeknd", "popularity": 86, "danceability": 0.469, "energy": 0.623, "key": 1, "loudness": -4.432, "mode": 1, "speechiness": 0.0302, "acousticness": 0.345, "instrumentalness": 0, "liveness": 0.588, "valence": 0.198, "tempo": 134.943, "duration_ms": 209778, "time_signature": 4}, {"uri": "spotify:track:1E5Xu8dur0fAjSP1VpVhAZ", "name": "Best Friends", "artist": "The Weeknd", "popularity": 86, "danceability": 0.737, "energy": 0.564, "key": 4, "loudness": -7.045, "mode": 0, "speechiness": 0.105, "acousticness": 0.436, "instrumentalness": 0, "liveness": 0.351, "valence": 0.528, "tempo": 90.0, "duration_ms": 163504, "time_signature": 4}, {"uri": "spotify:track:0mL82sxCRjrs3br407IdJh", "name": "Is There Someone Else?", "artist": "The Weeknd", "popularity": 88, "danceability": 0.702, "energy": 0.586, "key": 9, "loudness": -7.83, "mode": 0, "speechiness": 0.0313, "acousticness": 0.0388, "instrumentalness": 7.27e-05, "liveness": 0.156, "valence": 0.608, "tempo": 134.951, "duration_ms": 199111, "time_signature": 4}, {"uri": "spotify:track:5Fxstmke6g6iWEQ2UoGWpa", "name": "Starry Eyes", "artist": "The Weeknd", "popularity": 62, "danceability": 0.309, "energy": 0.418, "key": 9, "loudness": -8.622, "mode": 0, "speechiness": 0.031, "acousticness": 0.465, "instrumentalness": 7.58e-05, "liveness": 0.295, "valence": 0.146, "tempo": 134.23, "duration_ms": 148000, "time_signature": 4}, {"uri": "spotify:track:3vJcz8exedHCjQ9ed95NqU", "name": "Every Angel is Terrifying", "artist": "The Weeknd", "popularity": 82, "danceability": 0.447, "energy": 0.959, "key": 0, "loudness": -5.59, "mode": 1, "speechiness": 0.348, "acousticness": 0.109, "instrumentalness": 2.75e-05, "liveness": 0.0498, "valence": 0.46, "tempo": 118.167, "duration_ms": 167256, "time_signature": 4}, {"uri": "spotify:track:0iZ7MgaUedNHqlqg9PMqsY", "name": "Don\u2019t Break My Heart", "artist": "The Weeknd", "popularity": 60, "danceability": 0.767, "energy": 0.618, "key": 10, "loudness": -7.163, "mode": 1, "speechiness": 0.032, "acousticness": 0.31, "instrumentalness": 0, "liveness": 0.179, "valence": 0.243, "tempo": 121.959, "duration_ms": 205469, "time_signature": 4}, {"uri": "spotify:track:5XbA7TAqsD0fj0dGBrbb0D", "name": "I Heard You\u2019re Married (feat. Lil Wayne)", "artist": "The Weeknd", "popularity": 85, "danceability": 0.736, "energy": 0.848, "key": 9, "loudness": -5.494, "mode": 0, "speechiness": 0.171, "acousticness": 0.103, "instrumentalness": 0, "liveness": 0.299, "valence": 0.784, "tempo": 109.946, "duration_ms": 263642, "time_signature": 4}, {"uri": "spotify:track:2D4dV2KXDTszzJ3p3cFqhA", "name": "Less Than Zero", "artist": "The Weeknd", "popularity": 86, "danceability": 0.535, "energy": 0.791, "key": 0, "loudness": -5.55, "mode": 1, "speechiness": 0.0327, "acousticness": 0.00096, "instrumentalness": 0.000155, "liveness": 0.0788, "valence": 0.5, "tempo": 142.981, "duration_ms": 211814, "time_signature": 4}, {"uri": "spotify:track:1NlK2NtpuUazpziLhnJwEV", "name": "Phantom Regret by Jim", "artist": "The Weeknd", "popularity": 81, "danceability": 0.394, "energy": 0.519, "key": 9, "loudness": -11.042, "mode": 0, "speechiness": 0.0465, "acousticness": 0.75, "instrumentalness": 0.195, "liveness": 0.129, "valence": 0.241, "tempo": 110.113, "duration_ms": 179580, "time_signature": 4}, {"uri": "spotify:track:7MXVkk9YMctZqd1Srtv4MB", "name": "Starboy", "artist": "The Weeknd", "popularity": 86, "danceability": 0.679, "energy": 0.587, "key": 7, "loudness": -7.015, "mode": 1, "speechiness": 0.276, "acousticness": 0.141, "instrumentalness": 6.35e-06, "liveness": 0.137, "valence": 0.486, "tempo": 186.003, "duration_ms": 230453, "time_signature": 4}, {"uri": "spotify:track:7fBv7CLKzipRk6EC6TWHOB", "name": "The Hills", "artist": "The Weeknd", "popularity": 87, "danceability": 0.585, "energy": 0.564, "key": 0, "loudness": -7.063, "mode": 0, "speechiness": 0.0515, "acousticness": 0.0671, "instrumentalness": 0, "liveness": 0.135, "valence": 0.137, "tempo": 113.003, "duration_ms": 242253, "time_signature": 4}, {"uri": "spotify:track:22VdIZQfgXJea34mQxlt81", "name": "Can't Feel My Face", "artist": "The Weeknd", "popularity": 82, "danceability": 0.705, "energy": 0.769, "key": 9, "loudness": -5.526, "mode": 0, "speechiness": 0.0425, "acousticness": 0.113, "instrumentalness": 0, "liveness": 0.105, "valence": 0.583, "tempo": 107.949, "duration_ms": 213520, "time_signature": 4}, {"uri": "spotify:track:3dhjNA0jGA8vHBQ1VdD6vV", "name": "I Feel It Coming", "artist": "The Weeknd", "popularity": 81, "danceability": 0.773, "energy": 0.819, "key": 0, "loudness": -5.946, "mode": 0, "speechiness": 0.118, "acousticness": 0.428, "instrumentalness": 0, "liveness": 0.0679, "valence": 0.585, "tempo": 92.987, "duration_ms": 269187, "time_signature": 4}, {"uri": "spotify:track:6M3PsepEj5gyJoIi7Xvr7u", "name": "Take My Breath", "artist": "The Weeknd", "popularity": 80, "danceability": 0.747, "energy": 0.739, "key": 8, "loudness": -6.008, "mode": 1, "speechiness": 0.0487, "acousticness": 0.0106, "instrumentalness": 2.22e-05, "liveness": 0.101, "valence": 0.523, "tempo": 120.996, "duration_ms": 220196, "time_signature": 4}, {"uri": "spotify:track:5QO79kh1waicV47BqGRL3g", "name": "Save Your Tears", "artist": "The Weeknd", "popularity": 90, "danceability": 0.68, "energy": 0.826, "key": 0, "loudness": -5.487, "mode": 1, "speechiness": 0.0309, "acousticness": 0.0212, "instrumentalness": 1.24e-05, "liveness": 0.543, "valence": 0.644, "tempo": 118.051, "duration_ms": 215627, "time_signature": 4}, {"uri": "spotify:track:2PIvq1pGrUjY007X5y1UpM", "name": "Earned It (Fifty Shades Of Grey) - From The \"Fifty Shades Of Grey\" Soundtrack", "artist": "The Weeknd", "popularity": 79, "danceability": 0.659, "energy": 0.381, "key": 2, "loudness": -5.922, "mode": 0, "speechiness": 0.0304, "acousticness": 0.385, "instrumentalness": 0, "liveness": 0.0972, "valence": 0.426, "tempo": 119.844, "duration_ms": 252227, "time_signature": 3}, {"uri": "spotify:track:50iiDJGpAPdr2VTrz999XA", "name": "House Of Balloons / Glass Table Girls", "artist": "The Weeknd", "popularity": 72, "danceability": 0.65, "energy": 0.711, "key": 0, "loudness": -5.417, "mode": 1, "speechiness": 0.0377, "acousticness": 0.0123, "instrumentalness": 0.00943, "liveness": 0.301, "valence": 0.319, "tempo": 89.019, "duration_ms": 405213, "time_signature": 4}, {"uri": "spotify:track:7szuecWAPwGoV1e5vGu8tl", "name": "In Your Eyes", "artist": "The Weeknd", "popularity": 83, "danceability": 0.667, "energy": 0.719, "key": 7, "loudness": -5.371, "mode": 0, "speechiness": 0.0346, "acousticness": 0.00285, "instrumentalness": 8.1e-05, "liveness": 0.0736, "valence": 0.717, "tempo": 100.021, "duration_ms": 237520, "time_signature": 4}, {"uri": "spotify:track:4ofvoCdXq99vpMZO4Cfp8x", "name": "Pray For Me (with Kendrick Lamar)", "artist": "The Weeknd", "popularity": 0, "danceability": 0.728, "energy": 0.668, "key": 2, "loudness": -5.02, "mode": 1, "speechiness": 0.126, "acousticness": 0.0805, "instrumentalness": 1.49e-05, "liveness": 0.102, "valence": 0.162, "tempo": 100.537, "duration_ms": 211440, "time_signature": 4}, {"uri": "spotify:track:6bnF93Rx87YqUBLSgjiMU8", "name": "Heartless", "artist": "The Weeknd", "popularity": 79, "danceability": 0.537, "energy": 0.746, "key": 10, "loudness": -5.507, "mode": 0, "speechiness": 0.15, "acousticness": 0.0236, "instrumentalness": 1.01e-06, "liveness": 0.156, "valence": 0.252, "tempo": 170.062, "duration_ms": 198267, "time_signature": 4}, {"uri": "spotify:track:4PhsKqMdgMEUSstTDAmMpg", "name": "Often", "artist": "The Weeknd", "popularity": 81, "danceability": 0.572, "energy": 0.631, "key": 7, "loudness": -9.836, "mode": 0, "speechiness": 0.0476, "acousticness": 0.222, "instrumentalness": 0, "liveness": 0.135, "valence": 0.0713, "tempo": 134.078, "duration_ms": 249040, "time_signature": 4}, {"uri": "spotify:track:0VjIjW4GlUZAMYd2vXMi3b", "name": "Blinding Lights", "artist": "The Weeknd", "popularity": 94, "danceability": 0.514, "energy": 0.73, "key": 1, "loudness": -5.934, "mode": 1, "speechiness": 0.0598, "acousticness": 0.00146, "instrumentalness": 9.54e-05, "liveness": 0.0897, "valence": 0.334, "tempo": 171.005, "duration_ms": 200040, "time_signature": 4}, {"uri": "spotify:track:2gpWyfu7eZ01zzncHpxOtA", "name": "Moth To A Flame (with The Weeknd)", "artist": "Swedish House Mafia", "popularity": 92, "danceability": 0.542, "energy": 0.659, "key": 8, "loudness": -7.289, "mode": 1, "speechiness": 0.0389, "acousticness": 0.00279, "instrumentalness": 0, "liveness": 0.105, "valence": 0.109, "tempo": 120.122, "duration_ms": 234000, "time_signature": 4}, {"uri": "spotify:track:00Blm7zeNqgYLPtW6zg8cj", "name": "One Right Now (with The Weeknd)", "artist": "Post Malone", "popularity": 93, "danceability": 0.687, "energy": 0.781, "key": 1, "loudness": -4.806, "mode": 1, "speechiness": 0.053, "acousticness": 0.0361, "instrumentalness": 0, "liveness": 0.0755, "valence": 0.688, "tempo": 97.014, "duration_ms": 193507, "time_signature": 4}, {"uri": "spotify:track:4MPTj8lMMvxLwT3EwuXFop", "name": "Call Out My Name", "artist": "The Weeknd", "popularity": 10, "danceability": 0.449, "energy": 0.599, "key": 1, "loudness": -4.892, "mode": 1, "speechiness": 0.0369, "acousticness": 0.211, "instrumentalness": 0, "liveness": 0.327, "valence": 0.165, "tempo": 134.144, "duration_ms": 228373, "time_signature": 3}, {"uri": "spotify:track:2Ch7LmS7r2Gy2kc64wv3Bz", "name": "Die For You", "artist": "The Weeknd", "popularity": 84, "danceability": 0.582, "energy": 0.525, "key": 1, "loudness": -7.163, "mode": 0, "speechiness": 0.0627, "acousticness": 0.111, "instrumentalness": 0, "liveness": 0.134, "valence": 0.51, "tempo": 133.249, "duration_ms": 260253, "time_signature": 4}, {"uri": "spotify:track:5J4ZkQpzMUFojo1CtAZYpn", "name": "Love Me Harder", "artist": "Ariana Grande", "popularity": 78, "danceability": 0.472, "energy": 0.714, "key": 1, "loudness": -4.389, "mode": 0, "speechiness": 0.0334, "acousticness": 0.00937, "instrumentalness": 0, "liveness": 0.0764, "valence": 0.24, "tempo": 98.992, "duration_ms": 236133, "time_signature": 4}, {"uri": "spotify:track:7uJH0YdSZL6psjxI6Xy08b", "name": "Acquainted", "artist": "The Weeknd", "popularity": 76, "danceability": 0.372, "energy": 0.478, "key": 7, "loudness": -9.835, "mode": 0, "speechiness": 0.0503, "acousticness": 0.482, "instrumentalness": 0, "liveness": 0.0844, "valence": 0.254, "tempo": 101.102, "duration_ms": 348853, "time_signature": 4}, {"uri": "spotify:track:6VwBbL8CzPiC4QV66ay7oR", "name": "Wicked Games", "artist": "The Weeknd", "popularity": 75, "danceability": 0.658, "energy": 0.591, "key": 9, "loudness": -5.197, "mode": 1, "speechiness": 0.0309, "acousticness": 0.00959, "instrumentalness": 5.27e-06, "liveness": 0.325, "valence": 0.326, "tempo": 114.078, "duration_ms": 323747, "time_signature": 4}, {"uri": "spotify:track:6u0dQik0aif7FQlrhycG1L", "name": "The Morning", "artist": "The Weeknd", "popularity": 72, "danceability": 0.652, "energy": 0.549, "key": 6, "loudness": -7.555, "mode": 0, "speechiness": 0.039, "acousticness": 0.317, "instrumentalness": 0, "liveness": 0.104, "valence": 0.186, "tempo": 120.073, "duration_ms": 312427, "time_signature": 4}, {"uri": "spotify:track:2p8IUWQDrpjuFltbdgLOag", "name": "After Hours", "artist": "The Weeknd", "popularity": 79, "danceability": 0.664, "energy": 0.572, "key": 5, "loudness": -6.099, "mode": 0, "speechiness": 0.0305, "acousticness": 0.0811, "instrumentalness": 0.00604, "liveness": 0.121, "valence": 0.143, "tempo": 108.959, "duration_ms": 361027, "time_signature": 4}, {"uri": "spotify:track:58AGoOGbwsQMhBbH0eFLRR", "name": "Over Now (with The Weeknd)", "artist": "Calvin Harris", "popularity": 72, "danceability": 0.612, "energy": 0.884, "key": 4, "loudness": -4.113, "mode": 0, "speechiness": 0.0454, "acousticness": 0.0759, "instrumentalness": 0.00132, "liveness": 0.247, "valence": 0.679, "tempo": 178.043, "duration_ms": 210795, "time_signature": 4}, {"uri": "spotify:track:0GzuHFG4Ql6DoyxFRnIk3F", "name": "Haw\u00e1i - Remix", "artist": "Maluma", "popularity": 76, "danceability": 0.766, "energy": 0.788, "key": 6, "loudness": -3.128, "mode": 0, "speechiness": 0.312, "acousticness": 0.105, "instrumentalness": 5.81e-06, "liveness": 0.142, "valence": 0.609, "tempo": 179.984, "duration_ms": 200482, "time_signature": 4}, {"uri": "spotify:track:14mgSrrQRN8K9HaVHhKjze", "name": "Nothing Compares - Bonus Track", "artist": "The Weeknd", "popularity": 0, "danceability": 0.524, "energy": 0.577, "key": 1, "loudness": -9.313, "mode": 1, "speechiness": 0.0358, "acousticness": 0.00253, "instrumentalness": 0.0443, "liveness": 0.234, "valence": 0.0398, "tempo": 131.909, "duration_ms": 222307, "time_signature": 4}, {"uri": "spotify:track:6TooMkzB9xE9FM9qxuEQeX", "name": "Missed You - Bonus Track", "artist": "The Weeknd", "popularity": 0, "danceability": 0.716, "energy": 0.364, "key": 5, "loudness": -9.648, "mode": 0, "speechiness": 0.0866, "acousticness": 0.107, "instrumentalness": 9.23e-05, "liveness": 0.113, "valence": 0.448, "tempo": 151.968, "duration_ms": 144540, "time_signature": 4}, {"uri": "spotify:track:2wDAD2hRCw8qanm6UjdLpx", "name": "Final Lullaby - Bonus Track", "artist": "The Weeknd", "popularity": 0, "danceability": 0.604, "energy": 0.26, "key": 11, "loudness": -10.498, "mode": 1, "speechiness": 0.0373, "acousticness": 0.841, "instrumentalness": 9.33e-05, "liveness": 0.327, "valence": 0.317, "tempo": 100.964, "duration_ms": 185689, "time_signature": 3}, {"uri": "spotify:track:4rv1ww0dUwFZcDVPqhcOcX", "name": "Try Me", "artist": "The Weeknd", "popularity": 0, "danceability": 0.466, "energy": 0.672, "key": 8, "loudness": -5.777, "mode": 0, "speechiness": 0.068, "acousticness": 0.622, "instrumentalness": 0.00108, "liveness": 0.147, "valence": 0.108, "tempo": 91.673, "duration_ms": 221107, "time_signature": 4}, {"uri": "spotify:track:72TyiiduRmczEbDIEtKQdR", "name": "Wasted Times", "artist": "The Weeknd", "popularity": 0, "danceability": 0.562, "energy": 0.674, "key": 10, "loudness": -6.049, "mode": 0, "speechiness": 0.0851, "acousticness": 0.622, "instrumentalness": 2.04e-05, "liveness": 0.111, "valence": 0.293, "tempo": 122.699, "duration_ms": 220293, "time_signature": 4}, {"uri": "spotify:track:5rgnyXr2PXFWsAnPFew077", "name": "I Was Never There", "artist": "The Weeknd", "popularity": 0, "danceability": 0.324, "energy": 0.735, "key": 10, "loudness": -4.054, "mode": 1, "speechiness": 0.0337, "acousticness": 0.135, "instrumentalness": 4.84e-05, "liveness": 0.169, "valence": 0.169, "tempo": 113.923, "duration_ms": 241067, "time_signature": 4}, {"uri": "spotify:track:13wNEvWmBsWaWVtiLPRIW5", "name": "Hurt You", "artist": "The Weeknd", "popularity": 0, "danceability": 0.484, "energy": 0.716, "key": 5, "loudness": -7.193, "mode": 0, "speechiness": 0.167, "acousticness": 0.3, "instrumentalness": 0.00214, "liveness": 0.112, "valence": 0.365, "tempo": 184.131, "duration_ms": 230027, "time_signature": 4}, {"uri": "spotify:track:26Fqtv4Aa7kyd1WWGHai6A", "name": "Privilege", "artist": "The Weeknd", "popularity": 0, "danceability": 0.391, "energy": 0.595, "key": 11, "loudness": -7.094, "mode": 0, "speechiness": 0.0411, "acousticness": 0.913, "instrumentalness": 0.00557, "liveness": 0.145, "valence": 0.379, "tempo": 93.78, "duration_ms": 170573, "time_signature": 4}, {"uri": "spotify:track:4cbdPT6uaBOgOQe3fLMofl", "name": "Power is Power (feat. The Weeknd & Travis Scott)", "artist": "SZA", "popularity": 67, "danceability": 0.507, "energy": 0.644, "key": 4, "loudness": -7.485, "mode": 1, "speechiness": 0.0641, "acousticness": 0.00413, "instrumentalness": 0, "liveness": 0.217, "valence": 0.172, "tempo": 179.913, "duration_ms": 211267, "time_signature": 4}, {"uri": "spotify:track:4F7A0DXBrmUAkp32uenhZt", "name": "Party Monster", "artist": "The Weeknd", "popularity": 75, "danceability": 0.573, "energy": 0.63, "key": 1, "loudness": -8.389, "mode": 1, "speechiness": 0.105, "acousticness": 0.189, "instrumentalness": 2.31e-05, "liveness": 0.259, "valence": 0.218, "tempo": 77.525, "duration_ms": 249213, "time_signature": 4}, {"uri": "spotify:track:7zxRMhXxJMQCeDDg0rKAVo", "name": "Some Way", "artist": "NAV", "popularity": 74, "danceability": 0.744, "energy": 0.715, "key": 0, "loudness": -6.103, "mode": 1, "speechiness": 0.351, "acousticness": 0.101, "instrumentalness": 0, "liveness": 0.0919, "valence": 0.34, "tempo": 154.962, "duration_ms": 179773, "time_signature": 4}, {"uri": "spotify:track:7wFybC8jBH3zE139OpCtpG", "name": "Lost in the Fire", "artist": "Gesaffelstein", "popularity": 0, "danceability": 0.663, "energy": 0.675, "key": 2, "loudness": -12.159, "mode": 1, "speechiness": 0.0359, "acousticness": 0.0863, "instrumentalness": 0.00133, "liveness": 0.117, "valence": 0.176, "tempo": 101.004, "duration_ms": 202093, "time_signature": 4}, {"uri": "spotify:track:36YCdzT57us0LhDmCYtrNE", "name": "Rockin\u2019", "artist": "The Weeknd", "popularity": 70, "danceability": 0.738, "energy": 0.885, "key": 9, "loudness": -5.547, "mode": 0, "speechiness": 0.206, "acousticness": 0.0133, "instrumentalness": 0, "liveness": 0.0821, "valence": 0.752, "tempo": 112.878, "duration_ms": 232880, "time_signature": 4}, {"uri": "spotify:track:4h90qkbnW1Qq6pBhoPvwko", "name": "Sidewalks", "artist": "The Weeknd", "popularity": 73, "danceability": 0.542, "energy": 0.72, "key": 1, "loudness": -5.136, "mode": 0, "speechiness": 0.0628, "acousticness": 0.147, "instrumentalness": 0, "liveness": 0.348, "valence": 0.623, "tempo": 149.828, "duration_ms": 231360, "time_signature": 4}, {"uri": "spotify:track:5e9aFSdnkQUrm5y8Dhw0qN", "name": "Might Not", "artist": "Belly", "popularity": 70, "danceability": 0.792, "energy": 0.563, "key": 1, "loudness": -4.836, "mode": 1, "speechiness": 0.0787, "acousticness": 0.318, "instrumentalness": 0, "liveness": 0.13, "valence": 0.321, "tempo": 134.022, "duration_ms": 224213, "time_signature": 4}, {"uri": "spotify:track:4oeaIftdpT3JuZLcCkKmVE", "name": "False Alarm", "artist": "The Weeknd", "popularity": 71, "danceability": 0.517, "energy": 0.677, "key": 8, "loudness": -6.373, "mode": 0, "speechiness": 0.0746, "acousticness": 0.0324, "instrumentalness": 3.37e-05, "liveness": 0.189, "valence": 0.192, "tempo": 173.978, "duration_ms": 220307, "time_signature": 4}, {"uri": "spotify:track:25KybV9BOUlvcnv7nN3Pyo", "name": "In The Night", "artist": "The Weeknd", "popularity": 74, "danceability": 0.505, "energy": 0.68, "key": 7, "loudness": -4.993, "mode": 1, "speechiness": 0.0714, "acousticness": 0.0796, "instrumentalness": 0, "liveness": 0.0465, "valence": 0.539, "tempo": 168.022, "duration_ms": 235653, "time_signature": 3}, {"uri": "spotify:track:0ifooM33X1iBxVYyOkSbXW", "name": "A Lonely Night", "artist": "The Weeknd", "popularity": 70, "danceability": 0.853, "energy": 0.663, "key": 7, "loudness": -6.955, "mode": 0, "speechiness": 0.0755, "acousticness": 0.0431, "instrumentalness": 8.71e-06, "liveness": 0.0891, "valence": 0.864, "tempo": 113.998, "duration_ms": 220173, "time_signature": 4}, {"uri": "spotify:track:7eZ7ODAt9cALYnWLO8F6Fd", "name": "D.D.", "artist": "The Weeknd", "popularity": 65, "danceability": 0.68, "energy": 0.707, "key": 7, "loudness": -7.225, "mode": 0, "speechiness": 0.0987, "acousticness": 0.479, "instrumentalness": 0, "liveness": 0.511, "valence": 0.382, "tempo": 119.993, "duration_ms": 275493, "time_signature": 4}, {"uri": "spotify:track:00NAQYOP4AmWR549nnYJZu", "name": "Secrets", "artist": "The Weeknd", "popularity": 72, "danceability": 0.664, "energy": 0.771, "key": 0, "loudness": -5.779, "mode": 1, "speechiness": 0.0533, "acousticness": 0.0155, "instrumentalness": 9.6e-06, "liveness": 0.46, "valence": 0.763, "tempo": 109.945, "duration_ms": 265600, "time_signature": 4}, {"uri": "spotify:track:57qiTKh8bVX0VtfUNTQqhw", "name": "Nothing Without You", "artist": "The Weeknd", "popularity": 67, "danceability": 0.575, "energy": 0.634, "key": 1, "loudness": -8.1, "mode": 1, "speechiness": 0.068, "acousticness": 0.0646, "instrumentalness": 0, "liveness": 0.0878, "valence": 0.191, "tempo": 109.825, "duration_ms": 198653, "time_signature": 4}, {"uri": "spotify:track:6J7PIkhtHwmFjPLq0SyuPj", "name": "Dark Times", "artist": "The Weeknd", "popularity": 69, "danceability": 0.501, "energy": 0.403, "key": 7, "loudness": -9.611, "mode": 1, "speechiness": 0.0747, "acousticness": 0.116, "instrumentalness": 1.03e-05, "liveness": 0.124, "valence": 0.27, "tempo": 132.608, "duration_ms": 260640, "time_signature": 3}, {"uri": "spotify:track:1mhVXWduD8ReDwusfaHNwU", "name": "Tell Your Friends", "artist": "The Weeknd", "popularity": 71, "danceability": 0.583, "energy": 0.454, "key": 1, "loudness": -11.091, "mode": 0, "speechiness": 0.0425, "acousticness": 0.265, "instrumentalness": 0, "liveness": 0.181, "valence": 0.309, "tempo": 74.64, "duration_ms": 334333, "time_signature": 4}, {"uri": "spotify:track:37F0uwRSrdzkBiuj0D5UHI", "name": "Reminder", "artist": "The Weeknd", "popularity": 76, "danceability": 0.706, "energy": 0.505, "key": 8, "loudness": -6.923, "mode": 1, "speechiness": 0.193, "acousticness": 0.142, "instrumentalness": 0, "liveness": 0.164, "valence": 0.388, "tempo": 160.053, "duration_ms": 218880, "time_signature": 4}, {"uri": "spotify:track:6C6fHTuFUxVtJpBOOaMvJr", "name": "Shameless", "artist": "The Weeknd", "popularity": 69, "danceability": 0.603, "energy": 0.563, "key": 6, "loudness": -8.313, "mode": 1, "speechiness": 0.027, "acousticness": 0.147, "instrumentalness": 0, "liveness": 0.109, "valence": 0.234, "tempo": 100.06, "duration_ms": 253507, "time_signature": 4}, {"uri": "spotify:track:1oGdVdYjeQvojGKDddxLQQ", "name": "True Colors", "artist": "The Weeknd", "popularity": 70, "danceability": 0.624, "energy": 0.424, "key": 1, "loudness": -8.237, "mode": 1, "speechiness": 0.24, "acousticness": 0.286, "instrumentalness": 0, "liveness": 0.173, "valence": 0.584, "tempo": 76.671, "duration_ms": 206013, "time_signature": 4}, {"uri": "spotify:track:6pDVjCUA3B1vg9waKutAsv", "name": "Attention", "artist": "The Weeknd", "popularity": 68, "danceability": 0.671, "energy": 0.428, "key": 4, "loudness": -7.052, "mode": 0, "speechiness": 0.124, "acousticness": 0.688, "instrumentalness": 0.000182, "liveness": 0.119, "valence": 0.362, "tempo": 148.04, "duration_ms": 197653, "time_signature": 4}, {"uri": "spotify:track:4mU5iXHeLgbR94siF7p1sY", "name": "Six Feet Under", "artist": "The Weeknd", "popularity": 71, "danceability": 0.772, "energy": 0.504, "key": 6, "loudness": -8.219, "mode": 0, "speechiness": 0.0761, "acousticness": 0.129, "instrumentalness": 0, "liveness": 0.125, "valence": 0.244, "tempo": 140.035, "duration_ms": 237573, "time_signature": 4}, {"uri": "spotify:track:27BgDmciSjoxTG0almHTpZ", "name": "Love To Lay", "artist": "The Weeknd", "popularity": 67, "danceability": 0.711, "energy": 0.807, "key": 7, "loudness": -5.052, "mode": 0, "speechiness": 0.0608, "acousticness": 0.052, "instrumentalness": 0, "liveness": 0.214, "valence": 0.698, "tempo": 116.971, "duration_ms": 223293, "time_signature": 4}, {"uri": "spotify:track:5fohLPNqO6TqwrZ7BoUWUT", "name": "High For This", "artist": "The Weeknd", "popularity": 72, "danceability": 0.465, "energy": 0.403, "key": 11, "loudness": -8.895, "mode": 0, "speechiness": 0.0755, "acousticness": 0.744, "instrumentalness": 0.000667, "liveness": 0.0777, "valence": 0.0687, "tempo": 74.95, "duration_ms": 247227, "time_signature": 4}, {"uri": "spotify:track:7xqANDRz8JFxkwfY65WISy", "name": "Loft Music", "artist": "The Weeknd", "popularity": 64, "danceability": 0.287, "energy": 0.498, "key": 6, "loudness": -7.523, "mode": 0, "speechiness": 0.177, "acousticness": 0.581, "instrumentalness": 7.56e-05, "liveness": 0.322, "valence": 0.0634, "tempo": 171.725, "duration_ms": 363640, "time_signature": 4}, {"uri": "spotify:track:7EiZI6JVHllARrX9PUvAdX", "name": "Low Life (feat. The Weeknd)", "artist": "Future", "popularity": 76, "danceability": 0.722, "energy": 0.331, "key": 8, "loudness": -7.789, "mode": 1, "speechiness": 0.0726, "acousticness": 0.337, "instrumentalness": 0.282, "liveness": 0.146, "valence": 0.102, "tempo": 143.961, "duration_ms": 313547, "time_signature": 4}, {"uri": "spotify:track:7t2bFihaDvhIrd2gn2CWJO", "name": "Or Nah (feat. The Weeknd, Wiz Khalifa & DJ Mustard) - Remix", "artist": "Ty Dolla $ign", "popularity": 80, "danceability": 0.805, "energy": 0.33, "key": 1, "loudness": -8.712, "mode": 0, "speechiness": 0.1, "acousticness": 0.22, "instrumentalness": 0, "liveness": 0.105, "valence": 0.211, "tempo": 121.97, "duration_ms": 242983, "time_signature": 4}, {"uri": "spotify:track:15k2nBQJ0teDmPZHrOXL2N", "name": "Ordinary Life", "artist": "The Weeknd", "popularity": 68, "danceability": 0.537, "energy": 0.587, "key": 7, "loudness": -7.486, "mode": 0, "speechiness": 0.0771, "acousticness": 0.0275, "instrumentalness": 0, "liveness": 0.0961, "valence": 0.365, "tempo": 149.748, "duration_ms": 221920, "time_signature": 4}, {"uri": "spotify:track:0NWqNXBJTpXbkI5rPWNy3p", "name": "All I Know", "artist": "The Weeknd", "popularity": 67, "danceability": 0.467, "energy": 0.417, "key": 8, "loudness": -10.614, "mode": 0, "speechiness": 0.074, "acousticness": 0.421, "instrumentalness": 0.000202, "liveness": 0.102, "valence": 0.171, "tempo": 120.021, "duration_ms": 321027, "time_signature": 4}]