[{"uri": "spotify:track:186NCtNk1tUYS7c2DxgJ7O", "name": "Christmas Tree", "artist": "V", "popularity": 86, "danceability": 0.437, "energy": 0.384, "key": 5, "loudness": -8.384, "mode": 1, "speechiness": 0.042, "acousticness": 0.699, "instrumentalness": 2.33e-05, "liveness": 0.121, "valence": 0.181, "tempo": 139.009, "duration_ms": 209947, "time_signature": 4}, {"uri": "spotify:track:0lsE1vjZQazyEnexXpD4B1", "name": "Summer Rain", "artist": "Sam Kim", "popularity": 56, "danceability": 0.458, "energy": 0.203, "key": 6, "loudness": -12.348, "mode": 1, "speechiness": 0.0411, "acousticness": 0.836, "instrumentalness": 2.06e-05, "liveness": 0.246, "valence": 0.265, "tempo": 145.737, "duration_ms": 201787, "time_signature": 4}, {"uri": "spotify:track:7g7gSmVZdzG8ZHZF3qDvdx", "name": "Looks like a real thing", "artist": "JeHwi", "popularity": 49, "danceability": 0.554, "energy": 0.179, "key": 3, "loudness": -12.561, "mode": 1, "speechiness": 0.0342, "acousticness": 0.951, "instrumentalness": 8.43e-05, "liveness": 0.099, "valence": 0.285, "tempo": 107.525, "duration_ms": 182813, "time_signature": 3}, {"uri": "spotify:track:2qcYuklYL6UEmAOFPLzhMc", "name": "Let Me Be There", "artist": "Elaine", "popularity": 27, "danceability": 0.457, "energy": 0.152, "key": 9, "loudness": -10.447, "mode": 1, "speechiness": 0.0403, "acousticness": 0.884, "instrumentalness": 1.11e-05, "liveness": 0.0864, "valence": 0.106, "tempo": 119.611, "duration_ms": 264493, "time_signature": 4}, {"uri": "spotify:track:7DKln4MAW4UefxCNqMTkNI", "name": "Love Bubble", "artist": "Fromm", "popularity": 12, "danceability": 0.694, "energy": 0.428, "key": 7, "loudness": -8.136, "mode": 1, "speechiness": 0.123, "acousticness": 0.284, "instrumentalness": 0, "liveness": 0.181, "valence": 0.427, "tempo": 155.826, "duration_ms": 200003, "time_signature": 4}, {"uri": "spotify:track:3EbrxxZPM9DF1AtpTRWIxJ", "name": "1second 1minute 1hour (Something Between Us X 2am)", "artist": "2am", "popularity": 29, "danceability": 0.423, "energy": 0.456, "key": 1, "loudness": -4.834, "mode": 1, "speechiness": 0.0298, "acousticness": 0.512, "instrumentalness": 0, "liveness": 0.109, "valence": 0.322, "tempo": 132.208, "duration_ms": 216427, "time_signature": 4}, {"uri": "spotify:track:2rMtQ0uNjFw9JjbsnEatEq", "name": "Want to be happy", "artist": "Park Boram", "popularity": 28, "danceability": 0.388, "energy": 0.556, "key": 6, "loudness": -5.544, "mode": 1, "speechiness": 0.037, "acousticness": 0.733, "instrumentalness": 0, "liveness": 0.145, "valence": 0.219, "tempo": 133.304, "duration_ms": 213708, "time_signature": 4}, {"uri": "spotify:track:6el4XbyoMmyROFLiuOB374", "name": "A-HA!", "artist": "PENTAGON", "popularity": 35, "danceability": 0.681, "energy": 0.804, "key": 2, "loudness": -4.269, "mode": 1, "speechiness": 0.0486, "acousticness": 0.00895, "instrumentalness": 0, "liveness": 0.0915, "valence": 0.726, "tempo": 103.994, "duration_ms": 214387, "time_signature": 4}, {"uri": "spotify:track:3F31vRSaPlXqecuLleWG0E", "name": "Between You And Me (Nth Romance X Car, the garden)", "artist": "Car, the garden", "popularity": 46, "danceability": 0.496, "energy": 0.396, "key": 0, "loudness": -6.525, "mode": 1, "speechiness": 0.0293, "acousticness": 0.779, "instrumentalness": 0, "liveness": 0.124, "valence": 0.0988, "tempo": 76.06, "duration_ms": 177200, "time_signature": 4}, {"uri": "spotify:track:1cI8dVAOrAOcWRNbtyf1vR", "name": "I'll Leave You", "artist": "Lee Sun Hee", "popularity": 50, "danceability": 0.437, "energy": 0.378, "key": 11, "loudness": -5.892, "mode": 0, "speechiness": 0.0288, "acousticness": 0.685, "instrumentalness": 0, "liveness": 0.142, "valence": 0.132, "tempo": 100.007, "duration_ms": 234880, "time_signature": 3}, {"uri": "spotify:track:2PCjoLGJsogZeSf0FUC31S", "name": "Butterfly", "artist": "LEE KYUNG HOON", "popularity": 38, "danceability": 0.721, "energy": 0.223, "key": 9, "loudness": -6.777, "mode": 1, "speechiness": 0.0329, "acousticness": 0.95, "instrumentalness": 1.39e-05, "liveness": 0.117, "valence": 0.28, "tempo": 124.242, "duration_ms": 202093, "time_signature": 4}, {"uri": "spotify:track:1NEdsK8SNvoR6Ujh8VxfGU", "name": "BUMP!", "artist": "G2", "popularity": 37, "danceability": 0.533, "energy": 0.92, "key": 2, "loudness": -4.19, "mode": 1, "speechiness": 0.0415, "acousticness": 0.000414, "instrumentalness": 0, "liveness": 0.0709, "valence": 0.615, "tempo": 141.996, "duration_ms": 217160, "time_signature": 4}, {"uri": "spotify:track:6T98EGrtzGdjQkMoNzZkjU", "name": "Best Friend (We Can)", "artist": "Weeekly", "popularity": 41, "danceability": 0.785, "energy": 0.909, "key": 11, "loudness": -2.741, "mode": 1, "speechiness": 0.0512, "acousticness": 0.162, "instrumentalness": 0, "liveness": 0.0818, "valence": 0.732, "tempo": 102.006, "duration_ms": 194920, "time_signature": 4}, {"uri": "spotify:track:3hPDifqEMtH2qdnwSQZIGV", "name": "Why", "artist": "Janet Suhh", "popularity": 60, "danceability": 0.615, "energy": 0.527, "key": 2, "loudness": -3.992, "mode": 1, "speechiness": 0.0324, "acousticness": 0.639, "instrumentalness": 0, "liveness": 0.0855, "valence": 0.335, "tempo": 119.998, "duration_ms": 218747, "time_signature": 4}, {"uri": "spotify:track:7JTJRkvvmy9jNIkqqsLIfB", "name": "SKY", "artist": "KiKO", "popularity": 37, "danceability": 0.592, "energy": 0.776, "key": 2, "loudness": -2.936, "mode": 1, "speechiness": 0.057, "acousticness": 0.344, "instrumentalness": 0, "liveness": 0.0771, "valence": 0.544, "tempo": 160.119, "duration_ms": 185960, "time_signature": 4}, {"uri": "spotify:track:77mtDpjG5MXCqqY4NusYgW", "name": "Leave", "artist": "4MEN", "popularity": 47, "danceability": 0.394, "energy": 0.281, "key": 5, "loudness": -10.607, "mode": 1, "speechiness": 0.0311, "acousticness": 0.784, "instrumentalness": 6.25e-05, "liveness": 0.32, "valence": 0.287, "tempo": 129.807, "duration_ms": 291333, "time_signature": 4}, {"uri": "spotify:track:7zo6QXVQfHlycm8dsxkRGv", "name": "Day by Day", "artist": "Youngjae", "popularity": 47, "danceability": 0.568, "energy": 0.47, "key": 10, "loudness": -6.904, "mode": 1, "speechiness": 0.0255, "acousticness": 0.656, "instrumentalness": 0, "liveness": 0.0989, "valence": 0.128, "tempo": 89.954, "duration_ms": 229560, "time_signature": 4}, {"uri": "spotify:track:5cweaO0oyGOk1sBMrF1C2p", "name": "Winterblooming", "artist": "Solar", "popularity": 50, "danceability": 0.655, "energy": 0.53, "key": 5, "loudness": -6.984, "mode": 1, "speechiness": 0.034, "acousticness": 0.752, "instrumentalness": 0, "liveness": 0.133, "valence": 0.528, "tempo": 98.015, "duration_ms": 231557, "time_signature": 4}, {"uri": "spotify:track:4Q3HeHzUwXeJlPLGoumi8m", "name": "Nothing Without You (Nth Romance X Huh Gak)", "artist": "Huh Gak", "popularity": 44, "danceability": 0.444, "energy": 0.483, "key": 1, "loudness": -5.77, "mode": 0, "speechiness": 0.0355, "acousticness": 0.718, "instrumentalness": 0, "liveness": 0.154, "valence": 0.185, "tempo": 137.457, "duration_ms": 272200, "time_signature": 4}, {"uri": "spotify:track:4D3Wo2n0MuTT0DL0zKFGFI", "name": "There For You", "artist": "Kim Na Young", "popularity": 66, "danceability": 0.532, "energy": 0.311, "key": 7, "loudness": -9.265, "mode": 1, "speechiness": 0.0394, "acousticness": 0.876, "instrumentalness": 0, "liveness": 0.0874, "valence": 0.247, "tempo": 90.367, "duration_ms": 220840, "time_signature": 4}, {"uri": "spotify:track:30aVEUz4NgkGuegz32gjl8", "name": "If you're with me", "artist": "Sung Si Kyung", "popularity": 60, "danceability": 0.393, "energy": 0.386, "key": 0, "loudness": -8.676, "mode": 1, "speechiness": 0.032, "acousticness": 0.802, "instrumentalness": 0, "liveness": 0.112, "valence": 0.31, "tempo": 143.38, "duration_ms": 231693, "time_signature": 4}, {"uri": "spotify:track:53v1UfykwSTXfK3vG8e9U5", "name": "Between Love and Breakup (The Forbidden Marriage X Jung Dong Ha)", "artist": "Jung Dong Ha", "popularity": 37, "danceability": 0.423, "energy": 0.607, "key": 3, "loudness": -3.779, "mode": 1, "speechiness": 0.0315, "acousticness": 0.47, "instrumentalness": 0, "liveness": 0.08, "valence": 0.23, "tempo": 131.93, "duration_ms": 273773, "time_signature": 4}, {"uri": "spotify:track:10L1cmcA9Pp3Katey4tA8w", "name": "ENFP (Back to You X Rothy)", "artist": "Rothy", "popularity": 43, "danceability": 0.585, "energy": 0.623, "key": 6, "loudness": -4.958, "mode": 0, "speechiness": 0.0723, "acousticness": 0.491, "instrumentalness": 0, "liveness": 0.119, "valence": 0.559, "tempo": 171.882, "duration_ms": 200253, "time_signature": 4}, {"uri": "spotify:track:40apaEIUuU7hyCeVS32HgW", "name": "Jagyeokru", "artist": "A-vine", "popularity": 34, "danceability": 0.529, "energy": 0.287, "key": 1, "loudness": -11.617, "mode": 0, "speechiness": 0.0308, "acousticness": 0.906, "instrumentalness": 3.86e-05, "liveness": 0.105, "valence": 0.309, "tempo": 127.832, "duration_ms": 177563, "time_signature": 3}, {"uri": "spotify:track:2iu5E0I9RYnCC2Qn3ouZ33", "name": "The Veiled Path", "artist": "Jeong Dong Won", "popularity": 41, "danceability": 0.377, "energy": 0.248, "key": 7, "loudness": -8.955, "mode": 1, "speechiness": 0.0301, "acousticness": 0.683, "instrumentalness": 0, "liveness": 0.136, "valence": 0.165, "tempo": 129.555, "duration_ms": 208253, "time_signature": 4}, {"uri": "spotify:track:29ycXqOUkbHJTs1YKUqe7S", "name": "Pray For Me", "artist": "VICTON", "popularity": 46, "danceability": 0.568, "energy": 0.595, "key": 5, "loudness": -5.199, "mode": 0, "speechiness": 0.0307, "acousticness": 0.043, "instrumentalness": 0, "liveness": 0.0555, "valence": 0.38, "tempo": 119.936, "duration_ms": 211067, "time_signature": 4}, {"uri": "spotify:track:2Oo6DFS4KDoPIw6VR5MNHX", "name": "Dance Dance (from \u2033Go Go Bella\u2033, Bella Theme)", "artist": "LIGHTSUM", "popularity": 40, "danceability": 0.898, "energy": 0.762, "key": 7, "loudness": -4.4, "mode": 1, "speechiness": 0.0527, "acousticness": 0.0615, "instrumentalness": 1.19e-05, "liveness": 0.0441, "valence": 0.715, "tempo": 126.014, "duration_ms": 181514, "time_signature": 4}, {"uri": "spotify:track:2nTOxvZN10Jm0BtDJkBcSK", "name": "Amino Acid (Analog Trip NCT 127 Original Soundtrack)", "artist": "NCT 127", "popularity": 55, "danceability": 0.726, "energy": 0.82, "key": 7, "loudness": -4.298, "mode": 1, "speechiness": 0.148, "acousticness": 0.0934, "instrumentalness": 0, "liveness": 0.329, "valence": 0.482, "tempo": 80.011, "duration_ms": 213240, "time_signature": 4}, {"uri": "spotify:track:3qKPtn84YkRQCndcAvyK59", "name": "Let Me Know", "artist": "CHEEZE", "popularity": 43, "danceability": 0.321, "energy": 0.362, "key": 11, "loudness": -6.766, "mode": 1, "speechiness": 0.0293, "acousticness": 0.934, "instrumentalness": 0.00012, "liveness": 0.103, "valence": 0.125, "tempo": 144.803, "duration_ms": 175510, "time_signature": 4}, {"uri": "spotify:track:7Mj1kQLaqu6Rr6rwAIJQQh", "name": "Squabble", "artist": "HA SUNG WOON", "popularity": 64, "danceability": 0.702, "energy": 0.396, "key": 8, "loudness": -4.622, "mode": 1, "speechiness": 0.0356, "acousticness": 0.477, "instrumentalness": 0, "liveness": 0.0807, "valence": 0.764, "tempo": 92.989, "duration_ms": 205787, "time_signature": 4}, {"uri": "spotify:track:7eBWnVQM0lht1VwAWdCjaZ", "name": "Come Rest With Me", "artist": "Lee Mujin", "popularity": 45, "danceability": 0.386, "energy": 0.502, "key": 5, "loudness": -6.469, "mode": 1, "speechiness": 0.0283, "acousticness": 0.724, "instrumentalness": 0.000164, "liveness": 0.119, "valence": 0.315, "tempo": 141.897, "duration_ms": 246907, "time_signature": 4}, {"uri": "spotify:track:43YsabUToeccQwjwltN1HK", "name": "Jirisan (Original Television Soundtrack) Pt. 12 - Harmony of Leaves", "artist": "Henry", "popularity": 42, "danceability": 0.296, "energy": 0.176, "key": 7, "loudness": -13.852, "mode": 1, "speechiness": 0.0333, "acousticness": 0.981, "instrumentalness": 0.776, "liveness": 0.163, "valence": 0.163, "tempo": 110.691, "duration_ms": 208413, "time_signature": 4}, {"uri": "spotify:track:6DanOFoU6LbNUwoNF8chl0", "name": "Picture", "artist": "HYUNGWON (MONSTAR X)", "popularity": 44, "danceability": 0.644, "energy": 0.854, "key": 11, "loudness": -3.291, "mode": 0, "speechiness": 0.194, "acousticness": 0.112, "instrumentalness": 0, "liveness": 0.11, "valence": 0.73, "tempo": 160.01, "duration_ms": 207013, "time_signature": 4}, {"uri": "spotify:track:3T7GZGeQ9p3hFozQXPXcMw", "name": "Valley of the Shadow", "artist": "Yi Sung Yol", "popularity": 39, "danceability": 0.438, "energy": 0.377, "key": 10, "loudness": -10.371, "mode": 1, "speechiness": 0.0354, "acousticness": 0.35, "instrumentalness": 4.98e-05, "liveness": 0.11, "valence": 0.0957, "tempo": 119.796, "duration_ms": 218373, "time_signature": 4}, {"uri": "spotify:track:6TqE1z62mVjQozkDA1kG0J", "name": "Little Garden", "artist": "TAEYEON", "popularity": 51, "danceability": 0.249, "energy": 0.476, "key": 11, "loudness": -5.787, "mode": 1, "speechiness": 0.0343, "acousticness": 0.591, "instrumentalness": 1.18e-06, "liveness": 0.158, "valence": 0.22, "tempo": 79.831, "duration_ms": 249880, "time_signature": 4}, {"uri": "spotify:track:0oslYYo3t1iwbnoTJy1mja", "name": "Finale", "artist": "Cotton Candy", "popularity": 45, "danceability": 0.662, "energy": 0.896, "key": 10, "loudness": -4.035, "mode": 0, "speechiness": 0.0379, "acousticness": 0.0063, "instrumentalness": 0.000332, "liveness": 0.267, "valence": 0.595, "tempo": 105.976, "duration_ms": 187228, "time_signature": 4}, {"uri": "spotify:track:33P8OwNvoR8HduNAJkrAFs", "name": "Always With You", "artist": "Paul Kim", "popularity": 45, "danceability": 0.237, "energy": 0.262, "key": 2, "loudness": -9.93, "mode": 1, "speechiness": 0.037, "acousticness": 0.84, "instrumentalness": 1.12e-06, "liveness": 0.145, "valence": 0.261, "tempo": 64.994, "duration_ms": 206693, "time_signature": 4}, {"uri": "spotify:track:2ztOFhdIuhY4Ee1RmqBLZG", "name": "Between Us", "artist": "Urban Zakapa", "popularity": 47, "danceability": 0.365, "energy": 0.254, "key": 5, "loudness": -8.264, "mode": 1, "speechiness": 0.0383, "acousticness": 0.917, "instrumentalness": 0, "liveness": 0.0997, "valence": 0.302, "tempo": 139.786, "duration_ms": 241147, "time_signature": 4}, {"uri": "spotify:track:1Yr8Nl8bLKI8gLWUc0mSZE", "name": "Ice Cream Love", "artist": "Whee In", "popularity": 46, "danceability": 0.592, "energy": 0.378, "key": 6, "loudness": -8.987, "mode": 1, "speechiness": 0.0376, "acousticness": 0.711, "instrumentalness": 0, "liveness": 0.136, "valence": 0.12, "tempo": 72.119, "duration_ms": 207013, "time_signature": 4}, {"uri": "spotify:track:0dfK89MvMnBQcpdbW5f9tx", "name": "I\u2032m Coming Home", "artist": "Jukjae", "popularity": 42, "danceability": 0.407, "energy": 0.359, "key": 11, "loudness": -10.176, "mode": 1, "speechiness": 0.0281, "acousticness": 0.778, "instrumentalness": 0.000979, "liveness": 0.0892, "valence": 0.079, "tempo": 71.173, "duration_ms": 246280, "time_signature": 4}, {"uri": "spotify:track:4HdQsMtjNUqknNh5V0fGpE", "name": "Our love was pain (Nth Romance X Baek Z Young)", "artist": "Baek Ji Young", "popularity": 41, "danceability": 0.426, "energy": 0.4, "key": 8, "loudness": -6.605, "mode": 1, "speechiness": 0.0389, "acousticness": 0.87, "instrumentalness": 2.2e-06, "liveness": 0.136, "valence": 0.139, "tempo": 62.657, "duration_ms": 219413, "time_signature": 4}, {"uri": "spotify:track:6ChPSpcpyuFT8C5HMTlezz", "name": "Darling", "artist": "Sunwoojunga", "popularity": 47, "danceability": 0.354, "energy": 0.274, "key": 4, "loudness": -9.964, "mode": 1, "speechiness": 0.0299, "acousticness": 0.958, "instrumentalness": 2.43e-05, "liveness": 0.18, "valence": 0.086, "tempo": 91.361, "duration_ms": 250999, "time_signature": 4}, {"uri": "spotify:track:4rv92w93ROUPu0ljeiNMoj", "name": "We Rise", "artist": "Cotton Candy", "popularity": 49, "danceability": 0.68, "energy": 0.797, "key": 2, "loudness": -4.175, "mode": 0, "speechiness": 0.032, "acousticness": 0.0865, "instrumentalness": 0, "liveness": 0.297, "valence": 0.336, "tempo": 116.957, "duration_ms": 209075, "time_signature": 4}, {"uri": "spotify:track:7uNZkJWibKfa0tTPQ058qW", "name": "Blood Sign", "artist": "msftz", "popularity": 39, "danceability": 0.475, "energy": 0.468, "key": 11, "loudness": -6.339, "mode": 0, "speechiness": 0.0277, "acousticness": 0.207, "instrumentalness": 0, "liveness": 0.125, "valence": 0.177, "tempo": 83.015, "duration_ms": 213853, "time_signature": 4}, {"uri": "spotify:track:6fVIZMLDp8ajfb7A9Dt3RD", "name": "Stay", "artist": "Car, the garden", "popularity": 50, "danceability": 0.497, "energy": 0.356, "key": 7, "loudness": -8.992, "mode": 1, "speechiness": 0.0277, "acousticness": 0.59, "instrumentalness": 2.4e-05, "liveness": 0.109, "valence": 0.329, "tempo": 140.271, "duration_ms": 240680, "time_signature": 4}, {"uri": "spotify:track:2jT8FVkjW9jxyJ8fi4ssr2", "name": "My wonderous miracle", "artist": "JEONG SEWOON", "popularity": 53, "danceability": 0.541, "energy": 0.608, "key": 11, "loudness": -5.329, "mode": 1, "speechiness": 0.0273, "acousticness": 0.379, "instrumentalness": 0, "liveness": 0.0747, "valence": 0.214, "tempo": 114.036, "duration_ms": 195013, "time_signature": 4}, {"uri": "spotify:track:3d2tLjYswXQsIsoDAZRkUr", "name": "Better for Me (Nth Romance X MeloMance)", "artist": "MeloMance", "popularity": 45, "danceability": 0.399, "energy": 0.433, "key": 11, "loudness": -4.785, "mode": 1, "speechiness": 0.0352, "acousticness": 0.836, "instrumentalness": 0, "liveness": 0.116, "valence": 0.171, "tempo": 136.326, "duration_ms": 239853, "time_signature": 4}, {"uri": "spotify:track:0WYxYMT9G6N4YoyTbl9PJm", "name": "Every moment with you (Your playlist X Ha Hyunsang)", "artist": "Ha Hyunsang", "popularity": 39, "danceability": 0.308, "energy": 0.506, "key": 9, "loudness": -6.04, "mode": 1, "speechiness": 0.0313, "acousticness": 0.698, "instrumentalness": 0, "liveness": 0.111, "valence": 0.192, "tempo": 130.266, "duration_ms": 254640, "time_signature": 4}, {"uri": "spotify:track:6AXqsbRU3snGXnibiW0WOw", "name": "I Miss You", "artist": "Song Youjin", "popularity": 45, "danceability": 0.295, "energy": 0.293, "key": 1, "loudness": -7.308, "mode": 1, "speechiness": 0.0333, "acousticness": 0.422, "instrumentalness": 0, "liveness": 0.102, "valence": 0.119, "tempo": 123.44, "duration_ms": 252760, "time_signature": 4}, {"uri": "spotify:track:3pkpvsH5ZyvHgLd5ga9txO", "name": "All Again (Feat. Seungmin)", "artist": "Jade", "popularity": 39, "danceability": 0.546, "energy": 0.303, "key": 8, "loudness": -7.531, "mode": 1, "speechiness": 0.0265, "acousticness": 0.634, "instrumentalness": 1.9e-06, "liveness": 0.106, "valence": 0.262, "tempo": 131.818, "duration_ms": 239771, "time_signature": 4}, {"uri": "spotify:track:10IfXtjKQmOiON7tNAHv0y", "name": "Yours", "artist": "JIN", "popularity": 81, "danceability": 0.488, "energy": 0.427, "key": 6, "loudness": -7.383, "mode": 1, "speechiness": 0.0382, "acousticness": 0.354, "instrumentalness": 0, "liveness": 0.0797, "valence": 0.157, "tempo": 72.035, "duration_ms": 264840, "time_signature": 4}, {"uri": "spotify:track:3fg4SAOPo2hipn7Nmj1m7N", "name": "What Lies Ahead", "artist": "Joe Layne", "popularity": 51, "danceability": 0.423, "energy": 0.164, "key": 4, "loudness": -13.579, "mode": 0, "speechiness": 0.0402, "acousticness": 0.706, "instrumentalness": 0, "liveness": 0.102, "valence": 0.208, "tempo": 111.302, "duration_ms": 220000, "time_signature": 4}, {"uri": "spotify:track:7L0sdabB8ORxLAPaHd9k4K", "name": "The Only Reason", "artist": "DAVICHI", "popularity": 52, "danceability": 0.344, "energy": 0.352, "key": 9, "loudness": -6.483, "mode": 1, "speechiness": 0.0311, "acousticness": 0.811, "instrumentalness": 0, "liveness": 0.111, "valence": 0.282, "tempo": 129.744, "duration_ms": 242787, "time_signature": 4}, {"uri": "spotify:track:0SwADBt4VmUU1GTD9CVApW", "name": "I wish", "artist": "Whee In", "popularity": 52, "danceability": 0.446, "energy": 0.474, "key": 0, "loudness": -6.174, "mode": 1, "speechiness": 0.0317, "acousticness": 0.741, "instrumentalness": 0, "liveness": 0.101, "valence": 0.177, "tempo": 133.668, "duration_ms": 241040, "time_signature": 4}, {"uri": "spotify:track:0VSh0IcBr84KLQiSqTwpDH", "name": "Full of You", "artist": "HAE YOON (Cherry Bullet)", "popularity": 49, "danceability": 0.473, "energy": 0.77, "key": 0, "loudness": -3.161, "mode": 1, "speechiness": 0.0356, "acousticness": 0.602, "instrumentalness": 8e-06, "liveness": 0.25, "valence": 0.375, "tempo": 205.835, "duration_ms": 196813, "time_signature": 4}, {"uri": "spotify:track:2IHdokH2nW96ONewPgdyDM", "name": "\uc6b0\ub9b0 \uc0ac\ub791 \ubcf4\ub2e4 \uc774\ubcc4\uc774 \ucef8\ub098\ubd10", "artist": "SO YUMI", "popularity": 39, "danceability": 0.508, "energy": 0.448, "key": 2, "loudness": -5.251, "mode": 1, "speechiness": 0.0333, "acousticness": 0.798, "instrumentalness": 0, "liveness": 0.103, "valence": 0.21, "tempo": 131.415, "duration_ms": 254359, "time_signature": 4}, {"uri": "spotify:track:7brPjLpvlaYLnPGCA9U6y7", "name": "Hold My Hand", "artist": "LeeHi", "popularity": 54, "danceability": 0.622, "energy": 0.304, "key": 6, "loudness": -9.153, "mode": 1, "speechiness": 0.039, "acousticness": 0.892, "instrumentalness": 5.22e-06, "liveness": 0.111, "valence": 0.314, "tempo": 135.703, "duration_ms": 210240, "time_signature": 4}, {"uri": "spotify:track:6c2z1AwD4exKBy69bvv5Pk", "name": "In Color", "artist": "Lee So Ra", "popularity": 42, "danceability": 0.141, "energy": 0.341, "key": 1, "loudness": -11.18, "mode": 1, "speechiness": 0.0378, "acousticness": 0.921, "instrumentalness": 0.148, "liveness": 0.263, "valence": 0.228, "tempo": 86.38, "duration_ms": 229413, "time_signature": 3}, {"uri": "spotify:track:2xpDd1NqdYAtG2TtP0QLH9", "name": "Watch Me", "artist": "SURL", "popularity": 42, "danceability": 0.5, "energy": 0.834, "key": 6, "loudness": -3.279, "mode": 1, "speechiness": 0.0423, "acousticness": 0.091, "instrumentalness": 0, "liveness": 0.112, "valence": 0.568, "tempo": 151.911, "duration_ms": 172693, "time_signature": 4}, {"uri": "spotify:track:1MbpkmlZNdbSR1Vq79fsE6", "name": "Bright memories", "artist": "Hong Dae Kwang", "popularity": 40, "danceability": 0.611, "energy": 0.47, "key": 10, "loudness": -6.003, "mode": 1, "speechiness": 0.0274, "acousticness": 0.712, "instrumentalness": 0, "liveness": 0.094, "valence": 0.162, "tempo": 94.99, "duration_ms": 258160, "time_signature": 4}, {"uri": "spotify:track:00jeXnp7KMh7tE4LgUQ7In", "name": "why did you leave me like that", "artist": "The Bridge", "popularity": 38, "danceability": 0.475, "energy": 0.417, "key": 3, "loudness": -7.415, "mode": 1, "speechiness": 0.0315, "acousticness": 0.749, "instrumentalness": 0, "liveness": 0.163, "valence": 0.136, "tempo": 131.651, "duration_ms": 240813, "time_signature": 4}, {"uri": "spotify:track:1I6yHBTcdJuDJA9NhBzmeg", "name": "Your Season", "artist": "20 Years of Age", "popularity": 50, "danceability": 0.395, "energy": 0.433, "key": 8, "loudness": -7.561, "mode": 1, "speechiness": 0.0324, "acousticness": 0.827, "instrumentalness": 1.06e-05, "liveness": 0.117, "valence": 0.238, "tempo": 130.747, "duration_ms": 221440, "time_signature": 4}, {"uri": "spotify:track:6SAvUttvPDCX59vS9USA05", "name": "Delivery", "artist": "NATURE", "popularity": 38, "danceability": 0.57, "energy": 0.911, "key": 4, "loudness": -3.757, "mode": 1, "speechiness": 0.122, "acousticness": 0.0343, "instrumentalness": 0, "liveness": 0.0794, "valence": 0.668, "tempo": 170.008, "duration_ms": 183653, "time_signature": 4}, {"uri": "spotify:track:0dhBiy6lmLdyKUEJTf5Fcz", "name": "Poison", "artist": "ASH ISLAND", "popularity": 50, "danceability": 0.605, "energy": 0.66, "key": 5, "loudness": -4.154, "mode": 0, "speechiness": 0.0796, "acousticness": 0.264, "instrumentalness": 0, "liveness": 0.153, "valence": 0.501, "tempo": 170.017, "duration_ms": 161587, "time_signature": 4}, {"uri": "spotify:track:0IUrUI3EXFOwlE1ucmeFux", "name": "For All Time", "artist": "AILEE", "popularity": 43, "danceability": 0.351, "energy": 0.474, "key": 2, "loudness": -3.985, "mode": 1, "speechiness": 0.0296, "acousticness": 0.669, "instrumentalness": 0, "liveness": 0.12, "valence": 0.0936, "tempo": 133.585, "duration_ms": 229413, "time_signature": 3}, {"uri": "spotify:track:5ll5cN9IKSsuPxEaZotNjF", "name": "love can't be erased", "artist": "\uc624\uce58\uc601", "popularity": 37, "danceability": 0.589, "energy": 0.406, "key": 0, "loudness": -5.861, "mode": 1, "speechiness": 0.0349, "acousticness": 0.743, "instrumentalness": 0, "liveness": 0.151, "valence": 0.214, "tempo": 127.621, "duration_ms": 245303, "time_signature": 4}, {"uri": "spotify:track:5MhoswLckCCOAGzdoVfNv4", "name": "Let It Bleed (From \"Bite Sisters\")", "artist": "ABOUT", "popularity": 39, "danceability": 0.539, "energy": 0.411, "key": 1, "loudness": -6.097, "mode": 0, "speechiness": 0.0321, "acousticness": 0.199, "instrumentalness": 0, "liveness": 0.129, "valence": 0.208, "tempo": 132.031, "duration_ms": 236867, "time_signature": 4}, {"uri": "spotify:track:33WQ0yZfjfhDRxJ8lMZCOW", "name": "Hide and Seek", "artist": "VROMANCE", "popularity": 55, "danceability": 0.639, "energy": 0.791, "key": 11, "loudness": -4.068, "mode": 0, "speechiness": 0.0356, "acousticness": 0.186, "instrumentalness": 0, "liveness": 0.368, "valence": 0.484, "tempo": 99.998, "duration_ms": 219200, "time_signature": 4}, {"uri": "spotify:track:4R8KPJ1rnadJRyEQlOlgvf", "name": "May you be happy (The Moon during the Day X HWANG CHI YEUL)", "artist": "Hwang Chi Yeul", "popularity": 40, "danceability": 0.438, "energy": 0.477, "key": 5, "loudness": -5.289, "mode": 0, "speechiness": 0.0337, "acousticness": 0.704, "instrumentalness": 0, "liveness": 0.124, "valence": 0.303, "tempo": 132.086, "duration_ms": 209467, "time_signature": 4}, {"uri": "spotify:track:4IYkOXspUW61nJUetcqkpJ", "name": "Home", "artist": "BIG Naughty", "popularity": 48, "danceability": 0.644, "energy": 0.596, "key": 0, "loudness": -5.7, "mode": 1, "speechiness": 0.0492, "acousticness": 0.133, "instrumentalness": 0, "liveness": 0.139, "valence": 0.287, "tempo": 96.98, "duration_ms": 192665, "time_signature": 4}, {"uri": "spotify:track:2jENXjiYuPriGaFNLSmgO5", "name": "EYES (from \u201cArmored Saurus\u201d)", "artist": "TOMORROW X TOGETHER", "popularity": 58, "danceability": 0.628, "energy": 0.938, "key": 1, "loudness": -3.355, "mode": 1, "speechiness": 0.0987, "acousticness": 0.01, "instrumentalness": 0, "liveness": 0.0978, "valence": 0.529, "tempo": 114.931, "duration_ms": 214198, "time_signature": 4}, {"uri": "spotify:track:7jNY7h3A7Xf4ZcBlAfai6Q", "name": "Dreamer", "artist": "Lee Sun Bin", "popularity": 41, "danceability": 0.493, "energy": 0.523, "key": 10, "loudness": -6.86, "mode": 1, "speechiness": 0.0246, "acousticness": 0.549, "instrumentalness": 0.529, "liveness": 0.0575, "valence": 0.155, "tempo": 92.066, "duration_ms": 216770, "time_signature": 4}, {"uri": "spotify:track:4XkzTfZBt2Q0pGcJ6Y3ae2", "name": "UP", "artist": "Hajin", "popularity": 46, "danceability": 0.63, "energy": 0.877, "key": 7, "loudness": -2.812, "mode": 1, "speechiness": 0.0495, "acousticness": 0.0534, "instrumentalness": 0, "liveness": 0.116, "valence": 0.253, "tempo": 96.005, "duration_ms": 191413, "time_signature": 4}, {"uri": "spotify:track:7DMcy43YpQIj4gxPeTAKGb", "name": "GIFT", "artist": "CHAI", "popularity": 42, "danceability": 0.614, "energy": 0.374, "key": 11, "loudness": -6.999, "mode": 1, "speechiness": 0.0266, "acousticness": 0.872, "instrumentalness": 0, "liveness": 0.109, "valence": 0.237, "tempo": 80.074, "duration_ms": 218373, "time_signature": 4}, {"uri": "spotify:track:4xnu7crQhE60mfBNg8CkdF", "name": "Memories", "artist": "Gaho", "popularity": 43, "danceability": 0.396, "energy": 0.785, "key": 0, "loudness": -5.185, "mode": 1, "speechiness": 0.04, "acousticness": 0.00229, "instrumentalness": 4.66e-06, "liveness": 0.112, "valence": 0.116, "tempo": 163.994, "duration_ms": 206107, "time_signature": 4}, {"uri": "spotify:track:6glxSm4nyJHavqVOy4jKhi", "name": "A Drink of Life", "artist": "JEONG EUN JI", "popularity": 42, "danceability": 0.619, "energy": 0.639, "key": 3, "loudness": -4.262, "mode": 1, "speechiness": 0.0331, "acousticness": 0.687, "instrumentalness": 0, "liveness": 0.0884, "valence": 0.488, "tempo": 100.931, "duration_ms": 203299, "time_signature": 4}, {"uri": "spotify:track:3zyqesh4o1HCm8FlR0Fzfm", "name": "\uc0ac\ub791\uc774 \uc0ac\ub791\uc744 \ubc14\ub784\uc218\ub85d", "artist": "Han All", "popularity": 40, "danceability": 0.548, "energy": 0.197, "key": 0, "loudness": -12.211, "mode": 1, "speechiness": 0.0651, "acousticness": 0.967, "instrumentalness": 0, "liveness": 0.128, "valence": 0.232, "tempo": 126.382, "duration_ms": 170500, "time_signature": 4}, {"uri": "spotify:track:1I5z9mWjU3bsgYmmo7Qgvp", "name": "\ucd08\ud589", "artist": "\uc2e0\uc720", "popularity": 35, "danceability": 0.457, "energy": 0.629, "key": 0, "loudness": -4.39, "mode": 1, "speechiness": 0.0272, "acousticness": 0.55, "instrumentalness": 3.9e-06, "liveness": 0.138, "valence": 0.382, "tempo": 102.271, "duration_ms": 281000, "time_signature": 3}, {"uri": "spotify:track:6igvYG3mvEZ41JiOD9bkbg", "name": "Curious (Back to You X DAYBREAK, YUKIKA)", "artist": "DAYBREAK", "popularity": 40, "danceability": 0.757, "energy": 0.804, "key": 11, "loudness": -3.288, "mode": 1, "speechiness": 0.133, "acousticness": 0.651, "instrumentalness": 0, "liveness": 0.079, "valence": 0.887, "tempo": 98.039, "duration_ms": 177413, "time_signature": 4}, {"uri": "spotify:track:0TRHKlHox8YVaBCJ6cUlGJ", "name": "White Day (IDOL: The Coup)", "artist": "Cotton Candy", "popularity": 49, "danceability": 0.643, "energy": 0.837, "key": 11, "loudness": -5.619, "mode": 0, "speechiness": 0.0741, "acousticness": 0.068, "instrumentalness": 0, "liveness": 0.215, "valence": 0.485, "tempo": 103.859, "duration_ms": 210471, "time_signature": 4}, {"uri": "spotify:track:0gNCRiYd95VjjWMBuXcYaJ", "name": "Moon Crater", "artist": "KimYeji", "popularity": 44, "danceability": 0.597, "energy": 0.337, "key": 8, "loudness": -10.725, "mode": 1, "speechiness": 0.0331, "acousticness": 0.834, "instrumentalness": 0.00149, "liveness": 0.115, "valence": 0.131, "tempo": 125.924, "duration_ms": 229227, "time_signature": 4}, {"uri": "spotify:track:0t6szxqnYLaOWgHR4KLpDr", "name": "Hello baby", "artist": "jang ui soo", "popularity": 38, "danceability": 0.645, "energy": 0.536, "key": 2, "loudness": -5.46, "mode": 1, "speechiness": 0.0249, "acousticness": 0.366, "instrumentalness": 0, "liveness": 0.351, "valence": 0.389, "tempo": 92.064, "duration_ms": 210688, "time_signature": 4}, {"uri": "spotify:track:3QGz3EzsWbW9LoNVk5MPHT", "name": "IF I", "artist": "Baek Ji Young", "popularity": 57, "danceability": 0.418, "energy": 0.446, "key": 9, "loudness": -5.725, "mode": 0, "speechiness": 0.0373, "acousticness": 0.921, "instrumentalness": 1.28e-05, "liveness": 0.0877, "valence": 0.095, "tempo": 127.274, "duration_ms": 221080, "time_signature": 4}, {"uri": "spotify:track:4rMEoXVYww6Xy7q9wSj4gy", "name": "Love Always Run Away", "artist": "Lim Young Woong", "popularity": 53, "danceability": 0.404, "energy": 0.443, "key": 8, "loudness": -6.799, "mode": 1, "speechiness": 0.0333, "acousticness": 0.651, "instrumentalness": 0, "liveness": 0.12, "valence": 0.36, "tempo": 131.298, "duration_ms": 242760, "time_signature": 4}, {"uri": "spotify:track:4XCTQTJ0yZ76BZZyW8JZTQ", "name": "I Hope You\u2032re Happy", "artist": "Lee sang yi", "popularity": 52, "danceability": 0.33, "energy": 0.15, "key": 6, "loudness": -16.552, "mode": 1, "speechiness": 0.0326, "acousticness": 0.924, "instrumentalness": 0.00428, "liveness": 0.118, "valence": 0.418, "tempo": 172.266, "duration_ms": 197450, "time_signature": 4}, {"uri": "spotify:track:7r7PL7TxcixHculcGtnEC9", "name": "My Name (Feat. Swervy, JEMINN)", "artist": "\uc774\uc544\ub78c", "popularity": 64, "danceability": 0.558, "energy": 0.564, "key": 11, "loudness": -8.881, "mode": 0, "speechiness": 0.0609, "acousticness": 0.148, "instrumentalness": 0.000308, "liveness": 0.0679, "valence": 0.0392, "tempo": 125.936, "duration_ms": 256084, "time_signature": 4}, {"uri": "spotify:track:1paS0TQIPPvKBJ3PbZ4rZT", "name": "What's there to life", "artist": "CHA SEOWON", "popularity": 35, "danceability": 0.646, "energy": 0.872, "key": 9, "loudness": -1.125, "mode": 0, "speechiness": 0.0702, "acousticness": 0.169, "instrumentalness": 0, "liveness": 0.0503, "valence": 0.558, "tempo": 134.976, "duration_ms": 186888, "time_signature": 4}, {"uri": "spotify:track:18Mdl401IltBFuvhCdpWmk", "name": "I\u2032m in Paris", "artist": "Dvwn", "popularity": 46, "danceability": 0.743, "energy": 0.656, "key": 0, "loudness": -3.739, "mode": 0, "speechiness": 0.0404, "acousticness": 0.123, "instrumentalness": 0, "liveness": 0.152, "valence": 0.59, "tempo": 89.955, "duration_ms": 155554, "time_signature": 4}, {"uri": "spotify:track:2Hd9y1sae4yhYBVvqYOIqx", "name": "Someday", "artist": "CHUNG HA", "popularity": 43, "danceability": 0.614, "energy": 0.482, "key": 8, "loudness": -5.885, "mode": 1, "speechiness": 0.0327, "acousticness": 0.665, "instrumentalness": 0, "liveness": 0.111, "valence": 0.27, "tempo": 131.995, "duration_ms": 202040, "time_signature": 4}, {"uri": "spotify:track:7LWqeNEnmepvdQ6uotkQOj", "name": "Our Story", "artist": "MeloMance", "popularity": 47, "danceability": 0.538, "energy": 0.632, "key": 0, "loudness": -3.231, "mode": 1, "speechiness": 0.0345, "acousticness": 0.735, "instrumentalness": 0, "liveness": 0.12, "valence": 0.367, "tempo": 81.0, "duration_ms": 239000, "time_signature": 4}, {"uri": "spotify:track:4UBrd5A05PGy9BgISosPWH", "name": "Can't You Love Me", "artist": "Fromm", "popularity": 40, "danceability": 0.692, "energy": 0.194, "key": 9, "loudness": -9.983, "mode": 1, "speechiness": 0.0305, "acousticness": 0.921, "instrumentalness": 1.52e-06, "liveness": 0.108, "valence": 0.4, "tempo": 109.967, "duration_ms": 265960, "time_signature": 4}, {"uri": "spotify:track:2WdnAdw7zpgU0FRkGiRV8n", "name": "Here Always (SEUNGMIN of Stray Kids)", "artist": "Stray Kids", "popularity": 67, "danceability": 0.573, "energy": 0.39, "key": 2, "loudness": -8.017, "mode": 1, "speechiness": 0.0272, "acousticness": 0.345, "instrumentalness": 2.64e-06, "liveness": 0.104, "valence": 0.118, "tempo": 82.035, "duration_ms": 254772, "time_signature": 4}, {"uri": "spotify:track:1LpePQgxJQnGtOiM0jMnm1", "name": "Shadow of You", "artist": "SUPER JUNIOR-K.R.Y.", "popularity": 55, "danceability": 0.391, "energy": 0.448, "key": 3, "loudness": -5.331, "mode": 1, "speechiness": 0.0291, "acousticness": 0.741, "instrumentalness": 0, "liveness": 0.164, "valence": 0.239, "tempo": 133.242, "duration_ms": 231587, "time_signature": 4}, {"uri": "spotify:track:2hZZj8c0Wma1UGkhIDTnZN", "name": "Stay Alive", "artist": "SURAN", "popularity": 38, "danceability": 0.586, "energy": 0.77, "key": 8, "loudness": -5.258, "mode": 1, "speechiness": 0.0369, "acousticness": 0.0654, "instrumentalness": 0.00355, "liveness": 0.113, "valence": 0.191, "tempo": 97.027, "duration_ms": 187844, "time_signature": 4}, {"uri": "spotify:track:3d5V6GUICblHFafZUojm99", "name": "Belief", "artist": "Jung Seung Hwan", "popularity": 50, "danceability": 0.379, "energy": 0.26, "key": 10, "loudness": -9.252, "mode": 1, "speechiness": 0.0371, "acousticness": 0.818, "instrumentalness": 0, "liveness": 0.129, "valence": 0.238, "tempo": 142.852, "duration_ms": 293373, "time_signature": 4}, {"uri": "spotify:track:3VZWxVd6fxIxhJUk5UariO", "name": "I\u2019d Say Delete The Problem/Friday Night", "artist": "Byul.org", "popularity": 35, "danceability": 0.735, "energy": 0.81, "key": 2, "loudness": -6.749, "mode": 1, "speechiness": 0.0447, "acousticness": 0.0371, "instrumentalness": 0.708, "liveness": 0.109, "valence": 0.704, "tempo": 119.033, "duration_ms": 205287, "time_signature": 4}, {"uri": "spotify:track:47VBwKrb9UrN66EXXG71iT", "name": "The Image of You (Remains in My Memory)", "artist": "Sandeul", "popularity": 59, "danceability": 0.657, "energy": 0.525, "key": 0, "loudness": -6.49, "mode": 1, "speechiness": 0.0323, "acousticness": 0.578, "instrumentalness": 0, "liveness": 0.149, "valence": 0.403, "tempo": 89.067, "duration_ms": 189074, "time_signature": 4}, {"uri": "spotify:track:225Qhu5jxjVyFCkYpPmqL0", "name": "As it was a lie", "artist": "Punch", "popularity": 44, "danceability": 0.381, "energy": 0.423, "key": 7, "loudness": -6.417, "mode": 0, "speechiness": 0.0368, "acousticness": 0.891, "instrumentalness": 0, "liveness": 0.301, "valence": 0.238, "tempo": 137.675, "duration_ms": 238040, "time_signature": 4}, {"uri": "spotify:track:4vRGonKio0NlhT7KGCu2Z1", "name": "It\u2019s You", "artist": "Yu-Hwan", "popularity": 38, "danceability": 0.53, "energy": 0.483, "key": 6, "loudness": -5.527, "mode": 1, "speechiness": 0.0278, "acousticness": 0.554, "instrumentalness": 0, "liveness": 0.114, "valence": 0.245, "tempo": 137.815, "duration_ms": 204203, "time_signature": 4}, {"uri": "spotify:track:5KkYwRKIcbDcr0zK0wqK3V", "name": "My Day", "artist": "J.UNA", "popularity": 46, "danceability": 0.737, "energy": 0.597, "key": 10, "loudness": -4.498, "mode": 0, "speechiness": 0.0418, "acousticness": 0.273, "instrumentalness": 1.09e-06, "liveness": 0.213, "valence": 0.723, "tempo": 88.982, "duration_ms": 221133, "time_signature": 4}]