[{"uri": "spotify:track:1di1BEgJYzPvXUuinsYJGP", "name": "Everybody (Backstreet's Back) - Radio Edit", "artist": "Backstreet Boys", "popularity": 76, "danceability": 0.731, "energy": 0.853, "key": 10, "loudness": -4.219, "mode": 0, "speechiness": 0.0363, "acousticness": 0.0352, "instrumentalness": 0, "liveness": 0.268, "valence": 0.605, "tempo": 108.016, "duration_ms": 225360, "time_signature": 4}, {"uri": "spotify:track:221LRlPHPuevgE1tuUlof9", "name": "I Want You Back - Radio Edit", "artist": "*NSYNC", "popularity": 62, "danceability": 0.751, "energy": 0.939, "key": 8, "loudness": -3.305, "mode": 0, "speechiness": 0.0466, "acousticness": 0.0521, "instrumentalness": 0.00056, "liveness": 0.477, "valence": 0.905, "tempo": 112.041, "duration_ms": 200440, "time_signature": 4}, {"uri": "spotify:track:6DEpT4lCY850MzcBmhd1if", "name": "Back for Good - Radio Mix", "artist": "Take That", "popularity": 0, "danceability": 0.594, "energy": 0.435, "key": 5, "loudness": -12.188, "mode": 1, "speechiness": 0.0307, "acousticness": 0.306, "instrumentalness": 0, "liveness": 0.181, "valence": 0.511, "tempo": 78.995, "duration_ms": 241640, "time_signature": 4}, {"uri": "spotify:track:4gOYsc0JQJY3mjgqeMIork", "name": "Love Me For A Reason", "artist": "Boyzone", "popularity": 0, "danceability": 0.43, "energy": 0.818, "key": 9, "loudness": -7.472, "mode": 1, "speechiness": 0.0557, "acousticness": 0.0676, "instrumentalness": 0, "liveness": 0.128, "valence": 0.599, "tempo": 156.189, "duration_ms": 219627, "time_signature": 4}, {"uri": "spotify:track:4WUnM4KNZ0kjp0CUeoyOnS", "name": "I Swear", "artist": "All-4-One", "popularity": 70, "danceability": 0.532, "energy": 0.407, "key": 6, "loudness": -9.658, "mode": 0, "speechiness": 0.0233, "acousticness": 0.235, "instrumentalness": 0, "liveness": 0.117, "valence": 0.23, "tempo": 83.207, "duration_ms": 259853, "time_signature": 4}, {"uri": "spotify:track:5pHkdbnwsgEuwdpNvwy3My", "name": "Got the Feelin' - Radio Edit", "artist": "Five", "popularity": 35, "danceability": 0.76, "energy": 0.861, "key": 0, "loudness": -6.65, "mode": 1, "speechiness": 0.11, "acousticness": 0.0611, "instrumentalness": 0, "liveness": 0.128, "valence": 0.857, "tempo": 98.58, "duration_ms": 207627, "time_signature": 4}, {"uri": "spotify:track:2bB2QGi8IZXfjqNG3vB2gG", "name": "If I Let You Go - Radio Edit", "artist": "Westlife", "popularity": 0, "danceability": 0.571, "energy": 0.697, "key": 0, "loudness": -4.255, "mode": 1, "speechiness": 0.0294, "acousticness": 0.00574, "instrumentalness": 0, "liveness": 0.0775, "valence": 0.636, "tempo": 181.987, "duration_ms": 221533, "time_signature": 4}, {"uri": "spotify:track:5Lk0t4HM9zD0AlWRpMxIFQ", "name": "It's Alright - The Guvnor Mix", "artist": "East 17", "popularity": 0, "danceability": 0.607, "energy": 0.933, "key": 5, "loudness": -4.691, "mode": 0, "speechiness": 0.037, "acousticness": 0.00132, "instrumentalness": 8.37e-05, "liveness": 0.133, "valence": 0.393, "tempo": 129.947, "duration_ms": 279800, "time_signature": 4}, {"uri": "spotify:track:1lkfcyCLP0KPykSLIgh1VT", "name": "Where Do You Go", "artist": "No Mercy", "popularity": 53, "danceability": 0.673, "energy": 0.895, "key": 10, "loudness": -6.241, "mode": 0, "speechiness": 0.0317, "acousticness": 0.0153, "instrumentalness": 0.0717, "liveness": 0.128, "valence": 0.932, "tempo": 127.053, "duration_ms": 271440, "time_signature": 4}, {"uri": "spotify:track:06oS63X7MWr6uhrmFQryZT", "name": "Freak Me", "artist": "Another Level", "popularity": 46, "danceability": 0.768, "energy": 0.631, "key": 2, "loudness": -8.029, "mode": 1, "speechiness": 0.0445, "acousticness": 0.0193, "instrumentalness": 0, "liveness": 0.543, "valence": 0.862, "tempo": 136.707, "duration_ms": 295600, "time_signature": 4}, {"uri": "spotify:track:4PgPnzbAgjCQ2eA6YAWcUw", "name": "MMMBop - Single Version", "artist": "Hanson", "popularity": 0, "danceability": 0.692, "energy": 0.912, "key": 9, "loudness": -7.733, "mode": 1, "speechiness": 0.0513, "acousticness": 0.00456, "instrumentalness": 0.00273, "liveness": 0.0616, "valence": 0.642, "tempo": 104.862, "duration_ms": 238533, "time_signature": 4}, {"uri": "spotify:track:0p5Bv16XNo5B7AdeKD0H0F", "name": "I Do (Cherish You)", "artist": "98\u00ba", "popularity": 68, "danceability": 0.576, "energy": 0.431, "key": 8, "loudness": -9.484, "mode": 1, "speechiness": 0.0339, "acousticness": 0.614, "instrumentalness": 0, "liveness": 0.159, "valence": 0.301, "tempo": 81.016, "duration_ms": 226733, "time_signature": 4}, {"uri": "spotify:track:6J6RWKCPN5RFKHUKEUFjxS", "name": "Step by Step", "artist": "New Kids On The Block", "popularity": 64, "danceability": 0.787, "energy": 0.63, "key": 0, "loudness": -12.295, "mode": 1, "speechiness": 0.0609, "acousticness": 0.0274, "instrumentalness": 6.69e-06, "liveness": 0.161, "valence": 0.882, "tempo": 125.347, "duration_ms": 267293, "time_signature": 4}, {"uri": "spotify:track:3l3xTXsUXeWlkPqzMs7mPD", "name": "End Of The Road", "artist": "Boyz II Men", "popularity": 73, "danceability": 0.64, "energy": 0.427, "key": 5, "loudness": -9.29, "mode": 0, "speechiness": 0.0241, "acousticness": 0.0664, "instrumentalness": 0, "liveness": 0.0579, "valence": 0.529, "tempo": 149.703, "duration_ms": 351467, "time_signature": 3}, {"uri": "spotify:track:0HcSC0BbA1H5zwGCr9xCON", "name": "I Want It That Way", "artist": "Backstreet Boys", "popularity": 0, "danceability": 0.687, "energy": 0.7, "key": 6, "loudness": -5.74, "mode": 0, "speechiness": 0.0264, "acousticness": 0.246, "instrumentalness": 0, "liveness": 0.233, "valence": 0.503, "tempo": 99.042, "duration_ms": 213307, "time_signature": 4}, {"uri": "spotify:track:3iODl7yzl5v1HgVFWOXHxR", "name": "Relight My Fire (feat. Lulu)", "artist": "Take That", "popularity": 0, "danceability": 0.668, "energy": 0.723, "key": 9, "loudness": -13.311, "mode": 1, "speechiness": 0.0413, "acousticness": 0.116, "instrumentalness": 0, "liveness": 0.107, "valence": 0.849, "tempo": 122.605, "duration_ms": 249000, "time_signature": 4}, {"uri": "spotify:track:73q3FpQVXWk5eSUnyo83E4", "name": "Tearin' up My Heart - Radio Edit", "artist": "*NSYNC", "popularity": 66, "danceability": 0.687, "energy": 0.918, "key": 7, "loudness": -4.676, "mode": 1, "speechiness": 0.0392, "acousticness": 0.00211, "instrumentalness": 1.26e-05, "liveness": 0.344, "valence": 0.747, "tempo": 110.06, "duration_ms": 209400, "time_signature": 4}, {"uri": "spotify:track:2Ta72mApn3a6OZNGSaxaDI", "name": "Picture Of You", "artist": "Boyzone", "popularity": 0, "danceability": 0.766, "energy": 0.893, "key": 0, "loudness": -6.394, "mode": 1, "speechiness": 0.0366, "acousticness": 0.0918, "instrumentalness": 2.11e-06, "liveness": 0.337, "valence": 0.88, "tempo": 116.651, "duration_ms": 209773, "time_signature": 4}, {"uri": "spotify:track:07TCY69AXkj3E7LC19vq45", "name": "House of Love", "artist": "East 17", "popularity": 0, "danceability": 0.618, "energy": 0.986, "key": 5, "loudness": -3.916, "mode": 1, "speechiness": 0.108, "acousticness": 0.0199, "instrumentalness": 0, "liveness": 0.176, "valence": 0.254, "tempo": 117.535, "duration_ms": 269626, "time_signature": 4}, {"uri": "spotify:track:0mrU1w2UMIZnR2I6oguwGz", "name": "Keep On Movin'", "artist": "Five", "popularity": 62, "danceability": 0.742, "energy": 0.854, "key": 7, "loudness": -7.794, "mode": 1, "speechiness": 0.0332, "acousticness": 0.0345, "instrumentalness": 0, "liveness": 0.0689, "valence": 0.962, "tempo": 135.015, "duration_ms": 197400, "time_signature": 4}, {"uri": "spotify:track:5yTk7KPsD43u7hjeiGP2Kw", "name": "Fool Again", "artist": "Westlife", "popularity": 0, "danceability": 0.532, "energy": 0.525, "key": 4, "loudness": -6.812, "mode": 1, "speechiness": 0.0295, "acousticness": 0.0467, "instrumentalness": 0, "liveness": 0.053, "valence": 0.536, "tempo": 75.993, "duration_ms": 235067, "time_signature": 4}, {"uri": "spotify:track:5RWVIPhDjeUKGRqXF65v1N", "name": "Everything Changes", "artist": "Take That", "popularity": 0, "danceability": 0.697, "energy": 0.749, "key": 11, "loudness": -8.55, "mode": 0, "speechiness": 0.0459, "acousticness": 0.00866, "instrumentalness": 1.83e-05, "liveness": 0.0564, "valence": 0.607, "tempo": 127.68, "duration_ms": 213400, "time_signature": 4}, {"uri": "spotify:track:2BEL2ySEBDO02FLo3lOIZT", "name": "You Got It (The Right Stuff)", "artist": "New Kids On The Block", "popularity": 42, "danceability": 0.789, "energy": 0.687, "key": 1, "loudness": -7.441, "mode": 1, "speechiness": 0.0634, "acousticness": 0.00637, "instrumentalness": 2.77e-06, "liveness": 0.0571, "valence": 0.862, "tempo": 111.493, "duration_ms": 250747, "time_signature": 4}, {"uri": "spotify:track:70d8omRI2p7qesFOiy55Ro", "name": "I Can Love You Like That", "artist": "All-4-One", "popularity": 62, "danceability": 0.635, "energy": 0.712, "key": 8, "loudness": -4.998, "mode": 1, "speechiness": 0.0283, "acousticness": 0.0811, "instrumentalness": 0, "liveness": 0.322, "valence": 0.423, "tempo": 91.024, "duration_ms": 257960, "time_signature": 4}, {"uri": "spotify:track:7qD9lD0dabABT6y3Vw3uVX", "name": "We've Got It Goin' On - Radio Edit", "artist": "Backstreet Boys", "popularity": 59, "danceability": 0.757, "energy": 0.868, "key": 3, "loudness": -4.986, "mode": 0, "speechiness": 0.0358, "acousticness": 0.0953, "instrumentalness": 0, "liveness": 0.244, "valence": 0.929, "tempo": 112.973, "duration_ms": 219467, "time_signature": 4}, {"uri": "spotify:track:1aqGEA5h6OyeTOjamOqQdB", "name": "The Day We Find Love", "artist": "911", "popularity": 50, "danceability": 0.587, "energy": 0.574, "key": 11, "loudness": -8.505, "mode": 0, "speechiness": 0.0232, "acousticness": 0.041, "instrumentalness": 0, "liveness": 0.145, "valence": 0.521, "tempo": 83.989, "duration_ms": 292427, "time_signature": 4}, {"uri": "spotify:track:1kPBHRXyXdrtYfUfeRwBko", "name": "I Wanna Sex You Up - Single Mix", "artist": "Color Me Badd", "popularity": 62, "danceability": 0.551, "energy": 0.591, "key": 6, "loudness": -8.404, "mode": 0, "speechiness": 0.12, "acousticness": 0.00549, "instrumentalness": 6.55e-06, "liveness": 0.0416, "valence": 0.474, "tempo": 201.81, "duration_ms": 236947, "time_signature": 4}, {"uri": "spotify:track:31x8mYFOwQJtzE4y5di0Tl", "name": "Where's The Love", "artist": "Hanson", "popularity": 0, "danceability": 0.591, "energy": 0.978, "key": 7, "loudness": -3.958, "mode": 1, "speechiness": 0.0546, "acousticness": 0.00187, "instrumentalness": 3.77e-06, "liveness": 0.134, "valence": 0.57, "tempo": 115.812, "duration_ms": 252347, "time_signature": 4}, {"uri": "spotify:track:4iiRroCTxMy47PUOtSsvQf", "name": "No Matter What", "artist": "Boyzone", "popularity": 0, "danceability": 0.552, "energy": 0.397, "key": 7, "loudness": -10.451, "mode": 1, "speechiness": 0.0319, "acousticness": 0.207, "instrumentalness": 2.89e-06, "liveness": 0.132, "valence": 0.529, "tempo": 185.409, "duration_ms": 275200, "time_signature": 4}, {"uri": "spotify:track:6jkGDxsBI0Et6D66FqaI0X", "name": "Be Alone No More (feat. Jay-Z)", "artist": "Another Level", "popularity": 42, "danceability": 0.761, "energy": 0.584, "key": 8, "loudness": -5.577, "mode": 1, "speechiness": 0.0335, "acousticness": 0.263, "instrumentalness": 0, "liveness": 0.232, "valence": 0.96, "tempo": 97.997, "duration_ms": 238907, "time_signature": 4}, {"uri": "spotify:track:7BHPfjnhrmPLcnAL3mx6cT", "name": "The Hardest Thing", "artist": "98\u00ba", "popularity": 59, "danceability": 0.723, "energy": 0.48, "key": 10, "loudness": -7.503, "mode": 1, "speechiness": 0.0282, "acousticness": 0.154, "instrumentalness": 0, "liveness": 0.0672, "valence": 0.571, "tempo": 87.99, "duration_ms": 274627, "time_signature": 4}, {"uri": "spotify:track:0QIgxEydF4mfYc9qraBzqT", "name": "Stay Another Day", "artist": "East 17", "popularity": 0, "danceability": 0.515, "energy": 0.452, "key": 2, "loudness": -9.197, "mode": 1, "speechiness": 0.0275, "acousticness": 0.6, "instrumentalness": 0.00073, "liveness": 0.171, "valence": 0.456, "tempo": 127.801, "duration_ms": 267480, "time_signature": 4}, {"uri": "spotify:track:5K1hUYQsNQJcKgM6QQW8B7", "name": "Slam Dunk (Da Funk)", "artist": "Five", "popularity": 33, "danceability": 0.717, "energy": 0.926, "key": 7, "loudness": -4.116, "mode": 1, "speechiness": 0.0424, "acousticness": 0.022, "instrumentalness": 0.00257, "liveness": 0.267, "valence": 0.851, "tempo": 100.048, "duration_ms": 215827, "time_signature": 4}, {"uri": "spotify:track:7uYroF9RRrhRJBrigRvB6H", "name": "Summer Girls", "artist": "LFO", "popularity": 59, "danceability": 0.814, "energy": 0.808, "key": 7, "loudness": -5.034, "mode": 1, "speechiness": 0.155, "acousticness": 0.161, "instrumentalness": 0, "liveness": 0.0616, "valence": 0.738, "tempo": 99.816, "duration_ms": 257333, "time_signature": 4}, {"uri": "spotify:track:2pM15qcmuGUPslSRsvvm7v", "name": "I\u2019ll Make Love To You", "artist": "Boyz II Men", "popularity": 0, "danceability": 0.463, "energy": 0.621, "key": 2, "loudness": -5.111, "mode": 1, "speechiness": 0.0291, "acousticness": 0.189, "instrumentalness": 0, "liveness": 0.086, "valence": 0.218, "tempo": 140.647, "duration_ms": 237307, "time_signature": 3}, {"uri": "spotify:track:3BBRIwXeaZ22JBfM7727M7", "name": "Thunder", "artist": "East 17", "popularity": 0, "danceability": 0.584, "energy": 0.8, "key": 0, "loudness": -8.327, "mode": 1, "speechiness": 0.0545, "acousticness": 0.2, "instrumentalness": 0, "liveness": 0.133, "valence": 0.512, "tempo": 86.859, "duration_ms": 294040, "time_signature": 4}, {"uri": "spotify:track:2jvrUFdJTjcgs94427PqHx", "name": "Like a Rose", "artist": "A1", "popularity": 58, "danceability": 0.594, "energy": 0.587, "key": 9, "loudness": -7.665, "mode": 1, "speechiness": 0.0324, "acousticness": 0.294, "instrumentalness": 0, "liveness": 0.131, "valence": 0.356, "tempo": 133.994, "duration_ms": 251733, "time_signature": 4}, {"uri": "spotify:track:6ZIuoDs3i1KjKurJf9miSs", "name": "I Will Come To You", "artist": "Hanson", "popularity": 55, "danceability": 0.437, "energy": 0.723, "key": 1, "loudness": -7.013, "mode": 1, "speechiness": 0.0471, "acousticness": 0.0884, "instrumentalness": 3.91e-05, "liveness": 0.113, "valence": 0.344, "tempo": 139.765, "duration_ms": 251293, "time_signature": 4}, {"uri": "spotify:track:2hkRVX1Ea7tRespEHB5ytl", "name": "I've Got a Little Something for You", "artist": "MN8", "popularity": 37, "danceability": 0.66, "energy": 0.869, "key": 7, "loudness": -8.28, "mode": 1, "speechiness": 0.0399, "acousticness": 0.0652, "instrumentalness": 0, "liveness": 0.339, "valence": 0.737, "tempo": 101.829, "duration_ms": 220213, "time_signature": 4}, {"uri": "spotify:track:6B7qPz0gQ2FlwUvTUPTZ27", "name": "Show Me the Meaning of Being Lonely", "artist": "Backstreet Boys", "popularity": 0, "danceability": 0.627, "energy": 0.629, "key": 6, "loudness": -4.982, "mode": 0, "speechiness": 0.0252, "acousticness": 0.235, "instrumentalness": 0, "liveness": 0.0768, "valence": 0.694, "tempo": 167.974, "duration_ms": 234960, "time_signature": 4}, {"uri": "spotify:track:1MIFTX7nIC12s9Z0ZiKawg", "name": "True To Your Heart", "artist": "98\u00ba", "popularity": 0, "danceability": 0.635, "energy": 0.922, "key": 10, "loudness": -9.703, "mode": 0, "speechiness": 0.157, "acousticness": 0.125, "instrumentalness": 0, "liveness": 0.103, "valence": 0.612, "tempo": 106.085, "duration_ms": 257293, "time_signature": 4}, {"uri": "spotify:track:6Ln76fIfkdmL6UHbuYR756", "name": "Pray", "artist": "Take That", "popularity": 0, "danceability": 0.552, "energy": 0.832, "key": 7, "loudness": -11.681, "mode": 1, "speechiness": 0.0587, "acousticness": 0.0323, "instrumentalness": 1.66e-06, "liveness": 0.355, "valence": 0.446, "tempo": 103.544, "duration_ms": 223893, "time_signature": 4}]