[{"uri": "spotify:track:1e0hllQ23AG0QGFgezgLOq", "name": "Yesterday - Remastered", "artist": "The Beatles", "popularity": 0, "danceability": 0.332, "energy": 0.179, "key": 5, "loudness": -11.83, "mode": 1, "speechiness": 0.0326, "acousticness": 0.879, "instrumentalness": 0, "liveness": 0.0886, "valence": 0.315, "tempo": 96.529, "duration_ms": 125667, "time_signature": 4}, {"uri": "spotify:track:45yEy5WJywhJ3sDI28ajTm", "name": "Here Comes The Sun - Remastered", "artist": "The Beatles", "popularity": 2, "danceability": 0.557, "energy": 0.54, "key": 9, "loudness": -10.484, "mode": 1, "speechiness": 0.0347, "acousticness": 0.0339, "instrumentalness": 0.00248, "liveness": 0.179, "valence": 0.394, "tempo": 129.171, "duration_ms": 185733, "time_signature": 4}, {"uri": "spotify:track:3m7V717IKZqZLW5qUIOxdD", "name": "Hey Jude - Remastered 2009", "artist": "The Beatles", "popularity": 68, "danceability": 0.402, "energy": 0.552, "key": 10, "loudness": -10.158, "mode": 1, "speechiness": 0.0258, "acousticness": 0.028, "instrumentalness": 1.36e-05, "liveness": 0.0929, "valence": 0.668, "tempo": 145.164, "duration_ms": 431333, "time_signature": 4}, {"uri": "spotify:track:0MKqeOVdZcUFGJvWpGCKbG", "name": "Come Together - Remastered", "artist": "The Beatles", "popularity": 0, "danceability": 0.533, "energy": 0.376, "key": 9, "loudness": -11.913, "mode": 0, "speechiness": 0.0393, "acousticness": 0.0302, "instrumentalness": 0.248, "liveness": 0.0926, "valence": 0.187, "tempo": 165.007, "duration_ms": 259947, "time_signature": 4}, {"uri": "spotify:track:5V1AHQugSTASVez5ffJtFo", "name": "Let It Be - Remastered", "artist": "The Beatles", "popularity": 1, "danceability": 0.443, "energy": 0.403, "key": 0, "loudness": -8.339, "mode": 1, "speechiness": 0.0322, "acousticness": 0.631, "instrumentalness": 0, "liveness": 0.111, "valence": 0.41, "tempo": 143.462, "duration_ms": 243027, "time_signature": 4}, {"uri": "spotify:track:5Qe7NHxeLAn8KoLTNLSdwe", "name": "I Want To Hold Your Hand - Remastered 2009", "artist": "The Beatles", "popularity": 68, "danceability": 0.496, "energy": 0.703, "key": 7, "loudness": -6.905, "mode": 1, "speechiness": 0.0376, "acousticness": 0.525, "instrumentalness": 2.08e-06, "liveness": 0.305, "valence": 0.936, "tempo": 130.915, "duration_ms": 146720, "time_signature": 4}, {"uri": "spotify:track:3CzwTMrxcrEWwDWJpOd8fg", "name": "Don\u2019t Let Me Down - First Rooftop Performance", "artist": "The Beatles", "popularity": 36, "danceability": 0.473, "energy": 0.512, "key": 4, "loudness": -7.601, "mode": 1, "speechiness": 0.0493, "acousticness": 0.665, "instrumentalness": 0.000211, "liveness": 0.0924, "valence": 0.659, "tempo": 163.726, "duration_ms": 209453, "time_signature": 4}, {"uri": "spotify:track:1gFNm7cXfG1vSMcxPpSxec", "name": "Ob-La-Di, Ob-La-Da - Remastered 2009", "artist": "The Beatles", "popularity": 73, "danceability": 0.818, "energy": 0.728, "key": 10, "loudness": -8.331, "mode": 1, "speechiness": 0.0314, "acousticness": 0.232, "instrumentalness": 0.0642, "liveness": 0.251, "valence": 0.975, "tempo": 113.059, "duration_ms": 188960, "time_signature": 4}, {"uri": "spotify:track:7DD7eSuYSC5xk2ArU62esN", "name": "Help! - Remastered 2009", "artist": "The Beatles", "popularity": 74, "danceability": 0.534, "energy": 0.725, "key": 6, "loudness": -7.576, "mode": 0, "speechiness": 0.0332, "acousticness": 0.188, "instrumentalness": 0, "liveness": 0.0994, "valence": 0.763, "tempo": 95.003, "duration_ms": 139560, "time_signature": 4}, {"uri": "spotify:track:5QqdvVeYLL1xvZ1ndUjxnO", "name": "In My Life - Remastered", "artist": "The Beatles", "popularity": 0, "danceability": 0.688, "energy": 0.435, "key": 9, "loudness": -11.359, "mode": 1, "speechiness": 0.0323, "acousticness": 0.449, "instrumentalness": 0, "liveness": 0.113, "valence": 0.435, "tempo": 103.239, "duration_ms": 146333, "time_signature": 4}, {"uri": "spotify:track:77f3aNeabAbOaSB32Sd5QE", "name": "Eleanor Rigby - Remastered", "artist": "The Beatles", "popularity": 0, "danceability": 0.581, "energy": 0.28, "key": 4, "loudness": -9.091, "mode": 0, "speechiness": 0.0381, "acousticness": 0.936, "instrumentalness": 1.56e-05, "liveness": 0.305, "valence": 0.813, "tempo": 137.831, "duration_ms": 126533, "time_signature": 4}, {"uri": "spotify:track:7oSUp4yZ0FbuSvVmCxH2ty", "name": "Something - Remastered", "artist": "The Beatles", "popularity": 0, "danceability": 0.396, "energy": 0.338, "key": 0, "loudness": -10.872, "mode": 1, "speechiness": 0.0304, "acousticness": 0.198, "instrumentalness": 2.62e-06, "liveness": 0.138, "valence": 0.377, "tempo": 133.522, "duration_ms": 182293, "time_signature": 4}, {"uri": "spotify:track:3hNUYt4dMM9RhcWmty8oKF", "name": "Day Tripper - Remastered 2009", "artist": "The Beatles", "popularity": 65, "danceability": 0.641, "energy": 0.722, "key": 6, "loudness": -10.553, "mode": 0, "speechiness": 0.0297, "acousticness": 0.117, "instrumentalness": 0, "liveness": 0.19, "valence": 0.698, "tempo": 137.732, "duration_ms": 169613, "time_signature": 4}, {"uri": "spotify:track:7cPPyMrSAQY7A686Cn9eUP", "name": "All My Loving - Remastered", "artist": "The Beatles", "popularity": 0, "danceability": 0.416, "energy": 0.563, "key": 1, "loudness": -8.724, "mode": 0, "speechiness": 0.0298, "acousticness": 0.207, "instrumentalness": 0, "liveness": 0.343, "valence": 0.9, "tempo": 77.56, "duration_ms": 127853, "time_signature": 4}, {"uri": "spotify:track:5jgFfDIR6FR0gvlA56Nakr", "name": "Blackbird - Remastered 2009", "artist": "The Beatles", "popularity": 76, "danceability": 0.686, "energy": 0.127, "key": 7, "loudness": -14.361, "mode": 1, "speechiness": 0.0342, "acousticness": 0.754, "instrumentalness": 1.41e-05, "liveness": 0.0573, "valence": 0.372, "tempo": 93.699, "duration_ms": 138387, "time_signature": 4}, {"uri": "spotify:track:5EuraV2jbqB15ihd3d2Hex", "name": "Strawberry Fields Forever - Remastered", "artist": "The Beatles", "popularity": 0, "danceability": 0.39, "energy": 0.502, "key": 10, "loudness": -12.277, "mode": 1, "speechiness": 0.178, "acousticness": 0.336, "instrumentalness": 0.000138, "liveness": 0.0713, "valence": 0.289, "tempo": 97.871, "duration_ms": 247320, "time_signature": 4}, {"uri": "spotify:track:63nTBScSLXWwyeizXi9Rmi", "name": "I Saw Her Standing There - Remastered", "artist": "The Beatles", "popularity": 0, "danceability": 0.491, "energy": 0.801, "key": 4, "loudness": -9.835, "mode": 1, "speechiness": 0.0361, "acousticness": 0.27, "instrumentalness": 0, "liveness": 0.0665, "valence": 0.971, "tempo": 160.109, "duration_ms": 173947, "time_signature": 4}, {"uri": "spotify:track:5RStjc42UAYI2NMY3cYpgz", "name": "Penny Lane - Remastered", "artist": "The Beatles", "popularity": 0, "danceability": 0.651, "energy": 0.488, "key": 9, "loudness": -8.22, "mode": 1, "speechiness": 0.0316, "acousticness": 0.212, "instrumentalness": 0.026, "liveness": 0.136, "valence": 0.49, "tempo": 113.038, "duration_ms": 180893, "time_signature": 4}, {"uri": "spotify:track:6eexkuQmvCxCJmtf9dQSHZ", "name": "Don't Let Me Down - Remastered", "artist": "The Beatles", "popularity": 0, "danceability": 0.592, "energy": 0.295, "key": 4, "loudness": -10.534, "mode": 1, "speechiness": 0.0261, "acousticness": 0.563, "instrumentalness": 0.00071, "liveness": 0.109, "valence": 0.734, "tempo": 76.066, "duration_ms": 215613, "time_signature": 4}, {"uri": "spotify:track:4Z1fbYp0HuxLBje4MOZcSD", "name": "Twist And Shout - Remastered", "artist": "The Beatles", "popularity": 0, "danceability": 0.482, "energy": 0.849, "key": 2, "loudness": -9.198, "mode": 1, "speechiness": 0.0452, "acousticness": 0.641, "instrumentalness": 7.74e-06, "liveness": 0.0414, "valence": 0.937, "tempo": 124.631, "duration_ms": 155227, "time_signature": 4}, {"uri": "spotify:track:7c76SiAfT7JkMiCm8BBCcP", "name": "Hello, Goodbye - Remastered", "artist": "The Beatles", "popularity": 0, "danceability": 0.479, "energy": 0.733, "key": 0, "loudness": -8.753, "mode": 1, "speechiness": 0.0256, "acousticness": 0.306, "instrumentalness": 2.4e-05, "liveness": 0.414, "valence": 0.806, "tempo": 99.307, "duration_ms": 208840, "time_signature": 4}, {"uri": "spotify:track:59CLXQLZKxRPzMW8S8Gt9N", "name": "Oh! Darling - Remastered", "artist": "The Beatles", "popularity": 0, "danceability": 0.422, "energy": 0.656, "key": 4, "loudness": -8.412, "mode": 1, "speechiness": 0.0397, "acousticness": 0.0126, "instrumentalness": 0.0279, "liveness": 0.268, "valence": 0.549, "tempo": 173.93, "duration_ms": 207240, "time_signature": 3}, {"uri": "spotify:track:25yQPHgC35WNnnOUqFhgVR", "name": "Lucy In The Sky With Diamonds - Remastered 2009", "artist": "The Beatles", "popularity": 71, "danceability": 0.311, "energy": 0.325, "key": 2, "loudness": -9.042, "mode": 1, "speechiness": 0.0283, "acousticness": 0.0469, "instrumentalness": 0, "liveness": 0.139, "valence": 0.668, "tempo": 65.09, "duration_ms": 208467, "time_signature": 1}, {"uri": "spotify:track:389QX9Q1eUOEZ19vtzzI9O", "name": "While My Guitar Gently Weeps - Remastered 2009", "artist": "The Beatles", "popularity": 72, "danceability": 0.453, "energy": 0.654, "key": 4, "loudness": -8.855, "mode": 0, "speechiness": 0.0317, "acousticness": 0.0205, "instrumentalness": 0.00395, "liveness": 0.172, "valence": 0.702, "tempo": 115.0, "duration_ms": 285000, "time_signature": 4}, {"uri": "spotify:track:3VbGCXWRiouAq8VyMYN2MI", "name": "Love Me Do - Remastered 2009", "artist": "The Beatles", "popularity": 70, "danceability": 0.52, "energy": 0.829, "key": 0, "loudness": -6.228, "mode": 1, "speechiness": 0.0806, "acousticness": 0.386, "instrumentalness": 6.2e-05, "liveness": 0.227, "valence": 0.744, "tempo": 147.997, "duration_ms": 141693, "time_signature": 4}, {"uri": "spotify:track:2B3ArhTa6DRox1W4CJZ1dM", "name": "Eight Days A Week - Remastered", "artist": "The Beatles", "popularity": 0, "danceability": 0.652, "energy": 0.583, "key": 9, "loudness": -7.811, "mode": 1, "speechiness": 0.038, "acousticness": 0.412, "instrumentalness": 0, "liveness": 0.119, "valence": 0.744, "tempo": 138.134, "duration_ms": 163600, "time_signature": 4}, {"uri": "spotify:track:69d54YOS8TOQiUYjX57XeA", "name": "A Hard Day's Night - Remastered", "artist": "The Beatles", "popularity": 0, "danceability": 0.59, "energy": 0.805, "key": 0, "loudness": -6.481, "mode": 1, "speechiness": 0.0371, "acousticness": 0.137, "instrumentalness": 0, "liveness": 0.0996, "valence": 0.797, "tempo": 138.514, "duration_ms": 154200, "time_signature": 4}, {"uri": "spotify:track:7LNiAjyg9P2GKINTtN6Yt8", "name": "We Can Work It Out - Remastered 2009", "artist": "The Beatles", "popularity": 62, "danceability": 0.381, "energy": 0.608, "key": 2, "loudness": -10.061, "mode": 1, "speechiness": 0.0268, "acousticness": 0.113, "instrumentalness": 0, "liveness": 0.148, "valence": 0.742, "tempo": 106.299, "duration_ms": 136120, "time_signature": 4}, {"uri": "spotify:track:2zO5cQdHLBOPlnQqWeNCFM", "name": "Ticket To Ride - Remastered", "artist": "The Beatles", "popularity": 0, "danceability": 0.519, "energy": 0.85, "key": 9, "loudness": -6.777, "mode": 1, "speechiness": 0.0678, "acousticness": 0.0457, "instrumentalness": 0, "liveness": 0.233, "valence": 0.749, "tempo": 123.419, "duration_ms": 189680, "time_signature": 4}, {"uri": "spotify:track:6mZGglJLWfy0HxbVL8i9BL", "name": "And I Love Her - Remastered", "artist": "The Beatles", "popularity": 0, "danceability": 0.767, "energy": 0.331, "key": 1, "loudness": -10.777, "mode": 0, "speechiness": 0.0337, "acousticness": 0.64, "instrumentalness": 0, "liveness": 0.0681, "valence": 0.636, "tempo": 113.312, "duration_ms": 149693, "time_signature": 4}, {"uri": "spotify:track:2RnPATK99oGOZygnD2GTO6", "name": "With A Little Help From My Friends - Remastered 2009", "artist": "The Beatles", "popularity": 69, "danceability": 0.705, "energy": 0.515, "key": 4, "loudness": -9.343, "mode": 1, "speechiness": 0.0337, "acousticness": 0.365, "instrumentalness": 0, "liveness": 0.389, "valence": 0.803, "tempo": 112.035, "duration_ms": 164107, "time_signature": 4}, {"uri": "spotify:track:2Fk411Ix3qnMG8t8Qa74ZX", "name": "She Loves You - Mono / Remastered", "artist": "The Beatles", "popularity": 0, "danceability": 0.377, "energy": 0.916, "key": 4, "loudness": -3.199, "mode": 0, "speechiness": 0.0481, "acousticness": 0.26, "instrumentalness": 0, "liveness": 0.074, "valence": 0.912, "tempo": 75.533, "duration_ms": 140920, "time_signature": 4}, {"uri": "spotify:track:7KmRz1oKEwgj9qpfn72OfO", "name": "Can't Buy Me Love - Remastered", "artist": "The Beatles", "popularity": 0, "danceability": 0.483, "energy": 0.677, "key": 0, "loudness": -5.91, "mode": 1, "speechiness": 0.0593, "acousticness": 0.283, "instrumentalness": 0, "liveness": 0.321, "valence": 0.842, "tempo": 170.72, "duration_ms": 131867, "time_signature": 4}, {"uri": "spotify:track:3JzL2n8ofVRV6pZXAMGQ93", "name": "Get Back - Remastered", "artist": "The Beatles", "popularity": 0, "danceability": 0.761, "energy": 0.592, "key": 2, "loudness": -9.836, "mode": 1, "speechiness": 0.0586, "acousticness": 0.492, "instrumentalness": 0.00626, "liveness": 0.61, "valence": 0.332, "tempo": 123.095, "duration_ms": 189387, "time_signature": 4}, {"uri": "spotify:track:4fUKE8EULjQdHF4zb0M8FO", "name": "Sgt. Pepper's Lonely Hearts Club Band - Remastered 2009", "artist": "The Beatles", "popularity": 67, "danceability": 0.451, "energy": 0.673, "key": 7, "loudness": -9.115, "mode": 1, "speechiness": 0.0734, "acousticness": 0.0857, "instrumentalness": 0.00225, "liveness": 0.797, "valence": 0.583, "tempo": 95.513, "duration_ms": 122893, "time_signature": 4}, {"uri": "spotify:track:1NrbnHlR2BFREcyWXHIHip", "name": "When I'm Sixty Four - Remastered 2009", "artist": "The Beatles", "popularity": 66, "danceability": 0.704, "energy": 0.241, "key": 1, "loudness": -13.258, "mode": 1, "speechiness": 0.0476, "acousticness": 0.625, "instrumentalness": 2.8e-05, "liveness": 0.0868, "valence": 0.661, "tempo": 140.411, "duration_ms": 157667, "time_signature": 4}, {"uri": "spotify:track:6NqtddM4j4X9dG75yOmy0S", "name": "Yellow Submarine - Remastered", "artist": "The Beatles", "popularity": 0, "danceability": 0.605, "energy": 0.536, "key": 1, "loudness": -10.069, "mode": 1, "speechiness": 0.0421, "acousticness": 0.518, "instrumentalness": 0, "liveness": 0.528, "valence": 0.688, "tempo": 110.849, "duration_ms": 159720, "time_signature": 4}, {"uri": "spotify:track:3xMSaDC9TU6AQJIsxQB7MK", "name": "All You Need Is Love - Remastered", "artist": "The Beatles", "popularity": 0, "danceability": 0.4, "energy": 0.48, "key": 7, "loudness": -7.768, "mode": 1, "speechiness": 0.0295, "acousticness": 0.346, "instrumentalness": 3.1e-05, "liveness": 0.155, "valence": 0.653, "tempo": 103.436, "duration_ms": 230387, "time_signature": 4}, {"uri": "spotify:track:0j3p1p06deJ7f9xmJ9yG22", "name": "Back In The U.S.S.R. - Remastered 2009", "artist": "The Beatles", "popularity": 70, "danceability": 0.48, "energy": 0.969, "key": 9, "loudness": -7.464, "mode": 1, "speechiness": 0.0854, "acousticness": 0.069, "instrumentalness": 0.00022, "liveness": 0.0608, "valence": 0.494, "tempo": 142.489, "duration_ms": 163453, "time_signature": 4}, {"uri": "spotify:track:0yZEKwCNhkyaqk1ZyCZU7A", "name": "Michelle - Remastered", "artist": "The Beatles", "popularity": 0, "danceability": 0.578, "energy": 0.29, "key": 5, "loudness": -12.501, "mode": 0, "speechiness": 0.0341, "acousticness": 0.652, "instrumentalness": 0, "liveness": 0.105, "valence": 0.666, "tempo": 117.403, "duration_ms": 162373, "time_signature": 4}, {"uri": "spotify:track:49lytSpI9xviTrHs0OhYIo", "name": "I Should Have Known Better - Remastered", "artist": "The Beatles", "popularity": 0, "danceability": 0.682, "energy": 0.444, "key": 7, "loudness": -7.689, "mode": 1, "speechiness": 0.0289, "acousticness": 0.257, "instrumentalness": 0, "liveness": 0.115, "valence": 0.91, "tempo": 130.704, "duration_ms": 163080, "time_signature": 4}, {"uri": "spotify:track:72Ob0wrObCXgvGYhFs8vip", "name": "Across The Universe - Remastered", "artist": "The Beatles", "popularity": 0, "danceability": 0.257, "energy": 0.412, "key": 1, "loudness": -11.788, "mode": 1, "speechiness": 0.0287, "acousticness": 0.361, "instrumentalness": 8.68e-05, "liveness": 0.0702, "valence": 0.858, "tempo": 152.126, "duration_ms": 228133, "time_signature": 4}, {"uri": "spotify:track:0hKRSZhUGEhKU6aNSPBACZ", "name": "A Day In The Life - Remastered 2009", "artist": "The Beatles", "popularity": 68, "danceability": 0.364, "energy": 0.457, "key": 4, "loudness": -14.162, "mode": 0, "speechiness": 0.0675, "acousticness": 0.29, "instrumentalness": 0.000106, "liveness": 0.922, "valence": 0.175, "tempo": 163.219, "duration_ms": 337413, "time_signature": 4}, {"uri": "spotify:track:7pd4f00gq8Rsg9PBkq8dhD", "name": "If I Fell - Remastered", "artist": "The Beatles", "popularity": 0, "danceability": 0.665, "energy": 0.31, "key": 2, "loudness": -8.928, "mode": 1, "speechiness": 0.0278, "acousticness": 0.68, "instrumentalness": 0, "liveness": 0.0877, "valence": 0.568, "tempo": 108.211, "duration_ms": 139467, "time_signature": 4}, {"uri": "spotify:track:6VEEM8Wl6pFTwQP9NpOLlZ", "name": "I Feel Fine - Remastered", "artist": "The Beatles", "popularity": 0, "danceability": 0.568, "energy": 0.796, "key": 7, "loudness": -8.085, "mode": 1, "speechiness": 0.0465, "acousticness": 0.276, "instrumentalness": 8.64e-06, "liveness": 0.203, "valence": 0.763, "tempo": 90.063, "duration_ms": 139680, "time_signature": 4}, {"uri": "spotify:track:2dJVX40gxhBSPfoPP8nmRo", "name": "Revolution - Remastered", "artist": "The Beatles", "popularity": 0, "danceability": 0.432, "energy": 0.824, "key": 6, "loudness": -9.518, "mode": 1, "speechiness": 0.189, "acousticness": 0.0865, "instrumentalness": 0.000427, "liveness": 0.288, "valence": 0.701, "tempo": 122.299, "duration_ms": 204560, "time_signature": 4}, {"uri": "spotify:track:02wfEb4PyvM4XvsqDNtqVm", "name": "Drive My Car - Remastered", "artist": "The Beatles", "popularity": 0, "danceability": 0.754, "energy": 0.571, "key": 2, "loudness": -8.547, "mode": 1, "speechiness": 0.0421, "acousticness": 0.0173, "instrumentalness": 0, "liveness": 0.3, "valence": 0.82, "tempo": 122.463, "duration_ms": 148893, "time_signature": 4}, {"uri": "spotify:track:19lAT1lAVe4HzFkVNFHGen", "name": "Girl - Remastered", "artist": "The Beatles", "popularity": 0, "danceability": 0.699, "energy": 0.294, "key": 5, "loudness": -13.205, "mode": 0, "speechiness": 0.0294, "acousticness": 0.587, "instrumentalness": 0, "liveness": 0.117, "valence": 0.893, "tempo": 96.615, "duration_ms": 151720, "time_signature": 4}, {"uri": "spotify:track:67VdmhC89bZ6yK2XRys0lA", "name": "I've Just Seen A Face - Remastered", "artist": "The Beatles", "popularity": 0, "danceability": 0.647, "energy": 0.56, "key": 9, "loudness": -8.809, "mode": 1, "speechiness": 0.0387, "acousticness": 0.723, "instrumentalness": 0, "liveness": 0.118, "valence": 0.913, "tempo": 120.418, "duration_ms": 125040, "time_signature": 3}, {"uri": "spotify:track:1OpY6W5UY8xkfrnl3hlMJy", "name": "Nowhere Man - Remastered", "artist": "The Beatles", "popularity": 0, "danceability": 0.534, "energy": 0.624, "key": 4, "loudness": -9.589, "mode": 1, "speechiness": 0.0462, "acousticness": 0.00797, "instrumentalness": 0, "liveness": 0.128, "valence": 0.687, "tempo": 121.402, "duration_ms": 163693, "time_signature": 4}, {"uri": "spotify:track:5FBxWhG0nbBAF6lWgJFklM", "name": "Do You Want To Know A Secret - Remastered", "artist": "The Beatles", "popularity": 0, "danceability": 0.673, "energy": 0.349, "key": 4, "loudness": -12.414, "mode": 1, "speechiness": 0.0368, "acousticness": 0.608, "instrumentalness": 0, "liveness": 0.38, "valence": 0.609, "tempo": 124.451, "duration_ms": 117013, "time_signature": 4}, {"uri": "spotify:track:4qmvOVUt7U8szKXspAoLVy", "name": "I Am The Walrus - Remastered", "artist": "The Beatles", "popularity": 0, "danceability": 0.401, "energy": 0.556, "key": 2, "loudness": -10.532, "mode": 1, "speechiness": 0.0513, "acousticness": 0.0828, "instrumentalness": 0.000359, "liveness": 0.589, "valence": 0.654, "tempo": 85.206, "duration_ms": 275867, "time_signature": 4}, {"uri": "spotify:track:6pTIIBntNSvDeUdZS3E8vz", "name": "You've Got To Hide Your Love Away - Remastered", "artist": "The Beatles", "popularity": 0, "danceability": 0.398, "energy": 0.392, "key": 7, "loudness": -9.05, "mode": 1, "speechiness": 0.0282, "acousticness": 0.207, "instrumentalness": 0, "liveness": 0.102, "valence": 0.378, "tempo": 184.267, "duration_ms": 129120, "time_signature": 3}, {"uri": "spotify:track:4w52uloVZcKSDRXB73Pi66", "name": "Till There Was You - Remastered", "artist": "The Beatles", "popularity": 0, "danceability": 0.727, "energy": 0.338, "key": 5, "loudness": -13.887, "mode": 1, "speechiness": 0.0454, "acousticness": 0.79, "instrumentalness": 0, "liveness": 0.105, "valence": 0.646, "tempo": 122.421, "duration_ms": 133507, "time_signature": 4}, {"uri": "spotify:track:4DE42oDol0KHxympBsaiYu", "name": "Norwegian Wood (This Bird Has Flown) - Remastered", "artist": "The Beatles", "popularity": 0, "danceability": 0.425, "energy": 0.369, "key": 4, "loudness": -11.876, "mode": 1, "speechiness": 0.0379, "acousticness": 0.183, "instrumentalness": 0.00126, "liveness": 0.112, "valence": 0.65, "tempo": 176.625, "duration_ms": 124693, "time_signature": 3}, {"uri": "spotify:track:1vExNjzyD2HNEx9sjGmOGn", "name": "Lady Madonna - Remastered", "artist": "The Beatles", "popularity": 0, "danceability": 0.631, "energy": 0.763, "key": 2, "loudness": -7.487, "mode": 1, "speechiness": 0.0306, "acousticness": 0.362, "instrumentalness": 0.512, "liveness": 0.208, "valence": 0.788, "tempo": 109.346, "duration_ms": 137587, "time_signature": 4}, {"uri": "spotify:track:2Iccm3cKBQHWt5yk0yX9nh", "name": "Please Please Me - Remastered", "artist": "The Beatles", "popularity": 0, "danceability": 0.527, "energy": 0.48, "key": 4, "loudness": -9.61, "mode": 1, "speechiness": 0.028, "acousticness": 0.334, "instrumentalness": 0, "liveness": 0.0702, "valence": 0.706, "tempo": 139.388, "duration_ms": 120853, "time_signature": 4}, {"uri": "spotify:track:4V3manOO5ihxZXxctaYyiR", "name": "Paperback Writer - Remastered", "artist": "The Beatles", "popularity": 0, "danceability": 0.502, "energy": 0.685, "key": 7, "loudness": -8.679, "mode": 1, "speechiness": 0.0736, "acousticness": 0.179, "instrumentalness": 6.45e-06, "liveness": 0.551, "valence": 0.805, "tempo": 157.394, "duration_ms": 139187, "time_signature": 4}, {"uri": "spotify:track:6BzNvvSyF2Fe0BqsOcL8LS", "name": "I'm Looking Through You - Remastered", "artist": "The Beatles", "popularity": 0, "danceability": 0.667, "energy": 0.498, "key": 1, "loudness": -11.027, "mode": 1, "speechiness": 0.0364, "acousticness": 0.00772, "instrumentalness": 0, "liveness": 0.0481, "valence": 0.774, "tempo": 85.843, "duration_ms": 146387, "time_signature": 4}, {"uri": "spotify:track:009oOX7tpCPLzRL9AFiBS8", "name": "No Reply - Remastered", "artist": "The Beatles", "popularity": 0, "danceability": 0.718, "energy": 0.593, "key": 0, "loudness": -9.976, "mode": 1, "speechiness": 0.0377, "acousticness": 0.67, "instrumentalness": 0, "liveness": 0.172, "valence": 0.869, "tempo": 124.251, "duration_ms": 136067, "time_signature": 4}, {"uri": "spotify:track:1llzkEveIzvSXmqqyh7AiB", "name": "Golden Slumbers - Remastered", "artist": "The Beatles", "popularity": 0, "danceability": 0.419, "energy": 0.152, "key": 0, "loudness": -12.126, "mode": 1, "speechiness": 0.0277, "acousticness": 0.326, "instrumentalness": 0.0034, "liveness": 0.113, "valence": 0.239, "tempo": 80.608, "duration_ms": 91760, "time_signature": 4}, {"uri": "spotify:track:09x9v1o51dbqi5H0u7UGfp", "name": "I Will - Remastered 2009", "artist": "The Beatles", "popularity": 66, "danceability": 0.631, "energy": 0.387, "key": 5, "loudness": -11.529, "mode": 1, "speechiness": 0.0262, "acousticness": 0.742, "instrumentalness": 0.000406, "liveness": 0.0822, "valence": 0.832, "tempo": 103.11, "duration_ms": 105933, "time_signature": 4}, {"uri": "spotify:track:19aATlcb67bbIdjcMA0rOa", "name": "For No One - Remastered", "artist": "The Beatles", "popularity": 0, "danceability": 0.483, "energy": 0.351, "key": 1, "loudness": -10.487, "mode": 0, "speechiness": 0.0278, "acousticness": 0.783, "instrumentalness": 0, "liveness": 0.115, "valence": 0.713, "tempo": 81.208, "duration_ms": 119813, "time_signature": 4}, {"uri": "spotify:track:2qcQSnkcOivjyAAVZoQDVh", "name": "Got To Get You Into My Life - Remastered", "artist": "The Beatles", "popularity": 0, "danceability": 0.521, "energy": 0.524, "key": 0, "loudness": -6.136, "mode": 1, "speechiness": 0.0302, "acousticness": 0.42, "instrumentalness": 9.27e-06, "liveness": 0.0838, "valence": 0.711, "tempo": 136.679, "duration_ms": 149240, "time_signature": 4}, {"uri": "spotify:track:5f8TozGCJHwR82EOCajZjU", "name": "I'll Follow The Sun - Remastered", "artist": "The Beatles", "popularity": 0, "danceability": 0.689, "energy": 0.313, "key": 0, "loudness": -10.073, "mode": 1, "speechiness": 0.0366, "acousticness": 0.789, "instrumentalness": 0, "liveness": 0.144, "valence": 0.625, "tempo": 133.754, "duration_ms": 108853, "time_signature": 4}, {"uri": "spotify:track:1hYuXMeJUOfoJFq0wBhzWV", "name": "Anna (Go To Him) - Remastered", "artist": "The Beatles", "popularity": 0, "danceability": 0.608, "energy": 0.565, "key": 2, "loudness": -11.06, "mode": 1, "speechiness": 0.0336, "acousticness": 0.635, "instrumentalness": 0, "liveness": 0.0601, "valence": 0.835, "tempo": 109.286, "duration_ms": 177133, "time_signature": 4}, {"uri": "spotify:track:05v14cMIEHtm9EFC65cLYq", "name": "You're Going To Lose That Girl - Remastered", "artist": "The Beatles", "popularity": 0, "danceability": 0.533, "energy": 0.66, "key": 4, "loudness": -7.694, "mode": 1, "speechiness": 0.0337, "acousticness": 0.346, "instrumentalness": 0, "liveness": 0.26, "valence": 0.818, "tempo": 131.975, "duration_ms": 138667, "time_signature": 4}, {"uri": "spotify:track:5cRyBkxNi0EWEY6fZyPWnh", "name": "Roll Over Beethoven - Remastered", "artist": "The Beatles", "popularity": 0, "danceability": 0.351, "energy": 0.749, "key": 2, "loudness": -9.435, "mode": 1, "speechiness": 0.0628, "acousticness": 0.289, "instrumentalness": 0, "liveness": 0.0952, "valence": 0.967, "tempo": 160.673, "duration_ms": 165467, "time_signature": 4}, {"uri": "spotify:track:08BCg1JcswBkQVgEkcAM97", "name": "You Really Got A Hold On Me - Remastered", "artist": "The Beatles", "popularity": 0, "danceability": 0.373, "energy": 0.388, "key": 9, "loudness": -9.31, "mode": 1, "speechiness": 0.0337, "acousticness": 0.525, "instrumentalness": 0, "liveness": 0.267, "valence": 0.687, "tempo": 77.643, "duration_ms": 181347, "time_signature": 4}, {"uri": "spotify:track:1oVjQKKMX03zXynAyHThvc", "name": "The Night Before - Remastered", "artist": "The Beatles", "popularity": 0, "danceability": 0.461, "energy": 0.762, "key": 2, "loudness": -6.727, "mode": 1, "speechiness": 0.0379, "acousticness": 0.0537, "instrumentalness": 0, "liveness": 0.238, "valence": 0.632, "tempo": 84.496, "duration_ms": 154933, "time_signature": 4}, {"uri": "spotify:track:7eBMMJUzfdXjWnHgmYmlPw", "name": "I'm Happy Just To Dance With You - Remastered", "artist": "The Beatles", "popularity": 0, "danceability": 0.658, "energy": 0.537, "key": 6, "loudness": -7.535, "mode": 0, "speechiness": 0.0307, "acousticness": 0.138, "instrumentalness": 0, "liveness": 0.0572, "valence": 0.887, "tempo": 132.115, "duration_ms": 116373, "time_signature": 4}, {"uri": "spotify:track:1JPTCjLHEtqofOFmHsfiAH", "name": "All I've Got To Do - Remastered", "artist": "The Beatles", "popularity": 0, "danceability": 0.49, "energy": 0.579, "key": 1, "loudness": -10.301, "mode": 0, "speechiness": 0.0344, "acousticness": 0.217, "instrumentalness": 0, "liveness": 0.0644, "valence": 0.879, "tempo": 119.403, "duration_ms": 122573, "time_signature": 4}, {"uri": "spotify:track:5eZrW59C3UgBhkqNlowEID", "name": "Carry That Weight - Remastered 2009", "artist": "The Beatles", "popularity": 65, "danceability": 0.543, "energy": 0.458, "key": 0, "loudness": -8.976, "mode": 1, "speechiness": 0.0274, "acousticness": 0.226, "instrumentalness": 0.00663, "liveness": 0.298, "valence": 0.704, "tempo": 84.319, "duration_ms": 96467, "time_signature": 4}, {"uri": "spotify:track:3LtOmWpTXLhilL5odoKysR", "name": "Getting Better - Remastered 2009", "artist": "The Beatles", "popularity": 61, "danceability": 0.632, "energy": 0.471, "key": 0, "loudness": -7.887, "mode": 1, "speechiness": 0.0348, "acousticness": 0.313, "instrumentalness": 5.08e-06, "liveness": 0.0712, "valence": 0.764, "tempo": 121.672, "duration_ms": 168120, "time_signature": 4}, {"uri": "spotify:track:41OmMzncZxO3J2YlYK96i6", "name": "Things We Said Today - Remastered", "artist": "The Beatles", "popularity": 0, "danceability": 0.551, "energy": 0.575, "key": 2, "loudness": -8.208, "mode": 0, "speechiness": 0.0332, "acousticness": 0.239, "instrumentalness": 0, "liveness": 0.112, "valence": 0.516, "tempo": 137.054, "duration_ms": 155333, "time_signature": 4}, {"uri": "spotify:track:5tNjuWwp6FxuWCrKQAMBTj", "name": "It Won't Be Long - Remastered", "artist": "The Beatles", "popularity": 0, "danceability": 0.472, "energy": 0.673, "key": 4, "loudness": -8.853, "mode": 1, "speechiness": 0.0318, "acousticness": 0.284, "instrumentalness": 0, "liveness": 0.206, "valence": 0.862, "tempo": 133.117, "duration_ms": 133387, "time_signature": 4}, {"uri": "spotify:track:2rG2c14sIgzyIRdbw3edaL", "name": "The Long And Winding Road - Remastered", "artist": "The Beatles", "popularity": 0, "danceability": 0.299, "energy": 0.329, "key": 3, "loudness": -10.096, "mode": 1, "speechiness": 0.0279, "acousticness": 0.756, "instrumentalness": 0.0105, "liveness": 0.0559, "valence": 0.392, "tempo": 132.282, "duration_ms": 218187, "time_signature": 4}, {"uri": "spotify:track:5gnrZoSS7nbDYtHp32RFiI", "name": "Baby It's You - Remastered", "artist": "The Beatles", "popularity": 0, "danceability": 0.608, "energy": 0.494, "key": 4, "loudness": -12.211, "mode": 0, "speechiness": 0.0345, "acousticness": 0.778, "instrumentalness": 0, "liveness": 0.0926, "valence": 0.879, "tempo": 112.421, "duration_ms": 160520, "time_signature": 4}, {"uri": "spotify:track:5NQYyej46WQkgCbnzGD21W", "name": "Dear Prudence - Remastered 2009", "artist": "The Beatles", "popularity": 65, "danceability": 0.388, "energy": 0.529, "key": 7, "loudness": -10.533, "mode": 1, "speechiness": 0.0436, "acousticness": 0.16, "instrumentalness": 0.0681, "liveness": 0.108, "valence": 0.332, "tempo": 150.721, "duration_ms": 235773, "time_signature": 4}, {"uri": "spotify:track:3PjMtNzwhDHqxoKudm6GvF", "name": "She's Leaving Home - Remastered 2009", "artist": "The Beatles", "popularity": 64, "danceability": 0.381, "energy": 0.214, "key": 4, "loudness": -11.629, "mode": 1, "speechiness": 0.0337, "acousticness": 0.944, "instrumentalness": 0, "liveness": 0.106, "valence": 0.393, "tempo": 127.581, "duration_ms": 215160, "time_signature": 3}, {"uri": "spotify:track:3QXSxAD6tIvpHd6qnLMmzI", "name": "Run For Your Life - Remastered", "artist": "The Beatles", "popularity": 0, "danceability": 0.563, "energy": 0.705, "key": 2, "loudness": -9.232, "mode": 1, "speechiness": 0.103, "acousticness": 0.0103, "instrumentalness": 0, "liveness": 0.0552, "valence": 0.822, "tempo": 176.732, "duration_ms": 141093, "time_signature": 4}, {"uri": "spotify:track:3QbhVaulXxTyuAxHY3Pa5N", "name": "You Won't See Me - Remastered", "artist": "The Beatles", "popularity": 0, "danceability": 0.488, "energy": 0.539, "key": 9, "loudness": -8.752, "mode": 1, "speechiness": 0.0304, "acousticness": 0.136, "instrumentalness": 0, "liveness": 0.0538, "valence": 0.473, "tempo": 115.941, "duration_ms": 199960, "time_signature": 4}, {"uri": "spotify:track:3wAOX1N5M0ta3QNsokmhJV", "name": "I'm Only Sleeping - Remastered", "artist": "The Beatles", "popularity": 0, "danceability": 0.494, "energy": 0.47, "key": 8, "loudness": -9.599, "mode": 0, "speechiness": 0.0301, "acousticness": 0.21, "instrumentalness": 0, "liveness": 0.28, "valence": 0.698, "tempo": 103.477, "duration_ms": 180320, "time_signature": 4}, {"uri": "spotify:track:6RdvhWyzCULNTHcMbAXwXK", "name": "And Your Bird Can Sing - Remastered", "artist": "The Beatles", "popularity": 0, "danceability": 0.555, "energy": 0.65, "key": 4, "loudness": -6.936, "mode": 1, "speechiness": 0.0282, "acousticness": 0.0067, "instrumentalness": 0.0491, "liveness": 0.236, "valence": 0.966, "tempo": 132.59, "duration_ms": 120493, "time_signature": 4}, {"uri": "spotify:track:37ySfQ411eeAGzzjd6zsrT", "name": "Taxman - Remastered", "artist": "The Beatles", "popularity": 0, "danceability": 0.469, "energy": 0.596, "key": 7, "loudness": -8.348, "mode": 1, "speechiness": 0.0749, "acousticness": 0.0101, "instrumentalness": 0, "liveness": 0.321, "valence": 0.783, "tempo": 133.586, "duration_ms": 158853, "time_signature": 4}, {"uri": "spotify:track:4F3AOkGrVXF70PBEaRxm3u", "name": "Good Day Sunshine - Remastered", "artist": "The Beatles", "popularity": 0, "danceability": 0.77, "energy": 0.496, "key": 11, "loudness": -8.45, "mode": 1, "speechiness": 0.0468, "acousticness": 0.719, "instrumentalness": 0, "liveness": 0.123, "valence": 0.571, "tempo": 117.331, "duration_ms": 129293, "time_signature": 3}, {"uri": "spotify:track:3pKKxkeB1pOUMHwWBmKc3Y", "name": "Fixing A Hole - Remastered 2009", "artist": "The Beatles", "popularity": 61, "danceability": 0.469, "energy": 0.507, "key": 0, "loudness": -8.917, "mode": 0, "speechiness": 0.0451, "acousticness": 0.382, "instrumentalness": 0, "liveness": 0.0783, "valence": 0.619, "tempo": 112.984, "duration_ms": 156827, "time_signature": 4}, {"uri": "spotify:track:0lLeGCsQlAbEjQBPQQxQ1b", "name": "Don't Bother Me - Remastered", "artist": "The Beatles", "popularity": 0, "danceability": 0.371, "energy": 0.724, "key": 2, "loudness": -9.792, "mode": 1, "speechiness": 0.0562, "acousticness": 0.554, "instrumentalness": 0, "liveness": 0.299, "valence": 0.916, "tempo": 170.377, "duration_ms": 148253, "time_signature": 4}, {"uri": "spotify:track:7ncH66qOYWLn3Bdw4OjoFi", "name": "Baby, You're A Rich Man - Remastered", "artist": "The Beatles", "popularity": 0, "danceability": 0.619, "energy": 0.625, "key": 7, "loudness": -9.635, "mode": 1, "speechiness": 0.036, "acousticness": 0.0119, "instrumentalness": 1.05e-06, "liveness": 0.152, "valence": 0.467, "tempo": 96.751, "duration_ms": 181307, "time_signature": 4}, {"uri": "spotify:track:0Bs0hUYxz7REyIHH7tRhL2", "name": "Helter Skelter - Remastered 2009", "artist": "The Beatles", "popularity": 65, "danceability": 0.166, "energy": 0.831, "key": 9, "loudness": -8.469, "mode": 1, "speechiness": 0.0894, "acousticness": 0.000606, "instrumentalness": 0.846, "liveness": 0.811, "valence": 0.281, "tempo": 167.518, "duration_ms": 269787, "time_signature": 4}, {"uri": "spotify:track:3Umg8CDhO8dOSj7yBTInYb", "name": "Within You Without You - Remastered 2009", "artist": "The Beatles", "popularity": 61, "danceability": 0.352, "energy": 0.479, "key": 6, "loudness": -9.965, "mode": 1, "speechiness": 0.0338, "acousticness": 0.339, "instrumentalness": 0.000353, "liveness": 0.486, "valence": 0.354, "tempo": 126.166, "duration_ms": 304667, "time_signature": 4}]