[{"uri": "spotify:track:3kwCOFO7IaodOvPOpD08PM", "name": "Intro - Spotify Interview", "artist": "Shane McAnally", "popularity": 0, "danceability": 0.659, "energy": 0.194, "key": 6, "loudness": -26.371, "mode": 0, "speechiness": 0.929, "acousticness": 0.478, "instrumentalness": 0, "liveness": 0.247, "valence": 0.838, "tempo": 112.907, "duration_ms": 25684, "time_signature": 1}, {"uri": "spotify:track:67sszF0zds3wFLSlky2xfy", "name": "Mama's Broken Heart - Spotify Interview Part 1", "artist": "Shane McAnally", "popularity": 0, "danceability": 0.573, "energy": 0.115, "key": 10, "loudness": -29.31, "mode": 0, "speechiness": 0.957, "acousticness": 0.481, "instrumentalness": 0, "liveness": 0.333, "valence": 0.673, "tempo": 171.438, "duration_ms": 123114, "time_signature": 4}, {"uri": "spotify:track:4R2H43dQWFHe8WGcGsDN8H", "name": "Mama's Broken Heart", "artist": "Kacey Musgraves", "popularity": 35, "danceability": 0.768, "energy": 0.798, "key": 10, "loudness": -5.862, "mode": 0, "speechiness": 0.0334, "acousticness": 0.28, "instrumentalness": 0, "liveness": 0.0393, "valence": 0.961, "tempo": 109.996, "duration_ms": 186600, "time_signature": 4}, {"uri": "spotify:track:2UXGFr2qPxFLmEQzp8dDGb", "name": "Mama's Broken Heart - Spotify Interview Part 2", "artist": "Shane McAnally", "popularity": 0, "danceability": 0.621, "energy": 0.147, "key": 7, "loudness": -30.433, "mode": 1, "speechiness": 0.951, "acousticness": 0.432, "instrumentalness": 0, "liveness": 0.411, "valence": 0.655, "tempo": 141.424, "duration_ms": 106083, "time_signature": 3}, {"uri": "spotify:track:5kCBVoAvEJzyvgB6vUrpYr", "name": "Mama's Broken Heart - Spotify Interview Part 3", "artist": "Shane McAnally", "popularity": 0, "danceability": 0.639, "energy": 0.143, "key": 8, "loudness": -30.577, "mode": 1, "speechiness": 0.929, "acousticness": 0.49, "instrumentalness": 0, "liveness": 0.163, "valence": 0.757, "tempo": 114.51, "duration_ms": 86292, "time_signature": 3}, {"uri": "spotify:track:0v1xRYqHE5N5bBi4db5RNR", "name": "Mama's Broken Heart", "artist": "Miranda Lambert", "popularity": 0, "danceability": 0.768, "energy": 0.809, "key": 4, "loudness": -4.204, "mode": 0, "speechiness": 0.0616, "acousticness": 0.278, "instrumentalness": 0, "liveness": 0.139, "valence": 0.748, "tempo": 111.989, "duration_ms": 177773, "time_signature": 4}, {"uri": "spotify:track:1Mu9TQ1ADXNq2oDHesiHbD", "name": "A Day in the Life - Spotify Interview Part 1", "artist": "Shane McAnally", "popularity": 0, "danceability": 0.605, "energy": 0.109, "key": 8, "loudness": -28.152, "mode": 1, "speechiness": 0.963, "acousticness": 0.578, "instrumentalness": 0, "liveness": 0.275, "valence": 0.638, "tempo": 167.124, "duration_ms": 99367, "time_signature": 5}, {"uri": "spotify:track:0bjP4bRrE9iKJbam2Oreha", "name": "A Day in the Life - Spotify Interview Part 2", "artist": "Shane McAnally", "popularity": 0, "danceability": 0.653, "energy": 0.156, "key": 1, "loudness": -28.643, "mode": 1, "speechiness": 0.946, "acousticness": 0.75, "instrumentalness": 0, "liveness": 0.13, "valence": 0.716, "tempo": 107.057, "duration_ms": 113344, "time_signature": 5}, {"uri": "spotify:track:4GmQQ03kaNNf54El6E9JhB", "name": "Say You Do - Spotify Interview Part 1", "artist": "Shane McAnally", "popularity": 0, "danceability": 0.625, "energy": 0.114, "key": 2, "loudness": -27.714, "mode": 1, "speechiness": 0.958, "acousticness": 0.476, "instrumentalness": 0, "liveness": 0.514, "valence": 0.611, "tempo": 82.674, "duration_ms": 90250, "time_signature": 3}, {"uri": "spotify:track:7dXXOjvp1Rsm4lvgbHpfbw", "name": "Say You Do Extra - Spotify Interview", "artist": "Shane McAnally", "popularity": 0, "danceability": 0.563, "energy": 0.474, "key": 7, "loudness": -18.577, "mode": 0, "speechiness": 0.917, "acousticness": 0.608, "instrumentalness": 0, "liveness": 0.886, "valence": 0.0853, "tempo": 177.009, "duration_ms": 59288, "time_signature": 5}, {"uri": "spotify:track:7hFrXzKRJkRNXa6575wCJZ", "name": "Say You Do (feat. Matthew Ramsey)", "artist": "Shane McAnally", "popularity": 21, "danceability": 0.558, "energy": 0.487, "key": 6, "loudness": -11.142, "mode": 1, "speechiness": 0.04, "acousticness": 0.021, "instrumentalness": 0, "liveness": 0.0854, "valence": 0.299, "tempo": 143.929, "duration_ms": 207439, "time_signature": 4}, {"uri": "spotify:track:3WqwBfpReQQPGpIcr6mdKN", "name": "Say You Do - Spotify Interview Part 2", "artist": "Shane McAnally", "popularity": 0, "danceability": 0.708, "energy": 0.145, "key": 10, "loudness": -27.246, "mode": 0, "speechiness": 0.958, "acousticness": 0.545, "instrumentalness": 0, "liveness": 0.569, "valence": 0.573, "tempo": 85.101, "duration_ms": 119500, "time_signature": 4}, {"uri": "spotify:track:2Ie7gOpQPbsoy8GGCQVAY8", "name": "Dierks Bentley talking about Say You Do", "artist": "Various Artists", "popularity": 0, "danceability": 0.784, "energy": 0.447, "key": 0, "loudness": -12.798, "mode": 1, "speechiness": 0.934, "acousticness": 0.923, "instrumentalness": 0, "liveness": 0.224, "valence": 0.964, "tempo": 65.439, "duration_ms": 21500, "time_signature": 4}, {"uri": "spotify:track:2sE61ZmvYH8wiOx5jygkHH", "name": "Say You Do", "artist": "Dierks Bentley", "popularity": 52, "danceability": 0.481, "energy": 0.733, "key": 3, "loudness": -8.171, "mode": 1, "speechiness": 0.0368, "acousticness": 0.142, "instrumentalness": 0.000547, "liveness": 0.106, "valence": 0.453, "tempo": 147.859, "duration_ms": 219360, "time_signature": 4}, {"uri": "spotify:track:5sjAPgIYamjdM3SaNUFBqY", "name": "Songwriting - Spotify Interview", "artist": "Shane McAnally", "popularity": 0, "danceability": 0.595, "energy": 0.125, "key": 6, "loudness": -29.576, "mode": 1, "speechiness": 0.947, "acousticness": 0.685, "instrumentalness": 0, "liveness": 0.536, "valence": 0.726, "tempo": 150.983, "duration_ms": 119278, "time_signature": 5}, {"uri": "spotify:track:1OW6YGLx26dFcmpq2KxJLK", "name": "Come Back to Me - Spotify Interview Part 1", "artist": "Shane McAnally", "popularity": 0, "danceability": 0.793, "energy": 0.122, "key": 1, "loudness": -26.626, "mode": 1, "speechiness": 0.958, "acousticness": 0.581, "instrumentalness": 0, "liveness": 0.394, "valence": 0.623, "tempo": 107.636, "duration_ms": 95792, "time_signature": 3}, {"uri": "spotify:track:4IkQTSK5Fou1pk9cwiJZAx", "name": "Come Back to Me", "artist": "Shane McAnally", "popularity": 2, "danceability": 0.578, "energy": 0.386, "key": 0, "loudness": -10.817, "mode": 1, "speechiness": 0.026, "acousticness": 0.589, "instrumentalness": 0.0201, "liveness": 0.109, "valence": 0.194, "tempo": 137.837, "duration_ms": 210326, "time_signature": 4}, {"uri": "spotify:track:2ecpktcbrJByrVJ6i2umOg", "name": "Come Back to Me - Spotify Interview Part 2", "artist": "Shane McAnally", "popularity": 0, "danceability": 0.695, "energy": 0.155, "key": 7, "loudness": -27.813, "mode": 1, "speechiness": 0.956, "acousticness": 0.734, "instrumentalness": 0, "liveness": 0.294, "valence": 0.745, "tempo": 83.831, "duration_ms": 89000, "time_signature": 3}, {"uri": "spotify:track:62nx2hSi0NwCcMQacgpzRP", "name": "Keith Urban talking about Come Back To Me", "artist": "Various Artists", "popularity": 0, "danceability": 0.706, "energy": 0.419, "key": 4, "loudness": -13.906, "mode": 1, "speechiness": 0.787, "acousticness": 0.94, "instrumentalness": 0, "liveness": 0.135, "valence": 0.937, "tempo": 79.649, "duration_ms": 32727, "time_signature": 1}, {"uri": "spotify:track:1W3nZ90b1u3jHB5leANsy8", "name": "Come Back To Me", "artist": "Keith Urban", "popularity": 36, "danceability": 0.65, "energy": 0.389, "key": 1, "loudness": -9.224, "mode": 1, "speechiness": 0.0399, "acousticness": 0.582, "instrumentalness": 0.00454, "liveness": 0.0777, "valence": 0.539, "tempo": 137.94, "duration_ms": 232680, "time_signature": 4}, {"uri": "spotify:track:0ER55ltgeHaX0mMpWkrN7w", "name": "Shane McAnally - SongCraft Intro", "artist": "Various Artists", "popularity": 0, "danceability": 0, "energy": 0.45, "key": 11, "loudness": -9.611, "mode": 1, "speechiness": 0, "acousticness": 0.759, "instrumentalness": 0, "liveness": 0.214, "valence": 0, "tempo": 0, "duration_ms": 8411, "time_signature": 0}, {"uri": "spotify:track:3NHuVszYy6xgSpF4DSqzh2", "name": "Song Holds - Spotify Interview", "artist": "Shane McAnally", "popularity": 0, "danceability": 0.644, "energy": 0.167, "key": 1, "loudness": -27.74, "mode": 1, "speechiness": 0.953, "acousticness": 0.64, "instrumentalness": 0, "liveness": 0.603, "valence": 0.759, "tempo": 84.254, "duration_ms": 72514, "time_signature": 4}, {"uri": "spotify:track:0W3nu2t2pXPkCTnDe5pT4L", "name": "Alone With You - Spotify Interview Part 1", "artist": "Shane McAnally", "popularity": 0, "danceability": 0.715, "energy": 0.133, "key": 8, "loudness": -24.772, "mode": 1, "speechiness": 0.951, "acousticness": 0.688, "instrumentalness": 0, "liveness": 0.232, "valence": 0.499, "tempo": 121.753, "duration_ms": 86969, "time_signature": 4}, {"uri": "spotify:track:0bsmuUBwDdNAPCcuV05gLF", "name": "Alone With You", "artist": "Shane McAnally", "popularity": 3, "danceability": 0.773, "energy": 0.569, "key": 0, "loudness": -9.943, "mode": 1, "speechiness": 0.0268, "acousticness": 0.178, "instrumentalness": 1.63e-05, "liveness": 0.11, "valence": 0.432, "tempo": 109.972, "duration_ms": 204293, "time_signature": 4}, {"uri": "spotify:track:5w6vwaSYcmqwBSdvu9JcEX", "name": "Alone With You - Spotify Interview Part 2", "artist": "Shane McAnally", "popularity": 0, "danceability": 0.562, "energy": 0.114, "key": 11, "loudness": -27.738, "mode": 0, "speechiness": 0.961, "acousticness": 0.494, "instrumentalness": 0, "liveness": 0.268, "valence": 0.608, "tempo": 72.508, "duration_ms": 134163, "time_signature": 5}, {"uri": "spotify:track:2Xdatbm43IXEVi0wmKeJve", "name": "Alone With You", "artist": "Jake Owen", "popularity": 53, "danceability": 0.646, "energy": 0.761, "key": 7, "loudness": -3.991, "mode": 1, "speechiness": 0.0267, "acousticness": 0.221, "instrumentalness": 0, "liveness": 0.109, "valence": 0.336, "tempo": 108.999, "duration_ms": 210973, "time_signature": 4}, {"uri": "spotify:track:2UeWJE1Wg3nMXQvXAGmQbr", "name": "Uncut Songs - Spotify Interview", "artist": "Shane McAnally", "popularity": 0, "danceability": 0.677, "energy": 0.141, "key": 8, "loudness": -29.79, "mode": 1, "speechiness": 0.949, "acousticness": 0.572, "instrumentalness": 0, "liveness": 0.49, "valence": 0.668, "tempo": 72.211, "duration_ms": 89000, "time_signature": 4}, {"uri": "spotify:track:12I1CzlKKj1z1K99od8YdQ", "name": "Santa Monica - Spotify Interview Part 1", "artist": "Shane McAnally", "popularity": 0, "danceability": 0.627, "energy": 0.12, "key": 10, "loudness": -28.845, "mode": 0, "speechiness": 0.958, "acousticness": 0.501, "instrumentalness": 0, "liveness": 0.123, "valence": 0.637, "tempo": 97.258, "duration_ms": 111184, "time_signature": 3}, {"uri": "spotify:track:7ceD2a18z92iMyPb5DTLHt", "name": "Santa Monica", "artist": "Shane McAnally", "popularity": 2, "danceability": 0.47, "energy": 0.605, "key": 5, "loudness": -8.302, "mode": 1, "speechiness": 0.0332, "acousticness": 0.554, "instrumentalness": 1.48e-06, "liveness": 0.167, "valence": 0.721, "tempo": 79.001, "duration_ms": 236147, "time_signature": 4}, {"uri": "spotify:track:2B5OcCQzUPPjt4WS6v4xh0", "name": "Santa Monica - Spotify Interview Part 2", "artist": "Shane McAnally", "popularity": 0, "danceability": 0.714, "energy": 0.124, "key": 7, "loudness": -29.892, "mode": 1, "speechiness": 0.949, "acousticness": 0.595, "instrumentalness": 0, "liveness": 0.687, "valence": 0.808, "tempo": 45.686, "duration_ms": 79118, "time_signature": 4}, {"uri": "spotify:track:1tQqrOaYtgh5XjEc8YVSGb", "name": "Somewhere With You - Spotify Interview Part 1", "artist": "Shane McAnally", "popularity": 0, "danceability": 0.718, "energy": 0.128, "key": 10, "loudness": -26.201, "mode": 0, "speechiness": 0.954, "acousticness": 0.496, "instrumentalness": 0, "liveness": 0.112, "valence": 0.538, "tempo": 67.763, "duration_ms": 110458, "time_signature": 3}, {"uri": "spotify:track:5qDzMkr3H14W0j6XAT5Mjl", "name": "Somewhere With You", "artist": "Shane McAnally", "popularity": 14, "danceability": 0.774, "energy": 0.455, "key": 1, "loudness": -10.139, "mode": 0, "speechiness": 0.0285, "acousticness": 0.216, "instrumentalness": 0, "liveness": 0.143, "valence": 0.277, "tempo": 112.064, "duration_ms": 193253, "time_signature": 4}, {"uri": "spotify:track:2se7v1HegCijt4ZaNpLNmc", "name": "Somewhere With You - Spotify Interview Part 2", "artist": "Shane McAnally", "popularity": 0, "danceability": 0.665, "energy": 0.133, "key": 1, "loudness": -28.688, "mode": 1, "speechiness": 0.957, "acousticness": 0.485, "instrumentalness": 0, "liveness": 0.299, "valence": 0.792, "tempo": 81.197, "duration_ms": 70000, "time_signature": 5}, {"uri": "spotify:track:3pkzJjJXfdDjhpXx639MIH", "name": "Somewhere With You", "artist": "Kenny Chesney", "popularity": 62, "danceability": 0.68, "energy": 0.849, "key": 1, "loudness": -6.475, "mode": 0, "speechiness": 0.0376, "acousticness": 0.0862, "instrumentalness": 0.00013, "liveness": 0.174, "valence": 0.536, "tempo": 111.969, "duration_ms": 243520, "time_signature": 4}, {"uri": "spotify:track:31oBPpbCuJ8jjCzSHAXu50", "name": "Writing Retreats - Spotify Interview Part 1", "artist": "Shane McAnally", "popularity": 0, "danceability": 0.743, "energy": 0.118, "key": 10, "loudness": -28.445, "mode": 0, "speechiness": 0.942, "acousticness": 0.674, "instrumentalness": 0, "liveness": 0.403, "valence": 0.831, "tempo": 106.94, "duration_ms": 102000, "time_signature": 3}, {"uri": "spotify:track:7gLu3yrG6xyoLuqrhRBdsm", "name": "Writing Retreats - Spotify Interview Part 2", "artist": "Shane McAnally", "popularity": 0, "danceability": 0.639, "energy": 0.124, "key": 8, "loudness": -29.293, "mode": 1, "speechiness": 0.959, "acousticness": 0.687, "instrumentalness": 0, "liveness": 0.342, "valence": 0.723, "tempo": 59.073, "duration_ms": 141240, "time_signature": 3}, {"uri": "spotify:track:2EWa6w8Adtze0Td0GQdlOP", "name": "Downtown - Spotify Interview Part 1", "artist": "Shane McAnally", "popularity": 0, "danceability": 0.71, "energy": 0.136, "key": 8, "loudness": -29.33, "mode": 1, "speechiness": 0.942, "acousticness": 0.747, "instrumentalness": 0, "liveness": 0.292, "valence": 0.622, "tempo": 117.224, "duration_ms": 73250, "time_signature": 3}, {"uri": "spotify:track:6l6fsYZc1NHmp9p6tT2E3I", "name": "Downtown (feat. Natalie Hemby)", "artist": "Shane McAnally", "popularity": 12, "danceability": 0.689, "energy": 0.919, "key": 4, "loudness": -3.91, "mode": 1, "speechiness": 0.19, "acousticness": 0.662, "instrumentalness": 0, "liveness": 0.0916, "valence": 0.882, "tempo": 167.98, "duration_ms": 220714, "time_signature": 4}, {"uri": "spotify:track:229cRDLmvKAxMqxIcwGCZa", "name": "Downtown - Spotify Interview Part 2", "artist": "Shane McAnally", "popularity": 0, "danceability": 0.665, "energy": 0.101, "key": 7, "loudness": -27.816, "mode": 1, "speechiness": 0.95, "acousticness": 0.49, "instrumentalness": 0, "liveness": 0.486, "valence": 0.627, "tempo": 86.163, "duration_ms": 82668, "time_signature": 4}, {"uri": "spotify:track:4kY7rYtE4OQkJNq22OIYRI", "name": "Downtown", "artist": "Lady A", "popularity": 59, "danceability": 0.532, "energy": 0.825, "key": 9, "loudness": -5.287, "mode": 1, "speechiness": 0.0468, "acousticness": 0.18, "instrumentalness": 0, "liveness": 0.296, "valence": 0.96, "tempo": 169.961, "duration_ms": 195867, "time_signature": 4}, {"uri": "spotify:track:0R7fnfE8J2ez4jaNSBuKxf", "name": "Downtown Extra - Spotify Interview", "artist": "Shane McAnally", "popularity": 0, "danceability": 0.702, "energy": 0.141, "key": 8, "loudness": -29.331, "mode": 1, "speechiness": 0.909, "acousticness": 0.584, "instrumentalness": 0, "liveness": 0.269, "valence": 0.838, "tempo": 95.96, "duration_ms": 97175, "time_signature": 3}, {"uri": "spotify:track:3X2fnzPo1vlnPV4ZqS2s0Z", "name": "Writing Room - Spotify Interview", "artist": "Shane McAnally", "popularity": 0, "danceability": 0.709, "energy": 0.152, "key": 1, "loudness": -27.848, "mode": 1, "speechiness": 0.96, "acousticness": 0.593, "instrumentalness": 0, "liveness": 0.327, "valence": 0.657, "tempo": 90.949, "duration_ms": 65472, "time_signature": 5}, {"uri": "spotify:track:7EyY3Ifj9B2StmuFzYhtC6", "name": "Chainsaw - Spotify Interview Part 1", "artist": "Shane McAnally", "popularity": 0, "danceability": 0.696, "energy": 0.118, "key": 8, "loudness": -27.839, "mode": 1, "speechiness": 0.947, "acousticness": 0.507, "instrumentalness": 0, "liveness": 0.147, "valence": 0.776, "tempo": 81.088, "duration_ms": 61625, "time_signature": 5}, {"uri": "spotify:track:3botssMinOaf8gTihU6Kjo", "name": "Chainsaw", "artist": "Old Dominion", "popularity": 36, "danceability": 0.519, "energy": 0.562, "key": 10, "loudness": -8.991, "mode": 1, "speechiness": 0.0352, "acousticness": 0.0278, "instrumentalness": 4.69e-06, "liveness": 0.0834, "valence": 0.698, "tempo": 165.965, "duration_ms": 226480, "time_signature": 4}, {"uri": "spotify:track:6Ly6CqQLJBqVpPHPJN1vFt", "name": "Chainsaw - Spotify Interview Part 2", "artist": "Shane McAnally", "popularity": 0, "danceability": 0.676, "energy": 0.114, "key": 8, "loudness": -28.759, "mode": 1, "speechiness": 0.943, "acousticness": 0.625, "instrumentalness": 0, "liveness": 0.173, "valence": 0.779, "tempo": 112.662, "duration_ms": 92625, "time_signature": 4}, {"uri": "spotify:track:6BstspHAG1DuMebrQJWPJY", "name": "Chainsaw", "artist": "The Band Perry", "popularity": 44, "danceability": 0.608, "energy": 0.732, "key": 2, "loudness": -4.254, "mode": 1, "speechiness": 0.0251, "acousticness": 0.168, "instrumentalness": 0, "liveness": 0.0817, "valence": 0.656, "tempo": 84.006, "duration_ms": 227840, "time_signature": 4}, {"uri": "spotify:track:4JTF73N2TsCan3sZw0pCjb", "name": "Smokin' and Drinkin' - spotify Interview Part 1", "artist": "Shane McAnally", "popularity": 0, "danceability": 0.674, "energy": 0.141, "key": 8, "loudness": -29.497, "mode": 1, "speechiness": 0.96, "acousticness": 0.475, "instrumentalness": 0, "liveness": 0.513, "valence": 0.575, "tempo": 82.298, "duration_ms": 106500, "time_signature": 3}, {"uri": "spotify:track:2bFcHKnxNL5nojlysWlcvl", "name": "Smokin' and Drinkin' (feat. Natalie Hemby)", "artist": "Shane McAnally", "popularity": 10, "danceability": 0.407, "energy": 0.853, "key": 0, "loudness": -7.596, "mode": 1, "speechiness": 0.365, "acousticness": 0.0755, "instrumentalness": 0, "liveness": 0.0566, "valence": 0.605, "tempo": 157.547, "duration_ms": 246076, "time_signature": 4}, {"uri": "spotify:track:2hQGWe0aXrpG95wLByzFyh", "name": "Smokin' and Drinkin' - spotify Interview Part 2", "artist": "Shane McAnally", "popularity": 0, "danceability": 0.66, "energy": 0.156, "key": 2, "loudness": -30.98, "mode": 1, "speechiness": 0.9, "acousticness": 0.65, "instrumentalness": 0, "liveness": 0.199, "valence": 0.782, "tempo": 94.022, "duration_ms": 81096, "time_signature": 4}, {"uri": "spotify:track:2u0mVptKkiQvaYcVH8lZtz", "name": "Miranda Lambert talking about Smokin and Drinkin", "artist": "Various Artists", "popularity": 0, "danceability": 0, "energy": 0.353, "key": 9, "loudness": -7.553, "mode": 1, "speechiness": 0, "acousticness": 0.761, "instrumentalness": 0, "liveness": 0.189, "valence": 0, "tempo": 0, "duration_ms": 14773, "time_signature": 0}, {"uri": "spotify:track:13keyz9ikBe6ZpRasw7l4X", "name": "Smokin' and Drinkin' (feat. Little Big Town)", "artist": "Miranda Lambert", "popularity": 48, "danceability": 0.46, "energy": 0.788, "key": 8, "loudness": -8.49, "mode": 1, "speechiness": 0.0403, "acousticness": 0.151, "instrumentalness": 0.000425, "liveness": 0.339, "valence": 0.495, "tempo": 157.887, "duration_ms": 330693, "time_signature": 4}, {"uri": "spotify:track:6HpQLq7QH69PAsVmnuV4mK", "name": "Shane McAnally says \"thanks for listening\"", "artist": "Various Artists", "popularity": 0, "danceability": 0.649, "energy": 0.345, "key": 5, "loudness": -13.169, "mode": 1, "speechiness": 0.571, "acousticness": 0.583, "instrumentalness": 0, "liveness": 0.342, "valence": 0.798, "tempo": 106.819, "duration_ms": 52818, "time_signature": 3}]