[{"uri": "spotify:track:3kfqYE0jGONOrkVpkPPOd5", "name": "Iffy", "artist": "Chris Brown", "popularity": 0, "danceability": 0.415, "energy": 0.83, "key": 6, "loudness": -5.621, "mode": 0, "speechiness": 0.18, "acousticness": 0.0144, "instrumentalness": 0, "liveness": 0.14, "valence": 0.485, "tempo": 194.746, "duration_ms": 173549, "time_signature": 4}, {"uri": "spotify:track:1dIWPXMX4kRHj6Dt2DStUQ", "name": "Chosen (feat. Ty Dolla $ign)", "artist": "Blxst", "popularity": 85, "danceability": 0.571, "energy": 0.767, "key": 2, "loudness": -5.16, "mode": 1, "speechiness": 0.287, "acousticness": 0.336, "instrumentalness": 0, "liveness": 0.0809, "valence": 0.605, "tempo": 93.421, "duration_ms": 161684, "time_signature": 4}, {"uri": "spotify:track:4iN16F8JtVxG2UTzp3avGl", "name": "Smokin Out The Window", "artist": "Bruno Mars", "popularity": 89, "danceability": 0.627, "energy": 0.618, "key": 2, "loudness": -8.529, "mode": 1, "speechiness": 0.0437, "acousticness": 0.0558, "instrumentalness": 0, "liveness": 0.351, "valence": 0.848, "tempo": 82.03, "duration_ms": 197443, "time_signature": 4}, {"uri": "spotify:track:5dXWFMwD7I7zXsInONVl0H", "name": "I Hate U", "artist": "SZA", "popularity": 91, "danceability": 0.535, "energy": 0.388, "key": 7, "loudness": -9.805, "mode": 0, "speechiness": 0.155, "acousticness": 0.507, "instrumentalness": 0, "liveness": 0.11, "valence": 0.412, "tempo": 106.703, "duration_ms": 174000, "time_signature": 5}, {"uri": "spotify:track:2SLwbpExuoBDZBpjfefCtV", "name": "Out of Time", "artist": "The Weeknd", "popularity": 88, "danceability": 0.65, "energy": 0.76, "key": 0, "loudness": -4.422, "mode": 0, "speechiness": 0.0446, "acousticness": 0.255, "instrumentalness": 0, "liveness": 0.339, "valence": 0.838, "tempo": 93.057, "duration_ms": 214194, "time_signature": 4}, {"uri": "spotify:track:3xRH6FPVtheDyNla3T1FE7", "name": "Hrs and Hrs", "artist": "Muni Long", "popularity": 77, "danceability": 0.511, "energy": 0.525, "key": 8, "loudness": -4.595, "mode": 0, "speechiness": 0.183, "acousticness": 0.604, "instrumentalness": 0, "liveness": 0.111, "valence": 0.661, "tempo": 139.885, "duration_ms": 204317, "time_signature": 3}, {"uri": "spotify:track:6zIen2DYr2t19vbwqgORY2", "name": "Scenic Drive (feat. Ari Lennox & Smino)", "artist": "Khalid", "popularity": 76, "danceability": 0.367, "energy": 0.552, "key": 7, "loudness": -9.109, "mode": 0, "speechiness": 0.0504, "acousticness": 0.0258, "instrumentalness": 0.000217, "liveness": 0.154, "valence": 0.0778, "tempo": 93.467, "duration_ms": 249773, "time_signature": 5}, {"uri": "spotify:track:1mSdbey7RstGLY2udgXv74", "name": "Essence (feat. Justin Bieber & Tems)", "artist": "WizKid", "popularity": 76, "danceability": 0.835, "energy": 0.691, "key": 0, "loudness": -5.828, "mode": 1, "speechiness": 0.113, "acousticness": 0.0159, "instrumentalness": 1.44e-05, "liveness": 0.108, "valence": 0.581, "tempo": 103.999, "duration_ms": 263289, "time_signature": 4}, {"uri": "spotify:track:0mL82sxCRjrs3br407IdJh", "name": "Is There Someone Else?", "artist": "The Weeknd", "popularity": 88, "danceability": 0.702, "energy": 0.586, "key": 9, "loudness": -7.83, "mode": 0, "speechiness": 0.0313, "acousticness": 0.0388, "instrumentalness": 7.27e-05, "liveness": 0.156, "valence": 0.608, "tempo": 134.951, "duration_ms": 199111, "time_signature": 4}, {"uri": "spotify:track:0GDTDoQIJPk8zKBK4r1pzK", "name": "Come For Me (Unlocked) (feat. Khalid & Lucky Daye)", "artist": "Alicia Keys", "popularity": 67, "danceability": 0.668, "energy": 0.511, "key": 9, "loudness": -7.221, "mode": 0, "speechiness": 0.229, "acousticness": 0.365, "instrumentalness": 8.23e-06, "liveness": 0.0944, "valence": 0.45, "tempo": 140.977, "duration_ms": 209853, "time_signature": 4}, {"uri": "spotify:track:3FImu2LpSuH6gDHBuFgIbS", "name": "DO 4 LOVE", "artist": "Snoh Aalegra", "popularity": 69, "danceability": 0.367, "energy": 0.142, "key": 6, "loudness": -12.717, "mode": 0, "speechiness": 0.0319, "acousticness": 0.913, "instrumentalness": 0.00367, "liveness": 0.107, "valence": 0.1, "tempo": 69.827, "duration_ms": 189463, "time_signature": 4}, {"uri": "spotify:track:1NKilzEyipTC34AHEMnKAl", "name": "Rent Free", "artist": "6LACK", "popularity": 73, "danceability": 0.795, "energy": 0.643, "key": 1, "loudness": -5.239, "mode": 0, "speechiness": 0.125, "acousticness": 0.362, "instrumentalness": 2.57e-06, "liveness": 0.118, "valence": 0.623, "tempo": 105.06, "duration_ms": 202825, "time_signature": 4}, {"uri": "spotify:track:0tkgmjBMU6qSxolAKB3f2H", "name": "MERCEDES", "artist": "Brent Faiyaz", "popularity": 77, "danceability": 0.547, "energy": 0.619, "key": 3, "loudness": -6.485, "mode": 0, "speechiness": 0.132, "acousticness": 0.0951, "instrumentalness": 2.62e-06, "liveness": 0.0716, "valence": 0.519, "tempo": 76.285, "duration_ms": 233070, "time_signature": 4}, {"uri": "spotify:track:1NhjYYcYTRywc0di98xHxf", "name": "Here We Go\u2026 Again (feat. Tyler, the Creator)", "artist": "The Weeknd", "popularity": 86, "danceability": 0.469, "energy": 0.623, "key": 1, "loudness": -4.432, "mode": 1, "speechiness": 0.0302, "acousticness": 0.345, "instrumentalness": 0, "liveness": 0.588, "valence": 0.198, "tempo": 134.943, "duration_ms": 209778, "time_signature": 4}, {"uri": "spotify:track:4XkrlDVc8UQUvsyRsxvU0M", "name": "Wild Side (feat. Cardi B)", "artist": "Normani", "popularity": 26, "danceability": 0.74, "energy": 0.576, "key": 6, "loudness": -6.744, "mode": 0, "speechiness": 0.146, "acousticness": 0.0249, "instrumentalness": 0, "liveness": 0.104, "valence": 0.315, "tempo": 110.095, "duration_ms": 209476, "time_signature": 4}, {"uri": "spotify:track:77z6mJeFcHlRWVfbOdBCtc", "name": "Good Morning Gorgeous", "artist": "Mary J. Blige", "popularity": 61, "danceability": 0.519, "energy": 0.582, "key": 1, "loudness": -6.778, "mode": 1, "speechiness": 0.112, "acousticness": 0.213, "instrumentalness": 0, "liveness": 0.0681, "valence": 0.319, "tempo": 131.524, "duration_ms": 174728, "time_signature": 3}, {"uri": "spotify:track:1DOgkaR5Gqa8JtPEIbQORC", "name": "Over", "artist": "Lucky Daye", "popularity": 70, "danceability": 0.677, "energy": 0.541, "key": 6, "loudness": -6.057, "mode": 0, "speechiness": 0.0571, "acousticness": 0.48, "instrumentalness": 0, "liveness": 0.125, "valence": 0.379, "tempo": 103.369, "duration_ms": 205276, "time_signature": 4}, {"uri": "spotify:track:7M4fSXTAUQih72cf0FbMgA", "name": "Poison", "artist": "Aaliyah", "popularity": 75, "danceability": 0.599, "energy": 0.547, "key": 1, "loudness": -7.498, "mode": 1, "speechiness": 0.113, "acousticness": 0.573, "instrumentalness": 3e-06, "liveness": 0.155, "valence": 0.425, "tempo": 90.271, "duration_ms": 162632, "time_signature": 4}, {"uri": "spotify:track:6ElfCM1XppU0YWkkFYh4s2", "name": "Pressure", "artist": "Ari Lennox", "popularity": 71, "danceability": 0.85, "energy": 0.658, "key": 0, "loudness": -5.558, "mode": 1, "speechiness": 0.221, "acousticness": 0.139, "instrumentalness": 0, "liveness": 0.063, "valence": 0.832, "tempo": 144.445, "duration_ms": 193279, "time_signature": 4}, {"uri": "spotify:track:08SB2OtZkaliju77WYEKxk", "name": "No Love (with SZA)", "artist": "Summer Walker", "popularity": 85, "danceability": 0.707, "energy": 0.618, "key": 1, "loudness": -5.825, "mode": 0, "speechiness": 0.19, "acousticness": 0.17, "instrumentalness": 0, "liveness": 0.293, "valence": 0.517, "tempo": 133.876, "duration_ms": 231498, "time_signature": 4}, {"uri": "spotify:track:5ywsqu9AEJnEJhJ05Vf9Me", "name": "Blast Off", "artist": "Bruno Mars", "popularity": 77, "danceability": 0.482, "energy": 0.548, "key": 11, "loudness": -9.946, "mode": 1, "speechiness": 0.0373, "acousticness": 0.0363, "instrumentalness": 2.28e-06, "liveness": 0.3, "valence": 0.346, "tempo": 76.017, "duration_ms": 284870, "time_signature": 4}, {"uri": "spotify:track:501mFwKeLnybf8JO3XL66O", "name": "Altar", "artist": "Kehlani", "popularity": 73, "danceability": 0.554, "energy": 0.854, "key": 9, "loudness": -3.313, "mode": 1, "speechiness": 0.149, "acousticness": 0.068, "instrumentalness": 0.00285, "liveness": 0.166, "valence": 0.797, "tempo": 83.823, "duration_ms": 243091, "time_signature": 4}, {"uri": "spotify:track:1KkxtIMy5n9AN0hhlzWbAc", "name": "Best Of Me (Originals)", "artist": "Alicia Keys", "popularity": 63, "danceability": 0.739, "energy": 0.849, "key": 5, "loudness": -7.563, "mode": 1, "speechiness": 0.0626, "acousticness": 0.115, "instrumentalness": 0.00361, "liveness": 0.103, "valence": 0.809, "tempo": 79.98, "duration_ms": 238999, "time_signature": 4}, {"uri": "spotify:track:0k4d5YPDr1r7FX77VdqWez", "name": "You Right", "artist": "Doja Cat", "popularity": 89, "danceability": 0.828, "energy": 0.621, "key": 8, "loudness": -6.414, "mode": 1, "speechiness": 0.0565, "acousticness": 0.0164, "instrumentalness": 0.00233, "liveness": 0.0845, "valence": 0.436, "tempo": 128.986, "duration_ms": 186173, "time_signature": 4}, {"uri": "spotify:track:3Z9B9GQ2fFx4IRCG8bbWys", "name": "Somebody\u2019s Son (Ft Brandy)", "artist": "Tiwa Savage", "popularity": 68, "danceability": 0.705, "energy": 0.809, "key": 5, "loudness": -4.484, "mode": 1, "speechiness": 0.068, "acousticness": 0.145, "instrumentalness": 5.75e-05, "liveness": 0.216, "valence": 0.508, "tempo": 107.21, "duration_ms": 218131, "time_signature": 4}, {"uri": "spotify:track:5VQagemEOLpJJikcLzDNYR", "name": "Crazy Tings", "artist": "Tems", "popularity": 69, "danceability": 0.659, "energy": 0.502, "key": 6, "loudness": -11.088, "mode": 0, "speechiness": 0.405, "acousticness": 0.556, "instrumentalness": 5.46e-05, "liveness": 0.0953, "valence": 0.497, "tempo": 199.891, "duration_ms": 182400, "time_signature": 4}, {"uri": "spotify:track:081Shn2hU3YxvQmGaCPegr", "name": "Unloyal (with Ari Lennox)", "artist": "Summer Walker", "popularity": 73, "danceability": 0.805, "energy": 0.51, "key": 4, "loudness": -6.179, "mode": 0, "speechiness": 0.0569, "acousticness": 0.0357, "instrumentalness": 0.000469, "liveness": 0.108, "valence": 0.36, "tempo": 127.983, "duration_ms": 207295, "time_signature": 4}, {"uri": "spotify:track:7GuP2hQO9oprADjY3gRhCT", "name": "Fly As Me", "artist": "Bruno Mars", "popularity": 77, "danceability": 0.783, "energy": 0.627, "key": 2, "loudness": -8.521, "mode": 1, "speechiness": 0.102, "acousticness": 0.00756, "instrumentalness": 0, "liveness": 0.0606, "valence": 0.48, "tempo": 100.025, "duration_ms": 219389, "time_signature": 4}, {"uri": "spotify:track:48WidxP9CqyYtk97pwGZ3c", "name": "Wasting Time ( feat. Drake & The Neptunes )", "artist": "Brent Faiyaz", "popularity": 74, "danceability": 0.443, "energy": 0.72, "key": 7, "loudness": -3.743, "mode": 0, "speechiness": 0.0733, "acousticness": 0.0669, "instrumentalness": 0, "liveness": 0.0909, "valence": 0.374, "tempo": 89.378, "duration_ms": 301304, "time_signature": 4}, {"uri": "spotify:track:5tmxPmmXvgJPU7bIukFX8p", "name": "Nothing Feels Better", "artist": "Pink Sweat$", "popularity": 72, "danceability": 0.769, "energy": 0.395, "key": 2, "loudness": -7.71, "mode": 1, "speechiness": 0.0287, "acousticness": 0.285, "instrumentalness": 0, "liveness": 0.0776, "valence": 0.558, "tempo": 81.485, "duration_ms": 157779, "time_signature": 4}, {"uri": "spotify:track:5QEapWx3ryjwtg0E89b02h", "name": "CUFFIN (feat. Coi Leray)", "artist": "Lonr.", "popularity": 63, "danceability": 0.723, "energy": 0.433, "key": 6, "loudness": -9.128, "mode": 1, "speechiness": 0.127, "acousticness": 0.367, "instrumentalness": 0, "liveness": 0.106, "valence": 0.45, "tempo": 127.021, "duration_ms": 198670, "time_signature": 4}, {"uri": "spotify:track:61Emqg95O9zo1GNOcyxq4Y", "name": "For Tonight", "artist": "Giveon", "popularity": 84, "danceability": 0.442, "energy": 0.517, "key": 9, "loudness": -7.807, "mode": 1, "speechiness": 0.0548, "acousticness": 0.0699, "instrumentalness": 0, "liveness": 0.114, "valence": 0.2, "tempo": 79.867, "duration_ms": 193822, "time_signature": 4}, {"uri": "spotify:track:6RBfz4bNLNzvt37HycN1Xf", "name": "Present", "artist": "Khalid", "popularity": 74, "danceability": 0.684, "energy": 0.514, "key": 1, "loudness": -8.584, "mode": 1, "speechiness": 0.0327, "acousticness": 0.00242, "instrumentalness": 0, "liveness": 0.193, "valence": 0.202, "tempo": 88.014, "duration_ms": 156376, "time_signature": 4}, {"uri": "spotify:track:4yIH4PcUVivcxNTy1ETMZ3", "name": "Find A Way (feat. Lil Baby & Lil Durk)", "artist": "H.E.R.", "popularity": 68, "danceability": 0.633, "energy": 0.664, "key": 9, "loudness": -6.588, "mode": 1, "speechiness": 0.381, "acousticness": 0.00797, "instrumentalness": 0, "liveness": 0.104, "valence": 0.617, "tempo": 157.148, "duration_ms": 212520, "time_signature": 4}, {"uri": "spotify:track:74CjepodJooOCQkrGCwE4C", "name": "Get Back (feat. Chris Brown)", "artist": "Mario", "popularity": 70, "danceability": 0.664, "energy": 0.45, "key": 8, "loudness": -9.125, "mode": 1, "speechiness": 0.166, "acousticness": 0.204, "instrumentalness": 4.45e-06, "liveness": 0.171, "valence": 0.254, "tempo": 90.991, "duration_ms": 222168, "time_signature": 4}, {"uri": "spotify:track:58ZPswvAZ5hscCmbYJvNpW", "name": "LALA (Unlocked) (feat. Swae Lee)", "artist": "Alicia Keys", "popularity": 63, "danceability": 0.615, "energy": 0.56, "key": 8, "loudness": -4.938, "mode": 1, "speechiness": 0.184, "acousticness": 0.0889, "instrumentalness": 0.000114, "liveness": 0.314, "valence": 0.33, "tempo": 139.441, "duration_ms": 266937, "time_signature": 4}, {"uri": "spotify:track:5SixeLvPsYpk7qq9lo5xYg", "name": "Have Mercy", "artist": "Chl\u00f6e", "popularity": 82, "danceability": 0.903, "energy": 0.535, "key": 9, "loudness": -6.434, "mode": 1, "speechiness": 0.0742, "acousticness": 0.297, "instrumentalness": 0, "liveness": 0.345, "valence": 0.508, "tempo": 130.022, "duration_ms": 148779, "time_signature": 4}, {"uri": "spotify:track:4dmNBu6IEQahPJDlQQOY69", "name": "Come Through (feat. Chris Brown)", "artist": "H.E.R.", "popularity": 60, "danceability": 0.447, "energy": 0.42, "key": 1, "loudness": -7.915, "mode": 1, "speechiness": 0.0726, "acousticness": 0.617, "instrumentalness": 0, "liveness": 0.116, "valence": 0.15, "tempo": 135.91, "duration_ms": 214053, "time_signature": 5}, {"uri": "spotify:track:3S4gq91XRuohTTfJZAiGVK", "name": "Memories", "artist": "dvsn", "popularity": 61, "danceability": 0.621, "energy": 0.763, "key": 0, "loudness": -5.511, "mode": 1, "speechiness": 0.0684, "acousticness": 0.0286, "instrumentalness": 0, "liveness": 0.529, "valence": 0.45, "tempo": 139.994, "duration_ms": 164566, "time_signature": 4}, {"uri": "spotify:track:5OFoInHe162W9I97oVDzY8", "name": "At Your Best (You Are Love) - Spotify Singles", "artist": "Alex Isley", "popularity": 61, "danceability": 0.47, "energy": 0.552, "key": 7, "loudness": -8.382, "mode": 1, "speechiness": 0.0351, "acousticness": 0.751, "instrumentalness": 0.0021, "liveness": 0.119, "valence": 0.302, "tempo": 78.152, "duration_ms": 317891, "time_signature": 4}, {"uri": "spotify:track:6BkYYJzfpG3u4Rs4VLXAie", "name": "Tragic", "artist": "Jazmine Sullivan", "popularity": 63, "danceability": 0.656, "energy": 0.561, "key": 4, "loudness": -4.39, "mode": 0, "speechiness": 0.0493, "acousticness": 0.213, "instrumentalness": 0, "liveness": 0.234, "valence": 0.492, "tempo": 139.04, "duration_ms": 207314, "time_signature": 4}, {"uri": "spotify:track:2kJijusZZbCWGbjTe5afS1", "name": "LOST YOU (screwed not chopped)", "artist": "Snoh Aalegra", "popularity": 59, "danceability": 0.2, "energy": 0.195, "key": 9, "loudness": -14.32, "mode": 0, "speechiness": 0.0458, "acousticness": 0.766, "instrumentalness": 0.00917, "liveness": 0.114, "valence": 0.04, "tempo": 81.024, "duration_ms": 265676, "time_signature": 4}, {"uri": "spotify:track:0GGfGINoVYiSFXPOjg3RHj", "name": "Found (feat. Brent Faiyaz)", "artist": "Tems", "popularity": 72, "danceability": 0.821, "energy": 0.412, "key": 7, "loudness": -7.795, "mode": 1, "speechiness": 0.0341, "acousticness": 0.625, "instrumentalness": 1.64e-05, "liveness": 0.0985, "valence": 0.333, "tempo": 109.977, "duration_ms": 209454, "time_signature": 4}, {"uri": "spotify:track:3EG9FJ0ToLfgnc1IG2Z1wz", "name": "SWEET / I THOUGHT YOU WANTED TO DANCE (feat. Brent Faiyaz & Fana Hues)", "artist": "Tyler, The Creator", "popularity": 77, "danceability": 0.468, "energy": 0.652, "key": 0, "loudness": -4.912, "mode": 1, "speechiness": 0.0722, "acousticness": 0.333, "instrumentalness": 0.000318, "liveness": 0.55, "valence": 0.39, "tempo": 140.223, "duration_ms": 588139, "time_signature": 4}, {"uri": "spotify:track:6VFKuuqSbA1GpMEosUgTwQ", "name": "Nobody But You", "artist": "Sonder", "popularity": 76, "danceability": 0.637, "energy": 0.299, "key": 7, "loudness": -11.314, "mode": 1, "speechiness": 0.0366, "acousticness": 0.742, "instrumentalness": 0, "liveness": 0.359, "valence": 0.364, "tempo": 83.872, "duration_ms": 213214, "time_signature": 4}, {"uri": "spotify:track:4rvzmiYWfzfQ3tnXEt1KQv", "name": "Do I Ever (feat. Chris Brown)", "artist": "Tone Stith", "popularity": 67, "danceability": 0.453, "energy": 0.461, "key": 1, "loudness": -6.387, "mode": 1, "speechiness": 0.0533, "acousticness": 0.0319, "instrumentalness": 0, "liveness": 0.142, "valence": 0.414, "tempo": 98.172, "duration_ms": 190056, "time_signature": 4}, {"uri": "spotify:track:18ddJHQ7CUzNBiy55L0Xjj", "name": "WFM", "artist": "RealestK", "popularity": 67, "danceability": 0.437, "energy": 0.184, "key": 1, "loudness": -17.667, "mode": 1, "speechiness": 0.0313, "acousticness": 0.72, "instrumentalness": 0.00253, "liveness": 0.113, "valence": 0.247, "tempo": 80.088, "duration_ms": 136000, "time_signature": 4}, {"uri": "spotify:track:3Q8RBppQeYLLHafNb2cJTz", "name": "My City ft. Masego", "artist": "ELHAE", "popularity": 59, "danceability": 0.761, "energy": 0.536, "key": 11, "loudness": -7.487, "mode": 0, "speechiness": 0.119, "acousticness": 0.0754, "instrumentalness": 0, "liveness": 0.154, "valence": 0.525, "tempo": 133.04, "duration_ms": 190376, "time_signature": 4}, {"uri": "spotify:track:5SFssNXGjeOxdAnECfgttm", "name": "How Much Can A Heart Take (feat. Yebba)", "artist": "Lucky Daye", "popularity": 65, "danceability": 0.661, "energy": 0.693, "key": 6, "loudness": -6.553, "mode": 0, "speechiness": 0.196, "acousticness": 0.324, "instrumentalness": 0.0336, "liveness": 0.0959, "valence": 0.613, "tempo": 82.058, "duration_ms": 302240, "time_signature": 4}, {"uri": "spotify:track:3YJJjQPAbDT7mGpX3WtQ9A", "name": "Good Days", "artist": "SZA", "popularity": 86, "danceability": 0.436, "energy": 0.655, "key": 1, "loudness": -8.37, "mode": 0, "speechiness": 0.0583, "acousticness": 0.499, "instrumentalness": 8.1e-06, "liveness": 0.688, "valence": 0.412, "tempo": 121.002, "duration_ms": 279204, "time_signature": 4}]