[{"uri": "spotify:track:4deE3qgYNRRsffGrgK50Ih", "name": "Amoreena", "artist": "Elton John", "popularity": 0, "danceability": 0.556, "energy": 0.617, "key": 0, "loudness": -10.063, "mode": 1, "speechiness": 0.0331, "acousticness": 0.758, "instrumentalness": 0, "liveness": 0.157, "valence": 0.489, "tempo": 128.729, "duration_ms": 302507, "time_signature": 4}, {"uri": "spotify:track:6Flu33CZc4xS2gkA6cRcNh", "name": "Texas Sun", "artist": "Khruangbin", "popularity": 29, "danceability": 0.635, "energy": 0.631, "key": 7, "loudness": -10.007, "mode": 1, "speechiness": 0.0343, "acousticness": 0.0378, "instrumentalness": 0.138, "liveness": 0.0997, "valence": 0.619, "tempo": 111.563, "duration_ms": 252812, "time_signature": 4}, {"uri": "spotify:track:3ZzhV6JIDKWvWR7wiKWD0C", "name": "La femme d'argent", "artist": "Air", "popularity": 61, "danceability": 0.517, "energy": 0.737, "key": 6, "loudness": -8.189, "mode": 0, "speechiness": 0.0352, "acousticness": 0.434, "instrumentalness": 0.684, "liveness": 0.392, "valence": 0.558, "tempo": 79.82, "duration_ms": 426614, "time_signature": 4}, {"uri": "spotify:track:3wowK80ug94yqlI86A9Ej9", "name": "Happiness Is Easy - 1997 Remaster", "artist": "Talk Talk", "popularity": 52, "danceability": 0.699, "energy": 0.407, "key": 5, "loudness": -12.58, "mode": 0, "speechiness": 0.0548, "acousticness": 0.0214, "instrumentalness": 0.0694, "liveness": 0.0393, "valence": 0.922, "tempo": 106.948, "duration_ms": 390693, "time_signature": 4}, {"uri": "spotify:track:7uf7sRGi0DkGgTOTSjrBUG", "name": "Creole Moon", "artist": "Dr. John", "popularity": 45, "danceability": 0.453, "energy": 0.562, "key": 5, "loudness": -10.233, "mode": 0, "speechiness": 0.045, "acousticness": 0.137, "instrumentalness": 0.0029, "liveness": 0.0463, "valence": 0.463, "tempo": 156.654, "duration_ms": 514867, "time_signature": 4}, {"uri": "spotify:track:2fkPXXnPh0jhtwcTxLobqd", "name": "Svefn-g-englar", "artist": "Sigur R\u00f3s", "popularity": 0, "danceability": 0.119, "energy": 0.555, "key": 9, "loudness": -9.081, "mode": 1, "speechiness": 0.0563, "acousticness": 0.557, "instrumentalness": 0.698, "liveness": 0.111, "valence": 0.0452, "tempo": 68.055, "duration_ms": 604267, "time_signature": 5}, {"uri": "spotify:track:7DqktFsRwJa0XDFPMjV1xJ", "name": "Out on the Weekend - 2009 Remaster", "artist": "Neil Young", "popularity": 60, "danceability": 0.673, "energy": 0.265, "key": 9, "loudness": -15.711, "mode": 1, "speechiness": 0.0387, "acousticness": 0.0967, "instrumentalness": 0.0336, "liveness": 0.0809, "valence": 0.641, "tempo": 136.748, "duration_ms": 271933, "time_signature": 4}, {"uri": "spotify:track:6T10XPeC9X5xEaD6tMcK6M", "name": "All I Need (feat. Beth Hirsch)", "artist": "Air", "popularity": 63, "danceability": 0.327, "energy": 0.425, "key": 7, "loudness": -11.577, "mode": 0, "speechiness": 0.027, "acousticness": 0.878, "instrumentalness": 0.000873, "liveness": 0.18, "valence": 0.165, "tempo": 93.946, "duration_ms": 268307, "time_signature": 4}, {"uri": "spotify:track:5NtOAfnwkKo7eAGq7Uap3J", "name": "Man in the Long Black Coat", "artist": "Bob Dylan", "popularity": 51, "danceability": 0.605, "energy": 0.297, "key": 6, "loudness": -12.528, "mode": 0, "speechiness": 0.0417, "acousticness": 0.00889, "instrumentalness": 0.000286, "liveness": 0.116, "valence": 0.0998, "tempo": 154.523, "duration_ms": 273200, "time_signature": 3}, {"uri": "spotify:track:0rib9hiYy1NWL0w8BUYgmd", "name": "Sandusky", "artist": "Uncle Tupelo", "popularity": 55, "danceability": 0.525, "energy": 0.594, "key": 4, "loudness": -14.033, "mode": 0, "speechiness": 0.0907, "acousticness": 0.161, "instrumentalness": 0.949, "liveness": 0.0751, "valence": 0.0703, "tempo": 157.917, "duration_ms": 223640, "time_signature": 4}, {"uri": "spotify:track:3Jc6X15OZCCyhGSHBF4hwB", "name": "House Of Cards", "artist": "Radiohead", "popularity": 0, "danceability": 0.71, "energy": 0.496, "key": 5, "loudness": -9.638, "mode": 1, "speechiness": 0.0297, "acousticness": 0.278, "instrumentalness": 0.581, "liveness": 0.101, "valence": 0.637, "tempo": 111.662, "duration_ms": 328293, "time_signature": 4}, {"uri": "spotify:track:59w9KJpA4DKvTyuxmTGIIP", "name": "Speedway At Nazareth", "artist": "Mark Knopfler", "popularity": 49, "danceability": 0.61, "energy": 0.687, "key": 9, "loudness": -8.214, "mode": 0, "speechiness": 0.0362, "acousticness": 0.26, "instrumentalness": 0.118, "liveness": 0.135, "valence": 0.207, "tempo": 104.983, "duration_ms": 381040, "time_signature": 4}, {"uri": "spotify:track:4xqw8JSmfNdHLCuT23pHiv", "name": "Last Goodbye", "artist": "Jeff Buckley", "popularity": 0, "danceability": 0.492, "energy": 0.845, "key": 2, "loudness": -5.686, "mode": 1, "speechiness": 0.0442, "acousticness": 0.0297, "instrumentalness": 0.00121, "liveness": 0.209, "valence": 0.495, "tempo": 86.988, "duration_ms": 275493, "time_signature": 4}, {"uri": "spotify:track:0Hyr2jPRwOQF8pf13n8eB1", "name": "Since I Left You", "artist": "The Avalanches", "popularity": 0, "danceability": 0.518, "energy": 0.916, "key": 7, "loudness": -7.222, "mode": 1, "speechiness": 0.0798, "acousticness": 0.257, "instrumentalness": 0, "liveness": 0.84, "valence": 0.485, "tempo": 102.81, "duration_ms": 260067, "time_signature": 4}, {"uri": "spotify:track:7Dm3dV3WPNdTgxoNY7YFnc", "name": "The Chain - 2004 Remaster", "artist": "Fleetwood Mac", "popularity": 63, "danceability": 0.522, "energy": 0.755, "key": 9, "loudness": -6.95, "mode": 1, "speechiness": 0.0524, "acousticness": 0.0517, "instrumentalness": 6.63e-05, "liveness": 0.0781, "valence": 0.637, "tempo": 151.796, "duration_ms": 269813, "time_signature": 4}, {"uri": "spotify:track:3DyQ9jwmYEcEi49ovI4GxB", "name": "Mission Venice", "artist": "Nightmares On Wax", "popularity": 39, "danceability": 0.887, "energy": 0.571, "key": 9, "loudness": -9.491, "mode": 0, "speechiness": 0.0695, "acousticness": 0.00163, "instrumentalness": 0.879, "liveness": 0.0908, "valence": 0.965, "tempo": 125.948, "duration_ms": 170028, "time_signature": 4}, {"uri": "spotify:track:2OQ1V0e2O56AeIo4ywuYKF", "name": "People Everywhere (Still Alive)", "artist": "Khruangbin", "popularity": 65, "danceability": 0.551, "energy": 0.648, "key": 7, "loudness": -13.088, "mode": 1, "speechiness": 0.0627, "acousticness": 0.043, "instrumentalness": 0.655, "liveness": 0.41, "valence": 0.807, "tempo": 109.209, "duration_ms": 159013, "time_signature": 4}, {"uri": "spotify:track:0atOMgnZQ0bkSzDacwkKwB", "name": "Phase 09 - Sombrero", "artist": "Solar Fields", "popularity": 0, "danceability": 0.264, "energy": 0.335, "key": 7, "loudness": -15.879, "mode": 0, "speechiness": 0.0361, "acousticness": 0.0348, "instrumentalness": 0.819, "liveness": 0.17, "valence": 0.0347, "tempo": 89.195, "duration_ms": 343733, "time_signature": 4}, {"uri": "spotify:track:7Jh1bpe76CNTCgdgAdBw4Z", "name": "Heroes - 2017 Remaster", "artist": "David Bowie", "popularity": 78, "danceability": 0.49, "energy": 0.758, "key": 7, "loudness": -6.491, "mode": 1, "speechiness": 0.0297, "acousticness": 0.000671, "instrumentalness": 0.484, "liveness": 0.092, "valence": 0.435, "tempo": 112.114, "duration_ms": 371413, "time_signature": 4}, {"uri": "spotify:track:7pa5oEfyt0tCeMHjHuQrCA", "name": "Parce Mihi Domine", "artist": "Jan Garbarek", "popularity": 0, "danceability": 0.193, "energy": 0.0656, "key": 10, "loudness": -19.239, "mode": 1, "speechiness": 0.0471, "acousticness": 0.995, "instrumentalness": 0.829, "liveness": 0.119, "valence": 0.0359, "tempo": 128.975, "duration_ms": 402493, "time_signature": 3}, {"uri": "spotify:track:4QFO5fgejhz2tu8ZmlDjzw", "name": "Stolen Car", "artist": "Beth Orton", "popularity": 51, "danceability": 0.564, "energy": 0.714, "key": 9, "loudness": -8.282, "mode": 1, "speechiness": 0.0359, "acousticness": 0.19, "instrumentalness": 0, "liveness": 0.59, "valence": 0.446, "tempo": 106.869, "duration_ms": 325760, "time_signature": 4}, {"uri": "spotify:track:5PBP5VRLIf2XfLedZr1suU", "name": "Pipeline", "artist": "Bill Frisell", "popularity": 47, "danceability": 0.395, "energy": 0.691, "key": 9, "loudness": -11.898, "mode": 0, "speechiness": 0.0392, "acousticness": 0.385, "instrumentalness": 0.903, "liveness": 0.132, "valence": 0.0968, "tempo": 128.879, "duration_ms": 426173, "time_signature": 4}, {"uri": "spotify:track:1bwXRScnt3k6vSyVqcKyNj", "name": "Heaven Or Las Vegas", "artist": "Cocteau Twins", "popularity": 0, "danceability": 0.215, "energy": 0.801, "key": 7, "loudness": -5.46, "mode": 1, "speechiness": 0.0379, "acousticness": 8.84e-05, "instrumentalness": 0.00725, "liveness": 0.0808, "valence": 0.401, "tempo": 180.09, "duration_ms": 298400, "time_signature": 4}, {"uri": "spotify:track:2ZIaH69kaz55RM4Pjx6KXl", "name": "Two Thousand and Seventeen", "artist": "Four Tet", "popularity": 60, "danceability": 0.551, "energy": 0.469, "key": 2, "loudness": -8.393, "mode": 1, "speechiness": 0.0296, "acousticness": 0.327, "instrumentalness": 0.161, "liveness": 0.0939, "valence": 0.498, "tempo": 75.495, "duration_ms": 252256, "time_signature": 4}, {"uri": "spotify:track:4Lhaz66g1Bbff7a5QKfBuC", "name": "Moonlight In Vermont", "artist": "Willie Nelson", "popularity": 0, "danceability": 0.451, "energy": 0.101, "key": 2, "loudness": -19.653, "mode": 0, "speechiness": 0.0389, "acousticness": 0.792, "instrumentalness": 0.0586, "liveness": 0.0979, "valence": 0.111, "tempo": 124.601, "duration_ms": 204520, "time_signature": 4}, {"uri": "spotify:track:6ZWMGsb8F27asRgM6aAmH9", "name": "Sisters of Arequipa", "artist": "Nils Landgren Funk Unit", "popularity": 41, "danceability": 0.631, "energy": 0.567, "key": 2, "loudness": -13.891, "mode": 1, "speechiness": 0.0337, "acousticness": 0.832, "instrumentalness": 0.908, "liveness": 0.0628, "valence": 0.417, "tempo": 141.643, "duration_ms": 357173, "time_signature": 4}, {"uri": "spotify:track:6ggO9aFrV9RHWT0wyXX3f9", "name": "Drop", "artist": "Cornelius", "popularity": 0, "danceability": 0.812, "energy": 0.818, "key": 2, "loudness": -6.814, "mode": 1, "speechiness": 0.0512, "acousticness": 0.0298, "instrumentalness": 0.707, "liveness": 0.603, "valence": 0.965, "tempo": 119.972, "duration_ms": 308387, "time_signature": 4}, {"uri": "spotify:track:5eCdoaEz2mwttV4fexFJdi", "name": "Inner City Blues (Make Me Wanna Holler)", "artist": "Marvin Gaye", "popularity": 0, "danceability": 0.643, "energy": 0.46, "key": 1, "loudness": -13.809, "mode": 1, "speechiness": 0.0316, "acousticness": 0.785, "instrumentalness": 0.132, "liveness": 0.354, "valence": 0.653, "tempo": 94.171, "duration_ms": 338560, "time_signature": 4}, {"uri": "spotify:track:1UNbomPtEUsAAT7hIgV989", "name": "Bad Man's Song", "artist": "Tears For Fears", "popularity": 0, "danceability": 0.591, "energy": 0.79, "key": 0, "loudness": -6.793, "mode": 1, "speechiness": 0.0531, "acousticness": 0.0221, "instrumentalness": 0.00139, "liveness": 0.181, "valence": 0.557, "tempo": 141.98, "duration_ms": 512827, "time_signature": 4}, {"uri": "spotify:track:6AUXOp3K1CSLI21eFVrMTR", "name": "Headshots", "artist": "Suzanne Vega", "popularity": 0, "danceability": 0.641, "energy": 0.407, "key": 0, "loudness": -11.983, "mode": 1, "speechiness": 0.0312, "acousticness": 0.101, "instrumentalness": 0.674, "liveness": 0.0966, "valence": 0.581, "tempo": 93.692, "duration_ms": 188667, "time_signature": 4}, {"uri": "spotify:track:5WkPT3FGqyfWKh7lcqzlXD", "name": "Feel Like Going Home", "artist": "Muddy Waters", "popularity": 0, "danceability": 0.567, "energy": 0.0793, "key": 7, "loudness": -21.31, "mode": 0, "speechiness": 0.0828, "acousticness": 0.815, "instrumentalness": 0.0271, "liveness": 0.0695, "valence": 0.167, "tempo": 99.193, "duration_ms": 237973, "time_signature": 4}, {"uri": "spotify:track:78xp7CjJ3Uqxa44QAMdBWJ", "name": "True To Life", "artist": "Roxy Music", "popularity": 50, "danceability": 0.703, "energy": 0.682, "key": 0, "loudness": -8.363, "mode": 1, "speechiness": 0.0356, "acousticness": 0.869, "instrumentalness": 0.435, "liveness": 0.0848, "valence": 0.662, "tempo": 82.245, "duration_ms": 265293, "time_signature": 4}, {"uri": "spotify:track:3arVrdpOPMgLZOztBr2jM6", "name": "Morning", "artist": "Beck", "popularity": 0, "danceability": 0.55, "energy": 0.368, "key": 4, "loudness": -9.899, "mode": 1, "speechiness": 0.0253, "acousticness": 0.443, "instrumentalness": 0.0814, "liveness": 0.126, "valence": 0.247, "tempo": 113.58, "duration_ms": 319787, "time_signature": 4}, {"uri": "spotify:track:3ZmX7foJl1QpSEsx1CJQK6", "name": "My Heart, My Life", "artist": "Nusrat Fateh Ali Khan", "popularity": 0, "danceability": 0.711, "energy": 0.574, "key": 4, "loudness": -15.14, "mode": 0, "speechiness": 0.0691, "acousticness": 0.686, "instrumentalness": 0.845, "liveness": 0.0761, "valence": 0.195, "tempo": 105.832, "duration_ms": 331293, "time_signature": 4}, {"uri": "spotify:track:56A2b7HaPMzTsIOicdnet1", "name": "Jumbo", "artist": "Underworld", "popularity": 0, "danceability": 0.64, "energy": 0.575, "key": 5, "loudness": -11.002, "mode": 0, "speechiness": 0.0386, "acousticness": 0.216, "instrumentalness": 0.802, "liveness": 0.127, "valence": 0.849, "tempo": 140.016, "duration_ms": 417693, "time_signature": 4}, {"uri": "spotify:track:6i0mXs6UJCtbC4o55uKUDP", "name": "Rattlesnakes", "artist": "Emancipator", "popularity": 0, "danceability": 0.721, "energy": 0.338, "key": 0, "loudness": -13.762, "mode": 1, "speechiness": 0.0358, "acousticness": 0.251, "instrumentalness": 0.665, "liveness": 0.202, "valence": 0.305, "tempo": 100.003, "duration_ms": 250120, "time_signature": 4}, {"uri": "spotify:track:1hVXZoSAkZ3P5Lp6fKOcgx", "name": "Take Five", "artist": "The Dave Brubeck Quartet", "popularity": 49, "danceability": 0.447, "energy": 0.189, "key": 10, "loudness": -17.987, "mode": 0, "speechiness": 0.0396, "acousticness": 0.5, "instrumentalness": 0.000742, "liveness": 0.0524, "valence": 0.653, "tempo": 173.591, "duration_ms": 324680, "time_signature": 5}, {"uri": "spotify:track:0iTpQYzJnYgh7kIxyq8A2O", "name": "Two Weeks", "artist": "Grizzly Bear", "popularity": 74, "danceability": 0.537, "energy": 0.712, "key": 5, "loudness": -5.597, "mode": 1, "speechiness": 0.0286, "acousticness": 0.289, "instrumentalness": 0.00568, "liveness": 0.08, "valence": 0.704, "tempo": 159.871, "duration_ms": 243160, "time_signature": 4}, {"uri": "spotify:track:6bnmRsdxYacqLSlS36EJT6", "name": "Rich Woman", "artist": "Robert Plant", "popularity": 47, "danceability": 0.733, "energy": 0.518, "key": 10, "loudness": -9.889, "mode": 0, "speechiness": 0.0496, "acousticness": 0.181, "instrumentalness": 0.763, "liveness": 0.205, "valence": 0.652, "tempo": 127.646, "duration_ms": 243480, "time_signature": 4}, {"uri": "spotify:track:2XQSgmtEY2titXhfY414dy", "name": "Roygbiv", "artist": "Boards of Canada", "popularity": 59, "danceability": 0.631, "energy": 0.521, "key": 4, "loudness": -10.312, "mode": 0, "speechiness": 0.063, "acousticness": 0.0201, "instrumentalness": 0.923, "liveness": 0.103, "valence": 0.118, "tempo": 84.033, "duration_ms": 151520, "time_signature": 4}, {"uri": "spotify:track:6rqONVHOT73QecUdJ5HVHy", "name": "Paper Trails", "artist": "DARKSIDE", "popularity": 0, "danceability": 0.948, "energy": 0.419, "key": 8, "loudness": -13.043, "mode": 0, "speechiness": 0.058, "acousticness": 0.779, "instrumentalness": 0.916, "liveness": 0.121, "valence": 0.363, "tempo": 113.235, "duration_ms": 289841, "time_signature": 4}, {"uri": "spotify:track:0j5FJJOmmnXPd0XajFWkMF", "name": "Unfinished Sympathy - 2012 Mix/Master", "artist": "Massive Attack", "popularity": 65, "danceability": 0.592, "energy": 0.835, "key": 7, "loudness": -8.475, "mode": 1, "speechiness": 0.032, "acousticness": 0.0393, "instrumentalness": 0.209, "liveness": 0.665, "valence": 0.703, "tempo": 114.436, "duration_ms": 308427, "time_signature": 4}, {"uri": "spotify:track:2Zw3HNjaNV42LnQ2uY5JQs", "name": "Myth", "artist": "Beach House", "popularity": 59, "danceability": 0.445, "energy": 0.704, "key": 3, "loudness": -6.257, "mode": 1, "speechiness": 0.0292, "acousticness": 0.0336, "instrumentalness": 0.116, "liveness": 0.0828, "valence": 0.409, "tempo": 141.954, "duration_ms": 258653, "time_signature": 4}, {"uri": "spotify:track:5fDeirUvoCinFtb9zXljzR", "name": "Leave", "artist": "R.E.M.", "popularity": 0, "danceability": 0.408, "energy": 0.827, "key": 10, "loudness": -5.823, "mode": 0, "speechiness": 0.0386, "acousticness": 0.109, "instrumentalness": 0.000803, "liveness": 0.121, "valence": 0.25, "tempo": 93.96, "duration_ms": 437907, "time_signature": 4}, {"uri": "spotify:track:4HMoVn60Sax5ibuBKWQBi5", "name": "Canto At Gabelmeister's Peak", "artist": "Alexandre Desplat", "popularity": 0, "danceability": 0.41, "energy": 0.313, "key": 10, "loudness": -16.278, "mode": 0, "speechiness": 0.045, "acousticness": 0.547, "instrumentalness": 0.796, "liveness": 0.121, "valence": 0.0771, "tempo": 119.914, "duration_ms": 335027, "time_signature": 4}, {"uri": "spotify:track:7CYS0EXrTmjxeMqy793gLL", "name": "Keep On Trippin\u2019", "artist": "Manu Katch\u00e9", "popularity": 0, "danceability": 0.592, "energy": 0.286, "key": 1, "loudness": -13.945, "mode": 1, "speechiness": 0.0303, "acousticness": 0.649, "instrumentalness": 0.398, "liveness": 0.114, "valence": 0.493, "tempo": 106.731, "duration_ms": 334107, "time_signature": 4}, {"uri": "spotify:track:71GvlH0VdeClloLIkHrAVu", "name": "Diamonds on the Soles of Her Shoes", "artist": "Paul Simon", "popularity": 64, "danceability": 0.791, "energy": 0.677, "key": 5, "loudness": -9.724, "mode": 1, "speechiness": 0.0356, "acousticness": 0.776, "instrumentalness": 0.00121, "liveness": 0.224, "valence": 0.876, "tempo": 110.64, "duration_ms": 349280, "time_signature": 4}, {"uri": "spotify:track:7KRQoq9GeWeCm0ZAXg5XMb", "name": "Ageispolis", "artist": "Aphex Twin", "popularity": 58, "danceability": 0.645, "energy": 0.393, "key": 6, "loudness": -17.543, "mode": 0, "speechiness": 0.043, "acousticness": 0.00903, "instrumentalness": 0.89, "liveness": 0.364, "valence": 0.441, "tempo": 101.757, "duration_ms": 323187, "time_signature": 4}, {"uri": "spotify:track:2wEHxTBxLJk3vYzyW6dsAU", "name": "Glory Box - Live", "artist": "Portishead", "popularity": 48, "danceability": 0.43, "energy": 0.705, "key": 3, "loudness": -5.409, "mode": 0, "speechiness": 0.0339, "acousticness": 0.149, "instrumentalness": 5.08e-05, "liveness": 0.838, "valence": 0.182, "tempo": 118.781, "duration_ms": 337200, "time_signature": 4}, {"uri": "spotify:track:2MYPFXScWdR3PQihBQxu7x", "name": "Bubbles", "artist": "Yosi Horikawa", "popularity": 48, "danceability": 0.855, "energy": 0.66, "key": 9, "loudness": -11.632, "mode": 0, "speechiness": 0.137, "acousticness": 0.653, "instrumentalness": 0.699, "liveness": 0.0676, "valence": 0.924, "tempo": 123.036, "duration_ms": 347250, "time_signature": 3}, {"uri": "spotify:track:1s5AUFJf1UseEDvmN9JbZ5", "name": "Jeenge", "artist": "Infected Mushroom", "popularity": 39, "danceability": 0.703, "energy": 0.896, "key": 5, "loudness": -10.257, "mode": 0, "speechiness": 0.0646, "acousticness": 0.0644, "instrumentalness": 0.815, "liveness": 0.0929, "valence": 0.437, "tempo": 99.996, "duration_ms": 422680, "time_signature": 4}, {"uri": "spotify:track:2xRhqmaK7i0TDHnRZZb6DZ", "name": "Steppin' Razor", "artist": "Sublime", "popularity": 0, "danceability": 0.839, "energy": 0.371, "key": 4, "loudness": -11.092, "mode": 0, "speechiness": 0.0411, "acousticness": 0.00515, "instrumentalness": 0.834, "liveness": 0.0923, "valence": 0.457, "tempo": 125.023, "duration_ms": 144773, "time_signature": 4}, {"uri": "spotify:track:1RpkMoOomu5989qM3Ir23A", "name": "Bye Bye Blackbird", "artist": "Ron Carter", "popularity": 0, "danceability": 0.541, "energy": 0.238, "key": 5, "loudness": -18.584, "mode": 0, "speechiness": 0.0358, "acousticness": 0.547, "instrumentalness": 0.785, "liveness": 0.0935, "valence": 0.32, "tempo": 139.541, "duration_ms": 328480, "time_signature": 4}, {"uri": "spotify:track:2FDSwTY9PHc5dS8jWzXUq0", "name": "Suda", "artist": "Chon", "popularity": 44, "danceability": 0.479, "energy": 0.947, "key": 8, "loudness": -6.648, "mode": 0, "speechiness": 0.0346, "acousticness": 0.00287, "instrumentalness": 0.859, "liveness": 0.154, "valence": 0.48, "tempo": 93.976, "duration_ms": 182751, "time_signature": 4}, {"uri": "spotify:track:4MDoZDT7ITpD4OasGRs4GV", "name": "Metronomic Underground - LP- Wagon Christ Mix", "artist": "Stereolab", "popularity": 0, "danceability": 0.377, "energy": 0.738, "key": 0, "loudness": -8.53, "mode": 0, "speechiness": 0.0418, "acousticness": 0.00259, "instrumentalness": 0.614, "liveness": 0.127, "valence": 0.963, "tempo": 178.04, "duration_ms": 474507, "time_signature": 4}, {"uri": "spotify:track:0SiXUBgqtFRk8rGKd0z3LH", "name": "Little Fluffy Clouds - 7\" Edit", "artist": "The Orb", "popularity": 46, "danceability": 0.679, "energy": 0.83, "key": 6, "loudness": -8.666, "mode": 0, "speechiness": 0.0397, "acousticness": 0.00464, "instrumentalness": 0.309, "liveness": 0.127, "valence": 0.535, "tempo": 104.999, "duration_ms": 249311, "time_signature": 4}, {"uri": "spotify:track:7zto61V8ySp03Qi6X1LU2X", "name": "Tin Pan Alley (AKA Roughest Place in Town)", "artist": "Stevie Ray Vaughan", "popularity": 56, "danceability": 0.576, "energy": 0.0968, "key": 6, "loudness": -19.439, "mode": 0, "speechiness": 0.036, "acousticness": 0.546, "instrumentalness": 0.286, "liveness": 0.226, "valence": 0.168, "tempo": 113.232, "duration_ms": 551787, "time_signature": 3}, {"uri": "spotify:track:4Y4Gd3ty8uut6Qw43c7yJc", "name": "(Sittin' On) the Dock of the Bay", "artist": "Otis Redding", "popularity": 65, "danceability": 0.484, "energy": 0.312, "key": 2, "loudness": -13.522, "mode": 1, "speechiness": 0.0535, "acousticness": 0.724, "instrumentalness": 1.65e-06, "liveness": 0.0601, "valence": 0.598, "tempo": 205.981, "duration_ms": 166827, "time_signature": 4}, {"uri": "spotify:track:3YJyRIunGnzVfxoMPEld1v", "name": "Leave Them All Behind", "artist": "Ride", "popularity": 36, "danceability": 0.282, "energy": 0.846, "key": 4, "loudness": -4.641, "mode": 1, "speechiness": 0.0728, "acousticness": 8.29e-05, "instrumentalness": 0.482, "liveness": 0.521, "valence": 0.174, "tempo": 184.617, "duration_ms": 497467, "time_signature": 4}, {"uri": "spotify:track:6DnKPMbm4KnBP16v7xde4J", "name": "Solsbury Hill - 2002 Remaster", "artist": "Peter Gabriel", "popularity": 46, "danceability": 0.477, "energy": 0.65, "key": 11, "loudness": -7.904, "mode": 1, "speechiness": 0.0529, "acousticness": 0.35, "instrumentalness": 0.000239, "liveness": 0.104, "valence": 0.465, "tempo": 204.947, "duration_ms": 263561, "time_signature": 3}, {"uri": "spotify:track:3jIzAeh7fhe70umAJrY3Fk", "name": "Hyper-ballad", "artist": "Bj\u00f6rk", "popularity": 55, "danceability": 0.528, "energy": 0.439, "key": 5, "loudness": -13.036, "mode": 0, "speechiness": 0.033, "acousticness": 0.0254, "instrumentalness": 0.0015, "liveness": 0.378, "valence": 0.0361, "tempo": 134.964, "duration_ms": 321533, "time_signature": 4}, {"uri": "spotify:track:59MIFI11sIERgUg3k1g84v", "name": "Nightclubbing - 2014 Remaster", "artist": "Grace Jones", "popularity": 0, "danceability": 0.801, "energy": 0.527, "key": 2, "loudness": -9.43, "mode": 1, "speechiness": 0.0528, "acousticness": 0.0383, "instrumentalness": 0.00537, "liveness": 0.345, "valence": 0.44, "tempo": 77.536, "duration_ms": 307360, "time_signature": 4}, {"uri": "spotify:track:1gB7qtssuV9OCnlUnqhoYh", "name": "Beata viscera (monophonic conductus)", "artist": "P\u00e9rotin", "popularity": 46, "danceability": 0.263, "energy": 0.0733, "key": 1, "loudness": -24.833, "mode": 0, "speechiness": 0.0438, "acousticness": 0.993, "instrumentalness": 0.123, "liveness": 0.285, "valence": 0.0349, "tempo": 103.947, "duration_ms": 374000, "time_signature": 4}, {"uri": "spotify:track:7qQ0kz6o0LQOLK3m0xKzYp", "name": "Snowden's Jig (Genuine Negro Jig)", "artist": "Carolina Chocolate Drops", "popularity": 45, "danceability": 0.533, "energy": 0.409, "key": 7, "loudness": -9.209, "mode": 1, "speechiness": 0.0336, "acousticness": 0.775, "instrumentalness": 0.469, "liveness": 0.0573, "valence": 0.76, "tempo": 109.435, "duration_ms": 232867, "time_signature": 4}, {"uri": "spotify:track:5P9kSXsPkzbMP2D5UnjAfZ", "name": "Kodokunohatsumei", "artist": "toe", "popularity": 0, "danceability": 0.539, "energy": 0.702, "key": 10, "loudness": -9.198, "mode": 1, "speechiness": 0.0283, "acousticness": 0.0342, "instrumentalness": 0.803, "liveness": 0.185, "valence": 0.461, "tempo": 121.95, "duration_ms": 203507, "time_signature": 4}, {"uri": "spotify:track:5eM6Rrk8rwLpUhrh7Kk5R1", "name": "California", "artist": "Joni Mitchell", "popularity": 65, "danceability": 0.464, "energy": 0.328, "key": 4, "loudness": -9.005, "mode": 1, "speechiness": 0.0407, "acousticness": 0.905, "instrumentalness": 0, "liveness": 0.135, "valence": 0.784, "tempo": 70.859, "duration_ms": 230227, "time_signature": 3}, {"uri": "spotify:track:3w1x8BZ8zkDqt5pt3IWuEx", "name": "Into The Void", "artist": "Nine Inch Nails", "popularity": 0, "danceability": 0.712, "energy": 0.796, "key": 8, "loudness": -5.926, "mode": 1, "speechiness": 0.0435, "acousticness": 0.145, "instrumentalness": 0.0475, "liveness": 0.076, "valence": 0.361, "tempo": 93.046, "duration_ms": 289307, "time_signature": 4}, {"uri": "spotify:track:683b4ikwa62JevCjwrmfg6", "name": "Moondance - 2013 Remaster", "artist": "Van Morrison", "popularity": 69, "danceability": 0.606, "energy": 0.282, "key": 9, "loudness": -12.207, "mode": 0, "speechiness": 0.0339, "acousticness": 0.501, "instrumentalness": 8.3e-06, "liveness": 0.152, "valence": 0.563, "tempo": 67.409, "duration_ms": 274040, "time_signature": 4}, {"uri": "spotify:track:1vgSaC0BPlL6LEm4Xsx59J", "name": "An Ending (Ascent) - Remastered 2005", "artist": "Brian Eno", "popularity": 61, "danceability": 0.257, "energy": 0.0906, "key": 8, "loudness": -25.381, "mode": 1, "speechiness": 0.07, "acousticness": 0.932, "instrumentalness": 0.985, "liveness": 0.0786, "valence": 0.0451, "tempo": 67.46, "duration_ms": 266200, "time_signature": 3}, {"uri": "spotify:track:4zpjj9VD3QSd3FujYgMpnj", "name": "Vivaldi: The New Four Seasons: Summer: 6 Destiny", "artist": "Nigel Kennedy", "popularity": 40, "danceability": 0.296, "energy": 0.309, "key": 0, "loudness": -8.85, "mode": 0, "speechiness": 0.0438, "acousticness": 0.605, "instrumentalness": 0.239, "liveness": 0.0597, "valence": 0.16, "tempo": 139.901, "duration_ms": 317933, "time_signature": 4}, {"uri": "spotify:track:1s7bdeKIq8YiQDxxSkaQMU", "name": "Don's Kora Song", "artist": "Bobo Stenson", "popularity": 0, "danceability": 0.444, "energy": 0.275, "key": 3, "loudness": -22.032, "mode": 0, "speechiness": 0.0416, "acousticness": 0.743, "instrumentalness": 0.906, "liveness": 0.116, "valence": 0.751, "tempo": 140.649, "duration_ms": 308440, "time_signature": 4}, {"uri": "spotify:track:5uTjNzGKCQ50synrf9dWmT", "name": "Ritual Union", "artist": "Little Dragon", "popularity": 62, "danceability": 0.7, "energy": 0.738, "key": 1, "loudness": -4.398, "mode": 1, "speechiness": 0.0324, "acousticness": 0.0381, "instrumentalness": 0.00527, "liveness": 0.22, "valence": 0.796, "tempo": 144.035, "duration_ms": 210267, "time_signature": 4}, {"uri": "spotify:track:6IRkoSxV526waQU14HQ3cE", "name": "First We Take Manhattan - Digitally Remastered", "artist": "Jennifer Warnes", "popularity": 51, "danceability": 0.756, "energy": 0.647, "key": 7, "loudness": -9.219, "mode": 0, "speechiness": 0.0428, "acousticness": 0.111, "instrumentalness": 0.00491, "liveness": 0.077, "valence": 0.827, "tempo": 130.319, "duration_ms": 226947, "time_signature": 4}, {"uri": "spotify:track:3BEZCNZSmVv30vsMNSOCri", "name": "Layla - Acoustic; Live at MTV Unplugged, Bray Film Studios, Windsor, England, UK, 1/16/1992; 2013 Remaster", "artist": "Eric Clapton", "popularity": 72, "danceability": 0.558, "energy": 0.524, "key": 2, "loudness": -11.626, "mode": 0, "speechiness": 0.0459, "acousticness": 0.321, "instrumentalness": 0.000952, "liveness": 0.94, "valence": 0.636, "tempo": 93.654, "duration_ms": 289027, "time_signature": 4}, {"uri": "spotify:track:4TlKmJuuSPy1pGRohaJHvV", "name": "Hunter", "artist": "Bj\u00f6rk", "popularity": 0, "danceability": 0.18, "energy": 0.649, "key": 8, "loudness": -10.997, "mode": 1, "speechiness": 0.14, "acousticness": 0.144, "instrumentalness": 0.115, "liveness": 0.109, "valence": 0.173, "tempo": 79.962, "duration_ms": 253427, "time_signature": 4}, {"uri": "spotify:track:23W5DHu31ZLW9q0p2wQxfN", "name": "Time - 2011 Remastered Version", "artist": "Pink Floyd", "popularity": 0, "danceability": 0.358, "energy": 0.48, "key": 9, "loudness": -11.79, "mode": 1, "speechiness": 0.0849, "acousticness": 0.521, "instrumentalness": 0.00428, "liveness": 0.178, "valence": 0.356, "tempo": 120.317, "duration_ms": 413947, "time_signature": 4}, {"uri": "spotify:track:5IZ9bSLdTQlh3bFevTcnnl", "name": "Diamonds And Pearls", "artist": "Marcin Wasilewski Trio", "popularity": 0, "danceability": 0.295, "energy": 0.103, "key": 7, "loudness": -21.58, "mode": 1, "speechiness": 0.0412, "acousticness": 0.925, "instrumentalness": 0.887, "liveness": 0.0901, "valence": 0.112, "tempo": 78.404, "duration_ms": 345707, "time_signature": 4}, {"uri": "spotify:track:1RXnyc0zTy3aDeUxmixsev", "name": "Default", "artist": "Atoms For Peace", "popularity": 0, "danceability": 0.793, "energy": 0.855, "key": 1, "loudness": -4.863, "mode": 0, "speechiness": 0.0859, "acousticness": 0.0546, "instrumentalness": 0.819, "liveness": 0.094, "valence": 0.697, "tempo": 159.011, "duration_ms": 315666, "time_signature": 4}, {"uri": "spotify:track:3MOhipHFUkGpS0rV7cKrJO", "name": "Rosewood", "artist": "Bonobo", "popularity": 64, "danceability": 0.757, "energy": 0.637, "key": 10, "loudness": -9.451, "mode": 0, "speechiness": 0.0432, "acousticness": 0.0668, "instrumentalness": 0.485, "liveness": 0.191, "valence": 0.429, "tempo": 121.009, "duration_ms": 242773, "time_signature": 4}, {"uri": "spotify:track:64su665Jqvd4xRq2aMvAQi", "name": "Night School", "artist": "Frank Zappa", "popularity": 0, "danceability": 0.499, "energy": 0.712, "key": 7, "loudness": -11.977, "mode": 1, "speechiness": 0.0385, "acousticness": 0.00822, "instrumentalness": 0.0313, "liveness": 0.0782, "valence": 0.46, "tempo": 120.039, "duration_ms": 290587, "time_signature": 4}, {"uri": "spotify:track:6zK6tHtbYjmc8zesa7e8br", "name": "Original - Remastered", "artist": "Leftfield", "popularity": 50, "danceability": 0.61, "energy": 0.853, "key": 4, "loudness": -11.853, "mode": 0, "speechiness": 0.082, "acousticness": 0.00817, "instrumentalness": 0.0524, "liveness": 0.0931, "valence": 0.669, "tempo": 171.983, "duration_ms": 382360, "time_signature": 4}, {"uri": "spotify:track:3msWK56ijUMwZSOiaCL08N", "name": "Black Books - Live", "artist": "Nils Lofgren", "popularity": 42, "danceability": 0.434, "energy": 0.399, "key": 2, "loudness": -13.915, "mode": 1, "speechiness": 0.0631, "acousticness": 0.955, "instrumentalness": 0.0176, "liveness": 0.442, "valence": 0.332, "tempo": 137.927, "duration_ms": 346387, "time_signature": 4}, {"uri": "spotify:track:4j6J4FK0fbAAnsUmKJFSTs", "name": "Clap Hands", "artist": "Tom Waits", "popularity": 0, "danceability": 0.784, "energy": 0.401, "key": 7, "loudness": -15.166, "mode": 1, "speechiness": 0.0407, "acousticness": 0.6, "instrumentalness": 0.0929, "liveness": 0.0935, "valence": 0.795, "tempo": 142.794, "duration_ms": 226667, "time_signature": 4}, {"uri": "spotify:track:7CH99b2i1TXS5P8UUyWtnM", "name": "Them Changes", "artist": "Thundercat", "popularity": 73, "danceability": 0.657, "energy": 0.562, "key": 8, "loudness": -8.6, "mode": 1, "speechiness": 0.0601, "acousticness": 0.54, "instrumentalness": 0.00143, "liveness": 0.101, "valence": 0.704, "tempo": 81.657, "duration_ms": 188454, "time_signature": 4}, {"uri": "spotify:track:11EAxyNeRvUaZfomU8UUhz", "name": "Another Space Song", "artist": "Failure", "popularity": 0, "danceability": 0.51, "energy": 0.705, "key": 1, "loudness": -7.861, "mode": 1, "speechiness": 0.0254, "acousticness": 0.000249, "instrumentalness": 0.597, "liveness": 0.064, "valence": 0.192, "tempo": 84.308, "duration_ms": 310333, "time_signature": 4}, {"uri": "spotify:track:1DfOxEiYPhQlN2D1arscnN", "name": "No Excuses - Live at the Majestic Theatre, Brooklyn, NY - April 1996", "artist": "Alice In Chains", "popularity": 53, "danceability": 0.601, "energy": 0.77, "key": 3, "loudness": -7.447, "mode": 1, "speechiness": 0.0415, "acousticness": 0.146, "instrumentalness": 0.00195, "liveness": 0.802, "valence": 0.723, "tempo": 121.067, "duration_ms": 297427, "time_signature": 4}, {"uri": "spotify:track:29ML65w35iyQry14KXbBiF", "name": "Love's In Need Of Love Today", "artist": "Stevie Wonder", "popularity": 0, "danceability": 0.638, "energy": 0.353, "key": 5, "loudness": -14.28, "mode": 0, "speechiness": 0.0285, "acousticness": 0.694, "instrumentalness": 1.5e-06, "liveness": 0.138, "valence": 0.428, "tempo": 98.697, "duration_ms": 425827, "time_signature": 4}, {"uri": "spotify:track:4JwBDp0psRP2pbmNVjPc8E", "name": "North Dakota", "artist": "Lyle Lovett", "popularity": 44, "danceability": 0.526, "energy": 0.0326, "key": 9, "loudness": -23.88, "mode": 1, "speechiness": 0.0479, "acousticness": 0.882, "instrumentalness": 0.0129, "liveness": 0.0421, "valence": 0.11, "tempo": 127.674, "duration_ms": 342573, "time_signature": 4}, {"uri": "spotify:track:6bzwsAtj4TqaBysLDrGiO3", "name": "I.G.Y.", "artist": "Donald Fagen", "popularity": 59, "danceability": 0.834, "energy": 0.559, "key": 8, "loudness": -9.366, "mode": 0, "speechiness": 0.0603, "acousticness": 0.614, "instrumentalness": 0.00434, "liveness": 0.0839, "valence": 0.874, "tempo": 119.422, "duration_ms": 363413, "time_signature": 4}, {"uri": "spotify:track:20QLmcD7Gc5AXuvN3jLr9u", "name": "Barbados", "artist": "Arne Domn\u00e9rus", "popularity": 39, "danceability": 0.592, "energy": 0.332, "key": 5, "loudness": -15.609, "mode": 1, "speechiness": 0.0606, "acousticness": 0.732, "instrumentalness": 0.66, "liveness": 0.717, "valence": 0.621, "tempo": 95.07, "duration_ms": 497560, "time_signature": 4}, {"uri": "spotify:track:54eZmuggBFJbV7k248bTTt", "name": "A Horse with No Name", "artist": "America", "popularity": 78, "danceability": 0.654, "energy": 0.506, "key": 11, "loudness": -17.18, "mode": 0, "speechiness": 0.0535, "acousticness": 0.686, "instrumentalness": 0.0155, "liveness": 0.155, "valence": 0.831, "tempo": 123.179, "duration_ms": 252240, "time_signature": 4}, {"uri": "spotify:track:6g9uN89pIVbpvE6m9C3PQ3", "name": "Nobody Knows the Trouble I've Seen", "artist": "Sam Cooke", "popularity": 44, "danceability": 0.567, "energy": 0.429, "key": 7, "loudness": -7.428, "mode": 1, "speechiness": 0.0319, "acousticness": 0.727, "instrumentalness": 0, "liveness": 0.105, "valence": 0.385, "tempo": 125.43, "duration_ms": 205227, "time_signature": 4}, {"uri": "spotify:track:5CicMFoUuRjomDH0yjq7eN", "name": "Kattorna", "artist": "Tomasz Stanko Quartet", "popularity": 0, "danceability": 0.457, "energy": 0.21, "key": 7, "loudness": -17.079, "mode": 1, "speechiness": 0.0344, "acousticness": 0.902, "instrumentalness": 0.895, "liveness": 0.0956, "valence": 0.21, "tempo": 99.039, "duration_ms": 389680, "time_signature": 4}, {"uri": "spotify:track:0h8pmQEibj5GUdMoaqrJnF", "name": "So Far Away - Full Version", "artist": "Dire Straits", "popularity": 0, "danceability": 0.698, "energy": 0.473, "key": 4, "loudness": -11.741, "mode": 1, "speechiness": 0.0283, "acousticness": 0.244, "instrumentalness": 0.211, "liveness": 0.063, "valence": 0.694, "tempo": 114.453, "duration_ms": 308800, "time_signature": 4}, {"uri": "spotify:track:3lh3iiiJeiBXHSZw6u0kh6", "name": "Into the Mystic - 2013 Remaster", "artist": "Van Morrison", "popularity": 73, "danceability": 0.608, "energy": 0.524, "key": 8, "loudness": -10.266, "mode": 1, "speechiness": 0.0309, "acousticness": 0.367, "instrumentalness": 0.00254, "liveness": 0.115, "valence": 0.797, "tempo": 86.204, "duration_ms": 205613, "time_signature": 4}, {"uri": "spotify:track:0bd8pwa4ckVgfktLHx9AWw", "name": "Easy Money", "artist": "Rickie Lee Jones", "popularity": 42, "danceability": 0.778, "energy": 0.228, "key": 4, "loudness": -12.872, "mode": 0, "speechiness": 0.0816, "acousticness": 0.323, "instrumentalness": 0, "liveness": 0.0758, "valence": 0.335, "tempo": 103.136, "duration_ms": 199240, "time_signature": 4}, {"uri": "spotify:track:45v6WEuLFyiKfXsbqzmAru", "name": "Marble House", "artist": "The Knife", "popularity": 0, "danceability": 0.467, "energy": 0.637, "key": 0, "loudness": -8.652, "mode": 1, "speechiness": 0.0342, "acousticness": 0.00331, "instrumentalness": 0.000548, "liveness": 0.337, "valence": 0.232, "tempo": 179.559, "duration_ms": 318960, "time_signature": 4}, {"uri": "spotify:track:7DqTaelFf846rl1CHmyfOW", "name": "Chan Chan", "artist": "Buena Vista Social Club", "popularity": 0, "danceability": 0.506, "energy": 0.433, "key": 2, "loudness": -14.183, "mode": 0, "speechiness": 0.0345, "acousticness": 0.842, "instrumentalness": 0.0311, "liveness": 0.112, "valence": 0.641, "tempo": 83.222, "duration_ms": 257737, "time_signature": 4}, {"uri": "spotify:track:0nlZjTPzW6S9JIESuGfImT", "name": "Lowdown", "artist": "Boz Scaggs", "popularity": 66, "danceability": 0.662, "energy": 0.788, "key": 11, "loudness": -5.544, "mode": 0, "speechiness": 0.0635, "acousticness": 0.0812, "instrumentalness": 0.141, "liveness": 0.0351, "valence": 0.929, "tempo": 116.499, "duration_ms": 315640, "time_signature": 4}, {"uri": "spotify:track:0WPOxxoEVoglAvhqroDpQA", "name": "Where You Belong", "artist": "Little Dragon", "popularity": 60, "danceability": 0.737, "energy": 0.436, "key": 7, "loudness": -9.146, "mode": 1, "speechiness": 0.0555, "acousticness": 0.161, "instrumentalness": 0.106, "liveness": 0.16, "valence": 0.36, "tempo": 83.022, "duration_ms": 207038, "time_signature": 4}, {"uri": "spotify:track:7HrpPxCR5OYislYvUT4h79", "name": "Red Right Hand", "artist": "Nick Cave & The Bad Seeds", "popularity": 0, "danceability": 0.735, "energy": 0.403, "key": 4, "loudness": -11.599, "mode": 0, "speechiness": 0.037, "acousticness": 0.139, "instrumentalness": 0.473, "liveness": 0.107, "valence": 0.453, "tempo": 115.658, "duration_ms": 370573, "time_signature": 4}, {"uri": "spotify:track:4KT34MnZBuIgLKmzKr0e6V", "name": "Dacoit Duel", "artist": "A.R. Rahman", "popularity": 35, "danceability": 0.54, "energy": 0.591, "key": 8, "loudness": -13.944, "mode": 1, "speechiness": 0.197, "acousticness": 0.27, "instrumentalness": 0.85, "liveness": 0.138, "valence": 0.04, "tempo": 134.901, "duration_ms": 206533, "time_signature": 4}, {"uri": "spotify:track:0w0Zs8pu4wx9iErRMEG96L", "name": "Aja", "artist": "Steely Dan", "popularity": 49, "danceability": 0.533, "energy": 0.5, "key": 7, "loudness": -13.309, "mode": 1, "speechiness": 0.0318, "acousticness": 0.0305, "instrumentalness": 0.012, "liveness": 0.0497, "valence": 0.319, "tempo": 117.046, "duration_ms": 480467, "time_signature": 4}, {"uri": "spotify:track:05oETzWbd4SI33qK2gbJfR", "name": "Rhiannon", "artist": "Fleetwood Mac", "popularity": 72, "danceability": 0.723, "energy": 0.49, "key": 9, "loudness": -14.745, "mode": 0, "speechiness": 0.0296, "acousticness": 0.111, "instrumentalness": 0.0946, "liveness": 0.0923, "valence": 0.795, "tempo": 129.012, "duration_ms": 252773, "time_signature": 4}, {"uri": "spotify:track:3Ti0GdlrotgwsAVBBugv0I", "name": "Can I Kick It?", "artist": "A Tribe Called Quest", "popularity": 71, "danceability": 0.848, "energy": 0.666, "key": 0, "loudness": -6.547, "mode": 1, "speechiness": 0.274, "acousticness": 0.173, "instrumentalness": 0.000699, "liveness": 0.129, "valence": 0.744, "tempo": 96.662, "duration_ms": 251573, "time_signature": 4}, {"uri": "spotify:track:0h1wFiJEfkPsuJyPHL5j2H", "name": "Spirits In The Material World - Remastered 2003", "artist": "The Police", "popularity": 0, "danceability": 0.833, "energy": 0.663, "key": 9, "loudness": -7.859, "mode": 0, "speechiness": 0.058, "acousticness": 0.273, "instrumentalness": 0.016, "liveness": 0.0327, "valence": 0.859, "tempo": 141.551, "duration_ms": 179067, "time_signature": 4}, {"uri": "spotify:track:3ZoBbUvptSM9id6PC6BUXR", "name": "The Long Honeymoon", "artist": "Elvis Costello & The Attractions", "popularity": 0, "danceability": 0.649, "energy": 0.455, "key": 10, "loudness": -11.198, "mode": 1, "speechiness": 0.0339, "acousticness": 0.282, "instrumentalness": 8.7e-06, "liveness": 0.311, "valence": 0.453, "tempo": 118.351, "duration_ms": 255693, "time_signature": 4}, {"uri": "spotify:track:79Jl8KMvmnXedTjjW6pJan", "name": "Gosh", "artist": "Jamie xx", "popularity": 57, "danceability": 0.752, "energy": 0.459, "key": 10, "loudness": -12.285, "mode": 0, "speechiness": 0.0692, "acousticness": 0.017, "instrumentalness": 0.784, "liveness": 0.0918, "valence": 0.38, "tempo": 139.45, "duration_ms": 291019, "time_signature": 4}, {"uri": "spotify:track:54JfZxCEjNCwqicxTYsps1", "name": "Ophelia", "artist": "Natalie Merchant", "popularity": 50, "danceability": 0.479, "energy": 0.0694, "key": 1, "loudness": -18.899, "mode": 0, "speechiness": 0.0363, "acousticness": 0.498, "instrumentalness": 0.0806, "liveness": 0.136, "valence": 0.0329, "tempo": 113.606, "duration_ms": 310467, "time_signature": 4}, {"uri": "spotify:track:31TADh49q4s4jm6lGDeIrd", "name": "In My Secret Life", "artist": "Leonard Cohen", "popularity": 55, "danceability": 0.793, "energy": 0.261, "key": 5, "loudness": -13.882, "mode": 1, "speechiness": 0.0322, "acousticness": 0.409, "instrumentalness": 0.0025, "liveness": 0.0779, "valence": 0.464, "tempo": 82.016, "duration_ms": 293387, "time_signature": 4}, {"uri": "spotify:track:32Lg670koSWkUZQ4ExgMzD", "name": "Door of the Cosmos", "artist": "Sun Ra", "popularity": 0, "danceability": 0.607, "energy": 0.634, "key": 10, "loudness": -8.313, "mode": 1, "speechiness": 0.0963, "acousticness": 0.655, "instrumentalness": 0.651, "liveness": 0.109, "valence": 0.617, "tempo": 115.304, "duration_ms": 539720, "time_signature": 4}, {"uri": "spotify:track:612R6rJlv9N3wpljUpT8Ja", "name": "The System Only Dreams in Total Darkness", "artist": "The National", "popularity": 58, "danceability": 0.596, "energy": 0.912, "key": 0, "loudness": -6.74, "mode": 0, "speechiness": 0.211, "acousticness": 0.156, "instrumentalness": 0.794, "liveness": 0.584, "valence": 0.371, "tempo": 110.014, "duration_ms": 236747, "time_signature": 4}, {"uri": "spotify:track:3F7Z3u2gMiTFff8UoUSaFw", "name": "Big Sur Moon", "artist": "Buckethead", "popularity": 49, "danceability": 0.505, "energy": 0.782, "key": 6, "loudness": -14.951, "mode": 0, "speechiness": 0.042, "acousticness": 0.921, "instrumentalness": 0.93, "liveness": 0.0996, "valence": 0.723, "tempo": 159.764, "duration_ms": 73253, "time_signature": 4}, {"uri": "spotify:track:39lN1yTJ5gz5AGypvQcq5D", "name": "Short Ride in a Fast Machine", "artist": "John Adams", "popularity": 39, "danceability": 0.397, "energy": 0.59, "key": 4, "loudness": -14.264, "mode": 0, "speechiness": 0.12, "acousticness": 0.65, "instrumentalness": 0.747, "liveness": 0.323, "valence": 0.148, "tempo": 151.59, "duration_ms": 254400, "time_signature": 3}, {"uri": "spotify:track:25CbtOzU8Pn17SAaXFjIR3", "name": "Take The Power Back", "artist": "Rage Against The Machine", "popularity": 62, "danceability": 0.62, "energy": 0.912, "key": 1, "loudness": -4.011, "mode": 1, "speechiness": 0.221, "acousticness": 0.0728, "instrumentalness": 7.15e-05, "liveness": 0.249, "valence": 0.291, "tempo": 106.236, "duration_ms": 336440, "time_signature": 4}, {"uri": "spotify:track:1ON4DWnvnczxSGutEU1IbD", "name": "Testarossa - Original Mix", "artist": "Matt Lange", "popularity": 0, "danceability": 0.588, "energy": 0.763, "key": 11, "loudness": -12.056, "mode": 0, "speechiness": 0.0503, "acousticness": 0.00462, "instrumentalness": 0.88, "liveness": 0.196, "valence": 0.085, "tempo": 152.037, "duration_ms": 269063, "time_signature": 4}, {"uri": "spotify:track:6dC66ztLWiYp34KBd68E2b", "name": "I Need Somebody To Love Tonight", "artist": "Sylvester", "popularity": 45, "danceability": 0.73, "energy": 0.356, "key": 7, "loudness": -17.845, "mode": 1, "speechiness": 0.0749, "acousticness": 0.798, "instrumentalness": 0.895, "liveness": 0.0736, "valence": 0.865, "tempo": 104.903, "duration_ms": 411347, "time_signature": 4}, {"uri": "spotify:track:32mArz1WHM1MwRVOnHcge3", "name": "Oi-1", "artist": "Biosphere", "popularity": 40, "danceability": 0.763, "energy": 0.261, "key": 7, "loudness": -17.004, "mode": 1, "speechiness": 0.0337, "acousticness": 0.105, "instrumentalness": 0.723, "liveness": 0.155, "valence": 0.114, "tempo": 119.988, "duration_ms": 309587, "time_signature": 4}, {"uri": "spotify:track:36Ae28qcIcoV3940YBBSxX", "name": "Such Great Heights", "artist": "The Postal Service", "popularity": 0, "danceability": 0.649, "energy": 0.814, "key": 5, "loudness": -8.447, "mode": 1, "speechiness": 0.0469, "acousticness": 0.00918, "instrumentalness": 0.23, "liveness": 0.0672, "valence": 0.199, "tempo": 174.979, "duration_ms": 267467, "time_signature": 4}, {"uri": "spotify:track:7b7UOzPm1J4DnT0CZEaD7u", "name": "She Just Likes to Fight", "artist": "Four Tet", "popularity": 0, "danceability": 0.732, "energy": 0.504, "key": 2, "loudness": -11.647, "mode": 1, "speechiness": 0.0302, "acousticness": 0.788, "instrumentalness": 0.828, "liveness": 0.0996, "valence": 0.701, "tempo": 118.111, "duration_ms": 281304, "time_signature": 4}, {"uri": "spotify:track:1ciDeTaBbYEP3aBj2Eu5X4", "name": "Right Down The Line", "artist": "Bonnie Raitt", "popularity": 44, "danceability": 0.674, "energy": 0.643, "key": 5, "loudness": -6.819, "mode": 1, "speechiness": 0.0309, "acousticness": 0.26, "instrumentalness": 0.0017, "liveness": 0.143, "valence": 0.713, "tempo": 125.272, "duration_ms": 327760, "time_signature": 4}, {"uri": "spotify:track:4lxunSFYkcTdsbxwg2Vpzx", "name": "Music for Mallet Instruments, Voices and Organ", "artist": "Steve Reich", "popularity": 32, "danceability": 0.426, "energy": 0.283, "key": 1, "loudness": -18.619, "mode": 1, "speechiness": 0.0366, "acousticness": 0.967, "instrumentalness": 0.73, "liveness": 0.116, "valence": 0.286, "tempo": 136.144, "duration_ms": 1018773, "time_signature": 3}, {"uri": "spotify:track:5vmRQ3zELMLUQPo2FLQ76x", "name": "Smalltown Boy", "artist": "Bronski Beat", "popularity": 75, "danceability": 0.685, "energy": 0.584, "key": 5, "loudness": -10.616, "mode": 0, "speechiness": 0.0276, "acousticness": 0.288, "instrumentalness": 0.00918, "liveness": 0.124, "valence": 0.939, "tempo": 134.546, "duration_ms": 302413, "time_signature": 4}, {"uri": "spotify:track:5eRlpFCGyjhA1yCuveWvU4", "name": "Welcome To The Pleasuredome", "artist": "Frankie Goes To Hollywood", "popularity": 0, "danceability": 0.672, "energy": 0.621, "key": 11, "loudness": -11.896, "mode": 0, "speechiness": 0.0413, "acousticness": 0.122, "instrumentalness": 0.0145, "liveness": 0.46, "valence": 0.513, "tempo": 113.205, "duration_ms": 820747, "time_signature": 4}, {"uri": "spotify:track:3T6R0ppqCnUW6iJhtUYhO3", "name": "The Logical Song - Remastered 2010", "artist": "Supertramp", "popularity": 0, "danceability": 0.625, "energy": 0.758, "key": 5, "loudness": -6.213, "mode": 0, "speechiness": 0.0463, "acousticness": 0.512, "instrumentalness": 0.00022, "liveness": 0.153, "valence": 0.695, "tempo": 119.719, "duration_ms": 251253, "time_signature": 4}, {"uri": "spotify:track:1rAPOKdbcenPjBnDjqZu9Z", "name": "The Longships - 2009 Remaster", "artist": "Enya", "popularity": 52, "danceability": 0.385, "energy": 0.267, "key": 5, "loudness": -15.564, "mode": 1, "speechiness": 0.0284, "acousticness": 0.72, "instrumentalness": 0.913, "liveness": 0.106, "valence": 0.155, "tempo": 96.975, "duration_ms": 218867, "time_signature": 4}, {"uri": "spotify:track:5ihS6UUlyQAfmp48eSkxuQ", "name": "Landslide", "artist": "Fleetwood Mac", "popularity": 78, "danceability": 0.414, "energy": 0.161, "key": 7, "loudness": -22.32, "mode": 0, "speechiness": 0.0318, "acousticness": 0.883, "instrumentalness": 0.000223, "liveness": 0.117, "valence": 0.423, "tempo": 159.375, "duration_ms": 199493, "time_signature": 4}, {"uri": "spotify:track:03zv0Znm7bA7XzWMZ1lEKO", "name": "An Eagle In Your Mind", "artist": "Boards of Canada", "popularity": 47, "danceability": 0.825, "energy": 0.467, "key": 6, "loudness": -14.055, "mode": 1, "speechiness": 0.0753, "acousticness": 0.371, "instrumentalness": 0.845, "liveness": 0.0594, "valence": 0.249, "tempo": 96.012, "duration_ms": 385520, "time_signature": 4}, {"uri": "spotify:track:4FcBy6jwKgWOF9kZ34a7Aj", "name": "We Have A Map Of The Piano", "artist": "m\u00fam", "popularity": 0, "danceability": 0.677, "energy": 0.444, "key": 2, "loudness": -13.846, "mode": 1, "speechiness": 0.0324, "acousticness": 0.913, "instrumentalness": 0.921, "liveness": 0.0564, "valence": 0.181, "tempo": 124.002, "duration_ms": 319760, "time_signature": 4}, {"uri": "spotify:track:39GBFwBe4GGk7i3yr3F46P", "name": "3030", "artist": "Deltron 3030", "popularity": 52, "danceability": 0.495, "energy": 0.771, "key": 1, "loudness": -9.752, "mode": 1, "speechiness": 0.126, "acousticness": 0.502, "instrumentalness": 7.29e-05, "liveness": 0.143, "valence": 0.805, "tempo": 81.615, "duration_ms": 449480, "time_signature": 4}, {"uri": "spotify:track:3O34kfvxjR1hRGOdHbHCqu", "name": "Chain Reaction", "artist": "Cloud Cult", "popularity": 0, "danceability": 0.568, "energy": 0.428, "key": 0, "loudness": -10.305, "mode": 1, "speechiness": 0.0511, "acousticness": 0.369, "instrumentalness": 0.136, "liveness": 0.0981, "valence": 0.175, "tempo": 119.951, "duration_ms": 268840, "time_signature": 4}, {"uri": "spotify:track:0uGmhcJP4QQUIpaqKK6ESx", "name": "Crosshairs", "artist": "DANGERDOOM", "popularity": 0, "danceability": 0.428, "energy": 0.525, "key": 9, "loudness": -8.035, "mode": 0, "speechiness": 0.205, "acousticness": 0.14, "instrumentalness": 7.34e-05, "liveness": 0.602, "valence": 0.578, "tempo": 171.78, "duration_ms": 146853, "time_signature": 4}, {"uri": "spotify:track:18OhfSqbz9oDBlUORhLQDH", "name": "Mai Nozipo (\"Mother Nozipo\")", "artist": "Dumisani Maraire", "popularity": 34, "danceability": 0.493, "energy": 0.17, "key": 6, "loudness": -25.165, "mode": 0, "speechiness": 0.0557, "acousticness": 0.904, "instrumentalness": 0.101, "liveness": 0.179, "valence": 0.0396, "tempo": 124.563, "duration_ms": 419373, "time_signature": 4}, {"uri": "spotify:track:1MhYsB8SsmIGaIpys4zQkq", "name": "Into You", "artist": "Low", "popularity": 0, "danceability": 0.613, "energy": 0.4, "key": 0, "loudness": -11.792, "mode": 1, "speechiness": 0.0471, "acousticness": 0.741, "instrumentalness": 0.00313, "liveness": 0.375, "valence": 0.256, "tempo": 103.981, "duration_ms": 237756, "time_signature": 3}, {"uri": "spotify:track:0LtOwyZoSNZKJWHqjzADpW", "name": "Feels Like We Only Go Backwards", "artist": "Tame Impala", "popularity": 77, "danceability": 0.303, "energy": 0.9, "key": 2, "loudness": -2.352, "mode": 0, "speechiness": 0.0574, "acousticness": 0.0277, "instrumentalness": 0.635, "liveness": 0.11, "valence": 0.491, "tempo": 149.508, "duration_ms": 192960, "time_signature": 4}, {"uri": "spotify:track:1CHJtrKc555sk95KB27YAM", "name": "Square Feet", "artist": "Noisia", "popularity": 0, "danceability": 0.752, "energy": 0.439, "key": 1, "loudness": -6.444, "mode": 1, "speechiness": 0.192, "acousticness": 0.0451, "instrumentalness": 0.886, "liveness": 0.124, "valence": 0.111, "tempo": 85.975, "duration_ms": 208236, "time_signature": 4}, {"uri": "spotify:track:4cC4JI8HcS8ScLrnoYGno3", "name": "A Case Of You - Live", "artist": "Diana Krall", "popularity": 0, "danceability": 0.447, "energy": 0.0961, "key": 5, "loudness": -17.153, "mode": 1, "speechiness": 0.0555, "acousticness": 0.924, "instrumentalness": 0, "liveness": 0.693, "valence": 0.265, "tempo": 101.266, "duration_ms": 409840, "time_signature": 1}, {"uri": "spotify:track:0wCrg1LhgPcGMw51qqpI6k", "name": "Constant Craving", "artist": "k.d. lang", "popularity": 59, "danceability": 0.6, "energy": 0.77, "key": 5, "loudness": -5.559, "mode": 0, "speechiness": 0.0302, "acousticness": 0.0603, "instrumentalness": 4.79e-06, "liveness": 0.0967, "valence": 0.321, "tempo": 128.473, "duration_ms": 277240, "time_signature": 4}, {"uri": "spotify:track:5riz3aldYFYpWSsSRFZDw3", "name": "Six Underground - Nellee Hooper Mix", "artist": "Sneaker Pimps", "popularity": 34, "danceability": 0.586, "energy": 0.68, "key": 1, "loudness": -8.682, "mode": 0, "speechiness": 0.0504, "acousticness": 0.0289, "instrumentalness": 0.184, "liveness": 0.124, "valence": 0.421, "tempo": 169.937, "duration_ms": 234627, "time_signature": 4}, {"uri": "spotify:track:4ngPZO9WdE1oElwP0zC4Vx", "name": "Opera", "artist": "Daniel Lanois", "popularity": 31, "danceability": 0.363, "energy": 0.491, "key": 1, "loudness": -19.776, "mode": 1, "speechiness": 0.044, "acousticness": 0.259, "instrumentalness": 0.911, "liveness": 0.111, "valence": 0.0502, "tempo": 195.63, "duration_ms": 189413, "time_signature": 4}, {"uri": "spotify:track:57Zm7XTk4f5A9I7f4N28Rv", "name": "Slave Song", "artist": "Sade", "popularity": 0, "danceability": 0.848, "energy": 0.391, "key": 9, "loudness": -9.557, "mode": 0, "speechiness": 0.049, "acousticness": 0.0753, "instrumentalness": 0.000533, "liveness": 0.0729, "valence": 0.684, "tempo": 118.005, "duration_ms": 252467, "time_signature": 4}, {"uri": "spotify:track:0rbYBScEUBlzLA0ar1rTfB", "name": "Frozen", "artist": "Keeno", "popularity": 33, "danceability": 0.563, "energy": 0.941, "key": 5, "loudness": -5.86, "mode": 0, "speechiness": 0.0835, "acousticness": 0.0147, "instrumentalness": 0.0213, "liveness": 0.0678, "valence": 0.391, "tempo": 160.06, "duration_ms": 197631, "time_signature": 4}, {"uri": "spotify:track:1UVll7jjUlqSGxCZ6uXVaD", "name": "Regret - 2015 Remaster", "artist": "New Order", "popularity": 58, "danceability": 0.506, "energy": 0.931, "key": 5, "loudness": -5.635, "mode": 1, "speechiness": 0.0305, "acousticness": 0.00146, "instrumentalness": 0.0227, "liveness": 0.27, "valence": 0.865, "tempo": 129.568, "duration_ms": 248973, "time_signature": 4}, {"uri": "spotify:track:6evpAJCR5GeeHDGgv3aXb3", "name": "Archangel", "artist": "Burial", "popularity": 53, "danceability": 0.606, "energy": 0.848, "key": 1, "loudness": -10.117, "mode": 1, "speechiness": 0.171, "acousticness": 0.455, "instrumentalness": 0.548, "liveness": 0.114, "valence": 0.538, "tempo": 135.149, "duration_ms": 240427, "time_signature": 4}, {"uri": "spotify:track:54Eu6NFDAiTccwbyAPhiif", "name": "Messaien's Gumbo", "artist": "John Patitucci", "popularity": 0, "danceability": 0.701, "energy": 0.212, "key": 10, "loudness": -17.6, "mode": 0, "speechiness": 0.0535, "acousticness": 0.394, "instrumentalness": 0.838, "liveness": 0.0464, "valence": 0.699, "tempo": 95.778, "duration_ms": 328600, "time_signature": 4}, {"uri": "spotify:track:2pkMt1GnVAbPaqGjV0FCQb", "name": "This Must Be Love - 2015 Remaster", "artist": "Phil Collins", "popularity": 38, "danceability": 0.793, "energy": 0.198, "key": 2, "loudness": -14.434, "mode": 0, "speechiness": 0.0398, "acousticness": 0.586, "instrumentalness": 0, "liveness": 0.0734, "valence": 0.603, "tempo": 138.153, "duration_ms": 236333, "time_signature": 3}, {"uri": "spotify:track:4RDUWsZacfgvzNYmj6ibNl", "name": "Redeploy", "artist": "Echaskech", "popularity": 31, "danceability": 0.541, "energy": 0.584, "key": 1, "loudness": -8.307, "mode": 1, "speechiness": 0.0303, "acousticness": 0.829, "instrumentalness": 0.801, "liveness": 0.433, "valence": 0.128, "tempo": 135.015, "duration_ms": 290573, "time_signature": 4}, {"uri": "spotify:track:5iNtk3MiBsLHDUNFxEmxUy", "name": "In My Room", "artist": "Susanne Abbuehl", "popularity": 0, "danceability": 0.361, "energy": 0.0492, "key": 2, "loudness": -19.886, "mode": 0, "speechiness": 0.0343, "acousticness": 0.972, "instrumentalness": 0.0231, "liveness": 0.093, "valence": 0.184, "tempo": 138.724, "duration_ms": 293467, "time_signature": 3}, {"uri": "spotify:track:5RZ2l6TkDgWdSbo5fZDKn4", "name": "You Keep Me Hangin' On - Stereo Version", "artist": "The Supremes", "popularity": 0, "danceability": 0.683, "energy": 0.647, "key": 8, "loudness": -6.748, "mode": 0, "speechiness": 0.0536, "acousticness": 0.239, "instrumentalness": 0, "liveness": 0.119, "valence": 0.716, "tempo": 128.334, "duration_ms": 163067, "time_signature": 4}, {"uri": "spotify:track:1ph6Bncj7s3BmYp6FkIzP8", "name": "Miss You", "artist": "trentem\u00f8ller", "popularity": 0, "danceability": 0.542, "energy": 0.134, "key": 7, "loudness": -22.526, "mode": 0, "speechiness": 0.0367, "acousticness": 0.948, "instrumentalness": 0.931, "liveness": 0.152, "valence": 0.216, "tempo": 126.954, "duration_ms": 243400, "time_signature": 4}]