[{"uri": "spotify:track:5fWA7ingUBU5U6eCbsf4TH", "name": "Crazy About You", "artist": "UP10TION", "popularity": 49, "danceability": 0.539, "energy": 0.796, "key": 2, "loudness": -4.466, "mode": 1, "speechiness": 0.0524, "acousticness": 0.099, "instrumentalness": 0, "liveness": 0.0879, "valence": 0.615, "tempo": 147.967, "duration_ms": 252293, "time_signature": 4}, {"uri": "spotify:track:0hQNbQKW2dDATH1ngj4TI6", "name": "WA DA DA", "artist": "Kep1er", "popularity": 65, "danceability": 0.785, "energy": 0.907, "key": 10, "loudness": -2.657, "mode": 1, "speechiness": 0.0938, "acousticness": 0.00122, "instrumentalness": 3.11e-06, "liveness": 0.213, "valence": 0.685, "tempo": 126.004, "duration_ms": 183693, "time_signature": 4}, {"uri": "spotify:track:14JS85dA20uiGU5XGAWtif", "name": "BOBBIN", "artist": "BLITZERS", "popularity": 44, "danceability": 0.669, "energy": 0.827, "key": 6, "loudness": -3.953, "mode": 0, "speechiness": 0.0759, "acousticness": 0.00532, "instrumentalness": 0, "liveness": 0.0923, "valence": 0.632, "tempo": 99.991, "duration_ms": 188227, "time_signature": 4}, {"uri": "spotify:track:05DA32NYsDutwuvthUOUSA", "name": "HOPE", "artist": "Andnew", "popularity": 23, "danceability": 0.649, "energy": 0.704, "key": 9, "loudness": -4.049, "mode": 0, "speechiness": 0.0344, "acousticness": 0.507, "instrumentalness": 0, "liveness": 0.436, "valence": 0.531, "tempo": 100.992, "duration_ms": 146994, "time_signature": 4}, {"uri": "spotify:track:0qu54GVbhmBFjpsgiG32PL", "name": "ATHLETIC GIRL", "artist": "H1-KEY", "popularity": 53, "danceability": 0.742, "energy": 0.771, "key": 0, "loudness": -2.879, "mode": 0, "speechiness": 0.0384, "acousticness": 0.00177, "instrumentalness": 0, "liveness": 0.0996, "valence": 0.23, "tempo": 109.923, "duration_ms": 212613, "time_signature": 4}, {"uri": "spotify:track:1Vnuk7zOfsTfIXiYAzw43x", "name": "DOMANGA", "artist": "GOTCHA !", "popularity": 31, "danceability": 0.816, "energy": 0.682, "key": 11, "loudness": -4.762, "mode": 1, "speechiness": 0.0295, "acousticness": 0.185, "instrumentalness": 1.44e-06, "liveness": 0.109, "valence": 0.884, "tempo": 114.995, "duration_ms": 181293, "time_signature": 4}, {"uri": "spotify:track:1lRf8AbwuBMw5A4ldpAUrC", "name": "Refill", "artist": "ONDO", "popularity": 13, "danceability": 0.779, "energy": 0.774, "key": 4, "loudness": -2.44, "mode": 0, "speechiness": 0.0905, "acousticness": 0.12, "instrumentalness": 0, "liveness": 0.0599, "valence": 0.772, "tempo": 104.051, "duration_ms": 196298, "time_signature": 4}, {"uri": "spotify:track:4r34Yi0eltsu1tp6z4lq3x", "name": "XOXO", "artist": "JEON SOMI", "popularity": 74, "danceability": 0.704, "energy": 0.608, "key": 9, "loudness": -6.339, "mode": 1, "speechiness": 0.0314, "acousticness": 0.0717, "instrumentalness": 0, "liveness": 0.13, "valence": 0.527, "tempo": 144.959, "duration_ms": 207650, "time_signature": 4}, {"uri": "spotify:track:3mmLyEhphJAaW7hyEXAD8l", "name": "Some", "artist": "BOL4", "popularity": 1, "danceability": 0.659, "energy": 0.799, "key": 1, "loudness": -2.849, "mode": 0, "speechiness": 0.0629, "acousticness": 0.417, "instrumentalness": 0, "liveness": 0.0562, "valence": 0.782, "tempo": 103.99, "duration_ms": 181373, "time_signature": 4}, {"uri": "spotify:track:249gnXrbfmV8NG6jTEMSwD", "name": "Life Goes On", "artist": "BTS", "popularity": 74, "danceability": 0.566, "energy": 0.716, "key": 1, "loudness": -5.733, "mode": 1, "speechiness": 0.0424, "acousticness": 0.00691, "instrumentalness": 0, "liveness": 0.37, "valence": 0.45, "tempo": 81.068, "duration_ms": 207481, "time_signature": 4}, {"uri": "spotify:track:2bk43y1inDfHx8fFdXar3l", "name": "Rose", "artist": "D.O.", "popularity": 66, "danceability": 0.677, "energy": 0.352, "key": 0, "loudness": -3.195, "mode": 1, "speechiness": 0.0374, "acousticness": 0.48, "instrumentalness": 0, "liveness": 0.133, "valence": 0.671, "tempo": 74.703, "duration_ms": 153720, "time_signature": 3}, {"uri": "spotify:track:2J0TRU2EDG29qlmxdGa4xa", "name": "SCIENTIST", "artist": "TWICE", "popularity": 66, "danceability": 0.786, "energy": 0.858, "key": 11, "loudness": -3.74, "mode": 1, "speechiness": 0.0675, "acousticness": 0.0487, "instrumentalness": 0, "liveness": 0.126, "valence": 0.649, "tempo": 112.999, "duration_ms": 194600, "time_signature": 4}, {"uri": "spotify:track:3cGp1jXxLReLKz7QgVbWZR", "name": "Hello", "artist": "JOY", "popularity": 70, "danceability": 0.392, "energy": 0.894, "key": 2, "loudness": -1.399, "mode": 1, "speechiness": 0.0459, "acousticness": 0.351, "instrumentalness": 0, "liveness": 0.349, "valence": 0.644, "tempo": 185.869, "duration_ms": 218880, "time_signature": 4}, {"uri": "spotify:track:7Mfb2IwRNP8Qi7Ojtpmi37", "name": "Perhaps Love", "artist": "Eric Nam", "popularity": 4, "danceability": 0.529, "energy": 0.555, "key": 3, "loudness": -4.72, "mode": 1, "speechiness": 0.0288, "acousticness": 0.332, "instrumentalness": 0, "liveness": 0.129, "valence": 0.28, "tempo": 83.982, "duration_ms": 239097, "time_signature": 4}, {"uri": "spotify:track:2g0LdZQce9xlcHb1mBJyuz", "name": "strawberry moon", "artist": "IU", "popularity": 73, "danceability": 0.475, "energy": 0.712, "key": 6, "loudness": -3.306, "mode": 1, "speechiness": 0.0431, "acousticness": 0.138, "instrumentalness": 0, "liveness": 0.0936, "valence": 0.443, "tempo": 169.796, "duration_ms": 205333, "time_signature": 4}, {"uri": "spotify:track:3p6hnejEQYXkiTO1lAzVc0", "name": "Euphoria", "artist": "BTS", "popularity": 71, "danceability": 0.637, "energy": 0.799, "key": 2, "loudness": -4.519, "mode": 1, "speechiness": 0.0338, "acousticness": 0.394, "instrumentalness": 0, "liveness": 0.0921, "valence": 0.562, "tempo": 104.995, "duration_ms": 228615, "time_signature": 4}, {"uri": "spotify:track:3QD0Y1tTngihByjdWC99lG", "name": "Killing Me", "artist": "CHUNG HA", "popularity": 74, "danceability": 0.722, "energy": 0.851, "key": 10, "loudness": -2.589, "mode": 1, "speechiness": 0.264, "acousticness": 0.35, "instrumentalness": 0, "liveness": 0.0661, "valence": 0.763, "tempo": 122.012, "duration_ms": 164053, "time_signature": 4}, {"uri": "spotify:track:332GJ8ykVuEt3jOT1sy7j6", "name": "Hello Future", "artist": "NCT DREAM", "popularity": 72, "danceability": 0.545, "energy": 0.803, "key": 1, "loudness": -2.283, "mode": 1, "speechiness": 0.0526, "acousticness": 0.0261, "instrumentalness": 0, "liveness": 0.114, "valence": 0.5, "tempo": 170.006, "duration_ms": 220920, "time_signature": 4}, {"uri": "spotify:track:6cqH1q7g5GeRVQVMK1Vc7f", "name": "Weekend", "artist": "TAEYEON", "popularity": 71, "danceability": 0.74, "energy": 0.854, "key": 8, "loudness": -2.209, "mode": 1, "speechiness": 0.0525, "acousticness": 0.0783, "instrumentalness": 0.000532, "liveness": 0.253, "valence": 0.856, "tempo": 114.029, "duration_ms": 233413, "time_signature": 4}, {"uri": "spotify:track:2wpiWR4tTz4ewnYV1v4KQC", "name": "Sunshine", "artist": "Stray Kids", "popularity": 58, "danceability": 0.725, "energy": 0.655, "key": 0, "loudness": -5.766, "mode": 0, "speechiness": 0.0656, "acousticness": 0.0849, "instrumentalness": 0, "liveness": 0.161, "valence": 0.493, "tempo": 143.019, "duration_ms": 222284, "time_signature": 4}, {"uri": "spotify:track:76mWY4B10RpcuxsA4nfqp3", "name": "Eternal Sunshine", "artist": "ATEEZ", "popularity": 63, "danceability": 0.673, "energy": 0.863, "key": 7, "loudness": -4.883, "mode": 0, "speechiness": 0.0363, "acousticness": 0.0241, "instrumentalness": 0, "liveness": 0.267, "valence": 0.521, "tempo": 110.018, "duration_ms": 209619, "time_signature": 4}, {"uri": "spotify:track:2Q4D2Pz1HDt1x4NukBID5Q", "name": "Heaven's Cloud", "artist": "SEVENTEEN", "popularity": 63, "danceability": 0.481, "energy": 0.69, "key": 0, "loudness": -7.858, "mode": 0, "speechiness": 0.072, "acousticness": 0.0208, "instrumentalness": 0, "liveness": 0.132, "valence": 0.718, "tempo": 112.158, "duration_ms": 232227, "time_signature": 4}, {"uri": "spotify:track:0dnkOK5hGUCmIJ7FDF0yHz", "name": "DUMB DUMB", "artist": "JEON SOMI", "popularity": 68, "danceability": 0.851, "energy": 0.749, "key": 2, "loudness": -6.233, "mode": 1, "speechiness": 0.0496, "acousticness": 0.0182, "instrumentalness": 0.000149, "liveness": 0.0885, "valence": 0.424, "tempo": 103.053, "duration_ms": 149447, "time_signature": 4}, {"uri": "spotify:track:42fR3oINF3KfXCDtheoNiY", "name": "Don't fight the feeling", "artist": "EXO", "popularity": 69, "danceability": 0.707, "energy": 0.838, "key": 9, "loudness": -2.983, "mode": 0, "speechiness": 0.117, "acousticness": 0.0585, "instrumentalness": 0, "liveness": 0.095, "valence": 0.832, "tempo": 128.007, "duration_ms": 176547, "time_signature": 4}, {"uri": "spotify:track:1zoyteFQmeUUqyOl2Xznpy", "name": "Tamed-Dashed", "artist": "ENHYPEN", "popularity": 78, "danceability": 0.568, "energy": 0.809, "key": 11, "loudness": -3.869, "mode": 0, "speechiness": 0.0517, "acousticness": 0.000253, "instrumentalness": 3.33e-05, "liveness": 0.151, "valence": 0.709, "tempo": 155.029, "duration_ms": 196170, "time_signature": 4}, {"uri": "spotify:track:4eVkn18rN4GguUWOsR6Use", "name": "Answer : Love Myself", "artist": "BTS", "popularity": 64, "danceability": 0.569, "energy": 0.793, "key": 1, "loudness": -3.749, "mode": 1, "speechiness": 0.0405, "acousticness": 0.189, "instrumentalness": 0, "liveness": 0.111, "valence": 0.45, "tempo": 108.048, "duration_ms": 251280, "time_signature": 4}, {"uri": "spotify:track:3wS47sXPddjE6rbhU7u20w", "name": "Je T'aime", "artist": "JOY", "popularity": 55, "danceability": 0.574, "energy": 0.594, "key": 2, "loudness": -3.911, "mode": 1, "speechiness": 0.0295, "acousticness": 0.601, "instrumentalness": 0, "liveness": 0.0676, "valence": 0.352, "tempo": 110.917, "duration_ms": 261120, "time_signature": 4}, {"uri": "spotify:track:4SG1tUCousFCmPeayNNelN", "name": "Mixtape : OH", "artist": "Stray Kids", "popularity": 41, "danceability": 0.708, "energy": 0.689, "key": 11, "loudness": -4.592, "mode": 0, "speechiness": 0.0751, "acousticness": 0.205, "instrumentalness": 0, "liveness": 0.153, "valence": 0.677, "tempo": 87.897, "duration_ms": 212480, "time_signature": 4}, {"uri": "spotify:track:14pjnaIqkpReO5D0tHofAS", "name": "Daisy", "artist": "PENTAGON", "popularity": 65, "danceability": 0.563, "energy": 0.869, "key": 5, "loudness": -2.235, "mode": 1, "speechiness": 0.0532, "acousticness": 0.0362, "instrumentalness": 0, "liveness": 0.138, "valence": 0.48, "tempo": 85.016, "duration_ms": 189000, "time_signature": 4}, {"uri": "spotify:track:2gvlPqqngL3BppFCwLXnVc", "name": "Future", "artist": "Red Velvet", "popularity": 66, "danceability": 0.717, "energy": 0.868, "key": 7, "loudness": -3.073, "mode": 1, "speechiness": 0.04, "acousticness": 0.438, "instrumentalness": 0, "liveness": 0.148, "valence": 0.552, "tempo": 100.005, "duration_ms": 215880, "time_signature": 4}, {"uri": "spotify:track:6LnEoRQKMcaFTR5UvaKuBy", "name": "Rock with you", "artist": "SEVENTEEN", "popularity": 78, "danceability": 0.621, "energy": 0.816, "key": 11, "loudness": -5.242, "mode": 1, "speechiness": 0.104, "acousticness": 0.0966, "instrumentalness": 0, "liveness": 0.134, "valence": 0.694, "tempo": 163.966, "duration_ms": 180360, "time_signature": 4}, {"uri": "spotify:track:0TmFsWTadkiSy6A7fjvqbB", "name": "It's Okay to Not Be Okay", "artist": "Roman Kayz", "popularity": 41, "danceability": 0.769, "energy": 0.696, "key": 5, "loudness": -4.536, "mode": 1, "speechiness": 0.0337, "acousticness": 0.347, "instrumentalness": 0.00202, "liveness": 0.0769, "valence": 0.788, "tempo": 100.025, "duration_ms": 181000, "time_signature": 4}, {"uri": "spotify:track:3Y4SnP9NDIjEj69mMY4NVp", "name": "You make Me", "artist": "DAY6", "popularity": 62, "danceability": 0.646, "energy": 0.617, "key": 6, "loudness": -5.606, "mode": 0, "speechiness": 0.0338, "acousticness": 0.339, "instrumentalness": 0, "liveness": 0.129, "valence": 0.384, "tempo": 100.995, "duration_ms": 218984, "time_signature": 4}, {"uri": "spotify:track:78k3g85Ud3Xo5NeX6VimHD", "name": "The View", "artist": "Stray Kids", "popularity": 43, "danceability": 0.756, "energy": 0.806, "key": 1, "loudness": -4.316, "mode": 1, "speechiness": 0.123, "acousticness": 0.059, "instrumentalness": 0, "liveness": 0.133, "valence": 0.581, "tempo": 110.005, "duration_ms": 201747, "time_signature": 4}, {"uri": "spotify:track:7lthOBXNue2IvedLRfkod8", "name": "HOME", "artist": "BTS", "popularity": 68, "danceability": 0.633, "energy": 0.799, "key": 7, "loudness": -4.625, "mode": 0, "speechiness": 0.0429, "acousticness": 0.0142, "instrumentalness": 0, "liveness": 0.194, "valence": 0.535, "tempo": 142.991, "duration_ms": 234178, "time_signature": 4}, {"uri": "spotify:track:4Wh5WGtov1VJ6EJ8OQgNeS", "name": "Magic", "artist": "TOMORROW X TOGETHER", "popularity": 69, "danceability": 0.654, "energy": 0.88, "key": 8, "loudness": -4.819, "mode": 1, "speechiness": 0.413, "acousticness": 0.00303, "instrumentalness": 0, "liveness": 0.32, "valence": 0.51, "tempo": 108.236, "duration_ms": 159750, "time_signature": 4}, {"uri": "spotify:track:0TxSk5fpK01cBLV9ePqcE6", "name": "She's In The Rain", "artist": "The Rose", "popularity": 0, "danceability": 0.36, "energy": 0.533, "key": 3, "loudness": -4.394, "mode": 1, "speechiness": 0.0302, "acousticness": 0.375, "instrumentalness": 0, "liveness": 0.0768, "valence": 0.421, "tempo": 92.854, "duration_ms": 237577, "time_signature": 4}, {"uri": "spotify:track:3dbLT62Cvs46Ju7a8gpr36", "name": "Savage", "artist": "aespa", "popularity": 83, "danceability": 0.727, "energy": 0.879, "key": 9, "loudness": -1.167, "mode": 1, "speechiness": 0.129, "acousticness": 0.124, "instrumentalness": 1.17e-05, "liveness": 0.244, "valence": 0.671, "tempo": 146.959, "duration_ms": 238144, "time_signature": 4}, {"uri": "spotify:track:7B8JKfqm63AO8MCHFO3pIb", "name": "BAD LOVE", "artist": "KEY", "popularity": 63, "danceability": 0.67, "energy": 0.855, "key": 11, "loudness": -2.122, "mode": 0, "speechiness": 0.0585, "acousticness": 0.111, "instrumentalness": 0, "liveness": 0.272, "valence": 0.42, "tempo": 101.962, "duration_ms": 205360, "time_signature": 4}, {"uri": "spotify:track:2wj2Mh7Zmp036eH1aY6nAW", "name": "Turbulence", "artist": "ATEEZ", "popularity": 69, "danceability": 0.462, "energy": 0.826, "key": 4, "loudness": -5.584, "mode": 1, "speechiness": 0.0718, "acousticness": 0.107, "instrumentalness": 0, "liveness": 0.179, "valence": 0.615, "tempo": 169.98, "duration_ms": 199586, "time_signature": 4}, {"uri": "spotify:track:0uQIb3EOcrw5tnRLXIAqbD", "name": "Winter Falls", "artist": "Stray Kids", "popularity": 47, "danceability": 0.685, "energy": 0.732, "key": 11, "loudness": -5.008, "mode": 0, "speechiness": 0.101, "acousticness": 0.066, "instrumentalness": 0, "liveness": 0.0928, "valence": 0.499, "tempo": 97.99, "duration_ms": 235387, "time_signature": 4}, {"uri": "spotify:track:4bvIzUmw8dl9r1PDz6OGZv", "name": "HAPPENING", "artist": "AKMU", "popularity": 0, "danceability": 0.647, "energy": 0.548, "key": 9, "loudness": -8.446, "mode": 1, "speechiness": 0.0271, "acousticness": 0.0909, "instrumentalness": 5.51e-05, "liveness": 0.108, "valence": 0.272, "tempo": 127.981, "duration_ms": 224016, "time_signature": 4}, {"uri": "spotify:track:5Hvi3XSS00txHgZB6UZhFl", "name": "Think Of You", "artist": "TAEMIN", "popularity": 46, "danceability": 0.595, "energy": 0.722, "key": 8, "loudness": -7.829, "mode": 1, "speechiness": 0.177, "acousticness": 0.223, "instrumentalness": 3.11e-06, "liveness": 0.113, "valence": 0.644, "tempo": 104.487, "duration_ms": 198267, "time_signature": 4}, {"uri": "spotify:track:4Dq2FjRkOTHcssggMdYK8J", "name": "MY TREASURE", "artist": "TREASURE", "popularity": 63, "danceability": 0.727, "energy": 0.75, "key": 6, "loudness": -5.532, "mode": 1, "speechiness": 0.0813, "acousticness": 0.114, "instrumentalness": 0, "liveness": 0.137, "valence": 0.536, "tempo": 107.932, "duration_ms": 195982, "time_signature": 4}, {"uri": "spotify:track:1j795THd14Z0PmA3O18EwU", "name": "Warning (Feat. lIlBOI)", "artist": "KIMSEJEONG", "popularity": 48, "danceability": 0.556, "energy": 0.677, "key": 11, "loudness": -3.52, "mode": 1, "speechiness": 0.0855, "acousticness": 0.124, "instrumentalness": 0, "liveness": 0.13, "valence": 0.61, "tempo": 89.083, "duration_ms": 208773, "time_signature": 4}, {"uri": "spotify:track:1TUkEXQrskATO9SoB4QMUN", "name": "Amusement Park", "artist": "BAEKHYUN", "popularity": 60, "danceability": 0.635, "energy": 0.562, "key": 5, "loudness": -5.374, "mode": 1, "speechiness": 0.0333, "acousticness": 0.85, "instrumentalness": 0, "liveness": 0.173, "valence": 0.299, "tempo": 84.925, "duration_ms": 256693, "time_signature": 4}, {"uri": "spotify:track:2QdH0rKlV3d9Y6lWzcnlBH", "name": "In the morning", "artist": "ITZY", "popularity": 78, "danceability": 0.847, "energy": 0.814, "key": 11, "loudness": -4.668, "mode": 0, "speechiness": 0.152, "acousticness": 0.0825, "instrumentalness": 0.000507, "liveness": 0.0948, "valence": 0.711, "tempo": 140.057, "duration_ms": 172359, "time_signature": 4}, {"uri": "spotify:track:6S2vJU8eHt7WpZJE3SWpTa", "name": "Cherry On Top", "artist": "YOUHA", "popularity": 44, "danceability": 0.785, "energy": 0.714, "key": 2, "loudness": -3.385, "mode": 1, "speechiness": 0.0399, "acousticness": 0.164, "instrumentalness": 1.72e-06, "liveness": 0.316, "valence": 0.508, "tempo": 94.973, "duration_ms": 148947, "time_signature": 4}, {"uri": "spotify:track:1xo0SABqJrTriyMb2JMtLg", "name": "Wishlist", "artist": "TOMORROW X TOGETHER", "popularity": 43, "danceability": 0.61, "energy": 0.92, "key": 3, "loudness": -5.054, "mode": 1, "speechiness": 0.107, "acousticness": 0.00059, "instrumentalness": 0, "liveness": 0.307, "valence": 0.301, "tempo": 149.966, "duration_ms": 191788, "time_signature": 4}, {"uri": "spotify:track:2zlgwqw8BLX2JGB76LIFeF", "name": "Missing You", "artist": "BTOB", "popularity": 66, "danceability": 0.633, "energy": 0.736, "key": 7, "loudness": -5.775, "mode": 1, "speechiness": 0.131, "acousticness": 0.65, "instrumentalness": 0, "liveness": 0.128, "valence": 0.477, "tempo": 168.05, "duration_ms": 236829, "time_signature": 4}]