[{"uri": "spotify:track:64n7p9bHvB2OMksxeUyQi1", "name": "Want That Back", "artist": "Brett Eldredge", "popularity": 0, "danceability": 0.342, "energy": 0.47, "key": 11, "loudness": -6.87, "mode": 1, "speechiness": 0.0386, "acousticness": 0.615, "instrumentalness": 0, "liveness": 0.241, "valence": 0.319, "tempo": 87.669, "duration_ms": 193693, "time_signature": 4}, {"uri": "spotify:track:6VVqPBFZIbcmv14zNfOc13", "name": "She Likes It (feat. Jake Scott)", "artist": "Russell Dickerson", "popularity": 71, "danceability": 0.79, "energy": 0.325, "key": 4, "loudness": -11.689, "mode": 1, "speechiness": 0.127, "acousticness": 0.509, "instrumentalness": 0, "liveness": 0.155, "valence": 0.539, "tempo": 126.877, "duration_ms": 163311, "time_signature": 4}, {"uri": "spotify:track:0ODaBMQ3tbTefbmbMWTwdT", "name": "Stop Draggin' Your Boots", "artist": "Danielle Bradbery", "popularity": 73, "danceability": 0.463, "energy": 0.76, "key": 2, "loudness": -5.958, "mode": 1, "speechiness": 0.11, "acousticness": 0.0379, "instrumentalness": 0, "liveness": 0.115, "valence": 0.65, "tempo": 123.899, "duration_ms": 164347, "time_signature": 4}, {"uri": "spotify:track:6zuVzhogxotQnXIxr2wLE5", "name": "First Light", "artist": "BROWN & GRAY", "popularity": 70, "danceability": 0.504, "energy": 0.746, "key": 6, "loudness": -4.018, "mode": 1, "speechiness": 0.029, "acousticness": 0.323, "instrumentalness": 3.93e-06, "liveness": 0.115, "valence": 0.596, "tempo": 92.955, "duration_ms": 180026, "time_signature": 4}, {"uri": "spotify:track:4k3lPl8YTKuY8c1HelVnm3", "name": "'Til You Can't", "artist": "Cody Johnson", "popularity": 77, "danceability": 0.501, "energy": 0.815, "key": 1, "loudness": -4.865, "mode": 1, "speechiness": 0.0436, "acousticness": 0.0513, "instrumentalness": 0, "liveness": 0.106, "valence": 0.46, "tempo": 160.087, "duration_ms": 224213, "time_signature": 4}, {"uri": "spotify:track:3TuMOIzXkhKFDNHyQ7Mo8J", "name": "Never Wanted To Be That Girl", "artist": "Carly Pearce", "popularity": 69, "danceability": 0.553, "energy": 0.609, "key": 1, "loudness": -6.436, "mode": 1, "speechiness": 0.0469, "acousticness": 0.151, "instrumentalness": 0, "liveness": 0.112, "valence": 0.471, "tempo": 73.903, "duration_ms": 214416, "time_signature": 4}, {"uri": "spotify:track:4FdPnT2cFrpWCmWZd7GXc3", "name": "One Mississippi", "artist": "Kane Brown", "popularity": 77, "danceability": 0.471, "energy": 0.846, "key": 0, "loudness": -5.269, "mode": 1, "speechiness": 0.0389, "acousticness": 0.00279, "instrumentalness": 2.86e-06, "liveness": 0.145, "valence": 0.539, "tempo": 100.089, "duration_ms": 213719, "time_signature": 4}, {"uri": "spotify:track:3HGnIIdHYIbkowzLk8UHbE", "name": "Wishful Drinking (with Sam Hunt)", "artist": "Ingrid Andress", "popularity": 76, "danceability": 0.678, "energy": 0.528, "key": 10, "loudness": -7.317, "mode": 1, "speechiness": 0.0551, "acousticness": 0.289, "instrumentalness": 0, "liveness": 0.0734, "valence": 0.614, "tempo": 79.018, "duration_ms": 194545, "time_signature": 4}, {"uri": "spotify:track:5Ykc3Wr4L4wef5QDdaaxM7", "name": "To Be Loved By You", "artist": "Parker McCollum", "popularity": 71, "danceability": 0.473, "energy": 0.802, "key": 10, "loudness": -4.497, "mode": 1, "speechiness": 0.037, "acousticness": 0.00036, "instrumentalness": 0, "liveness": 0.304, "valence": 0.453, "tempo": 145.983, "duration_ms": 198324, "time_signature": 4}, {"uri": "spotify:track:1tf4Bfk8JIKryLpWYRvyiI", "name": "Whiskey And Rain", "artist": "Michael Ray", "popularity": 77, "danceability": 0.653, "energy": 0.623, "key": 8, "loudness": -4.56, "mode": 1, "speechiness": 0.0244, "acousticness": 0.508, "instrumentalness": 3.32e-06, "liveness": 0.285, "valence": 0.718, "tempo": 100.021, "duration_ms": 206507, "time_signature": 4}, {"uri": "spotify:track:0XxNamjHxu0ercIQmWNkRT", "name": "Wilder Days", "artist": "Morgan Wade", "popularity": 8, "danceability": 0.502, "energy": 0.662, "key": 9, "loudness": -4.041, "mode": 1, "speechiness": 0.0293, "acousticness": 0.00322, "instrumentalness": 0.00274, "liveness": 0.119, "valence": 0.4, "tempo": 110.917, "duration_ms": 251293, "time_signature": 4}, {"uri": "spotify:track:19ZzEzb4BVK1wVO4brrmZz", "name": "Beers On Me", "artist": "Dierks Bentley", "popularity": 75, "danceability": 0.59, "energy": 0.846, "key": 4, "loudness": -4.251, "mode": 1, "speechiness": 0.0396, "acousticness": 0.182, "instrumentalness": 0, "liveness": 0.53, "valence": 0.733, "tempo": 146.028, "duration_ms": 174681, "time_signature": 4}, {"uri": "spotify:track:13G5xv1wUKvJYbK0wYmioN", "name": "Circles Around This Town", "artist": "Maren Morris", "popularity": 72, "danceability": 0.591, "energy": 0.814, "key": 4, "loudness": -4.986, "mode": 1, "speechiness": 0.0468, "acousticness": 0.015, "instrumentalness": 0, "liveness": 0.117, "valence": 0.815, "tempo": 149.9, "duration_ms": 195760, "time_signature": 4}, {"uri": "spotify:track:5gTQD1FjKMqUisgSD0uyb1", "name": "Dirt Road Down", "artist": "Travis Denning", "popularity": 72, "danceability": 0.54, "energy": 0.87, "key": 8, "loudness": -4.635, "mode": 1, "speechiness": 0.0487, "acousticness": 0.0678, "instrumentalness": 0, "liveness": 0.12, "valence": 0.494, "tempo": 97.991, "duration_ms": 165921, "time_signature": 4}, {"uri": "spotify:track:4Qum1kECNQrpREev5fvAQ4", "name": "Truth About You", "artist": "Mitchell Tenpenny", "popularity": 73, "danceability": 0.492, "energy": 0.708, "key": 10, "loudness": -4.639, "mode": 1, "speechiness": 0.0334, "acousticness": 0.0975, "instrumentalness": 0, "liveness": 0.12, "valence": 0.697, "tempo": 161.989, "duration_ms": 203037, "time_signature": 4}, {"uri": "spotify:track:6JSH36hKFusIabTu1egYO5", "name": "Just Drive", "artist": "Erin Kinsey", "popularity": 71, "danceability": 0.714, "energy": 0.766, "key": 6, "loudness": -4.42, "mode": 1, "speechiness": 0.0365, "acousticness": 0.0957, "instrumentalness": 0.00183, "liveness": 0.0595, "valence": 0.665, "tempo": 114.964, "duration_ms": 147694, "time_signature": 4}, {"uri": "spotify:track:0uxbkVqzKkxeVszRa0LFnb", "name": "You Got a Small Town", "artist": "Dalton Dover", "popularity": 66, "danceability": 0.432, "energy": 0.883, "key": 8, "loudness": -4.267, "mode": 1, "speechiness": 0.0776, "acousticness": 0.0148, "instrumentalness": 1.67e-06, "liveness": 0.338, "valence": 0.624, "tempo": 136.079, "duration_ms": 178453, "time_signature": 3}, {"uri": "spotify:track:2jt5TmTYrmdr46cGHrcFjq", "name": "Make It Past Georgia", "artist": "Ashland Craft", "popularity": 56, "danceability": 0.556, "energy": 0.725, "key": 10, "loudness": -5.056, "mode": 1, "speechiness": 0.0314, "acousticness": 0.14, "instrumentalness": 0, "liveness": 0.106, "valence": 0.452, "tempo": 142.104, "duration_ms": 201322, "time_signature": 4}, {"uri": "spotify:track:1GOMHxclGDvkcODCfYuuje", "name": "Up", "artist": "Luke Bryan", "popularity": 67, "danceability": 0.432, "energy": 0.488, "key": 3, "loudness": -7.128, "mode": 1, "speechiness": 0.0305, "acousticness": 0.298, "instrumentalness": 9.5e-05, "liveness": 0.158, "valence": 0.222, "tempo": 176.038, "duration_ms": 183597, "time_signature": 4}, {"uri": "spotify:track:4GyD3o5hWoyCuYpdlzZlRL", "name": "Doin' This", "artist": "Luke Combs", "popularity": 79, "danceability": 0.593, "energy": 0.552, "key": 1, "loudness": -5.838, "mode": 1, "speechiness": 0.028, "acousticness": 0.18, "instrumentalness": 1.71e-05, "liveness": 0.11, "valence": 0.39, "tempo": 115.0, "duration_ms": 254181, "time_signature": 4}, {"uri": "spotify:track:2CqfyB7PQznYxHNSmmF6lE", "name": "Learn From It", "artist": "Conner Smith", "popularity": 67, "danceability": 0.599, "energy": 0.899, "key": 4, "loudness": -3.574, "mode": 1, "speechiness": 0.0492, "acousticness": 0.129, "instrumentalness": 0, "liveness": 0.333, "valence": 0.792, "tempo": 91.036, "duration_ms": 179173, "time_signature": 4}, {"uri": "spotify:track:0OCY4cY7ZhmFMLR8Zipb51", "name": "Getting Over Him", "artist": "Lauren Alaina", "popularity": 70, "danceability": 0.567, "energy": 0.868, "key": 8, "loudness": -4.699, "mode": 1, "speechiness": 0.0605, "acousticness": 0.0931, "instrumentalness": 0, "liveness": 0.0986, "valence": 0.517, "tempo": 154.07, "duration_ms": 167678, "time_signature": 4}, {"uri": "spotify:track:2YgwcrRc33vIWgv5n2TNZ9", "name": "Cross Country", "artist": "BRELAND", "popularity": 55, "danceability": 0.675, "energy": 0.444, "key": 2, "loudness": -7.179, "mode": 1, "speechiness": 0.0286, "acousticness": 0.82, "instrumentalness": 0, "liveness": 0.0969, "valence": 0.293, "tempo": 117.903, "duration_ms": 206949, "time_signature": 4}, {"uri": "spotify:track:0R1REdJZIDy7IS3DybdBce", "name": "Best Thing Since Backroads", "artist": "Jake Owen", "popularity": 70, "danceability": 0.515, "energy": 0.838, "key": 7, "loudness": -3.82, "mode": 1, "speechiness": 0.0306, "acousticness": 0.0423, "instrumentalness": 0.000211, "liveness": 0.115, "valence": 0.328, "tempo": 156.033, "duration_ms": 187433, "time_signature": 4}, {"uri": "spotify:track:2t6lQWC69f2ybmd6VTO2vU", "name": "Never Til Now", "artist": "Ashley Cooke", "popularity": 70, "danceability": 0.57, "energy": 0.395, "key": 10, "loudness": -7.435, "mode": 1, "speechiness": 0.0325, "acousticness": 0.719, "instrumentalness": 0, "liveness": 0.144, "valence": 0.13, "tempo": 153.77, "duration_ms": 173534, "time_signature": 4}, {"uri": "spotify:track:4aRAElCM6ve3OISZnU7adb", "name": "Drive", "artist": "CHASE WRIGHT", "popularity": 49, "danceability": 0.626, "energy": 0.84, "key": 10, "loudness": -6.945, "mode": 0, "speechiness": 0.0533, "acousticness": 0.117, "instrumentalness": 0, "liveness": 0.216, "valence": 0.737, "tempo": 144.087, "duration_ms": 215000, "time_signature": 4}, {"uri": "spotify:track:3z610KBfuClGcA7ywI19w8", "name": "All American", "artist": "Mickey Guyton", "popularity": 67, "danceability": 0.628, "energy": 0.675, "key": 0, "loudness": -3.534, "mode": 1, "speechiness": 0.0598, "acousticness": 0.27, "instrumentalness": 1.46e-06, "liveness": 0.133, "valence": 0.655, "tempo": 130.159, "duration_ms": 182080, "time_signature": 4}, {"uri": "spotify:track:7A4WmJcWx6KrVRfQ2CP8e7", "name": "7500 OBO", "artist": "Tim McGraw", "popularity": 70, "danceability": 0.528, "energy": 0.718, "key": 7, "loudness": -6.954, "mode": 1, "speechiness": 0.0337, "acousticness": 0.1, "instrumentalness": 0, "liveness": 0.304, "valence": 0.51, "tempo": 155.759, "duration_ms": 221400, "time_signature": 4}, {"uri": "spotify:track:2NYOqKy4VX6dqVtzrv1Cx9", "name": "At the End of a Bar", "artist": "Chris Young", "popularity": 72, "danceability": 0.494, "energy": 0.782, "key": 3, "loudness": -4.228, "mode": 1, "speechiness": 0.0409, "acousticness": 0.0443, "instrumentalness": 0, "liveness": 0.0921, "valence": 0.44, "tempo": 75.932, "duration_ms": 186373, "time_signature": 4}, {"uri": "spotify:track:6IW4TUC3zHW4tpikDg1w7Y", "name": "justified", "artist": "Kacey Musgraves", "popularity": 38, "danceability": 0.669, "energy": 0.552, "key": 0, "loudness": -7.98, "mode": 1, "speechiness": 0.0587, "acousticness": 0.807, "instrumentalness": 0.000874, "liveness": 0.321, "valence": 0.488, "tempo": 100.102, "duration_ms": 180800, "time_signature": 4}, {"uri": "spotify:track:4MDYIbU6I29Gjiu7JATTIJ", "name": "New Truck", "artist": "Dylan Scott", "popularity": 72, "danceability": 0.529, "energy": 0.755, "key": 1, "loudness": -5.864, "mode": 1, "speechiness": 0.125, "acousticness": 0.222, "instrumentalness": 0, "liveness": 0.0986, "valence": 0.528, "tempo": 96.86, "duration_ms": 174360, "time_signature": 4}, {"uri": "spotify:track:4CkgMiMqZ5JzW9iYXSTMTL", "name": "I Bet You Think About Me (feat. Chris Stapleton) (Taylor\u2019s Version) (From The Vault)", "artist": "Taylor Swift", "popularity": 83, "danceability": 0.391, "energy": 0.715, "key": 0, "loudness": -4.516, "mode": 1, "speechiness": 0.0495, "acousticness": 0.167, "instrumentalness": 0, "liveness": 0.183, "valence": 0.473, "tempo": 149.654, "duration_ms": 285107, "time_signature": 3}, {"uri": "spotify:track:4PuAqZlL1tkidkuxfDlLbF", "name": "23", "artist": "Sam Hunt", "popularity": 75, "danceability": 0.641, "energy": 0.78, "key": 3, "loudness": -5.138, "mode": 1, "speechiness": 0.0852, "acousticness": 0.0206, "instrumentalness": 0, "liveness": 0.143, "valence": 0.693, "tempo": 98.004, "duration_ms": 179720, "time_signature": 4}, {"uri": "spotify:track:6H4TyfdTbm1bIaBkXiyvvw", "name": "Boy From Anderson County", "artist": "Kolby Cooper", "popularity": 65, "danceability": 0.515, "energy": 0.69, "key": 9, "loudness": -5.631, "mode": 1, "speechiness": 0.0274, "acousticness": 0.0598, "instrumentalness": 0, "liveness": 0.193, "valence": 0.254, "tempo": 145.087, "duration_ms": 244291, "time_signature": 4}, {"uri": "spotify:track:03kCiUPjdAV9ur9ugm8PQT", "name": "Never Say Never (with Lainey Wilson)", "artist": "Cole Swindell", "popularity": 72, "danceability": 0.472, "energy": 0.937, "key": 0, "loudness": -4.028, "mode": 0, "speechiness": 0.0567, "acousticness": 0.00717, "instrumentalness": 0, "liveness": 0.11, "valence": 0.454, "tempo": 140.073, "duration_ms": 176147, "time_signature": 4}, {"uri": "spotify:track:0pJLfGfCgmr0z9WRjwY7A3", "name": "Love Is Real", "artist": "Morgan Evans", "popularity": 56, "danceability": 0.645, "energy": 0.732, "key": 3, "loudness": -5.089, "mode": 1, "speechiness": 0.0453, "acousticness": 0.00853, "instrumentalness": 2.62e-05, "liveness": 0.198, "valence": 0.708, "tempo": 95.02, "duration_ms": 162973, "time_signature": 4}, {"uri": "spotify:track:6IsIpPApmefLa6dfop4xYX", "name": "The Road", "artist": "Madeline Edwards", "popularity": 60, "danceability": 0.468, "energy": 0.807, "key": 0, "loudness": -4.495, "mode": 1, "speechiness": 0.0649, "acousticness": 0.401, "instrumentalness": 0, "liveness": 0.423, "valence": 0.667, "tempo": 74.738, "duration_ms": 268186, "time_signature": 4}, {"uri": "spotify:track:69AIpwGNLxr4qS1X5ynx60", "name": "Buy Dirt", "artist": "Jordan Davis", "popularity": 82, "danceability": 0.586, "energy": 0.559, "key": 4, "loudness": -6.725, "mode": 1, "speechiness": 0.05, "acousticness": 0.639, "instrumentalness": 0, "liveness": 0.0872, "valence": 0.437, "tempo": 177.945, "duration_ms": 167480, "time_signature": 4}, {"uri": "spotify:track:3ZozFqJJlDBNIm4xqxn2ZD", "name": "Fancy Like", "artist": "Walker Hayes", "popularity": 82, "danceability": 0.649, "energy": 0.76, "key": 1, "loudness": -6.487, "mode": 1, "speechiness": 0.0574, "acousticness": 0.114, "instrumentalness": 0, "liveness": 0.317, "valence": 0.843, "tempo": 80.018, "duration_ms": 161853, "time_signature": 4}, {"uri": "spotify:track:56WqFKgyrRZd6CugD7Adjh", "name": "Joyride", "artist": "Carter Faith", "popularity": 63, "danceability": 0.464, "energy": 0.859, "key": 0, "loudness": -5.802, "mode": 1, "speechiness": 0.0351, "acousticness": 0.0643, "instrumentalness": 0.00162, "liveness": 0.116, "valence": 0.633, "tempo": 159.908, "duration_ms": 216519, "time_signature": 4}, {"uri": "spotify:track:5EDtmgwR1lDmDGLZraNpJg", "name": "Come Back As A Country Boy", "artist": "Blake Shelton", "popularity": 70, "danceability": 0.487, "energy": 0.796, "key": 7, "loudness": -3.9, "mode": 0, "speechiness": 0.0339, "acousticness": 0.0197, "instrumentalness": 0.000192, "liveness": 0.327, "valence": 0.44, "tempo": 76.037, "duration_ms": 221693, "time_signature": 4}, {"uri": "spotify:track:1fff5nZGyRJtFLkOrSSwOU", "name": "Slow Down Summer", "artist": "Thomas Rhett", "popularity": 73, "danceability": 0.464, "energy": 0.755, "key": 4, "loudness": -5.707, "mode": 1, "speechiness": 0.0354, "acousticness": 0.00838, "instrumentalness": 0, "liveness": 0.0989, "valence": 0.449, "tempo": 155.973, "duration_ms": 216764, "time_signature": 4}, {"uri": "spotify:track:15npbUjCgwt2lRvyrJvyxw", "name": "Tequila Little Time", "artist": "Jon Pardi", "popularity": 72, "danceability": 0.757, "energy": 0.705, "key": 2, "loudness": -5.084, "mode": 1, "speechiness": 0.0252, "acousticness": 0.0375, "instrumentalness": 5.8e-06, "liveness": 0.114, "valence": 0.855, "tempo": 104.972, "duration_ms": 207161, "time_signature": 4}, {"uri": "spotify:track:7JjymfuNMxQgOQJ4mGOdbg", "name": "It\u2019s \u2018Cause I Am", "artist": "Callista Clark", "popularity": 69, "danceability": 0.731, "energy": 0.674, "key": 10, "loudness": -5.018, "mode": 0, "speechiness": 0.0397, "acousticness": 0.14, "instrumentalness": 0, "liveness": 0.114, "valence": 0.623, "tempo": 99.05, "duration_ms": 166800, "time_signature": 4}, {"uri": "spotify:track:5vyONuW3HK0kJQBkrSp25B", "name": "Younger Me", "artist": "Brothers Osborne", "popularity": 67, "danceability": 0.55, "energy": 0.683, "key": 4, "loudness": -6.914, "mode": 1, "speechiness": 0.0362, "acousticness": 0.0361, "instrumentalness": 1.75e-06, "liveness": 0.334, "valence": 0.24, "tempo": 87.053, "duration_ms": 206853, "time_signature": 4}, {"uri": "spotify:track:0BQpyaFrb78b9uobWNheqx", "name": "Wild Hearts", "artist": "Keith Urban", "popularity": 71, "danceability": 0.605, "energy": 0.786, "key": 4, "loudness": -4.138, "mode": 1, "speechiness": 0.0379, "acousticness": 0.00276, "instrumentalness": 0, "liveness": 0.347, "valence": 0.512, "tempo": 116.995, "duration_ms": 182930, "time_signature": 4}, {"uri": "spotify:track:6F7UOC6fPWOkPqybOWBHSv", "name": "If I Was a Cowboy", "artist": "Miranda Lambert", "popularity": 74, "danceability": 0.575, "energy": 0.644, "key": 6, "loudness": -5.68, "mode": 0, "speechiness": 0.0309, "acousticness": 0.271, "instrumentalness": 0, "liveness": 0.131, "valence": 0.626, "tempo": 80.07, "duration_ms": 195013, "time_signature": 4}, {"uri": "spotify:track:0ZKJTquGSbkNpgTlQBWXAD", "name": "Think About That", "artist": "Chase Bryant", "popularity": 62, "danceability": 0.533, "energy": 0.708, "key": 3, "loudness": -5.032, "mode": 1, "speechiness": 0.0434, "acousticness": 0.571, "instrumentalness": 0.000294, "liveness": 0.363, "valence": 0.389, "tempo": 142.032, "duration_ms": 231280, "time_signature": 4}, {"uri": "spotify:track:0vzSAyinyA619ZbrOaAi04", "name": "Steal My Love", "artist": "Dan + Shay", "popularity": 73, "danceability": 0.59, "energy": 0.633, "key": 2, "loudness": -5.452, "mode": 1, "speechiness": 0.0328, "acousticness": 0.619, "instrumentalness": 0, "liveness": 0.157, "valence": 0.751, "tempo": 179.856, "duration_ms": 162120, "time_signature": 4}, {"uri": "spotify:track:0ysCB1Jg4hli0XlEWlipo7", "name": "Heart On Fire", "artist": "Eric Church", "popularity": 72, "danceability": 0.653, "energy": 0.927, "key": 8, "loudness": -4.699, "mode": 1, "speechiness": 0.0289, "acousticness": 0.0352, "instrumentalness": 4.47e-05, "liveness": 0.0966, "valence": 0.894, "tempo": 119.97, "duration_ms": 258800, "time_signature": 4}]