[{"uri": "spotify:track:7B4HbpZCSfLzKGapKzlUPD", "name": "Pachelbel: Canon & Gigue in D Major, T. 337: I. Canon", "artist": "Johann Pachelbel", "popularity": 63, "danceability": 0.128, "energy": 0.132, "key": 2, "loudness": -17.67, "mode": 1, "speechiness": 0.0353, "acousticness": 0.744, "instrumentalness": 0.942, "liveness": 0.107, "valence": 0.0988, "tempo": 85.314, "duration_ms": 301587, "time_signature": 4}, {"uri": "spotify:track:4GFuyvrYOQYDS497hffJXT", "name": "Goldberg Variations, BWV 988: Aria", "artist": "Johann Sebastian Bach", "popularity": 51, "danceability": 0.272, "energy": 0.015, "key": 7, "loudness": -30.943, "mode": 1, "speechiness": 0.0457, "acousticness": 0.995, "instrumentalness": 0.936, "liveness": 0.0705, "valence": 0.181, "tempo": 76.393, "duration_ms": 321067, "time_signature": 4}, {"uri": "spotify:track:64ZxBE1ZgK4C0lGljXzDcG", "name": "The Four Seasons - Violin Concerto in F Minor, Op. 8 No. 4, RV 297 \"Winter\": I. Allegro non molto", "artist": "Antonio Vivaldi", "popularity": 60, "danceability": 0.48, "energy": 0.163, "key": 5, "loudness": -19.117, "mode": 0, "speechiness": 0.0645, "acousticness": 0.81, "instrumentalness": 0.754, "liveness": 0.093, "valence": 0.212, "tempo": 158.366, "duration_ms": 204147, "time_signature": 4}, {"uri": "spotify:track:1G3QPQkoXvpChjNUhd6Tfs", "name": "The Arts and the Hours", "artist": "Jean-Philippe Rameau", "popularity": 62, "danceability": 0.415, "energy": 0.026, "key": 1, "loudness": -36.7, "mode": 1, "speechiness": 0.0496, "acousticness": 0.995, "instrumentalness": 0.938, "liveness": 0.107, "valence": 0.268, "tempo": 136.191, "duration_ms": 285443, "time_signature": 4}, {"uri": "spotify:track:17gz8bmRy8HDUf6AZBnD5K", "name": "Concerto grosso in G minor, Op.6, No.8 \"fatto per la notte di Natale\": 3. Adagio - Allegro - Adagio", "artist": "Arcangelo Corelli", "popularity": 47, "danceability": 0.197, "energy": 0.0911, "key": 2, "loudness": -21.511, "mode": 1, "speechiness": 0.0455, "acousticness": 0.926, "instrumentalness": 0.721, "liveness": 0.119, "valence": 0.133, "tempo": 120.682, "duration_ms": 198333, "time_signature": 4}, {"uri": "spotify:track:3mYWVZeUiEHei3XwIsaxfI", "name": "Rinaldo, HWV 7: Lascia ch'io pianga (Arr. for Piano)", "artist": "George Frideric Handel", "popularity": 49, "danceability": 0.253, "energy": 0.0272, "key": 5, "loudness": -31.271, "mode": 1, "speechiness": 0.0431, "acousticness": 0.993, "instrumentalness": 0.916, "liveness": 0.0979, "valence": 0.125, "tempo": 68.211, "duration_ms": 268000, "time_signature": 4}, {"uri": "spotify:track:5mRrklQD0rvuN6sV10HfPn", "name": "Unaccompanied Cello Suite No. 1 in G major, BWV 1007: I. Pr\u00e9lude", "artist": "Johann Sebastian Bach", "popularity": 62, "danceability": 0.326, "energy": 0.0993, "key": 7, "loudness": -22.496, "mode": 1, "speechiness": 0.072, "acousticness": 0.988, "instrumentalness": 0.916, "liveness": 0.108, "valence": 0.417, "tempo": 137.274, "duration_ms": 150973, "time_signature": 1}, {"uri": "spotify:track:3QJrYXsAWshnTzzHzapRCz", "name": "Ciaccona (I)", "artist": "Christina Pluhar", "popularity": 1, "danceability": 0.451, "energy": 0.209, "key": 0, "loudness": -20.641, "mode": 1, "speechiness": 0.0341, "acousticness": 0.947, "instrumentalness": 0.63, "liveness": 0.0952, "valence": 0.549, "tempo": 100.536, "duration_ms": 232627, "time_signature": 3}, {"uri": "spotify:track:6e85fziCk6MwZUxWyG6Ijm", "name": "Boccherini: String Quintet in E Major, G. 282, Op. 13 No. 6: III. Minuetto - Trio", "artist": "Luigi Boccherini", "popularity": 50, "danceability": 0.501, "energy": 0.0358, "key": 9, "loudness": -26.147, "mode": 1, "speechiness": 0.0293, "acousticness": 0.961, "instrumentalness": 0.58, "liveness": 0.142, "valence": 0.43, "tempo": 85.189, "duration_ms": 237720, "time_signature": 4}, {"uri": "spotify:track:6sLr7HzQe2xQVhBmhrT3vU", "name": "Les baricades myst\u00e9rieuses - Arranged By G\u00f6ran S\u00f6llscher", "artist": "Fran\u00e7ois Couperin", "popularity": 48, "danceability": 0.213, "energy": 0.0868, "key": 10, "loudness": -27.444, "mode": 1, "speechiness": 0.0413, "acousticness": 0.952, "instrumentalness": 0.907, "liveness": 0.111, "valence": 0.44, "tempo": 138.349, "duration_ms": 163733, "time_signature": 4}, {"uri": "spotify:track:6ajRRfc2LHpk9Ln8tKIrf5", "name": "Trio Sonata For 2 Violins And Continuo In G Minor, HWV 393 \"Dresden\" No. 2: 3. Largo (Arr. For Oboe, Violin, Harpsichord And Orchestra By Andreas Tarkmann)", "artist": "George Frideric Handel", "popularity": 34, "danceability": 0.211, "energy": 0.157, "key": 10, "loudness": -17.738, "mode": 1, "speechiness": 0.0407, "acousticness": 0.925, "instrumentalness": 0.902, "liveness": 0.126, "valence": 0.164, "tempo": 142.913, "duration_ms": 181173, "time_signature": 4}, {"uri": "spotify:track:2SORBObY4Ag5wSPeXLmPAh", "name": "Solomon, HWV 67: The Arrival Of The Queen Of Sheba", "artist": "Georg Friedrich H\u00e4ndek", "popularity": 39, "danceability": 0.587, "energy": 0.313, "key": 10, "loudness": -18.267, "mode": 1, "speechiness": 0.0431, "acousticness": 0.854, "instrumentalness": 0.826, "liveness": 0.298, "valence": 0.602, "tempo": 120.021, "duration_ms": 189427, "time_signature": 4}, {"uri": "spotify:track:3Htqdp3sfxvPoNx7aDwflH", "name": "Concerto for Lute, 2 Violins and Continuo in D major, RV 93: 3. Allegro", "artist": "Antonio Vivaldi", "popularity": 0, "danceability": 0.617, "energy": 0.268, "key": 1, "loudness": -15.997, "mode": 1, "speechiness": 0.058, "acousticness": 0.955, "instrumentalness": 0.635, "liveness": 0.117, "valence": 0.64, "tempo": 116.645, "duration_ms": 147600, "time_signature": 4}, {"uri": "spotify:track:4wVfNcuFvJzBE5FQ5J479c", "name": "Canarios", "artist": "Gaspar Sanz", "popularity": 41, "danceability": 0.385, "energy": 0.423, "key": 2, "loudness": -12.149, "mode": 1, "speechiness": 0.038, "acousticness": 0.942, "instrumentalness": 0.875, "liveness": 0.0907, "valence": 0.668, "tempo": 136.29, "duration_ms": 147147, "time_signature": 4}, {"uri": "spotify:track:06O078Zw6xX8iMh4lpWn01", "name": "Dido and Aeneas, Z. 626 / Act III: \"When I Am Laid in Earth\" Dido's Lamento (Arr. by Mathieu Herzog for Cello and Strings)", "artist": "Henry Purcell", "popularity": 49, "danceability": 0.0752, "energy": 0.0604, "key": 7, "loudness": -23.96, "mode": 0, "speechiness": 0.0485, "acousticness": 0.957, "instrumentalness": 0.902, "liveness": 0.0889, "valence": 0.034, "tempo": 76.509, "duration_ms": 228181, "time_signature": 3}, {"uri": "spotify:track:47xdo9qYjAbOIVVBAqom1b", "name": "Adagio in G Minor (Arr. for Harp and Orchestra)", "artist": "Tomaso Albinoni", "popularity": 54, "danceability": 0.139, "energy": 0.11, "key": 0, "loudness": -16.155, "mode": 0, "speechiness": 0.0362, "acousticness": 0.453, "instrumentalness": 0.902, "liveness": 0.107, "valence": 0.0377, "tempo": 174.865, "duration_ms": 300213, "time_signature": 3}, {"uri": "spotify:track:7IA9tR3VtbnxQTuymADA8h", "name": "An Wasserfl\u00fcssen Babylon, BWV 653b", "artist": "Johann Sebastian Bach", "popularity": 0, "danceability": 0.144, "energy": 0.0245, "key": 6, "loudness": -27.042, "mode": 1, "speechiness": 0.0401, "acousticness": 0.873, "instrumentalness": 0.939, "liveness": 0.11, "valence": 0.215, "tempo": 76.796, "duration_ms": 191562, "time_signature": 3}, {"uri": "spotify:track:5lWrKno3WGaPLg8hwGuzQ0", "name": "Bocherini / Arr Gr\u00fctzmacher: Cello Concerto No. 9 in B-Flat Major, G. 482: II. Adagio non troppo (Arr. Gr\u00fctzmacher)", "artist": "Luigi Boccherini", "popularity": 41, "danceability": 0.128, "energy": 0.12, "key": 7, "loudness": -23.715, "mode": 0, "speechiness": 0.0477, "acousticness": 0.982, "instrumentalness": 0.874, "liveness": 0.0656, "valence": 0.0385, "tempo": 85.616, "duration_ms": 414027, "time_signature": 3}, {"uri": "spotify:track:7J1GLXjM0LAW3MMG0wEMFi", "name": "Recorder Concerto in C Major, TWV 51:C1: IV. Tempo di Minuet", "artist": "Georg Philipp Telemann", "popularity": 44, "danceability": 0.395, "energy": 0.241, "key": 11, "loudness": -16.367, "mode": 1, "speechiness": 0.0379, "acousticness": 0.942, "instrumentalness": 0.25, "liveness": 0.113, "valence": 0.467, "tempo": 141.108, "duration_ms": 342307, "time_signature": 3}, {"uri": "spotify:track:7t7EWUauVFKkZYQT8QopK2", "name": "Musiche sacre concernenti messa, e salmi concertati con istromenti, imni, antifone et sonate: Canzon a 3", "artist": "Francesco Cavalli", "popularity": 38, "danceability": 0.267, "energy": 0.135, "key": 8, "loudness": -18.682, "mode": 0, "speechiness": 0.0421, "acousticness": 0.845, "instrumentalness": 0.00311, "liveness": 0.104, "valence": 0.145, "tempo": 121.794, "duration_ms": 331054, "time_signature": 4}, {"uri": "spotify:track:4xqiXPWirZSzj2KhElp2by", "name": "Erbarme dich (Matth\u00e4us-Passion), BWV 244", "artist": "Johann Sebastian Bach", "popularity": 0, "danceability": 0.2, "energy": 0.0907, "key": 3, "loudness": -24.072, "mode": 0, "speechiness": 0.0408, "acousticness": 0.939, "instrumentalness": 0.685, "liveness": 0.158, "valence": 0.112, "tempo": 92.195, "duration_ms": 435867, "time_signature": 3}, {"uri": "spotify:track:5UO0mq9xiBiwwfA91u8YQn", "name": "Marche pour la c\u00e9r\u00e9monie des Turcs (Jean-Baptiste Lully)", "artist": "Jean-Baptiste Lully", "popularity": 47, "danceability": 0.515, "energy": 0.329, "key": 9, "loudness": -10.295, "mode": 1, "speechiness": 0.0279, "acousticness": 0.545, "instrumentalness": 0.952, "liveness": 0.117, "valence": 0.543, "tempo": 144.34, "duration_ms": 139337, "time_signature": 4}, {"uri": "spotify:track:0JWcB3Vvz1XWqM1BIky8zn", "name": "Flute Concerto in D Minor, QV 5:81: II. Arioso", "artist": "Johann Joachim Quantz", "popularity": 39, "danceability": 0.241, "energy": 0.0399, "key": 3, "loudness": -22.314, "mode": 1, "speechiness": 0.0416, "acousticness": 0.972, "instrumentalness": 0.223, "liveness": 0.157, "valence": 0.351, "tempo": 133.912, "duration_ms": 349613, "time_signature": 4}, {"uri": "spotify:track:14stuPc6g7QVOQt2FSMJJM", "name": "Suite in G major: Pr\u00e9lude - lentement", "artist": "Marin Marais", "popularity": 41, "danceability": 0.196, "energy": 0.0673, "key": 6, "loudness": -25.98, "mode": 1, "speechiness": 0.0341, "acousticness": 0.879, "instrumentalness": 0.34, "liveness": 0.246, "valence": 0.145, "tempo": 86.275, "duration_ms": 147560, "time_signature": 3}, {"uri": "spotify:track:5AW6hac4JAKu0ygmZUw7HF", "name": "Violin Concerto in E-Flat Major, RV 257: III. Allegro", "artist": "Antonio Vivaldi", "popularity": 40, "danceability": 0.462, "energy": 0.329, "key": 9, "loudness": -14.597, "mode": 1, "speechiness": 0.0399, "acousticness": 0.864, "instrumentalness": 0.557, "liveness": 0.221, "valence": 0.711, "tempo": 138.229, "duration_ms": 190160, "time_signature": 3}, {"uri": "spotify:track:7wyRAUSFCqE9mvRcdEIIPM", "name": "Abdelazer, Z.570: 2. Rondeau", "artist": "Henry Purcell", "popularity": 0, "danceability": 0.379, "energy": 0.0713, "key": 1, "loudness": -19.582, "mode": 0, "speechiness": 0.0335, "acousticness": 0.726, "instrumentalness": 0.364, "liveness": 0.121, "valence": 0.382, "tempo": 97.807, "duration_ms": 100893, "time_signature": 3}, {"uri": "spotify:track:6JkDThoofgbKj59ykGwRph", "name": "Noel Symphony No. 4 in D Minor: I. Une jeune pucelle: Moderato", "artist": "Michel Corrette", "popularity": 36, "danceability": 0.325, "energy": 0.112, "key": 1, "loudness": -19.847, "mode": 0, "speechiness": 0.0502, "acousticness": 0.751, "instrumentalness": 1.07e-06, "liveness": 0.0943, "valence": 0.255, "tempo": 106.211, "duration_ms": 102827, "time_signature": 3}, {"uri": "spotify:track:6oEKCzMIdUT4dbeI05gcKy", "name": "Concerto for violoncello piccolo in G Major, RV. 414: II. Largo", "artist": "Antonio Vivaldi", "popularity": 36, "danceability": 0.175, "energy": 0.205, "key": 3, "loudness": -13.847, "mode": 0, "speechiness": 0.0321, "acousticness": 0.914, "instrumentalness": 0.757, "liveness": 0.114, "valence": 0.135, "tempo": 101.093, "duration_ms": 180467, "time_signature": 4}, {"uri": "spotify:track:6oN60KFkZjs80sCHIxIDzC", "name": "Tafelmusik - Banquet Music In 3 Parts / Production 1 - 3. Concert In A Major, TWV 53:A2: 2. Allegro", "artist": "Georg Philipp Telemann", "popularity": 0, "danceability": 0.505, "energy": 0.199, "key": 8, "loudness": -18.971, "mode": 1, "speechiness": 0.0362, "acousticness": 0.838, "instrumentalness": 0.000595, "liveness": 0.189, "valence": 0.62, "tempo": 125.96, "duration_ms": 498133, "time_signature": 3}, {"uri": "spotify:track:1HPcyCEdd3b1inMCmqMgut", "name": "Trio Sonata No. 4 in C Major: I. Adagio", "artist": "Johann Gottlieb Goldberg", "popularity": 37, "danceability": 0.223, "energy": 0.176, "key": 11, "loudness": -18.616, "mode": 1, "speechiness": 0.0436, "acousticness": 0.602, "instrumentalness": 1.25e-06, "liveness": 0.345, "valence": 0.112, "tempo": 74.856, "duration_ms": 195680, "time_signature": 4}, {"uri": "spotify:track:2sqhid2MBYJCZWPrLjsUbP", "name": "Violin Partita No. 3 in E Major, BWV 1006: I. Preludio", "artist": "Johann Sebastian Bach", "popularity": 47, "danceability": 0.464, "energy": 0.318, "key": 9, "loudness": -17.351, "mode": 1, "speechiness": 0.0684, "acousticness": 0.987, "instrumentalness": 0.605, "liveness": 0.0632, "valence": 0.946, "tempo": 125.667, "duration_ms": 214267, "time_signature": 3}, {"uri": "spotify:track:4Csfmh2DSCAZmTg1B4ISKA", "name": "L'Orfeo - Prologo: Toccata", "artist": "Claudio Monteverdi", "popularity": 38, "danceability": 0.654, "energy": 0.348, "key": 2, "loudness": -11.351, "mode": 1, "speechiness": 0.0355, "acousticness": 0.434, "instrumentalness": 0.0756, "liveness": 0.201, "valence": 0.361, "tempo": 133.644, "duration_ms": 87960, "time_signature": 4}, {"uri": "spotify:track:5olY8yO9tGgPee9xNasVpN", "name": "Sonata in E Major, K. 380", "artist": "Domenico Scarlatti", "popularity": 46, "danceability": 0.449, "energy": 0.0378, "key": 11, "loudness": -31.383, "mode": 1, "speechiness": 0.0373, "acousticness": 0.992, "instrumentalness": 0.951, "liveness": 0.141, "valence": 0.168, "tempo": 83.757, "duration_ms": 172800, "time_signature": 4}, {"uri": "spotify:track:48QIVLW6MoDjMhAUzFnZci", "name": "Sonata D major", "artist": "Georg Muffat", "popularity": 0, "danceability": 0.253, "energy": 0.232, "key": 1, "loudness": -13.413, "mode": 1, "speechiness": 0.0377, "acousticness": 0.868, "instrumentalness": 0.12, "liveness": 0.112, "valence": 0.0702, "tempo": 109.4, "duration_ms": 772907, "time_signature": 4}, {"uri": "spotify:track:6x1xxlk6Dw1IdzvrzsL7B3", "name": "Water Music, Suite No. 2, HWV 349: Water Music, Suite No. 2, HWV 349: XII. [Alla Hornpipe]", "artist": "George Frideric Handel", "popularity": 43, "danceability": 0.523, "energy": 0.244, "key": 1, "loudness": -16.461, "mode": 1, "speechiness": 0.0364, "acousticness": 0.925, "instrumentalness": 0.269, "liveness": 0.0984, "valence": 0.691, "tempo": 132.097, "duration_ms": 223773, "time_signature": 3}, {"uri": "spotify:track:0mD1a7haZKdX9I0oPywrMb", "name": "Air on a G String", "artist": "Johann Sebastian Bach", "popularity": 60, "danceability": 0.109, "energy": 0.314, "key": 2, "loudness": -11.27, "mode": 1, "speechiness": 0.039, "acousticness": 0.982, "instrumentalness": 0.895, "liveness": 0.108, "valence": 0.0557, "tempo": 172.773, "duration_ms": 289640, "time_signature": 3}, {"uri": "spotify:track:2dhVYaegGwyXb03FOAK3ZN", "name": "Sonata III: V. Rondeau", "artist": "Georg Muffat", "popularity": 33, "danceability": 0.484, "energy": 0.14, "key": 8, "loudness": -21.779, "mode": 1, "speechiness": 0.0375, "acousticness": 0.734, "instrumentalness": 0.00215, "liveness": 0.0797, "valence": 0.922, "tempo": 135.009, "duration_ms": 77933, "time_signature": 3}, {"uri": "spotify:track:5FNxBADhe8SM9Aejtw1AfR", "name": "Largo from Xerxes", "artist": "George Frideric Handel", "popularity": 46, "danceability": 0.0791, "energy": 0.1, "key": 7, "loudness": -19.084, "mode": 1, "speechiness": 0.0401, "acousticness": 0.468, "instrumentalness": 0.911, "liveness": 0.103, "valence": 0.0559, "tempo": 82.174, "duration_ms": 350493, "time_signature": 4}]