[{"uri": "spotify:track:2kG5litgxXvx6ZRgwO1v7W", "name": "Sedona", "artist": "Houndmouth", "popularity": 1, "danceability": 0.396, "energy": 0.677, "key": 3, "loudness": -7.513, "mode": 1, "speechiness": 0.0354, "acousticness": 0.0372, "instrumentalness": 0.000137, "liveness": 0.112, "valence": 0.249, "tempo": 135.177, "duration_ms": 239880, "time_signature": 4}, {"uri": "spotify:track:2qEqMx1n0dnCBzWT9l3nGL", "name": "Real Love Baby", "artist": "Father John Misty", "popularity": 0, "danceability": 0.427, "energy": 0.684, "key": 7, "loudness": -6.487, "mode": 1, "speechiness": 0.0353, "acousticness": 0.0956, "instrumentalness": 0.0196, "liveness": 0.12, "valence": 0.606, "tempo": 204.429, "duration_ms": 189293, "time_signature": 4}, {"uri": "spotify:track:1jyddn36UN4tVsJGtaJfem", "name": "You Are the Best Thing", "artist": "Ray LaMontagne", "popularity": 68, "danceability": 0.578, "energy": 0.727, "key": 10, "loudness": -4.872, "mode": 1, "speechiness": 0.0332, "acousticness": 0.0304, "instrumentalness": 1.99e-05, "liveness": 0.172, "valence": 0.885, "tempo": 170.593, "duration_ms": 231840, "time_signature": 4}, {"uri": "spotify:track:6ET9kf9riLETWs9lePUEAI", "name": "Slow Burn", "artist": "Kacey Musgraves", "popularity": 70, "danceability": 0.555, "energy": 0.43, "key": 2, "loudness": -9.105, "mode": 1, "speechiness": 0.0295, "acousticness": 0.462, "instrumentalness": 0.000191, "liveness": 0.0869, "valence": 0.274, "tempo": 147.613, "duration_ms": 246133, "time_signature": 4}, {"uri": "spotify:track:2CaLpacfbqCPvcLmX4ZN8e", "name": "Mockingbird", "artist": "Ruston Kelly", "popularity": 0, "danceability": 0.474, "energy": 0.723, "key": 10, "loudness": -4.66, "mode": 1, "speechiness": 0.0354, "acousticness": 0.0628, "instrumentalness": 3e-06, "liveness": 0.109, "valence": 0.239, "tempo": 148.379, "duration_ms": 277293, "time_signature": 4}, {"uri": "spotify:track:0k2puHMjDeAUyWvoaU7LhQ", "name": "Summertime Mama", "artist": "Becca Mancari", "popularity": 44, "danceability": 0.472, "energy": 0.755, "key": 3, "loudness": -5.479, "mode": 1, "speechiness": 0.0283, "acousticness": 0.00554, "instrumentalness": 0.526, "liveness": 0.112, "valence": 0.568, "tempo": 86.534, "duration_ms": 176552, "time_signature": 4}, {"uri": "spotify:track:5tlu2nA8GxkDx8UTKG1rLV", "name": "People Need A Melody", "artist": "The Head And The Heart", "popularity": 60, "danceability": 0.586, "energy": 0.54, "key": 0, "loudness": -5.761, "mode": 1, "speechiness": 0.0255, "acousticness": 0.192, "instrumentalness": 0, "liveness": 0.127, "valence": 0.162, "tempo": 82.156, "duration_ms": 252302, "time_signature": 4}, {"uri": "spotify:track:47KDDZgFiX1w6RFOuLXsSn", "name": "Tomorrow", "artist": "Shakey Graves", "popularity": 69, "danceability": 0.564, "energy": 0.354, "key": 7, "loudness": -10.85, "mode": 1, "speechiness": 0.0334, "acousticness": 0.73, "instrumentalness": 3.43e-06, "liveness": 0.208, "valence": 0.423, "tempo": 98.075, "duration_ms": 240587, "time_signature": 3}, {"uri": "spotify:track:5esPpmrM2AsyDVgOKzWQwU", "name": "Beyond", "artist": "Leon Bridges", "popularity": 4, "danceability": 0.581, "energy": 0.687, "key": 6, "loudness": -5.4, "mode": 1, "speechiness": 0.105, "acousticness": 0.229, "instrumentalness": 0, "liveness": 0.109, "valence": 0.187, "tempo": 76.014, "duration_ms": 240600, "time_signature": 4}, {"uri": "spotify:track:7w5cxTEzp1rfV3KCy0Bd5N", "name": "Home", "artist": "Edward Sharpe & The Magnetic Zeros", "popularity": 70, "danceability": 0.542, "energy": 0.589, "key": 2, "loudness": -6.623, "mode": 1, "speechiness": 0.0318, "acousticness": 0.292, "instrumentalness": 0.000522, "liveness": 0.177, "valence": 0.137, "tempo": 111.665, "duration_ms": 303200, "time_signature": 4}, {"uri": "spotify:track:0gKiONJeEtwb3hps4sUgyn", "name": "Changes", "artist": "Langhorne Slim", "popularity": 63, "danceability": 0.668, "energy": 0.367, "key": 11, "loudness": -11.002, "mode": 1, "speechiness": 0.0285, "acousticness": 0.891, "instrumentalness": 0.00521, "liveness": 0.103, "valence": 0.342, "tempo": 110.21, "duration_ms": 161907, "time_signature": 4}, {"uri": "spotify:track:4KmylOc7EVRfTfy6OImJPX", "name": "Chateau Lobby #4 (in C for Two Virgins)", "artist": "Father John Misty", "popularity": 0, "danceability": 0.436, "energy": 0.804, "key": 0, "loudness": -4.907, "mode": 1, "speechiness": 0.0409, "acousticness": 0.209, "instrumentalness": 0, "liveness": 0.171, "valence": 0.784, "tempo": 188.061, "duration_ms": 170840, "time_signature": 4}, {"uri": "spotify:track:5qW6ZYct54PhKliCntyxRX", "name": "Cover Me Up", "artist": "Jason Isbell", "popularity": 63, "danceability": 0.429, "energy": 0.093, "key": 3, "loudness": -15.944, "mode": 1, "speechiness": 0.0433, "acousticness": 0.882, "instrumentalness": 0.00703, "liveness": 0.111, "valence": 0.208, "tempo": 129.661, "duration_ms": 293973, "time_signature": 3}, {"uri": "spotify:track:23HxMVdUqSsWwar52dS4ZT", "name": "Hold On", "artist": "Alabama Shakes", "popularity": 0, "danceability": 0.574, "energy": 0.667, "key": 5, "loudness": -5.425, "mode": 1, "speechiness": 0.0301, "acousticness": 0.206, "instrumentalness": 0.352, "liveness": 0.0852, "valence": 0.546, "tempo": 88.299, "duration_ms": 226187, "time_signature": 4}, {"uri": "spotify:track:4Q6Kuze3wNMQRjamyBjHUR", "name": "Rivers and Roads", "artist": "The Head And The Heart", "popularity": 0, "danceability": 0.494, "energy": 0.194, "key": 0, "loudness": -8.965, "mode": 1, "speechiness": 0.0352, "acousticness": 0.699, "instrumentalness": 2.98e-05, "liveness": 0.0803, "valence": 0.161, "tempo": 135.753, "duration_ms": 284000, "time_signature": 3}, {"uri": "spotify:track:0ewrI06EIDMGXvgJxuyF3U", "name": "Dearly Departed (feat. Esm\u00e9 Patterson)", "artist": "Shakey Graves", "popularity": 63, "danceability": 0.576, "energy": 0.609, "key": 7, "loudness": -5.921, "mode": 1, "speechiness": 0.107, "acousticness": 0.303, "instrumentalness": 0, "liveness": 0.164, "valence": 0.737, "tempo": 86.703, "duration_ms": 212800, "time_signature": 4}, {"uri": "spotify:track:6RjDBZC6xyTEbavDbFrYOE", "name": "Dusty Trails", "artist": "Lucius", "popularity": 0, "danceability": 0.512, "energy": 0.439, "key": 4, "loudness": -8.816, "mode": 1, "speechiness": 0.028, "acousticness": 0.48, "instrumentalness": 1.07e-05, "liveness": 0.109, "valence": 0.364, "tempo": 139.824, "duration_ms": 264040, "time_signature": 3}, {"uri": "spotify:track:6VJESmw3puw9eFpmglP2dM", "name": "Hummingbird", "artist": "Traveller", "popularity": 46, "danceability": 0.959, "energy": 0.424, "key": 2, "loudness": -9.5, "mode": 1, "speechiness": 0.0522, "acousticness": 0.435, "instrumentalness": 0.00049, "liveness": 0.107, "valence": 0.852, "tempo": 108.997, "duration_ms": 192743, "time_signature": 4}, {"uri": "spotify:track:3fqwjXwUGN6vbzIwvyFMhx", "name": "Tennessee Whiskey", "artist": "Chris Stapleton", "popularity": 81, "danceability": 0.392, "energy": 0.37, "key": 9, "loudness": -10.888, "mode": 1, "speechiness": 0.0298, "acousticness": 0.205, "instrumentalness": 0.0096, "liveness": 0.0821, "valence": 0.512, "tempo": 48.718, "duration_ms": 293293, "time_signature": 4}, {"uri": "spotify:track:23Q4sMxgEKRXDMi62xPP5R", "name": "When The Tequila Runs Out", "artist": "Dawes", "popularity": 43, "danceability": 0.682, "energy": 0.759, "key": 0, "loudness": -6.225, "mode": 1, "speechiness": 0.041, "acousticness": 0.0438, "instrumentalness": 0.000309, "liveness": 0.367, "valence": 0.863, "tempo": 155.993, "duration_ms": 284720, "time_signature": 4}, {"uri": "spotify:track:5kGBSOrKYmhRfdPBw4xD8D", "name": "Angela (Single Version)", "artist": "The Lumineers", "popularity": 54, "danceability": 0.652, "energy": 0.601, "key": 4, "loudness": -7.988, "mode": 1, "speechiness": 0.0317, "acousticness": 0.625, "instrumentalness": 0.000165, "liveness": 0.17, "valence": 0.302, "tempo": 130.308, "duration_ms": 178840, "time_signature": 4}, {"uri": "spotify:track:6AQGlm2uDrOVXPVJE4hrNu", "name": "Lost In My Mind", "artist": "The Head And The Heart", "popularity": 0, "danceability": 0.372, "energy": 0.542, "key": 2, "loudness": -8.113, "mode": 1, "speechiness": 0.0288, "acousticness": 0.43, "instrumentalness": 0.000335, "liveness": 0.282, "valence": 0.384, "tempo": 95.34, "duration_ms": 259120, "time_signature": 4}, {"uri": "spotify:track:6x14wL9HvABR2Rix8N88EH", "name": "Dylan Thomas", "artist": "Better Oblivion Community Center", "popularity": 12, "danceability": 0.592, "energy": 0.805, "key": 2, "loudness": -7.995, "mode": 1, "speechiness": 0.0371, "acousticness": 0.000128, "instrumentalness": 0.000211, "liveness": 0.0916, "valence": 0.505, "tempo": 116.072, "duration_ms": 216787, "time_signature": 4}, {"uri": "spotify:track:6Qr1ChOap1WchlSJh0JVsc", "name": "Revolution", "artist": "Van William", "popularity": 0, "danceability": 0.454, "energy": 0.666, "key": 11, "loudness": -6.541, "mode": 1, "speechiness": 0.0364, "acousticness": 0.349, "instrumentalness": 2.39e-06, "liveness": 0.191, "valence": 0.585, "tempo": 159.968, "duration_ms": 235947, "time_signature": 4}, {"uri": "spotify:track:38ydcsbayM4oX21Hhu84DT", "name": "Every Time the Sun Comes Up", "artist": "Sharon Van Etten", "popularity": 17, "danceability": 0.663, "energy": 0.522, "key": 1, "loudness": -8.741, "mode": 1, "speechiness": 0.0374, "acousticness": 0.392, "instrumentalness": 5.41e-06, "liveness": 0.197, "valence": 0.301, "tempo": 99.765, "duration_ms": 262520, "time_signature": 4}, {"uri": "spotify:track:0QB71BDzh36guAExsTIgNO", "name": "Only Love", "artist": "Ben Howard", "popularity": 11, "danceability": 0.545, "energy": 0.485, "key": 8, "loudness": -9.941, "mode": 1, "speechiness": 0.151, "acousticness": 0.3, "instrumentalness": 0.00137, "liveness": 0.119, "valence": 0.341, "tempo": 80.401, "duration_ms": 249173, "time_signature": 4}, {"uri": "spotify:track:2SpEHTbUuebeLkgs9QB7Ue", "name": "Jolene", "artist": "Dolly Parton", "popularity": 74, "danceability": 0.674, "energy": 0.537, "key": 1, "loudness": -10.971, "mode": 0, "speechiness": 0.0363, "acousticness": 0.566, "instrumentalness": 0, "liveness": 0.131, "valence": 0.809, "tempo": 110.578, "duration_ms": 161533, "time_signature": 4}, {"uri": "spotify:track:6JKAzUVLuznWCbGZYiGe3n", "name": "Real Peach", "artist": "Henry Jamison", "popularity": 0, "danceability": 0.579, "energy": 0.559, "key": 1, "loudness": -7.338, "mode": 1, "speechiness": 0.0325, "acousticness": 0.398, "instrumentalness": 0.000206, "liveness": 0.0817, "valence": 0.328, "tempo": 151.985, "duration_ms": 233289, "time_signature": 4}, {"uri": "spotify:track:5bZFTRq6V7NXOJ4evYpKS6", "name": "Waltz About Whiskey", "artist": "Mandolin Orange", "popularity": 0, "danceability": 0.613, "energy": 0.262, "key": 0, "loudness": -9.745, "mode": 1, "speechiness": 0.0274, "acousticness": 0.851, "instrumentalness": 5.85e-05, "liveness": 0.103, "valence": 0.294, "tempo": 109.005, "duration_ms": 226827, "time_signature": 3}, {"uri": "spotify:track:5MMZJtHOiH1RmQSSe3DJdg", "name": "Sleep On The Floor", "artist": "The Lumineers", "popularity": 71, "danceability": 0.389, "energy": 0.431, "key": 7, "loudness": -8.061, "mode": 1, "speechiness": 0.0344, "acousticness": 0.249, "instrumentalness": 0, "liveness": 0.13, "valence": 0.275, "tempo": 142.14, "duration_ms": 211851, "time_signature": 4}, {"uri": "spotify:track:2faAuMnNFUHn04oTfyHwgQ", "name": "Morning Light", "artist": "Wilderado", "popularity": 0, "danceability": 0.457, "energy": 0.582, "key": 9, "loudness": -4.971, "mode": 1, "speechiness": 0.0285, "acousticness": 0.00592, "instrumentalness": 2.39e-05, "liveness": 0.0847, "valence": 0.335, "tempo": 76.049, "duration_ms": 220253, "time_signature": 4}, {"uri": "spotify:track:0gqxf8wrEkewjmZB7OT4mL", "name": "You Worry Me", "artist": "Nathaniel Rateliff & The Night Sweats", "popularity": 0, "danceability": 0.665, "energy": 0.639, "key": 2, "loudness": -7.747, "mode": 1, "speechiness": 0.0276, "acousticness": 0.121, "instrumentalness": 0.327, "liveness": 0.0952, "valence": 0.642, "tempo": 100.082, "duration_ms": 214160, "time_signature": 4}, {"uri": "spotify:track:12AZ6nSJdq3bYgVeza8nSE", "name": "Easy Rider", "artist": "Eddie Berman", "popularity": 0, "danceability": 0.569, "energy": 0.472, "key": 4, "loudness": -10.222, "mode": 1, "speechiness": 0.0263, "acousticness": 0.499, "instrumentalness": 0.017, "liveness": 0.11, "valence": 0.326, "tempo": 115.359, "duration_ms": 229800, "time_signature": 4}, {"uri": "spotify:track:4CLPNURPcKztF9RRdcWLGP", "name": "Follow Your Arrow", "artist": "Kacey Musgraves", "popularity": 68, "danceability": 0.448, "energy": 0.649, "key": 5, "loudness": -5.925, "mode": 1, "speechiness": 0.0434, "acousticness": 0.418, "instrumentalness": 0, "liveness": 0.0976, "valence": 0.575, "tempo": 195.925, "duration_ms": 199640, "time_signature": 4}, {"uri": "spotify:track:3HdcqQpq7zb5GbEKBDY34p", "name": "Humbug Mountain Song", "artist": "Fruit Bats", "popularity": 63, "danceability": 0.593, "energy": 0.926, "key": 6, "loudness": -5.361, "mode": 0, "speechiness": 0.0319, "acousticness": 0.0355, "instrumentalness": 0.0582, "liveness": 0.311, "valence": 0.945, "tempo": 100.011, "duration_ms": 184347, "time_signature": 4}, {"uri": "spotify:track:4iaGeV4WFvP2ynbqCIyTpS", "name": "Mykonos", "artist": "Fleet Foxes", "popularity": 0, "danceability": 0.3, "energy": 0.452, "key": 11, "loudness": -9.298, "mode": 1, "speechiness": 0.0305, "acousticness": 0.395, "instrumentalness": 0.000834, "liveness": 0.137, "valence": 0.342, "tempo": 82.985, "duration_ms": 275307, "time_signature": 4}, {"uri": "spotify:track:2SYvX2G6D5SD6BpijIOBpG", "name": "Things Happen", "artist": "Dawes", "popularity": 53, "danceability": 0.522, "energy": 0.531, "key": 7, "loudness": -7.78, "mode": 1, "speechiness": 0.0293, "acousticness": 0.387, "instrumentalness": 0, "liveness": 0.202, "valence": 0.761, "tempo": 79.252, "duration_ms": 243320, "time_signature": 4}, {"uri": "spotify:track:5DVKKqwLGjvK9ojz3zLjB7", "name": "There Will Be Time", "artist": "Mumford & Sons", "popularity": 0, "danceability": 0.481, "energy": 0.703, "key": 1, "loudness": -8.344, "mode": 0, "speechiness": 0.0466, "acousticness": 0.0137, "instrumentalness": 0, "liveness": 0.0879, "valence": 0.225, "tempo": 149.951, "duration_ms": 267947, "time_signature": 4}, {"uri": "spotify:track:2zH8blq2DmO9c8305A2iFB", "name": "All The Time", "artist": "Bahamas", "popularity": 0, "danceability": 0.708, "energy": 0.465, "key": 4, "loudness": -4.799, "mode": 0, "speechiness": 0.0507, "acousticness": 0.641, "instrumentalness": 0.00293, "liveness": 0.0871, "valence": 0.511, "tempo": 127.488, "duration_ms": 234973, "time_signature": 4}, {"uri": "spotify:track:3l9eg9RtisizG12a1D6nZl", "name": "Pretty Pimpin", "artist": "Kurt Vile", "popularity": 1, "danceability": 0.566, "energy": 0.664, "key": 8, "loudness": -9.081, "mode": 1, "speechiness": 0.0281, "acousticness": 0.0928, "instrumentalness": 0.305, "liveness": 0.0903, "valence": 0.764, "tempo": 91.117, "duration_ms": 298760, "time_signature": 4}, {"uri": "spotify:track:5vVHhJr6OpVuHMt1TuHT35", "name": "Call Me In The Afternoon", "artist": "Half Moon Run", "popularity": 28, "danceability": 0.512, "energy": 0.948, "key": 1, "loudness": -7.923, "mode": 1, "speechiness": 0.0439, "acousticness": 0.126, "instrumentalness": 0.0122, "liveness": 0.112, "valence": 0.607, "tempo": 88.556, "duration_ms": 193244, "time_signature": 4}, {"uri": "spotify:track:2V6DAmBQMKUkXFw5rcbRF2", "name": "Easy Way Out", "artist": "Dylan LeBlanc", "popularity": 0, "danceability": 0.558, "energy": 0.543, "key": 9, "loudness": -8.825, "mode": 0, "speechiness": 0.0288, "acousticness": 0.439, "instrumentalness": 0.00924, "liveness": 0.0989, "valence": 0.743, "tempo": 157.542, "duration_ms": 279000, "time_signature": 4}, {"uri": "spotify:track:5cTjO1vlSiN9Xs6xDxWOrI", "name": "Hurtin' (On the Bottle)", "artist": "Margo Price", "popularity": 0, "danceability": 0.662, "energy": 0.726, "key": 7, "loudness": -5.443, "mode": 1, "speechiness": 0.0285, "acousticness": 0.242, "instrumentalness": 1.2e-06, "liveness": 0.383, "valence": 0.813, "tempo": 91.446, "duration_ms": 252507, "time_signature": 4}, {"uri": "spotify:track:5bAJhDTVCWVScr5Ev4LnB2", "name": "Rhythm & Blues", "artist": "The Head And The Heart", "popularity": 51, "danceability": 0.433, "energy": 0.863, "key": 4, "loudness": -4.452, "mode": 1, "speechiness": 0.0296, "acousticness": 0.00148, "instrumentalness": 0.00107, "liveness": 0.351, "valence": 0.54, "tempo": 82.998, "duration_ms": 240253, "time_signature": 4}, {"uri": "spotify:track:5yvnuEZmDBNH4uEhqdayCS", "name": "Sunday Morning Coming Down - Live", "artist": "Johnny Cash", "popularity": 45, "danceability": 0.375, "energy": 0.536, "key": 8, "loudness": -6.648, "mode": 1, "speechiness": 0.0275, "acousticness": 0.363, "instrumentalness": 0.000147, "liveness": 0.453, "valence": 0.807, "tempo": 78.239, "duration_ms": 249867, "time_signature": 4}, {"uri": "spotify:track:0R3gqx7lNCJqR85aAIVRO5", "name": "What's Chasing You", "artist": "Marlon Williams", "popularity": 4, "danceability": 0.562, "energy": 0.543, "key": 0, "loudness": -7.635, "mode": 1, "speechiness": 0.0258, "acousticness": 0.012, "instrumentalness": 0.000507, "liveness": 0.343, "valence": 0.572, "tempo": 113.022, "duration_ms": 161691, "time_signature": 4}, {"uri": "spotify:track:5I6y1KWmUoV5YCaIEcs1qs", "name": "Should Have Known Better", "artist": "Sufjan Stevens", "popularity": 20, "danceability": 0.571, "energy": 0.172, "key": 7, "loudness": -20.7, "mode": 1, "speechiness": 0.0318, "acousticness": 0.979, "instrumentalness": 0.275, "liveness": 0.124, "valence": 0.297, "tempo": 90.972, "duration_ms": 307698, "time_signature": 4}, {"uri": "spotify:track:2tmL6BDmK6SwOt2ETIgmfo", "name": "Just One of the Guys", "artist": "Jenny Lewis", "popularity": 26, "danceability": 0.325, "energy": 0.664, "key": 9, "loudness": -4.45, "mode": 1, "speechiness": 0.0344, "acousticness": 0.00119, "instrumentalness": 0, "liveness": 0.187, "valence": 0.367, "tempo": 135.883, "duration_ms": 231827, "time_signature": 4}, {"uri": "spotify:track:3zr2s3o2Ye1j6t0ZMdoUYi", "name": "Song For Zula", "artist": "Phosphorescent", "popularity": 15, "danceability": 0.492, "energy": 0.626, "key": 4, "loudness": -8.26, "mode": 1, "speechiness": 0.0349, "acousticness": 0.729, "instrumentalness": 0.533, "liveness": 0.0509, "valence": 0.524, "tempo": 86.016, "duration_ms": 370200, "time_signature": 4}, {"uri": "spotify:track:0usEptA5JIPH91TzfJgwuS", "name": "Biloxi", "artist": "Hiss Golden Messenger", "popularity": 0, "danceability": 0.616, "energy": 0.849, "key": 9, "loudness": -6.46, "mode": 1, "speechiness": 0.0593, "acousticness": 0.36, "instrumentalness": 0.000308, "liveness": 0.159, "valence": 0.537, "tempo": 87.621, "duration_ms": 171493, "time_signature": 4}, {"uri": "spotify:track:69JVdNLDcV6YS5SJBIB3bD", "name": "Too Stoned to Cry - 2019 Recut", "artist": "Andrew Combs", "popularity": 20, "danceability": 0.636, "energy": 0.262, "key": 4, "loudness": -10.845, "mode": 1, "speechiness": 0.0377, "acousticness": 0.86, "instrumentalness": 0.00167, "liveness": 0.114, "valence": 0.356, "tempo": 116.841, "duration_ms": 204288, "time_signature": 3}, {"uri": "spotify:track:5Wvf91821sBE8aErRtpfRN", "name": "The Rains", "artist": "Henry Jamison", "popularity": 0, "danceability": 0.689, "energy": 0.399, "key": 6, "loudness": -10.906, "mode": 1, "speechiness": 0.028, "acousticness": 0.648, "instrumentalness": 0.0167, "liveness": 0.0704, "valence": 0.432, "tempo": 117.027, "duration_ms": 211795, "time_signature": 4}, {"uri": "spotify:track:2EWpa5XnAuSn0sIkSSIhYk", "name": "Wish I Knew You", "artist": "The Revivalists", "popularity": 71, "danceability": 0.649, "energy": 0.718, "key": 0, "loudness": -6.593, "mode": 0, "speechiness": 0.0261, "acousticness": 0.142, "instrumentalness": 0.0713, "liveness": 0.124, "valence": 0.718, "tempo": 101.034, "duration_ms": 274093, "time_signature": 4}, {"uri": "spotify:track:2sgbm2X8Ye9YIzvEUFGoar", "name": "Love Ain't Enough", "artist": "The Barr Brothers", "popularity": 44, "danceability": 0.597, "energy": 0.606, "key": 5, "loudness": -9.011, "mode": 1, "speechiness": 0.0272, "acousticness": 0.0792, "instrumentalness": 0.325, "liveness": 0.188, "valence": 0.614, "tempo": 81.01, "duration_ms": 290728, "time_signature": 4}, {"uri": "spotify:track:4oe1xMMvznxdsrSKx2jL6w", "name": "Won't Be Long", "artist": "The Dead Tongues", "popularity": 0, "danceability": 0.49, "energy": 0.576, "key": 9, "loudness": -5.648, "mode": 1, "speechiness": 0.029, "acousticness": 0.201, "instrumentalness": 1.44e-06, "liveness": 0.0909, "valence": 0.449, "tempo": 114.963, "duration_ms": 225867, "time_signature": 4}, {"uri": "spotify:track:1HSK85Escjg7ClgwgnMI0G", "name": "Highway Queen", "artist": "Nikki Lane", "popularity": 45, "danceability": 0.542, "energy": 0.759, "key": 0, "loudness": -6.274, "mode": 1, "speechiness": 0.0487, "acousticness": 0.0282, "instrumentalness": 1.9e-06, "liveness": 0.134, "valence": 0.315, "tempo": 88.479, "duration_ms": 231813, "time_signature": 4}, {"uri": "spotify:track:25hEexChI4sq7CH1K4hqh8", "name": "Blind in the Fray", "artist": "The Last Revel", "popularity": 0, "danceability": 0.489, "energy": 0.513, "key": 0, "loudness": -10.866, "mode": 1, "speechiness": 0.0305, "acousticness": 0.241, "instrumentalness": 0.000862, "liveness": 0.111, "valence": 0.469, "tempo": 87.864, "duration_ms": 213360, "time_signature": 4}, {"uri": "spotify:track:77EOVfDhyUX5nSzzc4ZEGX", "name": "Golden", "artist": "Becca Mancari", "popularity": 43, "danceability": 0.348, "energy": 0.246, "key": 3, "loudness": -11.534, "mode": 1, "speechiness": 0.028, "acousticness": 0.764, "instrumentalness": 0.00125, "liveness": 0.0996, "valence": 0.193, "tempo": 136.1, "duration_ms": 313296, "time_signature": 4}, {"uri": "spotify:track:07j5RLJHwsm4cUb3GGoW3w", "name": "9 to 5", "artist": "Dolly Parton", "popularity": 49, "danceability": 0.557, "energy": 0.615, "key": 6, "loudness": -10.638, "mode": 1, "speechiness": 0.0418, "acousticness": 0.5, "instrumentalness": 1.02e-06, "liveness": 0.487, "valence": 0.82, "tempo": 104.475, "duration_ms": 165653, "time_signature": 4}, {"uri": "spotify:track:2BzYOfztRMaIVKTfYOGQgR", "name": "Only Lonely", "artist": "The Ballroom Thieves", "popularity": 0, "danceability": 0.412, "energy": 0.276, "key": 7, "loudness": -11.711, "mode": 1, "speechiness": 0.0296, "acousticness": 0.898, "instrumentalness": 0.000372, "liveness": 0.0955, "valence": 0.214, "tempo": 90.781, "duration_ms": 217557, "time_signature": 4}, {"uri": "spotify:track:5zILnyMhgATe9WMFDMhTMe", "name": "The Devil Is All Around", "artist": "Shovels & Rope", "popularity": 38, "danceability": 0.524, "energy": 0.482, "key": 7, "loudness": -4.826, "mode": 1, "speechiness": 0.0259, "acousticness": 0.142, "instrumentalness": 0, "liveness": 0.0862, "valence": 0.331, "tempo": 78.963, "duration_ms": 242137, "time_signature": 4}, {"uri": "spotify:track:5Z1U0knfYnsfvZycgDeOiC", "name": "Big Jet Plane", "artist": "Angus & Julia Stone", "popularity": 65, "danceability": 0.762, "energy": 0.387, "key": 10, "loudness": -8.643, "mode": 0, "speechiness": 0.0277, "acousticness": 0.239, "instrumentalness": 0.00756, "liveness": 0.13, "valence": 0.273, "tempo": 109.959, "duration_ms": 239147, "time_signature": 4}, {"uri": "spotify:track:43bkejyRlzXjVGKvXYLHzg", "name": "Coming Down the Mountain", "artist": "Mipso", "popularity": 0, "danceability": 0.582, "energy": 0.344, "key": 4, "loudness": -9.148, "mode": 1, "speechiness": 0.0278, "acousticness": 0.857, "instrumentalness": 0.0871, "liveness": 0.15, "valence": 0.374, "tempo": 140.013, "duration_ms": 273959, "time_signature": 4}, {"uri": "spotify:track:7d0XkI4iJ32nxeFAHFXbLQ", "name": "If You Need To, Keep Time on Me", "artist": "Fleet Foxes", "popularity": 61, "danceability": 0.521, "energy": 0.22, "key": 9, "loudness": -10.202, "mode": 1, "speechiness": 0.0314, "acousticness": 0.647, "instrumentalness": 0.00814, "liveness": 0.179, "valence": 0.135, "tempo": 104.03, "duration_ms": 210507, "time_signature": 4}, {"uri": "spotify:track:3Q7dM70nAfpK7TWkdZnNE4", "name": "Trinity Lane", "artist": "Lilly Hiatt", "popularity": 37, "danceability": 0.578, "energy": 0.811, "key": 10, "loudness": -6.228, "mode": 0, "speechiness": 0.027, "acousticness": 0.144, "instrumentalness": 0.0054, "liveness": 0.113, "valence": 0.752, "tempo": 145.056, "duration_ms": 233922, "time_signature": 4}, {"uri": "spotify:track:4Lpl8O1fYkOy07b9wWfIjM", "name": "Casino (Bad Things)", "artist": "Houndmouth", "popularity": 0, "danceability": 0.502, "energy": 0.616, "key": 8, "loudness": -4.944, "mode": 1, "speechiness": 0.0294, "acousticness": 0.0748, "instrumentalness": 0, "liveness": 0.0858, "valence": 0.666, "tempo": 77.569, "duration_ms": 160013, "time_signature": 4}, {"uri": "spotify:track:5WsxLkPL1QRKRfCed6qTTn", "name": "Whiskey", "artist": "Trampled by Turtles", "popularity": 53, "danceability": 0.599, "energy": 0.488, "key": 0, "loudness": -8.046, "mode": 0, "speechiness": 0.0297, "acousticness": 0.179, "instrumentalness": 0.00523, "liveness": 0.137, "valence": 0.353, "tempo": 128.534, "duration_ms": 265773, "time_signature": 4}, {"uri": "spotify:track:7MkkZ2luXmVSBz7vM9MIvR", "name": "When You're Ready", "artist": "Molly Tuttle", "popularity": 38, "danceability": 0.558, "energy": 0.417, "key": 0, "loudness": -8.38, "mode": 0, "speechiness": 0.0263, "acousticness": 0.18, "instrumentalness": 4.05e-05, "liveness": 0.138, "valence": 0.316, "tempo": 137.845, "duration_ms": 227554, "time_signature": 4}, {"uri": "spotify:track:25J4d78ESH2MgAJoIakB8O", "name": "Lost In The Light", "artist": "Bahamas", "popularity": 51, "danceability": 0.597, "energy": 0.267, "key": 2, "loudness": -8.796, "mode": 1, "speechiness": 0.0309, "acousticness": 0.793, "instrumentalness": 0.0014, "liveness": 0.111, "valence": 0.246, "tempo": 75.535, "duration_ms": 236720, "time_signature": 4}, {"uri": "spotify:track:1cXUmVaiwY79D1GvUf43QS", "name": "Fuck Up", "artist": "Sarah Shook & the Disarmers", "popularity": 43, "danceability": 0.602, "energy": 0.822, "key": 9, "loudness": -5.34, "mode": 1, "speechiness": 0.028, "acousticness": 0.0037, "instrumentalness": 0, "liveness": 0.127, "valence": 0.88, "tempo": 133.086, "duration_ms": 201427, "time_signature": 4}, {"uri": "spotify:track:3apWrinpISM6eNf9CjzfID", "name": "Two More Bottles of Wine - 2003 Remaster", "artist": "Emmylou Harris", "popularity": 24, "danceability": 0.764, "energy": 0.736, "key": 3, "loudness": -7.571, "mode": 1, "speechiness": 0.0333, "acousticness": 0.251, "instrumentalness": 0.000294, "liveness": 0.121, "valence": 0.96, "tempo": 134.336, "duration_ms": 186333, "time_signature": 4}, {"uri": "spotify:track:7oop0Rsh4jhdOtglVL3Dmf", "name": "Life of Sin", "artist": "Sturgill Simpson", "popularity": 54, "danceability": 0.499, "energy": 0.699, "key": 4, "loudness": -7.514, "mode": 1, "speechiness": 0.0702, "acousticness": 0.175, "instrumentalness": 6.12e-06, "liveness": 0.148, "valence": 0.814, "tempo": 169.244, "duration_ms": 146107, "time_signature": 4}, {"uri": "spotify:track:62RIzPoxJjgEvze5GCrmzX", "name": "Janglin", "artist": "Edward Sharpe & The Magnetic Zeros", "popularity": 0, "danceability": 0.578, "energy": 0.687, "key": 6, "loudness": -6.653, "mode": 0, "speechiness": 0.0508, "acousticness": 0.628, "instrumentalness": 7.96e-05, "liveness": 0.314, "valence": 0.366, "tempo": 123.817, "duration_ms": 229600, "time_signature": 4}, {"uri": "spotify:track:01JkrDSrakX5UO5knhpKNA", "name": "I'll Be the One", "artist": "Paul Cauthen", "popularity": 43, "danceability": 0.63, "energy": 0.656, "key": 0, "loudness": -6.423, "mode": 0, "speechiness": 0.0276, "acousticness": 0.0787, "instrumentalness": 0.000906, "liveness": 0.0953, "valence": 0.432, "tempo": 133.012, "duration_ms": 261731, "time_signature": 4}, {"uri": "spotify:track:7fKF4HdftIEt3lLAy3rDG6", "name": "In Your Arms", "artist": "Chef'Special", "popularity": 0, "danceability": 0.648, "energy": 0.564, "key": 5, "loudness": -10.269, "mode": 1, "speechiness": 0.0682, "acousticness": 0.673, "instrumentalness": 0, "liveness": 0.115, "valence": 0.377, "tempo": 92.958, "duration_ms": 215238, "time_signature": 4}]