[{"uri": "spotify:track:5902W4uHWzhtOff1UK7the", "name": "When I\u2019m Gone (with Katy Perry)", "artist": "Alesso", "popularity": 83, "danceability": 0.685, "energy": 0.886, "key": 0, "loudness": -4.179, "mode": 1, "speechiness": 0.034, "acousticness": 0.028, "instrumentalness": 0, "liveness": 0.481, "valence": 0.615, "tempo": 125.034, "duration_ms": 161267, "time_signature": 4}, {"uri": "spotify:track:5Gu0PDLN4YJeW75PpBSg9p", "name": "Let Me Go (with Alesso, Florida Georgia Line & watt)", "artist": "Hailee Steinfeld", "popularity": 80, "danceability": 0.664, "energy": 0.708, "key": 8, "loudness": -4.154, "mode": 1, "speechiness": 0.0474, "acousticness": 0.0337, "instrumentalness": 0, "liveness": 0.0841, "valence": 0.742, "tempo": 103.07, "duration_ms": 174800, "time_signature": 4}, {"uri": "spotify:track:6y6xhAgZjvxy5kR5rigpY3", "name": "Chasing Stars (feat. James Bay)", "artist": "Alesso", "popularity": 76, "danceability": 0.594, "energy": 0.64, "key": 10, "loudness": -6.865, "mode": 1, "speechiness": 0.033, "acousticness": 0.0169, "instrumentalness": 0, "liveness": 0.135, "valence": 0.492, "tempo": 92.871, "duration_ms": 170457, "time_signature": 4}, {"uri": "spotify:track:3zU9rdflI65tK4dkkNSp77", "name": "Heroes (we could be)", "artist": "Alesso", "popularity": 73, "danceability": 0.503, "energy": 0.748, "key": 5, "loudness": -4.124, "mode": 1, "speechiness": 0.0619, "acousticness": 0.0305, "instrumentalness": 0, "liveness": 0.343, "valence": 0.356, "tempo": 125.896, "duration_ms": 210013, "time_signature": 4}, {"uri": "spotify:track:4J7CKHCF3mdL4diUsmW8lq", "name": "Under Control (feat. Hurts)", "artist": "Calvin Harris", "popularity": 74, "danceability": 0.544, "energy": 0.915, "key": 8, "loudness": -3.405, "mode": 1, "speechiness": 0.0841, "acousticness": 0.129, "instrumentalness": 0.000914, "liveness": 0.115, "valence": 0.51, "tempo": 126.094, "duration_ms": 184280, "time_signature": 4}, {"uri": "spotify:track:4ZTTUAjJCd4NMZmIU7RB4c", "name": "Midnight (feat. Liam Payne)", "artist": "Alesso", "popularity": 73, "danceability": 0.587, "energy": 0.648, "key": 11, "loudness": -6.927, "mode": 0, "speechiness": 0.0439, "acousticness": 0.0561, "instrumentalness": 0, "liveness": 0.115, "valence": 0.281, "tempo": 144.028, "duration_ms": 220141, "time_signature": 4}, {"uri": "spotify:track:3RQMCAfUMzRCSW93LCRiJy", "name": "Leave A Little Love", "artist": "Alesso", "popularity": 60, "danceability": 0.671, "energy": 0.855, "key": 7, "loudness": -4.254, "mode": 0, "speechiness": 0.0375, "acousticness": 0.00437, "instrumentalness": 0, "liveness": 0.131, "valence": 0.329, "tempo": 117.98, "duration_ms": 187029, "time_signature": 4}, {"uri": "spotify:track:7arsXR8AtExnOFN3v3HiJI", "name": "Going Dumb", "artist": "Alesso", "popularity": 72, "danceability": 0.834, "energy": 0.678, "key": 6, "loudness": -6.242, "mode": 0, "speechiness": 0.0515, "acousticness": 0.0546, "instrumentalness": 0.263, "liveness": 0.103, "valence": 0.551, "tempo": 121.995, "duration_ms": 168601, "time_signature": 4}, {"uri": "spotify:track:3ScJy88F8KqGDfWu8XJhHx", "name": "If I Lose Myself - Alesso vs OneRepublic", "artist": "OneRepublic", "popularity": 70, "danceability": 0.519, "energy": 0.754, "key": 2, "loudness": -5.689, "mode": 1, "speechiness": 0.0402, "acousticness": 0.258, "instrumentalness": 3.75e-06, "liveness": 0.139, "valence": 0.16, "tempo": 125.975, "duration_ms": 215187, "time_signature": 4}, {"uri": "spotify:track:6jreFSOTUAViWjKyzOC4Kg", "name": "REMEDY", "artist": "Alesso", "popularity": 70, "danceability": 0.601, "energy": 0.775, "key": 0, "loudness": -4.612, "mode": 1, "speechiness": 0.0473, "acousticness": 0.269, "instrumentalness": 0, "liveness": 0.0883, "valence": 0.483, "tempo": 119.964, "duration_ms": 190295, "time_signature": 4}, {"uri": "spotify:track:2CMGiyYO8H8GhPwS73LL13", "name": "Somebody To Use", "artist": "Alesso", "popularity": 69, "danceability": 0.604, "energy": 0.792, "key": 0, "loudness": -4.5, "mode": 0, "speechiness": 0.0866, "acousticness": 0.113, "instrumentalness": 1.88e-05, "liveness": 0.149, "valence": 0.289, "tempo": 119.953, "duration_ms": 154032, "time_signature": 4}, {"uri": "spotify:track:34NNeV9jfgNgaALgUr0u9V", "name": "Calling (Lose My Mind) - Radio Edit", "artist": "Sebastian Ingrosso", "popularity": 0, "danceability": 0.416, "energy": 0.849, "key": 1, "loudness": -4.909, "mode": 0, "speechiness": 0.0455, "acousticness": 0.00864, "instrumentalness": 0.000138, "liveness": 0.204, "valence": 0.147, "tempo": 125.098, "duration_ms": 205440, "time_signature": 4}, {"uri": "spotify:track:3Ea1CNsTqBY4RtAESrBeNI", "name": "Going Dumb (with Stray Kids)", "artist": "Alesso", "popularity": 65, "danceability": 0.834, "energy": 0.651, "key": 6, "loudness": -4.855, "mode": 0, "speechiness": 0.0595, "acousticness": 0.153, "instrumentalness": 0, "liveness": 0.146, "valence": 0.49, "tempo": 121.978, "duration_ms": 169506, "time_signature": 4}, {"uri": "spotify:track:2kYqdSlrtovVMMIn6ykzba", "name": "I Wanna Know", "artist": "Alesso", "popularity": 64, "danceability": 0.655, "energy": 0.818, "key": 2, "loudness": -3.626, "mode": 1, "speechiness": 0.033, "acousticness": 0.0842, "instrumentalness": 0, "liveness": 0.106, "valence": 0.474, "tempo": 115.971, "duration_ms": 240413, "time_signature": 4}, {"uri": "spotify:track:1fU9jcKCej9LobWUT6K7Fo", "name": "Somebody To Use - Toxic Mix", "artist": "Alesso", "popularity": 63, "danceability": 0.672, "energy": 0.869, "key": 11, "loudness": -3.186, "mode": 0, "speechiness": 0.0387, "acousticness": 0.034, "instrumentalness": 0.0574, "liveness": 0.156, "valence": 0.374, "tempo": 123.973, "duration_ms": 191619, "time_signature": 4}, {"uri": "spotify:track:50RJdoxw8iajGNtHQe6QeS", "name": "Something Just Like This - Alesso Remix", "artist": "The Chainsmokers", "popularity": 62, "danceability": 0.663, "energy": 0.728, "key": 2, "loudness": -5.99, "mode": 1, "speechiness": 0.0491, "acousticness": 0.24, "instrumentalness": 0.000417, "liveness": 0.122, "valence": 0.563, "tempo": 120.082, "duration_ms": 252933, "time_signature": 4}, {"uri": "spotify:track:5pVk15sR3OgIeKBKqG9jWw", "name": "Years", "artist": "Alesso", "popularity": 49, "danceability": 0.368, "energy": 0.823, "key": 2, "loudness": -6.245, "mode": 1, "speechiness": 0.0804, "acousticness": 0.00234, "instrumentalness": 1.91e-06, "liveness": 0.174, "valence": 0.323, "tempo": 128.004, "duration_ms": 195467, "time_signature": 4}, {"uri": "spotify:track:54ZPmGE1uOG9IYoUBSRSp7", "name": "City Of Dreams - Radio Edit", "artist": "Dirty South", "popularity": 61, "danceability": 0.478, "energy": 0.818, "key": 4, "loudness": -5.076, "mode": 1, "speechiness": 0.0377, "acousticness": 0.00292, "instrumentalness": 0.00789, "liveness": 0.438, "valence": 0.163, "tempo": 127.953, "duration_ms": 226867, "time_signature": 4}, {"uri": "spotify:track:2JoIjuzRplpYGvvLpSW2on", "name": "Sad Song (feat. TINI)", "artist": "Alesso", "popularity": 61, "danceability": 0.734, "energy": 0.693, "key": 0, "loudness": -6.474, "mode": 1, "speechiness": 0.0361, "acousticness": 0.0878, "instrumentalness": 0, "liveness": 0.341, "valence": 0.55, "tempo": 110.021, "duration_ms": 154024, "time_signature": 4}, {"uri": "spotify:track:4w7vZjpsnpKizj7NE0Nuld", "name": "THE END", "artist": "Alesso", "popularity": 61, "danceability": 0.639, "energy": 0.711, "key": 0, "loudness": -4.244, "mode": 1, "speechiness": 0.0315, "acousticness": 0.0242, "instrumentalness": 0, "liveness": 0.142, "valence": 0.605, "tempo": 102.95, "duration_ms": 206308, "time_signature": 4}, {"uri": "spotify:track:2ToIksTPpJ4csKPEOdUEyM", "name": "Cool", "artist": "Alesso", "popularity": 59, "danceability": 0.537, "energy": 0.848, "key": 6, "loudness": -2.431, "mode": 0, "speechiness": 0.0313, "acousticness": 0.0365, "instrumentalness": 0, "liveness": 0.423, "valence": 0.498, "tempo": 128.023, "duration_ms": 221400, "time_signature": 4}, {"uri": "spotify:track:3d9JucRI60arArgQXqtfjJ", "name": "Falling", "artist": "Alesso", "popularity": 0, "danceability": 0.709, "energy": 0.72, "key": 7, "loudness": -3.94, "mode": 0, "speechiness": 0.0366, "acousticness": 0.263, "instrumentalness": 0, "liveness": 0.347, "valence": 0.675, "tempo": 115.987, "duration_ms": 202314, "time_signature": 4}, {"uri": "spotify:track:6FdTVq8ly0NVSli7Xl9z2p", "name": "Rescue Me - From The Original Television Soundtrack Blade Runner Black Lotus", "artist": "Alesso", "popularity": 58, "danceability": 0.703, "energy": 0.841, "key": 10, "loudness": -4.363, "mode": 0, "speechiness": 0.0522, "acousticness": 0.02, "instrumentalness": 0.00186, "liveness": 0.0652, "valence": 0.193, "tempo": 125.043, "duration_ms": 172320, "time_signature": 4}, {"uri": "spotify:track:13IMd84eJeHLdnLbzmIP2Q", "name": "Chasing Stars (feat. James Bay) [Stripped]", "artist": "Alesso", "popularity": 58, "danceability": 0.585, "energy": 0.484, "key": 10, "loudness": -6.222, "mode": 1, "speechiness": 0.0294, "acousticness": 0.382, "instrumentalness": 0, "liveness": 0.126, "valence": 0.411, "tempo": 91.817, "duration_ms": 164927, "time_signature": 4}, {"uri": "spotify:track:5iAfLe0T0yRIYbL2v58Mzv", "name": "Take My Breath Away", "artist": "Alesso", "popularity": 0, "danceability": 0.533, "energy": 0.9, "key": 10, "loudness": -3.891, "mode": 0, "speechiness": 0.131, "acousticness": 0.0567, "instrumentalness": 0, "liveness": 0.351, "valence": 0.505, "tempo": 120.938, "duration_ms": 188710, "time_signature": 4}, {"uri": "spotify:track:2KwojFDebQV4J2b0JMRR5Q", "name": "Is That For Me", "artist": "Alesso", "popularity": 56, "danceability": 0.761, "energy": 0.784, "key": 8, "loudness": -5.501, "mode": 1, "speechiness": 0.0509, "acousticness": 0.229, "instrumentalness": 0.207, "liveness": 0.0573, "valence": 0.567, "tempo": 104.992, "duration_ms": 169270, "time_signature": 4}, {"uri": "spotify:track:2SPZAzJWwy0IXTbmqdzsVM", "name": "Leave A Little Love - Club Mix", "artist": "Alesso", "popularity": 53, "danceability": 0.547, "energy": 0.933, "key": 5, "loudness": -6.021, "mode": 1, "speechiness": 0.0591, "acousticness": 0.000443, "instrumentalness": 0.0498, "liveness": 0.383, "valence": 0.355, "tempo": 124.03, "duration_ms": 173831, "time_signature": 4}, {"uri": "spotify:track:6vPJvkEuWZPcv58NnQ3dBR", "name": "Sweet Escape", "artist": "Alesso", "popularity": 55, "danceability": 0.572, "energy": 0.839, "key": 2, "loudness": -3.865, "mode": 1, "speechiness": 0.0397, "acousticness": 0.0721, "instrumentalness": 1.74e-06, "liveness": 0.197, "valence": 0.516, "tempo": 126.029, "duration_ms": 232533, "time_signature": 4}, {"uri": "spotify:track:582JLMTy2WCHPgKFJ4xCq7", "name": "Pressure - Alesso Remix", "artist": "Nadia Ali", "popularity": 54, "danceability": 0.64, "energy": 0.792, "key": 10, "loudness": -4.875, "mode": 0, "speechiness": 0.0419, "acousticness": 0.000538, "instrumentalness": 0.604, "liveness": 0.0745, "valence": 0.383, "tempo": 128.001, "duration_ms": 368000, "time_signature": 4}, {"uri": "spotify:track:7JHdotEeGSIbtFuo4dVvsC", "name": "In The Middle", "artist": "Alesso", "popularity": 53, "danceability": 0.751, "energy": 0.92, "key": 9, "loudness": -5.618, "mode": 0, "speechiness": 0.0964, "acousticness": 0.00504, "instrumentalness": 0.00302, "liveness": 0.127, "valence": 0.633, "tempo": 122.991, "duration_ms": 148189, "time_signature": 4}, {"uri": "spotify:track:1fI5yYMJEYkAHI5YRdnikY", "name": "Titanium (feat. Sia) - Alesso Remix", "artist": "David Guetta", "popularity": 40, "danceability": 0.696, "energy": 0.652, "key": 0, "loudness": -6.826, "mode": 0, "speechiness": 0.0461, "acousticness": 0.00326, "instrumentalness": 0.67, "liveness": 0.0894, "valence": 0.13, "tempo": 125.981, "duration_ms": 403810, "time_signature": 4}, {"uri": "spotify:track:108r6pnZHStBIktpyyps9w", "name": "TIME", "artist": "Alesso", "popularity": 53, "danceability": 0.768, "energy": 0.808, "key": 5, "loudness": -1.818, "mode": 1, "speechiness": 0.112, "acousticness": 0.00627, "instrumentalness": 5.33e-06, "liveness": 0.343, "valence": 0.664, "tempo": 119.971, "duration_ms": 166000, "time_signature": 4}, {"uri": "spotify:track:2M8hogIUDLzlx3ac9yTiAI", "name": "Calling (Lose My Mind) - Extended Club Mix", "artist": "Sebastian Ingrosso", "popularity": 42, "danceability": 0.645, "energy": 0.568, "key": 4, "loudness": -6.765, "mode": 1, "speechiness": 0.0506, "acousticness": 0.0436, "instrumentalness": 0.133, "liveness": 0.0651, "valence": 0.0632, "tempo": 125.02, "duration_ms": 375400, "time_signature": 4}, {"uri": "spotify:track:0oGKDmrn3HQ4ih50iWD7sl", "name": "Leave A Little Love (Mixed) - Club Mix", "artist": "Alesso", "popularity": 50, "danceability": 0.497, "energy": 0.919, "key": 5, "loudness": -7.848, "mode": 0, "speechiness": 0.0463, "acousticness": 0.000132, "instrumentalness": 0.000238, "liveness": 0.345, "valence": 0.461, "tempo": 129.495, "duration_ms": 88813, "time_signature": 3}, {"uri": "spotify:track:17kleFbwU5STT8AiR1EXOT", "name": "One Last Time", "artist": "Alesso", "popularity": 51, "danceability": 0.566, "energy": 0.909, "key": 8, "loudness": -7.281, "mode": 0, "speechiness": 0.054, "acousticness": 0.004, "instrumentalness": 0.0932, "liveness": 0.156, "valence": 0.382, "tempo": 127.037, "duration_ms": 240384, "time_signature": 4}, {"uri": "spotify:track:0R3aF3iq67sbMgqe0A4nup", "name": "If It Wasn't For You", "artist": "Alesso", "popularity": 51, "danceability": 0.52, "energy": 0.717, "key": 9, "loudness": -4.695, "mode": 0, "speechiness": 0.0505, "acousticness": 0.0432, "instrumentalness": 0, "liveness": 0.146, "valence": 0.239, "tempo": 125.899, "duration_ms": 232480, "time_signature": 4}, {"uri": "spotify:track:6wZYxok5OMWAZh8r91vFEL", "name": "Scars", "artist": "Alesso", "popularity": 51, "danceability": 0.526, "energy": 0.81, "key": 4, "loudness": -2.299, "mode": 1, "speechiness": 0.0337, "acousticness": 0.0597, "instrumentalness": 2.11e-05, "liveness": 0.303, "valence": 0.519, "tempo": 126.003, "duration_ms": 198240, "time_signature": 4}, {"uri": "spotify:track:3wyJ90In0gjiWYgXniY4Op", "name": "Heroes (we could be) - Branchez Remix", "artist": "Alesso", "popularity": 50, "danceability": 0.662, "energy": 0.487, "key": 5, "loudness": -9.028, "mode": 1, "speechiness": 0.0325, "acousticness": 0.474, "instrumentalness": 0.000114, "liveness": 0.0929, "valence": 0.33, "tempo": 122.057, "duration_ms": 204907, "time_signature": 4}, {"uri": "spotify:track:4ZJjf1jKxiHTcBnF7K6TLW", "name": "Pressure - Alesso Radio Edit", "artist": "Nadia Ali", "popularity": 48, "danceability": 0.525, "energy": 0.854, "key": 8, "loudness": -6.852, "mode": 1, "speechiness": 0.0347, "acousticness": 0.000159, "instrumentalness": 0.528, "liveness": 0.165, "valence": 0.269, "tempo": 128.028, "duration_ms": 182933, "time_signature": 4}, {"uri": "spotify:track:4uLObuemgRYF5b96UpqjH3", "name": "Mi Gente - Alesso Remix", "artist": "J Balvin", "popularity": 5, "danceability": 0.671, "energy": 0.91, "key": 11, "loudness": -2.558, "mode": 0, "speechiness": 0.0701, "acousticness": 0.0102, "instrumentalness": 0.0331, "liveness": 0.39, "valence": 0.395, "tempo": 124.97, "duration_ms": 213360, "time_signature": 4}, {"uri": "spotify:track:1r36CeHucX7V6tuK78Iw3Q", "name": "This Summer - Maroon 5 vs. Alesso", "artist": "Maroon 5", "popularity": 0, "danceability": 0.359, "energy": 0.91, "key": 4, "loudness": -4.058, "mode": 0, "speechiness": 0.424, "acousticness": 0.0563, "instrumentalness": 0, "liveness": 0.857, "valence": 0.343, "tempo": 122.141, "duration_ms": 191506, "time_signature": 4}, {"uri": "spotify:track:32lyOiqQrmCUICCcBfkBeG", "name": "Get To Know Me", "artist": "Anitta", "popularity": 46, "danceability": 0.634, "energy": 0.84, "key": 5, "loudness": -3.554, "mode": 1, "speechiness": 0.042, "acousticness": 0.251, "instrumentalness": 0, "liveness": 0.623, "valence": 0.799, "tempo": 170.007, "duration_ms": 162139, "time_signature": 4}, {"uri": "spotify:track:7HwGFDbX9zC4R4fgFUZBrD", "name": "I Wanna Know - Alesso & Deniz Koyu Remix", "artist": "Alesso", "popularity": 38, "danceability": 0.708, "energy": 0.725, "key": 2, "loudness": -4.994, "mode": 1, "speechiness": 0.0531, "acousticness": 0.0718, "instrumentalness": 3.06e-06, "liveness": 0.042, "valence": 0.518, "tempo": 124.974, "duration_ms": 327053, "time_signature": 4}, {"uri": "spotify:track:3csbMYO3DEWUpHemWaXlaH", "name": "Going Dumb (with Stray Kids) [Mike Williams Remix]", "artist": "Alesso", "popularity": 47, "danceability": 0.776, "energy": 0.739, "key": 6, "loudness": -6.175, "mode": 0, "speechiness": 0.233, "acousticness": 0.0258, "instrumentalness": 1.28e-05, "liveness": 0.114, "valence": 0.634, "tempo": 128.058, "duration_ms": 166875, "time_signature": 4}, {"uri": "spotify:track:2LLXE4cV9Fcusx2WiSIhwC", "name": "PROGRESSO", "artist": "Alesso", "popularity": 47, "danceability": 0.654, "energy": 0.945, "key": 10, "loudness": -3.018, "mode": 0, "speechiness": 0.032, "acousticness": 0.000382, "instrumentalness": 0.316, "liveness": 0.105, "valence": 0.0824, "tempo": 125.006, "duration_ms": 299520, "time_signature": 4}, {"uri": "spotify:track:3IRopjEQzdRC8oP98yUikY", "name": "Under Control (feat. Hurts) - Extended Mix", "artist": "Calvin Harris", "popularity": 46, "danceability": 0.643, "energy": 0.9, "key": 5, "loudness": -5.102, "mode": 0, "speechiness": 0.0644, "acousticness": 0.0388, "instrumentalness": 0.0563, "liveness": 0.0604, "valence": 0.148, "tempo": 126.023, "duration_ms": 336613, "time_signature": 4}, {"uri": "spotify:track:6EHfy60U5dH5QJcQKdbNPQ", "name": "TIME - Alesso & Deniz Koyu Remix", "artist": "Alesso", "popularity": 46, "danceability": 0.723, "energy": 0.672, "key": 7, "loudness": -5.716, "mode": 0, "speechiness": 0.0387, "acousticness": 0.000133, "instrumentalness": 0.401, "liveness": 0.0593, "valence": 0.279, "tempo": 124.985, "duration_ms": 234240, "time_signature": 4}, {"uri": "spotify:track:0hvOu1yvUgbjNrzXfWVLYS", "name": "TOGETHER", "artist": "Alesso", "popularity": 47, "danceability": 0.716, "energy": 0.861, "key": 7, "loudness": -4.313, "mode": 1, "speechiness": 0.0405, "acousticness": 0.00124, "instrumentalness": 0.874, "liveness": 0.181, "valence": 0.128, "tempo": 123.997, "duration_ms": 228395, "time_signature": 4}, {"uri": "spotify:track:0yr4DKIedcAD4av7wKzHRO", "name": "PAYDAY", "artist": "Alesso", "popularity": 45, "danceability": 0.567, "energy": 0.931, "key": 6, "loudness": -5.385, "mode": 0, "speechiness": 0.0734, "acousticness": 0.022, "instrumentalness": 0.726, "liveness": 0.271, "valence": 0.18, "tempo": 126.016, "duration_ms": 197867, "time_signature": 4}, {"uri": "spotify:track:5hdAQegqnitMjNacfLOHQd", "name": "Tilted Towers", "artist": "Alesso", "popularity": 46, "danceability": 0.702, "energy": 0.842, "key": 7, "loudness": -5.059, "mode": 1, "speechiness": 0.0331, "acousticness": 0.000771, "instrumentalness": 0.828, "liveness": 0.28, "valence": 0.175, "tempo": 124.01, "duration_ms": 259476, "time_signature": 4}, {"uri": "spotify:track:5DKHdWT3u5mOu3dm8A8P1V", "name": "City Of Dreams - Original Mix", "artist": "Dirty South", "popularity": 45, "danceability": 0.572, "energy": 0.8, "key": 6, "loudness": -6.404, "mode": 0, "speechiness": 0.0412, "acousticness": 0.00636, "instrumentalness": 0.0822, "liveness": 0.143, "valence": 0.146, "tempo": 128.017, "duration_ms": 405000, "time_signature": 4}]