[{"uri": "spotify:track:5EGf9u54O7mq59CnsTAqoV", "name": "Bachelor Party", "artist": "Cameron Esposito", "popularity": 0, "danceability": 0.456, "energy": 0.583, "key": 5, "loudness": -11.615, "mode": 0, "speechiness": 0.74, "acousticness": 0.876, "instrumentalness": 2.26e-06, "liveness": 0.743, "valence": 0.488, "tempo": 124.631, "duration_ms": 162383, "time_signature": 3}, {"uri": "spotify:track:3hfyz7qf8L6yx6KfMmkhN4", "name": "What Are You?", "artist": "Cameron Esposito", "popularity": 0, "danceability": 0.608, "energy": 0.776, "key": 6, "loudness": -12.974, "mode": 0, "speechiness": 0.931, "acousticness": 0.888, "instrumentalness": 0, "liveness": 0.641, "valence": 0.2, "tempo": 58.776, "duration_ms": 93528, "time_signature": 4}, {"uri": "spotify:track:5B5PHLI4TK5jBDRfvw8Q4f", "name": "Saving Myself", "artist": "Cameron Esposito", "popularity": 0, "danceability": 0.62, "energy": 0.519, "key": 4, "loudness": -11.947, "mode": 0, "speechiness": 0.952, "acousticness": 0.886, "instrumentalness": 0, "liveness": 0.707, "valence": 0.265, "tempo": 85.745, "duration_ms": 253306, "time_signature": 4}, {"uri": "spotify:track:0sz2OOFJ5bQmtQQjpFiw83", "name": "Breaststroke Specialist", "artist": "Cameron Esposito", "popularity": 0, "danceability": 0.657, "energy": 0.42, "key": 6, "loudness": -12.345, "mode": 1, "speechiness": 0.942, "acousticness": 0.915, "instrumentalness": 0, "liveness": 0.664, "valence": 0.337, "tempo": 119.641, "duration_ms": 294554, "time_signature": 3}, {"uri": "spotify:track:2hObyBxqVTZ3YIWHj4orDu", "name": "Rudy", "artist": "Cameron Esposito", "popularity": 0, "danceability": 0.608, "energy": 0.571, "key": 1, "loudness": -12.74, "mode": 0, "speechiness": 0.952, "acousticness": 0.903, "instrumentalness": 0, "liveness": 0.696, "valence": 0.221, "tempo": 130.526, "duration_ms": 258023, "time_signature": 3}, {"uri": "spotify:track:7jxUvfjrmAt6xj0LXIAQby", "name": "Comedy Death Ray", "artist": "Mindy Kaling", "popularity": 10, "danceability": 0.602, "energy": 0.451, "key": 9, "loudness": -10.243, "mode": 0, "speechiness": 0.962, "acousticness": 0.779, "instrumentalness": 0, "liveness": 0.95, "valence": 0.482, "tempo": 67.656, "duration_ms": 259360, "time_signature": 5}, {"uri": "spotify:track:6hmx9X7xA2d3zQXXl8H45N", "name": "The female brain", "artist": "Whitney Cummings", "popularity": 19, "danceability": 0.593, "energy": 0.956, "key": 6, "loudness": -3.827, "mode": 0, "speechiness": 0.782, "acousticness": 0.858, "instrumentalness": 0, "liveness": 0.885, "valence": 0.318, "tempo": 107.817, "duration_ms": 136165, "time_signature": 5}, {"uri": "spotify:track:0595kioxxL2vjY3VWzutfv", "name": "Real Butcher", "artist": "Rhea Butcher", "popularity": 0, "danceability": 0.609, "energy": 0.482, "key": 10, "loudness": -13.806, "mode": 1, "speechiness": 0.931, "acousticness": 0.879, "instrumentalness": 0, "liveness": 0.905, "valence": 0.557, "tempo": 81.565, "duration_ms": 163000, "time_signature": 4}, {"uri": "spotify:track:7MiPtkBHIZD24d3IVhB8Vh", "name": "Haircuts and Flight Attendants", "artist": "Rhea Butcher", "popularity": 0, "danceability": 0.522, "energy": 0.42, "key": 5, "loudness": -12.612, "mode": 0, "speechiness": 0.949, "acousticness": 0.873, "instrumentalness": 0, "liveness": 0.699, "valence": 0.556, "tempo": 57.328, "duration_ms": 310000, "time_signature": 3}, {"uri": "spotify:track:2K949X746fFC0ab3CcHXnS", "name": "7-11 and Lighters", "artist": "Rhea Butcher", "popularity": 0, "danceability": 0.536, "energy": 0.417, "key": 5, "loudness": -12.301, "mode": 0, "speechiness": 0.935, "acousticness": 0.867, "instrumentalness": 0, "liveness": 0.848, "valence": 0.583, "tempo": 83.423, "duration_ms": 142000, "time_signature": 4}, {"uri": "spotify:track:4kEmIkUry8dh8q0IS0LYnM", "name": "Bicycles and Baseball", "artist": "Rhea Butcher", "popularity": 0, "danceability": 0.698, "energy": 0.324, "key": 5, "loudness": -12.005, "mode": 0, "speechiness": 0.927, "acousticness": 0.832, "instrumentalness": 0, "liveness": 0.833, "valence": 0.48, "tempo": 132.178, "duration_ms": 296630, "time_signature": 4}, {"uri": "spotify:track:0uEmXABtvrPc3GQmiACRdh", "name": "Greenroom: Rachel and Amy", "artist": "Rachel Feinstein", "popularity": 13, "danceability": 0.79, "energy": 0.538, "key": 7, "loudness": -7.75, "mode": 0, "speechiness": 0.924, "acousticness": 0.717, "instrumentalness": 0, "liveness": 0.156, "valence": 0.564, "tempo": 105.045, "duration_ms": 69976, "time_signature": 3}, {"uri": "spotify:track:6nrVswFYuxcx8k1o2qx2Tn", "name": "Dirty Picture", "artist": "Rachel Feinstein", "popularity": 18, "danceability": 0.632, "energy": 0.777, "key": 0, "loudness": -5.933, "mode": 1, "speechiness": 0.846, "acousticness": 0.882, "instrumentalness": 0, "liveness": 0.78, "valence": 0.402, "tempo": 112.154, "duration_ms": 174172, "time_signature": 5}, {"uri": "spotify:track:4wrAQkDdJEe47gG0POLG1G", "name": "Dick Pics", "artist": "Rachel Feinstein", "popularity": 20, "danceability": 0.53, "energy": 0.847, "key": 0, "loudness": -6.514, "mode": 0, "speechiness": 0.934, "acousticness": 0.85, "instrumentalness": 0, "liveness": 0.883, "valence": 0.41, "tempo": 89.555, "duration_ms": 140887, "time_signature": 4}, {"uri": "spotify:track:1mDLxhSlT91j985iG8dWwP", "name": "Facebook and Judging People", "artist": "Rachel Feinstein", "popularity": 17, "danceability": 0.594, "energy": 0.803, "key": 9, "loudness": -5.967, "mode": 1, "speechiness": 0.856, "acousticness": 0.83, "instrumentalness": 0, "liveness": 0.665, "valence": 0.449, "tempo": 53.987, "duration_ms": 260570, "time_signature": 4}, {"uri": "spotify:track:6jQ6QSnpCyBKNNQDE7vOL3", "name": "Douches vs. Tools", "artist": "Rachel Feinstein", "popularity": 18, "danceability": 0.534, "energy": 0.818, "key": 8, "loudness": -6.299, "mode": 0, "speechiness": 0.91, "acousticness": 0.876, "instrumentalness": 0, "liveness": 0.397, "valence": 0.379, "tempo": 75.538, "duration_ms": 317943, "time_signature": 3}, {"uri": "spotify:track:3Ws9vyfQbjacczrmziCXMh", "name": "Sexual Attorney", "artist": "Rachel Feinstein", "popularity": 16, "danceability": 0.643, "energy": 0.786, "key": 5, "loudness": -6.331, "mode": 0, "speechiness": 0.85, "acousticness": 0.863, "instrumentalness": 0, "liveness": 0.776, "valence": 0.363, "tempo": 119.735, "duration_ms": 309153, "time_signature": 5}, {"uri": "spotify:track:5mzJOjBaduRq5lvO61IdeE", "name": "How Did We Get Here?", "artist": "Aparna Nancherla", "popularity": 0, "danceability": 0.606, "energy": 0.533, "key": 9, "loudness": -10.667, "mode": 0, "speechiness": 0.934, "acousticness": 0.773, "instrumentalness": 0, "liveness": 0.821, "valence": 0.395, "tempo": 57.761, "duration_ms": 94453, "time_signature": 4}, {"uri": "spotify:track:1GbbYuOhlQSFQSUhJtl1uO", "name": "Blessed to Be Stressed", "artist": "Aparna Nancherla", "popularity": 0, "danceability": 0.59, "energy": 0.486, "key": 9, "loudness": -8.451, "mode": 0, "speechiness": 0.932, "acousticness": 0.836, "instrumentalness": 0, "liveness": 0.704, "valence": 0.442, "tempo": 82.365, "duration_ms": 492480, "time_signature": 3}, {"uri": "spotify:track:4FJFQTUK4DpL4h25HTm2vc", "name": "New Yawk City?!", "artist": "Aparna Nancherla", "popularity": 0, "danceability": 0.606, "energy": 0.517, "key": 5, "loudness": -8.84, "mode": 1, "speechiness": 0.914, "acousticness": 0.838, "instrumentalness": 0, "liveness": 0.575, "valence": 0.484, "tempo": 83.568, "duration_ms": 567200, "time_signature": 3}, {"uri": "spotify:track:1X7FQpM2Zb9deI6dwsR10F", "name": "All The Single Ladies", "artist": "Leslie Jones (Aka: Big Les)", "popularity": 23, "danceability": 0.496, "energy": 0.459, "key": 3, "loudness": -21.676, "mode": 0, "speechiness": 0.9, "acousticness": 0.913, "instrumentalness": 3e-06, "liveness": 0.712, "valence": 0.311, "tempo": 110.185, "duration_ms": 210110, "time_signature": 3}, {"uri": "spotify:track:6685F5dUNzRYLCbIodgUIt", "name": "Do I Look Submissive?", "artist": "Leslie Jones (Aka: Big Les)", "popularity": 22, "danceability": 0.523, "energy": 0.421, "key": 5, "loudness": -25.491, "mode": 1, "speechiness": 0.888, "acousticness": 0.901, "instrumentalness": 0, "liveness": 0.882, "valence": 0.332, "tempo": 120.958, "duration_ms": 112845, "time_signature": 4}, {"uri": "spotify:track:2mOGAglHheXaAlkw642TT8", "name": "I Hate Pretty B*****s", "artist": "Leslie Jones (Aka: Big Les)", "popularity": 24, "danceability": 0.488, "energy": 0.454, "key": 4, "loudness": -24.766, "mode": 1, "speechiness": 0.93, "acousticness": 0.857, "instrumentalness": 1.17e-06, "liveness": 0.872, "valence": 0.296, "tempo": 69.783, "duration_ms": 176042, "time_signature": 3}, {"uri": "spotify:track:4bePXWlGoXiw3Gx2MzoMsP", "name": "H.S. Crush", "artist": "Amy Schumer", "popularity": 17, "danceability": 0.421, "energy": 0.931, "key": 8, "loudness": -7.024, "mode": 0, "speechiness": 0.95, "acousticness": 0.76, "instrumentalness": 0, "liveness": 0.957, "valence": 0.35, "tempo": 82.296, "duration_ms": 234787, "time_signature": 3}, {"uri": "spotify:track:4CxZtjeToo41gdu8QXQw0M", "name": "Michelle Buteau on her Inspirations", "artist": "Various Artists", "popularity": 17, "danceability": 0.664, "energy": 0.565, "key": 9, "loudness": -6.527, "mode": 0, "speechiness": 0.859, "acousticness": 0.81, "instrumentalness": 0, "liveness": 0.286, "valence": 0.643, "tempo": 78.122, "duration_ms": 40500, "time_signature": 4}, {"uri": "spotify:track:3n5hb2QtHspMBK8Hfm9gEW", "name": "The Truth About Marriage", "artist": "Michelle Buteau", "popularity": 12, "danceability": 0.519, "energy": 0.815, "key": 9, "loudness": -7.362, "mode": 0, "speechiness": 0.933, "acousticness": 0.818, "instrumentalness": 0, "liveness": 0.849, "valence": 0.603, "tempo": 65.438, "duration_ms": 201241, "time_signature": 3}, {"uri": "spotify:track:62tCerdEYFQLe7WCBJRbjf", "name": "Sam Jay on Women in Comedy", "artist": "Various Artists", "popularity": 16, "danceability": 0.761, "energy": 0.528, "key": 4, "loudness": -11.988, "mode": 1, "speechiness": 0.908, "acousticness": 0.904, "instrumentalness": 0, "liveness": 0.155, "valence": 0.912, "tempo": 109.716, "duration_ms": 35750, "time_signature": 3}, {"uri": "spotify:track:4HMC2Op4zE27FvfjnxhuU7", "name": "Embracing Stereotypes - Uncensored", "artist": "Sam Jay", "popularity": 9, "danceability": 0.801, "energy": 0.234, "key": 11, "loudness": -17.657, "mode": 1, "speechiness": 0.916, "acousticness": 0.879, "instrumentalness": 0, "liveness": 0.489, "valence": 0.541, "tempo": 55.184, "duration_ms": 89189, "time_signature": 3}, {"uri": "spotify:track:4eC8HjUQxZ09VYMejcefdr", "name": "Swimming with Dolphins", "artist": "Joan Rivers", "popularity": 0, "danceability": 0.519, "energy": 0.902, "key": 7, "loudness": -7.256, "mode": 1, "speechiness": 0.926, "acousticness": 0.773, "instrumentalness": 0, "liveness": 0.688, "valence": 0.155, "tempo": 85.49, "duration_ms": 129120, "time_signature": 3}, {"uri": "spotify:track:3SAmnUsllPKLnT9o9FyEEE", "name": "Apartment Hunting", "artist": "Moms Mabley", "popularity": 19, "danceability": 0.671, "energy": 0.54, "key": 6, "loudness": -9.232, "mode": 0, "speechiness": 0.949, "acousticness": 0.9, "instrumentalness": 0, "liveness": 0.699, "valence": 0.66, "tempo": 54.579, "duration_ms": 84613, "time_signature": 4}, {"uri": "spotify:track:0JkASYldoiy5zELPUyzgkh", "name": "Thrift Flight - Original", "artist": "Phyllis Diller", "popularity": 0, "danceability": 0.577, "energy": 0.551, "key": 0, "loudness": -13.5, "mode": 1, "speechiness": 0.934, "acousticness": 0.966, "instrumentalness": 0.000275, "liveness": 0.444, "valence": 0.455, "tempo": 73.889, "duration_ms": 298146, "time_signature": 3}, {"uri": "spotify:track:2eWzptOJ0zvN3pokKXvV6g", "name": "Oprah's Favorite Things", "artist": "Kathy Griffin", "popularity": 31, "danceability": 0.622, "energy": 0.654, "key": 2, "loudness": -11.078, "mode": 1, "speechiness": 0.961, "acousticness": 0.887, "instrumentalness": 0, "liveness": 0.963, "valence": 0.418, "tempo": 90.222, "duration_ms": 379533, "time_signature": 4}, {"uri": "spotify:track:3Pz27DBpBnAB42wsxH3dEB", "name": "Woman Who Doesn't Sleep with Men", "artist": "Cameron Esposito", "popularity": 0, "danceability": 0.447, "energy": 0.535, "key": 8, "loudness": -9.896, "mode": 0, "speechiness": 0.942, "acousticness": 0.813, "instrumentalness": 0, "liveness": 0.986, "valence": 0.289, "tempo": 70.723, "duration_ms": 223510, "time_signature": 3}, {"uri": "spotify:track:3EVpbNyWa8MWCgFxrUzpEd", "name": "Not Gay", "artist": "Morgan Murphy", "popularity": 0, "danceability": 0.64, "energy": 0.806, "key": 11, "loudness": -6.276, "mode": 1, "speechiness": 0.934, "acousticness": 0.813, "instrumentalness": 0, "liveness": 0.887, "valence": 0.64, "tempo": 63.923, "duration_ms": 83384, "time_signature": 3}, {"uri": "spotify:track:6I6Vz1yxVzAMKAcOEZoeen", "name": "I Have Been There", "artist": "Jo Firestone", "popularity": 8, "danceability": 0.638, "energy": 0.325, "key": 6, "loudness": -16.517, "mode": 1, "speechiness": 0.954, "acousticness": 0.919, "instrumentalness": 0, "liveness": 0.671, "valence": 0.378, "tempo": 93.28, "duration_ms": 123090, "time_signature": 3}, {"uri": "spotify:track:3Y2UJHcNmBC8fjGBL84PZv", "name": "Date Night at the St. Louis Funny Bone", "artist": "Andi Smith", "popularity": 23, "danceability": 0.485, "energy": 0.38, "key": 0, "loudness": -20.597, "mode": 0, "speechiness": 0.947, "acousticness": 0.863, "instrumentalness": 0, "liveness": 0.808, "valence": 0.418, "tempo": 68.599, "duration_ms": 213000, "time_signature": 5}, {"uri": "spotify:track:55uLNuvDiDABdiLe4QBjQO", "name": "Skype Breakup", "artist": "Nikki Glaser", "popularity": 0, "danceability": 0.612, "energy": 0.826, "key": 10, "loudness": -9.548, "mode": 0, "speechiness": 0.941, "acousticness": 0.671, "instrumentalness": 0, "liveness": 0.953, "valence": 0.284, "tempo": 60.944, "duration_ms": 298013, "time_signature": 5}, {"uri": "spotify:track:1nFJHxTilHASeWZNyuNcxd", "name": "Love Songs", "artist": "Maria Bamford", "popularity": 10, "danceability": 0.645, "energy": 0.598, "key": 6, "loudness": -9.844, "mode": 1, "speechiness": 0.939, "acousticness": 0.81, "instrumentalness": 0, "liveness": 0.834, "valence": 0.54, "tempo": 123.672, "duration_ms": 241520, "time_signature": 5}, {"uri": "spotify:track:7pAmUliMHut9tBzTmUoOyK", "name": "My Name", "artist": "Anjelah Johnson", "popularity": 29, "danceability": 0.421, "energy": 0.904, "key": 5, "loudness": -11.517, "mode": 0, "speechiness": 0.932, "acousticness": 0.837, "instrumentalness": 3.37e-06, "liveness": 0.875, "valence": 0.05, "tempo": 58.815, "duration_ms": 150787, "time_signature": 4}, {"uri": "spotify:track:5beFB4ooWhRM7J6dNZRbWj", "name": "Why I Got Married", "artist": "Aisha Tyler", "popularity": 0, "danceability": 0.455, "energy": 0.478, "key": 9, "loudness": -22.73, "mode": 1, "speechiness": 0.926, "acousticness": 0.585, "instrumentalness": 0, "liveness": 0.966, "valence": 0.284, "tempo": 85.513, "duration_ms": 222307, "time_signature": 4}, {"uri": "spotify:track:2jC0kapB935PtDAtij7dBa", "name": "Gin N Goose", "artist": "Becky Donohue", "popularity": 19, "danceability": 0.459, "energy": 0.904, "key": 2, "loudness": -9.872, "mode": 1, "speechiness": 0.689, "acousticness": 0.814, "instrumentalness": 0, "liveness": 0.794, "valence": 0.567, "tempo": 103.601, "duration_ms": 80053, "time_signature": 4}, {"uri": "spotify:track:5UQSGfPvWgLuoX0rFCmUTB", "name": "Superman and Passive Aggressive Man", "artist": "Erikka Innes", "popularity": 36, "danceability": 0.627, "energy": 0.515, "key": 11, "loudness": -9.523, "mode": 1, "speechiness": 0.891, "acousticness": 0.891, "instrumentalness": 0, "liveness": 0.505, "valence": 0.601, "tempo": 81.455, "duration_ms": 82333, "time_signature": 4}, {"uri": "spotify:track:6od7ByvTywjRTpwHDAO55j", "name": "Women's Magazines", "artist": "Margaret Cho", "popularity": 20, "danceability": 0.505, "energy": 0.719, "key": 7, "loudness": -13.746, "mode": 1, "speechiness": 0.931, "acousticness": 0.706, "instrumentalness": 0, "liveness": 0.977, "valence": 0.0717, "tempo": 159.886, "duration_ms": 106067, "time_signature": 4}, {"uri": "spotify:track:4eyr98HAV2khpsnWc2EJLc", "name": "Faux Fur, Diamonds & Jizz", "artist": "Natasha Leggero", "popularity": 27, "danceability": 0.46, "energy": 0.892, "key": 8, "loudness": -9.352, "mode": 1, "speechiness": 0.935, "acousticness": 0.875, "instrumentalness": 0, "liveness": 0.651, "valence": 0.223, "tempo": 148.025, "duration_ms": 156933, "time_signature": 5}, {"uri": "spotify:track:0azE3RmtC1P3Y6fRKJIDwY", "name": "Popular Phrases", "artist": "Tig Notaro", "popularity": 1, "danceability": 0.554, "energy": 0.716, "key": 5, "loudness": -11.712, "mode": 0, "speechiness": 0.919, "acousticness": 0.91, "instrumentalness": 8.04e-05, "liveness": 0.71, "valence": 0.44, "tempo": 125.437, "duration_ms": 62840, "time_signature": 5}, {"uri": "spotify:track:5z6Iwx4Kd8Vm2UpD7eZ3E6", "name": "Children", "artist": "Ellen DeGeneres", "popularity": 33, "danceability": 0.579, "energy": 0.767, "key": 5, "loudness": -16.267, "mode": 1, "speechiness": 0.917, "acousticness": 0.899, "instrumentalness": 0, "liveness": 0.727, "valence": 0.233, "tempo": 86.225, "duration_ms": 246507, "time_signature": 4}, {"uri": "spotify:track:2C1KxZH15WUJaaUjDUsvZh", "name": "Assorted Cheese Platter", "artist": "Lisa Lampanelli", "popularity": 5, "danceability": 0.481, "energy": 0.767, "key": 7, "loudness": -8.88, "mode": 1, "speechiness": 0.927, "acousticness": 0.899, "instrumentalness": 0, "liveness": 0.687, "valence": 0.179, "tempo": 84.841, "duration_ms": 241534, "time_signature": 4}, {"uri": "spotify:track:6kp6Nn35z1Cxb8Uufp2jVy", "name": "Beyonce/Hot Wax", "artist": "Whoopi Goldberg", "popularity": 20, "danceability": 0.634, "energy": 0.703, "key": 0, "loudness": -12.059, "mode": 1, "speechiness": 0.941, "acousticness": 0.744, "instrumentalness": 0, "liveness": 0.775, "valence": 0.467, "tempo": 118.585, "duration_ms": 528800, "time_signature": 4}, {"uri": "spotify:track:4l5eZIpIpXNmOiEQDtA1NA", "name": "The Biggest Losers", "artist": "Caroline Rhea", "popularity": 32, "danceability": 0.551, "energy": 0.803, "key": 5, "loudness": -12.742, "mode": 1, "speechiness": 0.878, "acousticness": 0.752, "instrumentalness": 0, "liveness": 0.824, "valence": 0.417, "tempo": 86.364, "duration_ms": 302360, "time_signature": 1}, {"uri": "spotify:track:0Dp0rFbJv8276fSX4mNnNZ", "name": "I\u2019m Not Shallow, Just Really Pretty", "artist": "Amy Schumer", "popularity": 0, "danceability": 0.561, "energy": 0.861, "key": 10, "loudness": -10.298, "mode": 0, "speechiness": 0.943, "acousticness": 0.66, "instrumentalness": 0, "liveness": 0.812, "valence": 0.142, "tempo": 99.674, "duration_ms": 265853, "time_signature": 3}, {"uri": "spotify:track:6IXLbeoCISk1hhcYozWBGl", "name": "Masturbating", "artist": "Amy Schumer", "popularity": 24, "danceability": 0.484, "energy": 0.946, "key": 2, "loudness": -6.898, "mode": 0, "speechiness": 0.916, "acousticness": 0.763, "instrumentalness": 0, "liveness": 0.875, "valence": 0.326, "tempo": 111.029, "duration_ms": 171480, "time_signature": 3}, {"uri": "spotify:track:2yGW59d94dNOf90TKTyPhD", "name": "Cockblock", "artist": "Amy Schumer", "popularity": 22, "danceability": 0.551, "energy": 0.835, "key": 8, "loudness": -7.101, "mode": 0, "speechiness": 0.937, "acousticness": 0.689, "instrumentalness": 0, "liveness": 0.792, "valence": 0.435, "tempo": 117.293, "duration_ms": 256173, "time_signature": 3}, {"uri": "spotify:track:4Z2uDO3EM6xHYvxslOddg6", "name": "Swedes", "artist": "Amy Schumer", "popularity": 18, "danceability": 0.386, "energy": 0.951, "key": 6, "loudness": -4.873, "mode": 1, "speechiness": 0.96, "acousticness": 0.8, "instrumentalness": 0, "liveness": 0.894, "valence": 0.351, "tempo": 69.234, "duration_ms": 186693, "time_signature": 3}, {"uri": "spotify:track:6qK4QTzCdbv3yZHsIpKLTl", "name": "French Guy", "artist": "Amy Schumer", "popularity": 13, "danceability": 0.433, "energy": 0.856, "key": 8, "loudness": -7.641, "mode": 0, "speechiness": 0.956, "acousticness": 0.755, "instrumentalness": 0, "liveness": 0.93, "valence": 0.438, "tempo": 84.146, "duration_ms": 279360, "time_signature": 4}, {"uri": "spotify:track:6DYbvp0QnIcwOo7aAI0ScY", "name": "Happy Fucking Birthday Kevin", "artist": "Michelle Buteau", "popularity": 8, "danceability": 0.592, "energy": 0.732, "key": 11, "loudness": -9.733, "mode": 0, "speechiness": 0.91, "acousticness": 0.795, "instrumentalness": 0, "liveness": 0.934, "valence": 0.946, "tempo": 138.393, "duration_ms": 59573, "time_signature": 3}, {"uri": "spotify:track:7rmsIWcl8F0pfEEtDEsxWQ", "name": "White Gold is Forever & Dutch Accents", "artist": "Michelle Buteau", "popularity": 8, "danceability": 0.554, "energy": 0.819, "key": 0, "loudness": -7.57, "mode": 1, "speechiness": 0.906, "acousticness": 0.808, "instrumentalness": 0, "liveness": 0.741, "valence": 0.562, "tempo": 106.989, "duration_ms": 236558, "time_signature": 3}, {"uri": "spotify:track:3G2LKyfHcVjV4TRl2gCS39", "name": "White European People at the Beach", "artist": "Michelle Buteau", "popularity": 10, "danceability": 0.593, "energy": 0.788, "key": 9, "loudness": -6.361, "mode": 1, "speechiness": 0.867, "acousticness": 0.853, "instrumentalness": 0, "liveness": 0.691, "valence": 0.62, "tempo": 117.115, "duration_ms": 142289, "time_signature": 4}, {"uri": "spotify:track:76b2iV2T5IN02chkhEQecF", "name": "Fat Beyonc\u00e9 & Colonialism", "artist": "Michelle Buteau", "popularity": 8, "danceability": 0.522, "energy": 0.895, "key": 9, "loudness": -8.382, "mode": 0, "speechiness": 0.862, "acousticness": 0.79, "instrumentalness": 3.72e-06, "liveness": 0.725, "valence": 0.652, "tempo": 113.631, "duration_ms": 106496, "time_signature": 4}, {"uri": "spotify:track:7HJEUrrOK4nosmpw6J8Xtz", "name": "Black Woman", "artist": "Mo'Nique", "popularity": 0, "danceability": 0.595, "energy": 0.675, "key": 6, "loudness": -15.677, "mode": 0, "speechiness": 0.95, "acousticness": 0.873, "instrumentalness": 0, "liveness": 0.929, "valence": 0.32, "tempo": 78.249, "duration_ms": 678060, "time_signature": 4}, {"uri": "spotify:track:2tgr5xHE39CBIRfeU6U4nV", "name": "I Hear You Coming", "artist": "Mo'Nique", "popularity": 0, "danceability": 0.541, "energy": 0.373, "key": 10, "loudness": -22.107, "mode": 0, "speechiness": 0.96, "acousticness": 0.875, "instrumentalness": 0, "liveness": 0.906, "valence": 0.505, "tempo": 54.777, "duration_ms": 306077, "time_signature": 5}, {"uri": "spotify:track:3tpCMLXrDF4WgRYITwlJOI", "name": "Relax Your Muscles", "artist": "Mo'Nique", "popularity": 0, "danceability": 0.539, "energy": 0.365, "key": 6, "loudness": -23.718, "mode": 0, "speechiness": 0.941, "acousticness": 0.842, "instrumentalness": 0, "liveness": 0.955, "valence": 0.254, "tempo": 97.547, "duration_ms": 480078, "time_signature": 4}, {"uri": "spotify:track:5Mo0pV6gAMzOmA3ijMwfBV", "name": "Hi", "artist": "Whitney Cummings", "popularity": 14, "danceability": 0.616, "energy": 0.913, "key": 10, "loudness": -4.237, "mode": 0, "speechiness": 0.892, "acousticness": 0.799, "instrumentalness": 0, "liveness": 0.872, "valence": 0.394, "tempo": 96.341, "duration_ms": 111558, "time_signature": 4}, {"uri": "spotify:track:0aVCsiq1y9TZ00q1XZd7Ry", "name": "Love", "artist": "Whitney Cummings", "popularity": 22, "danceability": 0.505, "energy": 0.953, "key": 10, "loudness": -3.903, "mode": 0, "speechiness": 0.915, "acousticness": 0.766, "instrumentalness": 0, "liveness": 0.616, "valence": 0.132, "tempo": 59.126, "duration_ms": 166720, "time_signature": 3}, {"uri": "spotify:track:2Jc2BNh1Z5224ecpeqT7Wd", "name": "Marriage", "artist": "Whitney Cummings", "popularity": 15, "danceability": 0.625, "energy": 0.931, "key": 10, "loudness": -4.792, "mode": 0, "speechiness": 0.796, "acousticness": 0.844, "instrumentalness": 0, "liveness": 0.772, "valence": 0.329, "tempo": 113.288, "duration_ms": 156115, "time_signature": 3}, {"uri": "spotify:track:64nxQiLpJoXmKoFCGxMML7", "name": "Crazy", "artist": "Whitney Cummings", "popularity": 16, "danceability": 0.571, "energy": 0.922, "key": 1, "loudness": -4.008, "mode": 1, "speechiness": 0.866, "acousticness": 0.826, "instrumentalness": 0, "liveness": 0.607, "valence": 0.312, "tempo": 61.176, "duration_ms": 196256, "time_signature": 4}, {"uri": "spotify:track:6FjAwux7E0MOqbYDswuX32", "name": "Football", "artist": "Whitney Cummings", "popularity": 14, "danceability": 0.584, "energy": 0.939, "key": 9, "loudness": -4.312, "mode": 1, "speechiness": 0.891, "acousticness": 0.81, "instrumentalness": 0, "liveness": 0.642, "valence": 0.303, "tempo": 82.752, "duration_ms": 156400, "time_signature": 4}, {"uri": "spotify:track:2eklLiHeZZiKY5Spiw29yy", "name": "Romantic Expectations", "artist": "Whitney Cummings", "popularity": 17, "danceability": 0.586, "energy": 0.944, "key": 5, "loudness": -4.805, "mode": 1, "speechiness": 0.835, "acousticness": 0.785, "instrumentalness": 0, "liveness": 0.553, "valence": 0.747, "tempo": 95.174, "duration_ms": 102557, "time_signature": 3}, {"uri": "spotify:track:6hHGEW7zlpQzJd9R4l8QYV", "name": "Threesome Proposition", "artist": "Cameron Esposito", "popularity": 0, "danceability": 0.626, "energy": 0.421, "key": 8, "loudness": -12.447, "mode": 0, "speechiness": 0.946, "acousticness": 0.756, "instrumentalness": 0, "liveness": 0.596, "valence": 0.368, "tempo": 93.572, "duration_ms": 220348, "time_signature": 4}, {"uri": "spotify:track:4GPAGpY23FnkGYXagC6cpd", "name": "Guacamole", "artist": "Cameron Esposito", "popularity": 0, "danceability": 0.638, "energy": 0.432, "key": 8, "loudness": -11.003, "mode": 0, "speechiness": 0.939, "acousticness": 0.769, "instrumentalness": 0, "liveness": 0.869, "valence": 0.505, "tempo": 105.823, "duration_ms": 316401, "time_signature": 4}, {"uri": "spotify:track:3pyXB8VeaP8pLw710LfTfD", "name": "Joke's On You", "artist": "Morgan Murphy", "popularity": 0, "danceability": 0.578, "energy": 0.674, "key": 4, "loudness": -7.328, "mode": 1, "speechiness": 0.932, "acousticness": 0.842, "instrumentalness": 0, "liveness": 0.761, "valence": 0.793, "tempo": 80.437, "duration_ms": 60190, "time_signature": 4}, {"uri": "spotify:track:3LMnwMDc7DzKMk8vS0z48G", "name": "Penis In Your Mouth", "artist": "Morgan Murphy", "popularity": 0, "danceability": 0.479, "energy": 0.899, "key": 4, "loudness": -5.128, "mode": 1, "speechiness": 0.932, "acousticness": 0.879, "instrumentalness": 0, "liveness": 0.686, "valence": 0.762, "tempo": 167.908, "duration_ms": 157403, "time_signature": 5}, {"uri": "spotify:track:1FJ0m0NGk47hMA2qxnCRLR", "name": "Group Therapy", "artist": "Morgan Murphy", "popularity": 0, "danceability": 0.541, "energy": 0.909, "key": 6, "loudness": -5.339, "mode": 0, "speechiness": 0.921, "acousticness": 0.852, "instrumentalness": 0, "liveness": 0.498, "valence": 0.52, "tempo": 79.068, "duration_ms": 87480, "time_signature": 4}, {"uri": "spotify:track:2fV1HEpG1cE5QYlwvAo6kZ", "name": "Baseball Cards", "artist": "Andi Smith", "popularity": 22, "danceability": 0.642, "energy": 0.434, "key": 3, "loudness": -18.183, "mode": 1, "speechiness": 0.934, "acousticness": 0.822, "instrumentalness": 0, "liveness": 0.975, "valence": 0.468, "tempo": 104.982, "duration_ms": 116000, "time_signature": 4}, {"uri": "spotify:track:5rsGIcJBg4QwPoSjnUhRR4", "name": "Holy Mother of God I Hate Baseball", "artist": "Andi Smith", "popularity": 21, "danceability": 0.556, "energy": 0.357, "key": 1, "loudness": -19.014, "mode": 1, "speechiness": 0.924, "acousticness": 0.841, "instrumentalness": 0, "liveness": 0.627, "valence": 0.474, "tempo": 140.755, "duration_ms": 112000, "time_signature": 3}, {"uri": "spotify:track:04P5Y93bIK1HRJ68hQdBCx", "name": "Surprise!", "artist": "Andi Smith", "popularity": 22, "danceability": 0.513, "energy": 0.325, "key": 3, "loudness": -20.989, "mode": 1, "speechiness": 0.936, "acousticness": 0.829, "instrumentalness": 0, "liveness": 0.795, "valence": 0.462, "tempo": 86.779, "duration_ms": 207000, "time_signature": 4}, {"uri": "spotify:track:10hjmwsswkBmLTR73XHWpX", "name": "Unsolicited Advice", "artist": "Andi Smith", "popularity": 36, "danceability": 0.593, "energy": 0.373, "key": 3, "loudness": -19.649, "mode": 1, "speechiness": 0.925, "acousticness": 0.88, "instrumentalness": 0, "liveness": 0.886, "valence": 0.391, "tempo": 117.263, "duration_ms": 157000, "time_signature": 3}, {"uri": "spotify:track:4R7MYSJfwhtRhl7m8BgkDX", "name": "It Changes Everything", "artist": "Andi Smith", "popularity": 22, "danceability": 0.569, "energy": 0.354, "key": 3, "loudness": -19.912, "mode": 1, "speechiness": 0.95, "acousticness": 0.882, "instrumentalness": 0, "liveness": 0.74, "valence": 0.405, "tempo": 89.682, "duration_ms": 136000, "time_signature": 3}, {"uri": "spotify:track:3FD3lNsMEZHeiDW1WCynkU", "name": "The Wasp", "artist": "Andi Smith", "popularity": 21, "danceability": 0.567, "energy": 0.328, "key": 5, "loudness": -20.324, "mode": 0, "speechiness": 0.938, "acousticness": 0.819, "instrumentalness": 0, "liveness": 0.895, "valence": 0.509, "tempo": 134.52, "duration_ms": 174000, "time_signature": 5}, {"uri": "spotify:track:6UOy0JFu0QqMwZjxQpMycs", "name": "Wedding Bells", "artist": "Andi Smith", "popularity": 21, "danceability": 0.517, "energy": 0.312, "key": 3, "loudness": -20.783, "mode": 1, "speechiness": 0.937, "acousticness": 0.833, "instrumentalness": 0, "liveness": 0.956, "valence": 0.415, "tempo": 154.243, "duration_ms": 148000, "time_signature": 4}, {"uri": "spotify:track:0jtIlxqj0dGEmzFgYZZtLF", "name": "Girl's Night", "artist": "Iliza Shlesinger", "popularity": 0, "danceability": 0.665, "energy": 0.918, "key": 8, "loudness": -6.013, "mode": 0, "speechiness": 0.928, "acousticness": 0.818, "instrumentalness": 0, "liveness": 0.952, "valence": 0.345, "tempo": 108.086, "duration_ms": 328587, "time_signature": 4}, {"uri": "spotify:track:3rtFNbn31gjBM0DgkLzWYD", "name": "Snootch", "artist": "Iliza Shlesinger", "popularity": 0, "danceability": 0.591, "energy": 0.9, "key": 10, "loudness": -6.609, "mode": 0, "speechiness": 0.955, "acousticness": 0.835, "instrumentalness": 0, "liveness": 0.674, "valence": 0.289, "tempo": 84.084, "duration_ms": 238120, "time_signature": 4}, {"uri": "spotify:track:65XrdiiL2oCUOgMX71S3wL", "name": "Girl GPS", "artist": "Iliza Shlesinger", "popularity": 0, "danceability": 0.692, "energy": 0.953, "key": 2, "loudness": -6.018, "mode": 1, "speechiness": 0.943, "acousticness": 0.828, "instrumentalness": 0, "liveness": 0.661, "valence": 0.26, "tempo": 86.609, "duration_ms": 281440, "time_signature": 4}, {"uri": "spotify:track:4MXUYzrJxZX74KVP3p98vb", "name": "The Desperate Look", "artist": "Marina Franklin", "popularity": 0, "danceability": 0.502, "energy": 0.888, "key": 1, "loudness": -11.842, "mode": 1, "speechiness": 0.915, "acousticness": 0.7, "instrumentalness": 0, "liveness": 0.943, "valence": 0.108, "tempo": 97.783, "duration_ms": 333333, "time_signature": 4}, {"uri": "spotify:track:17HdUIkKu0922OUcEeeV0J", "name": "Looking For A Man", "artist": "Marina Franklin", "popularity": 7, "danceability": 0.536, "energy": 0.736, "key": 5, "loudness": -12.015, "mode": 1, "speechiness": 0.943, "acousticness": 0.852, "instrumentalness": 0, "liveness": 0.68, "valence": 0.42, "tempo": 97.091, "duration_ms": 189480, "time_signature": 5}, {"uri": "spotify:track:09gLeejuYufKtfol6BkbqE", "name": "What Vegas Is About", "artist": "Rachel Feinstein", "popularity": 0, "danceability": 0.52, "energy": 0.875, "key": 1, "loudness": -10.357, "mode": 1, "speechiness": 0.949, "acousticness": 0.715, "instrumentalness": 0, "liveness": 0.948, "valence": 0.206, "tempo": 86.247, "duration_ms": 406133, "time_signature": 4}, {"uri": "spotify:track:1lxte30EJT40yd90HCT61s", "name": "Fairytales and porn", "artist": "Rachel Feinstein", "popularity": 19, "danceability": 0.589, "energy": 0.902, "key": 5, "loudness": -6.172, "mode": 0, "speechiness": 0.882, "acousticness": 0.839, "instrumentalness": 0, "liveness": 0.949, "valence": 0.866, "tempo": 75.835, "duration_ms": 96440, "time_signature": 5}, {"uri": "spotify:track:3pJonY10tmMbJl3cr0bh8t", "name": "Hide Your Crazy", "artist": "Nikki Glaser", "popularity": 0, "danceability": 0.615, "energy": 0.803, "key": 10, "loudness": -9.62, "mode": 0, "speechiness": 0.917, "acousticness": 0.582, "instrumentalness": 0, "liveness": 0.751, "valence": 0.342, "tempo": 126.141, "duration_ms": 380107, "time_signature": 4}, {"uri": "spotify:track:5FWRSS8OQV0Jr30Gn53Tir", "name": "Getting Older", "artist": "Maria Bamford", "popularity": 27, "danceability": 0.541, "energy": 0.786, "key": 5, "loudness": -9.507, "mode": 1, "speechiness": 0.946, "acousticness": 0.778, "instrumentalness": 0, "liveness": 0.904, "valence": 0.753, "tempo": 145.788, "duration_ms": 72720, "time_signature": 4}, {"uri": "spotify:track:632rEUly1PVmwnmRj1ZmeR", "name": "Romantic Expectations of Everyone", "artist": "Maria Bamford", "popularity": 12, "danceability": 0.615, "energy": 0.793, "key": 5, "loudness": -10.21, "mode": 1, "speechiness": 0.958, "acousticness": 0.831, "instrumentalness": 1.11e-06, "liveness": 0.669, "valence": 0.579, "tempo": 77.8, "duration_ms": 115760, "time_signature": 3}, {"uri": "spotify:track:7ERMoOq9btOum3LwAbnB88", "name": "Over 40 and Dating", "artist": "Maria Bamford", "popularity": 27, "danceability": 0.495, "energy": 0.825, "key": 5, "loudness": -8.767, "mode": 1, "speechiness": 0.91, "acousticness": 0.842, "instrumentalness": 0, "liveness": 0.772, "valence": 0.347, "tempo": 115.075, "duration_ms": 140107, "time_signature": 3}, {"uri": "spotify:track:1QaZGn1Tszl3omBez0af1f", "name": "Confidence", "artist": "Maria Bamford", "popularity": 12, "danceability": 0.423, "energy": 0.924, "key": 10, "loudness": -8.576, "mode": 0, "speechiness": 0.947, "acousticness": 0.83, "instrumentalness": 7.42e-06, "liveness": 0.829, "valence": 0.295, "tempo": 145.314, "duration_ms": 135800, "time_signature": 3}, {"uri": "spotify:track:3VsXfGdNSgUAy5SZCQ8h8T", "name": "Terrible Relationships", "artist": "Maria Bamford", "popularity": 12, "danceability": 0.589, "energy": 0.786, "key": 0, "loudness": -9.17, "mode": 1, "speechiness": 0.96, "acousticness": 0.764, "instrumentalness": 0, "liveness": 0.853, "valence": 0.554, "tempo": 73.597, "duration_ms": 114307, "time_signature": 5}, {"uri": "spotify:track:5OUgLFrcH5e7bJxv5ftI8g", "name": "Married Couples", "artist": "Anjelah Johnson", "popularity": 26, "danceability": 0.519, "energy": 0.764, "key": 10, "loudness": -15.817, "mode": 1, "speechiness": 0.903, "acousticness": 0.71, "instrumentalness": 0, "liveness": 0.654, "valence": 0.0363, "tempo": 131.685, "duration_ms": 67373, "time_signature": 3}, {"uri": "spotify:track:0TUAU01UIr491RrxbGrtwz", "name": "Nail Salon", "artist": "Anjelah Johnson", "popularity": 24, "danceability": 0.412, "energy": 0.799, "key": 7, "loudness": -15.416, "mode": 0, "speechiness": 0.878, "acousticness": 0.853, "instrumentalness": 2.32e-05, "liveness": 0.684, "valence": 0.0483, "tempo": 91.157, "duration_ms": 391293, "time_signature": 4}, {"uri": "spotify:track:30B0xAVbKGTfshwBER7IJh", "name": "Blue Shirt", "artist": "Anjelah Johnson", "popularity": 24, "danceability": 0.505, "energy": 0.878, "key": 8, "loudness": -13.917, "mode": 0, "speechiness": 0.851, "acousticness": 0.799, "instrumentalness": 0, "liveness": 0.68, "valence": 0.0368, "tempo": 81.937, "duration_ms": 230120, "time_signature": 4}, {"uri": "spotify:track:2kVIEflVnZVBCs7Rkvwy8o", "name": "Head Nod", "artist": "Anjelah Johnson", "popularity": 24, "danceability": 0.613, "energy": 0.852, "key": 9, "loudness": -15.076, "mode": 0, "speechiness": 0.882, "acousticness": 0.766, "instrumentalness": 7.45e-06, "liveness": 0.675, "valence": 0.027, "tempo": 85.505, "duration_ms": 36867, "time_signature": 5}, {"uri": "spotify:track:3VoruENe1K0v7vZHEuAbpc", "name": "Big Butt", "artist": "Anjelah Johnson", "popularity": 22, "danceability": 0.612, "energy": 0.724, "key": 5, "loudness": -13.341, "mode": 1, "speechiness": 0.943, "acousticness": 0.762, "instrumentalness": 0, "liveness": 0.701, "valence": 0.151, "tempo": 87.922, "duration_ms": 101627, "time_signature": 4}, {"uri": "spotify:track:1rQDJF8mcKUXKqgrh5rnwa", "name": "That's How We Do It", "artist": "Anjelah Johnson", "popularity": 23, "danceability": 0.549, "energy": 0.935, "key": 6, "loudness": -12.8, "mode": 1, "speechiness": 0.879, "acousticness": 0.655, "instrumentalness": 1.35e-06, "liveness": 0.964, "valence": 0.0418, "tempo": 105.918, "duration_ms": 140227, "time_signature": 4}, {"uri": "spotify:track:0iGZ5YpbjIkXyFcGXJ1wh6", "name": "The Joys of Couplehood", "artist": "Aisha Tyler", "popularity": 0, "danceability": 0.497, "energy": 0.434, "key": 1, "loudness": -22.617, "mode": 1, "speechiness": 0.944, "acousticness": 0.489, "instrumentalness": 0, "liveness": 0.969, "valence": 0.388, "tempo": 76.069, "duration_ms": 256880, "time_signature": 4}, {"uri": "spotify:track:30cXhcDoSCQyhNnno6I8ym", "name": "Maybe Baby", "artist": "Aisha Tyler", "popularity": 0, "danceability": 0.523, "energy": 0.655, "key": 3, "loudness": -16.835, "mode": 1, "speechiness": 0.939, "acousticness": 0.528, "instrumentalness": 0, "liveness": 0.962, "valence": 0.331, "tempo": 86.849, "duration_ms": 285933, "time_signature": 4}, {"uri": "spotify:track:0z8ooXIjHRrIMtrNu2PDjV", "name": "The Miracle Of LIfe", "artist": "Aisha Tyler", "popularity": 0, "danceability": 0.6, "energy": 0.585, "key": 4, "loudness": -16.938, "mode": 1, "speechiness": 0.935, "acousticness": 0.508, "instrumentalness": 0, "liveness": 0.949, "valence": 0.325, "tempo": 68.786, "duration_ms": 169760, "time_signature": 4}, {"uri": "spotify:track:1VMqyn2NyQZP0bIBsGKBQD", "name": "Bikini Wax", "artist": "Aisha Tyler", "popularity": 0, "danceability": 0.572, "energy": 0.571, "key": 1, "loudness": -17.041, "mode": 1, "speechiness": 0.929, "acousticness": 0.443, "instrumentalness": 0, "liveness": 0.97, "valence": 0.346, "tempo": 100.481, "duration_ms": 299133, "time_signature": 4}, {"uri": "spotify:track:5pxSdGlTNsHJtEqHEssu8K", "name": "Drunk Broads", "artist": "Becky Donohue", "popularity": 18, "danceability": 0.703, "energy": 0.512, "key": 4, "loudness": -12.129, "mode": 1, "speechiness": 0.936, "acousticness": 0.561, "instrumentalness": 0, "liveness": 0.886, "valence": 0.389, "tempo": 121.358, "duration_ms": 115547, "time_signature": 3}, {"uri": "spotify:track:5DBAeT4XUD9RIIh0Txhopz", "name": "Phat Ass", "artist": "Becky Donohue", "popularity": 20, "danceability": 0.685, "energy": 0.573, "key": 5, "loudness": -11.172, "mode": 1, "speechiness": 0.934, "acousticness": 0.65, "instrumentalness": 0, "liveness": 0.857, "valence": 0.466, "tempo": 130.335, "duration_ms": 177040, "time_signature": 5}, {"uri": "spotify:track:44hRd1Wb3Ib7nvaWjdXwuG", "name": "Doritos", "artist": "Becky Donohue", "popularity": 17, "danceability": 0.541, "energy": 0.775, "key": 9, "loudness": -13.985, "mode": 1, "speechiness": 0.578, "acousticness": 0.831, "instrumentalness": 0, "liveness": 0.749, "valence": 0.82, "tempo": 81.42, "duration_ms": 31040, "time_signature": 3}, {"uri": "spotify:track:69BY81sD7lbY5nwVtC3f2J", "name": "Fat Skinny", "artist": "Becky Donohue", "popularity": 16, "danceability": 0.509, "energy": 0.743, "key": 4, "loudness": -12.725, "mode": 0, "speechiness": 0.732, "acousticness": 0.787, "instrumentalness": 0, "liveness": 0.171, "valence": 0.73, "tempo": 117.436, "duration_ms": 48547, "time_signature": 4}, {"uri": "spotify:track:4dtU38wmUjA11g15reUt0f", "name": "Are You Married Yet?", "artist": "Erikka Innes", "popularity": 18, "danceability": 0.722, "energy": 0.492, "key": 8, "loudness": -8.946, "mode": 0, "speechiness": 0.884, "acousticness": 0.855, "instrumentalness": 0, "liveness": 0.317, "valence": 0.595, "tempo": 79.12, "duration_ms": 40573, "time_signature": 1}, {"uri": "spotify:track:1J3RbWiA8lN5pWQ1yEpw10", "name": "Legal Prostitution", "artist": "Erikka Innes", "popularity": 29, "danceability": 0.712, "energy": 0.659, "key": 0, "loudness": -8.99, "mode": 0, "speechiness": 0.759, "acousticness": 0.926, "instrumentalness": 0, "liveness": 0.667, "valence": 0.598, "tempo": 108.117, "duration_ms": 80693, "time_signature": 4}, {"uri": "spotify:track:1CiRiuJvOszalKRhzQdJx8", "name": "Living, Dating, And Losing Weight in La", "artist": "Erikka Innes", "popularity": 33, "danceability": 0.631, "energy": 0.342, "key": 5, "loudness": -16.419, "mode": 0, "speechiness": 0.913, "acousticness": 0.903, "instrumentalness": 0, "liveness": 0.733, "valence": 0.651, "tempo": 111.197, "duration_ms": 166528, "time_signature": 3}, {"uri": "spotify:track:6JlBGbmqxSMnvzGhTpHZfV", "name": "Friends With Benefits", "artist": "Erikka Innes", "popularity": 0, "danceability": 0.643, "energy": 0.254, "key": 3, "loudness": -16.981, "mode": 1, "speechiness": 0.954, "acousticness": 0.837, "instrumentalness": 0, "liveness": 0.627, "valence": 0.672, "tempo": 178.376, "duration_ms": 20800, "time_signature": 4}, {"uri": "spotify:track:26tEh43ope3kTdRtnkRYLO", "name": "What Does a Fake Boob Feel Like", "artist": "Erikka Innes", "popularity": 20, "danceability": 0.551, "energy": 0.386, "key": 8, "loudness": -15.865, "mode": 1, "speechiness": 0.957, "acousticness": 0.884, "instrumentalness": 0, "liveness": 0.683, "valence": 0.65, "tempo": 166.447, "duration_ms": 131120, "time_signature": 3}, {"uri": "spotify:track:2fyFoxeW8afm0z2Gs5MNmt", "name": "Moving in With My Boyfriend", "artist": "Erikka Innes", "popularity": 0, "danceability": 0.694, "energy": 0.201, "key": 8, "loudness": -17.746, "mode": 1, "speechiness": 0.869, "acousticness": 0.898, "instrumentalness": 0, "liveness": 0.607, "valence": 0.764, "tempo": 81.622, "duration_ms": 27563, "time_signature": 4}, {"uri": "spotify:track:25HJ43FEt0PILJLXBMsbl6", "name": "G-Spot 4 and the Wii Video Game System", "artist": "Erikka Innes", "popularity": 20, "danceability": 0.6, "energy": 0.445, "key": 8, "loudness": -16.705, "mode": 1, "speechiness": 0.947, "acousticness": 0.849, "instrumentalness": 0, "liveness": 0.726, "valence": 0.756, "tempo": 74.811, "duration_ms": 83808, "time_signature": 3}, {"uri": "spotify:track:10G0HJgJzzlZxFuSXCIwNi", "name": "If Straight Men Had Periods", "artist": "Margaret Cho", "popularity": 19, "danceability": 0.388, "energy": 0.94, "key": 6, "loudness": -12.553, "mode": 1, "speechiness": 0.72, "acousticness": 0.799, "instrumentalness": 4.63e-06, "liveness": 0.864, "valence": 0.0291, "tempo": 87.276, "duration_ms": 228040, "time_signature": 4}, {"uri": "spotify:track:7DnFJ0sJWRtCz13rP8aIno", "name": "If Gay Men Had Periods", "artist": "Margaret Cho", "popularity": 18, "danceability": 0.446, "energy": 0.967, "key": 4, "loudness": -13.391, "mode": 0, "speechiness": 0.637, "acousticness": 0.757, "instrumentalness": 1.83e-05, "liveness": 0.98, "valence": 0.0254, "tempo": 89.905, "duration_ms": 79893, "time_signature": 1}, {"uri": "spotify:track:45kRd0reo8fTgJKbfIyuQP", "name": "Dixie Chicks", "artist": "Margaret Cho", "popularity": 19, "danceability": 0.759, "energy": 0.568, "key": 0, "loudness": -8.48, "mode": 1, "speechiness": 0.943, "acousticness": 0.903, "instrumentalness": 0, "liveness": 0.241, "valence": 0.589, "tempo": 73.097, "duration_ms": 60573, "time_signature": 3}, {"uri": "spotify:track:1jHHw22J0ieElICCg5gu1m", "name": "Monogamy Is So Weird", "artist": "Margaret Cho", "popularity": 26, "danceability": 0.434, "energy": 0.542, "key": 8, "loudness": -19.113, "mode": 1, "speechiness": 0.865, "acousticness": 0.821, "instrumentalness": 8.17e-06, "liveness": 0.938, "valence": 0.0355, "tempo": 95.413, "duration_ms": 159267, "time_signature": 4}, {"uri": "spotify:track:22LfbOTS3NfBL5b1nhS4XB", "name": "Her Pussy Exploded", "artist": "Margaret Cho", "popularity": 19, "danceability": 0.375, "energy": 0.726, "key": 10, "loudness": -19.096, "mode": 0, "speechiness": 0.641, "acousticness": 0.865, "instrumentalness": 1.32e-05, "liveness": 0.721, "valence": 0.0311, "tempo": 172.783, "duration_ms": 153267, "time_signature": 4}, {"uri": "spotify:track:60TPuBKP3OC1r9nQXfLEgt", "name": "I'm Not A Breeder", "artist": "Margaret Cho", "popularity": 18, "danceability": 0.415, "energy": 0.576, "key": 1, "loudness": -19.545, "mode": 1, "speechiness": 0.63, "acousticness": 0.858, "instrumentalness": 7.19e-05, "liveness": 0.914, "valence": 0.0374, "tempo": 111.877, "duration_ms": 155893, "time_signature": 3}, {"uri": "spotify:track:2R1VcBJ7tQOeXrSkliso0B", "name": "Pussy Write Letter", "artist": "Margaret Cho", "popularity": 18, "danceability": 0.468, "energy": 0.591, "key": 1, "loudness": -17.924, "mode": 1, "speechiness": 0.765, "acousticness": 0.866, "instrumentalness": 8.2e-05, "liveness": 0.699, "valence": 0.0284, "tempo": 115.361, "duration_ms": 110507, "time_signature": 4}, {"uri": "spotify:track:37UoGVpsXwUf7osjicRTdA", "name": "Daughter Of Immigrants", "artist": "Margaret Cho", "popularity": 18, "danceability": 0.514, "energy": 0.383, "key": 1, "loudness": -22.217, "mode": 1, "speechiness": 0.87, "acousticness": 0.876, "instrumentalness": 0, "liveness": 0.739, "valence": 0.0475, "tempo": 132.31, "duration_ms": 156427, "time_signature": 3}, {"uri": "spotify:track:09dgPhwAEherwZPdO9bZwH", "name": "I Can't Run Up A Wall", "artist": "Margaret Cho", "popularity": 17, "danceability": 0.597, "energy": 0.676, "key": 10, "loudness": -10.559, "mode": 0, "speechiness": 0.947, "acousticness": 0.903, "instrumentalness": 2.93e-06, "liveness": 0.72, "valence": 0.175, "tempo": 96.533, "duration_ms": 225840, "time_signature": 4}, {"uri": "spotify:track:54fODJX5rvcM6okh6lVAqf", "name": "Hello Kitty", "artist": "Margaret Cho", "popularity": 17, "danceability": 0.392, "energy": 0.605, "key": 8, "loudness": -23.127, "mode": 1, "speechiness": 0.567, "acousticness": 0.891, "instrumentalness": 0.000155, "liveness": 0.699, "valence": 0.0309, "tempo": 80.615, "duration_ms": 82133, "time_signature": 4}, {"uri": "spotify:track:3VXbNAMH4NbyciYBtUzZAK", "name": "Hip Hop", "artist": "Natasha Leggero", "popularity": 24, "danceability": 0.473, "energy": 0.858, "key": 2, "loudness": -6.273, "mode": 1, "speechiness": 0.94, "acousticness": 0.872, "instrumentalness": 0, "liveness": 0.779, "valence": 0.388, "tempo": 85.931, "duration_ms": 165013, "time_signature": 3}, {"uri": "spotify:track:0Bw1lOGls2XMMUGXlEH89G", "name": "Girl, You Ain't Got No Arms", "artist": "Natasha Leggero", "popularity": 25, "danceability": 0.508, "energy": 0.75, "key": 8, "loudness": -7.579, "mode": 1, "speechiness": 0.949, "acousticness": 0.867, "instrumentalness": 0, "liveness": 0.87, "valence": 0.499, "tempo": 87.283, "duration_ms": 336053, "time_signature": 4}, {"uri": "spotify:track:7bmYqcVoDcYrDqgfzVI7N8", "name": "As Little As Possible", "artist": "Natasha Leggero", "popularity": 27, "danceability": 0.565, "energy": 0.798, "key": 1, "loudness": -7.097, "mode": 1, "speechiness": 0.932, "acousticness": 0.891, "instrumentalness": 0, "liveness": 0.935, "valence": 0.535, "tempo": 105.86, "duration_ms": 163347, "time_signature": 3}, {"uri": "spotify:track:4x60VisgAyn19mRvBUPQBg", "name": "Women's Movement", "artist": "Natasha Leggero", "popularity": 25, "danceability": 0.536, "energy": 0.823, "key": 1, "loudness": -6.609, "mode": 1, "speechiness": 0.931, "acousticness": 0.842, "instrumentalness": 0, "liveness": 0.816, "valence": 0.474, "tempo": 96.393, "duration_ms": 171853, "time_signature": 4}, {"uri": "spotify:track:72lfS9YIND3BhoNs58eXrd", "name": "Names", "artist": "Tig Notaro", "popularity": 0, "danceability": 0.532, "energy": 0.781, "key": 5, "loudness": -12.757, "mode": 1, "speechiness": 0.938, "acousticness": 0.915, "instrumentalness": 0.000169, "liveness": 0.751, "valence": 0.336, "tempo": 91.627, "duration_ms": 95920, "time_signature": 3}, {"uri": "spotify:track:7lQLhJXNK6u757EkSBMQFH", "name": "Can You Believe It", "artist": "Tig Notaro", "popularity": 0, "danceability": 0.413, "energy": 0.781, "key": 4, "loudness": -11.923, "mode": 1, "speechiness": 0.946, "acousticness": 0.929, "instrumentalness": 5.66e-05, "liveness": 0.674, "valence": 0.345, "tempo": 167.502, "duration_ms": 94013, "time_signature": 4}, {"uri": "spotify:track:1X4O34d4LxOQJR0BiXwiKf", "name": "Artificial Insemination", "artist": "Tig Notaro", "popularity": 0, "danceability": 0.517, "energy": 0.721, "key": 2, "loudness": -11.627, "mode": 1, "speechiness": 0.949, "acousticness": 0.908, "instrumentalness": 0, "liveness": 0.855, "valence": 0.529, "tempo": 87.89, "duration_ms": 59573, "time_signature": 4}, {"uri": "spotify:track:3CyBARF8GTywLHX567S8D3", "name": "Little Titties", "artist": "Tig Notaro", "popularity": 0, "danceability": 0.488, "energy": 0.789, "key": 5, "loudness": -11.011, "mode": 0, "speechiness": 0.918, "acousticness": 0.903, "instrumentalness": 0, "liveness": 0.699, "valence": 0.384, "tempo": 67.864, "duration_ms": 101667, "time_signature": 3}, {"uri": "spotify:track:4IbfUcBebUbp4NODo4PwaX", "name": "Self Defense/Shark Attack", "artist": "Tig Notaro", "popularity": 0, "danceability": 0.536, "energy": 0.624, "key": 1, "loudness": -11.115, "mode": 1, "speechiness": 0.933, "acousticness": 0.876, "instrumentalness": 0, "liveness": 0.733, "valence": 0.477, "tempo": 144.57, "duration_ms": 757467, "time_signature": 3}, {"uri": "spotify:track:5CbkAujrAEtP0Klm0bGzFE", "name": "Scary Things", "artist": "Ellen DeGeneres", "popularity": 26, "danceability": 0.622, "energy": 0.569, "key": 2, "loudness": -15.989, "mode": 1, "speechiness": 0.906, "acousticness": 0.927, "instrumentalness": 0, "liveness": 0.861, "valence": 0.352, "tempo": 119.401, "duration_ms": 291600, "time_signature": 5}, {"uri": "spotify:track:2AiPqvaxtTsKkts2qPr4Up", "name": "Embarrassing Moments", "artist": "Ellen DeGeneres", "popularity": 33, "danceability": 0.423, "energy": 0.888, "key": 2, "loudness": -19.148, "mode": 1, "speechiness": 0.845, "acousticness": 0.936, "instrumentalness": 0.0166, "liveness": 0.897, "valence": 0.04, "tempo": 97.903, "duration_ms": 150267, "time_signature": 3}, {"uri": "spotify:track:0YCUWDXurLPHxsaS7KH5MA", "name": "Depend and Leg Warmers", "artist": "Ellen DeGeneres", "popularity": 30, "danceability": 0.549, "energy": 0.664, "key": 10, "loudness": -22.95, "mode": 0, "speechiness": 0.928, "acousticness": 0.924, "instrumentalness": 5.35e-05, "liveness": 0.75, "valence": 0.179, "tempo": 43.967, "duration_ms": 134947, "time_signature": 3}, {"uri": "spotify:track:63OiEe747bl8C4NNeLaLb5", "name": "Stupid Things", "artist": "Ellen DeGeneres", "popularity": 28, "danceability": 0.437, "energy": 0.902, "key": 4, "loudness": -24.378, "mode": 1, "speechiness": 0.754, "acousticness": 0.972, "instrumentalness": 0.0776, "liveness": 0.77, "valence": 0.0356, "tempo": 129.973, "duration_ms": 262867, "time_signature": 4}, {"uri": "spotify:track:3w9lGx9GK4uiKJcCxTXj6I", "name": "Bagging a Bear", "artist": "Lisa Lampanelli", "popularity": 4, "danceability": 0.645, "energy": 0.611, "key": 10, "loudness": -9.709, "mode": 0, "speechiness": 0.959, "acousticness": 0.932, "instrumentalness": 0, "liveness": 0.871, "valence": 0.237, "tempo": 80.667, "duration_ms": 379925, "time_signature": 4}, {"uri": "spotify:track:3CMX4XvITuOwo62Wkked1E", "name": "Homos Are My Favorite People", "artist": "Lisa Lampanelli", "popularity": 5, "danceability": 0.613, "energy": 0.673, "key": 1, "loudness": -10.158, "mode": 1, "speechiness": 0.952, "acousticness": 0.932, "instrumentalness": 0, "liveness": 0.689, "valence": 0.232, "tempo": 102.299, "duration_ms": 338361, "time_signature": 4}, {"uri": "spotify:track:32ef3FopceLxVLEV7RPiHX", "name": "The Luckiest Bitch", "artist": "Lisa Lampanelli", "popularity": 3, "danceability": 0.685, "energy": 0.671, "key": 4, "loudness": -9.321, "mode": 1, "speechiness": 0.95, "acousticness": 0.918, "instrumentalness": 0, "liveness": 0.661, "valence": 0.272, "tempo": 103.082, "duration_ms": 255791, "time_signature": 4}, {"uri": "spotify:track:5qAos4wIMdBRFTv5vUPubn", "name": "Fan Appreciation", "artist": "Lisa Lampanelli", "popularity": 4, "danceability": 0.531, "energy": 0.608, "key": 7, "loudness": -10.7, "mode": 1, "speechiness": 0.949, "acousticness": 0.94, "instrumentalness": 0, "liveness": 0.706, "valence": 0.145, "tempo": 78.903, "duration_ms": 276828, "time_signature": 3}, {"uri": "spotify:track:1xibpDCu1YOE3NBRQgNMOP", "name": "My Reputation", "artist": "Lisa Lampanelli", "popularity": 3, "danceability": 0.605, "energy": 0.646, "key": 4, "loudness": -9.912, "mode": 1, "speechiness": 0.954, "acousticness": 0.925, "instrumentalness": 0, "liveness": 0.772, "valence": 0.231, "tempo": 142.065, "duration_ms": 338083, "time_signature": 3}, {"uri": "spotify:track:4tZh5ggqGswGi26gsO1ah7", "name": "Wally Walyy Ding Dong", "artist": "Caroline Rhea", "popularity": 22, "danceability": 0.569, "energy": 0.793, "key": 5, "loudness": -12.995, "mode": 1, "speechiness": 0.782, "acousticness": 0.765, "instrumentalness": 0, "liveness": 0.97, "valence": 0.522, "tempo": 97.75, "duration_ms": 111000, "time_signature": 4}, {"uri": "spotify:track:0yuxDBHla39KiLwejExcXD", "name": "Xx Why?", "artist": "Caroline Rhea", "popularity": 19, "danceability": 0.594, "energy": 0.87, "key": 6, "loudness": -12.15, "mode": 1, "speechiness": 0.811, "acousticness": 0.818, "instrumentalness": 0, "liveness": 0.846, "valence": 0.447, "tempo": 112.784, "duration_ms": 127133, "time_signature": 4}, {"uri": "spotify:track:0MlLFUvcp0q9aVOZ2k31gT", "name": "Dragon At the Door?", "artist": "Caroline Rhea", "popularity": 29, "danceability": 0.41, "energy": 0.902, "key": 5, "loudness": -12.233, "mode": 1, "speechiness": 0.925, "acousticness": 0.596, "instrumentalness": 1.43e-06, "liveness": 0.934, "valence": 0.215, "tempo": 177.768, "duration_ms": 156120, "time_signature": 4}, {"uri": "spotify:track:3JWyA7He57I5a42HH4mc9f", "name": "Mammals & Starbucks", "artist": "Caroline Rhea", "popularity": 29, "danceability": 0.475, "energy": 0.857, "key": 5, "loudness": -12.676, "mode": 1, "speechiness": 0.9, "acousticness": 0.726, "instrumentalness": 0, "liveness": 0.957, "valence": 0.485, "tempo": 85.351, "duration_ms": 232480, "time_signature": 3}, {"uri": "spotify:track:3S1UsL6vPKHTWaVKZdVSH6", "name": "My Favorite Husband", "artist": "Lucille Ball", "popularity": 0, "danceability": 0.571, "energy": 0.183, "key": 1, "loudness": -23.304, "mode": 1, "speechiness": 0.954, "acousticness": 0.942, "instrumentalness": 0, "liveness": 0.464, "valence": 0.49, "tempo": 56.977, "duration_ms": 1773435, "time_signature": 4}]