[{"uri": "spotify:track:0Gh45IbIKOG9IucFfrZqLT", "name": "Cello Concerto No. 1 in C Major, Hob.VIIb:1: III. Allegro molto", "artist": "Franz Joseph Haydn", "popularity": 46, "danceability": 0.375, "energy": 0.121, "key": 0, "loudness": -23.44, "mode": 1, "speechiness": 0.0406, "acousticness": 0.984, "instrumentalness": 0.871, "liveness": 0.0984, "valence": 0.453, "tempo": 147.398, "duration_ms": 424307, "time_signature": 4}, {"uri": "spotify:track:5aNKYrgylkMhI0d51oYkHf", "name": "Die Sch\u00f6pfung Hob. XXI:2 / Erster Teil: Einleitung - Rezitativ und Chor: \"Im Anfange\"", "artist": "Franz Joseph Haydn", "popularity": 34, "danceability": 0.077, "energy": 0.0262, "key": 8, "loudness": -24.079, "mode": 1, "speechiness": 0.04, "acousticness": 0.945, "instrumentalness": 0.487, "liveness": 0.0925, "valence": 0.0345, "tempo": 80.392, "duration_ms": 780827, "time_signature": 3}, {"uri": "spotify:track:1oStfg4y3wqWl7FK0SQ7yr", "name": "Symphony No. 92 in G Major, Hob. 1:92 \"Oxford Symphony\": II. Adagio cantabile", "artist": "Franz Joseph Haydn", "popularity": 34, "danceability": 0.277, "energy": 0.00769, "key": 2, "loudness": -30.851, "mode": 1, "speechiness": 0.0429, "acousticness": 0.962, "instrumentalness": 0.195, "liveness": 0.0969, "valence": 0.103, "tempo": 127.164, "duration_ms": 448503, "time_signature": 4}, {"uri": "spotify:track:3ywsgxwRMClaMZLa18UVu3", "name": "Haydn: Symphony No. 94 in G Major, Hob. I:94 \"Surprise\": IV. Finale. Allegro di molto", "artist": "Franz Joseph Haydn", "popularity": 33, "danceability": 0.442, "energy": 0.24, "key": 7, "loudness": -16.262, "mode": 1, "speechiness": 0.0378, "acousticness": 0.908, "instrumentalness": 0.938, "liveness": 0.151, "valence": 0.499, "tempo": 139.552, "duration_ms": 241227, "time_signature": 4}, {"uri": "spotify:track:4C4N6OfHzI2gGG2GihiWmu", "name": "Mass No. 7 in B-Flat Major, Hob. XXII:7, \"Missa brevis Sancti Joannis de Deo\", \"Kleine Orgelsolomesse\" (Little Organ Mass): Kyrie", "artist": "Franz Joseph Haydn", "popularity": 21, "danceability": 0.177, "energy": 0.172, "key": 10, "loudness": -17.14, "mode": 1, "speechiness": 0.0315, "acousticness": 0.973, "instrumentalness": 0.276, "liveness": 0.208, "valence": 0.0685, "tempo": 99.373, "duration_ms": 130680, "time_signature": 4}, {"uri": "spotify:track:27VuwTyDyyxXY8Cnl2ZUNO", "name": "Concerto for Trumpet and Orchestra, in E-flat Major Hob.VIIe: 1: I. Allegro", "artist": "Franz Joseph Haydn", "popularity": 32, "danceability": 0.388, "energy": 0.111, "key": 3, "loudness": -19.931, "mode": 1, "speechiness": 0.0411, "acousticness": 0.987, "instrumentalness": 0.918, "liveness": 0.107, "valence": 0.301, "tempo": 127.387, "duration_ms": 410960, "time_signature": 4}, {"uri": "spotify:track:0b5ErGJr4brN0Es73O2BS3", "name": "The Seven Last Words of Christ, Hob.XX:2: The Seven Last Words of Christ, Hob.XX:2: Sonata II. F\u00fcrwahr, ich sag' es dir. Grave e cantabile", "artist": "Franz Joseph Haydn", "popularity": 31, "danceability": 0.197, "energy": 0.0182, "key": 0, "loudness": -25.607, "mode": 0, "speechiness": 0.0467, "acousticness": 0.948, "instrumentalness": 0.25, "liveness": 0.066, "valence": 0.0748, "tempo": 77.257, "duration_ms": 501533, "time_signature": 4}, {"uri": "spotify:track:4ofb3jwDQIrnOudulTLxgR", "name": "Cello Concerto No. 2 in D Major, Hob. VIIb:2: III. Rondo \u2013 Allegro", "artist": "Franz Joseph Haydn", "popularity": 44, "danceability": 0.401, "energy": 0.128, "key": 2, "loudness": -18.798, "mode": 1, "speechiness": 0.0432, "acousticness": 0.988, "instrumentalness": 0.854, "liveness": 0.328, "valence": 0.5, "tempo": 136.879, "duration_ms": 307907, "time_signature": 4}, {"uri": "spotify:track:5XNAL6XHnU1VaswYKQ9co1", "name": "Concerto for Cello and Orchestra in D Major, Hob.VIIb:2: Concerto for Cello and Orchestra in D Major, Hob.VIIb:2: I. Allegro moderato", "artist": "Franz Joseph Haydn", "popularity": 30, "danceability": 0.348, "energy": 0.13, "key": 6, "loudness": -19.444, "mode": 0, "speechiness": 0.0463, "acousticness": 0.962, "instrumentalness": 0.815, "liveness": 0.0881, "valence": 0.145, "tempo": 126.622, "duration_ms": 884133, "time_signature": 4}, {"uri": "spotify:track:7oS0r6JmVmWMDxz3N5Uhxo", "name": "Die Sch\u00f6pfung Hob. XXI:2 / Erster Teil: 13. Chor mit Soli: Die Himmel erz\u00e4hlen die Ehre Gottes", "artist": "Franz Joseph Haydn", "popularity": 29, "danceability": 0.264, "energy": 0.33, "key": 0, "loudness": -15.0, "mode": 1, "speechiness": 0.0362, "acousticness": 0.963, "instrumentalness": 0.339, "liveness": 0.27, "valence": 0.501, "tempo": 97.333, "duration_ms": 264040, "time_signature": 4}, {"uri": "spotify:track:657juXCR9dQFwOq4e9c1Ls", "name": "Symphony No. 85 in B-Flat Major, Hob. I:85, \"La reine\" (the Queen): II. Romanza", "artist": "Franz Joseph Haydn", "popularity": 19, "danceability": 0.343, "energy": 0.0138, "key": 3, "loudness": -25.357, "mode": 1, "speechiness": 0.042, "acousticness": 0.961, "instrumentalness": 0.231, "liveness": 0.181, "valence": 0.211, "tempo": 115.799, "duration_ms": 287000, "time_signature": 4}, {"uri": "spotify:track:1d0mVkzYmxp822pjE2JVrM", "name": "Piano Trio No. 39: Piano Trio No. 39: I. Andante", "artist": "Franz Joseph Haydn", "popularity": 32, "danceability": 0.344, "energy": 0.0611, "key": 7, "loudness": -24.354, "mode": 1, "speechiness": 0.0396, "acousticness": 0.986, "instrumentalness": 0.589, "liveness": 0.117, "valence": 0.509, "tempo": 139.645, "duration_ms": 356733, "time_signature": 4}, {"uri": "spotify:track:28UToSZVrR37ByWNFuxrx7", "name": "Song: Love in Return", "artist": "Franz Joseph Haydn", "popularity": 0, "danceability": 0.338, "energy": 0.112, "key": 11, "loudness": -21.459, "mode": 0, "speechiness": 0.0832, "acousticness": 0.989, "instrumentalness": 0, "liveness": 0.124, "valence": 0.116, "tempo": 81.586, "duration_ms": 199387, "time_signature": 3}, {"uri": "spotify:track:3QAy6Mog08zbI2puUi6PE5", "name": "Sonata in D Major, Hob. XVl:37: Sonata in D Major, Hob. XVI:37: II. Largo e sostenuto", "artist": "Franz Joseph Haydn", "popularity": 3, "danceability": 0.348, "energy": 0.00185, "key": 2, "loudness": -33.139, "mode": 0, "speechiness": 0.0635, "acousticness": 0.99, "instrumentalness": 0.961, "liveness": 0.0982, "valence": 0.302, "tempo": 69.611, "duration_ms": 230227, "time_signature": 3}, {"uri": "spotify:track:2KnTgwfXUw3XW3kgGifp1S", "name": "Haydn: Symphony No. 96 in D Major, Hob. I:96 \"Miracle\": I. Adagio - Allegro", "artist": "Franz Joseph Haydn", "popularity": 24, "danceability": 0.395, "energy": 0.0868, "key": 2, "loudness": -21.028, "mode": 1, "speechiness": 0.0435, "acousticness": 0.967, "instrumentalness": 0.806, "liveness": 0.0549, "valence": 0.186, "tempo": 135.401, "duration_ms": 446893, "time_signature": 3}, {"uri": "spotify:track:1ebwZuP08PWvEIGq4fQZle", "name": "Mass in D Minor - Missa in angustiis (\"Nelson Mass\"), Hob. XXII:11: Credo: Et incarnatus est", "artist": "Franz Joseph Haydn", "popularity": 23, "danceability": 0.11, "energy": 0.039, "key": 7, "loudness": -29.12, "mode": 1, "speechiness": 0.0472, "acousticness": 0.976, "instrumentalness": 0.104, "liveness": 0.11, "valence": 0.036, "tempo": 80.619, "duration_ms": 245747, "time_signature": 3}, {"uri": "spotify:track:5Jo9QJUkxy09zLb4nLpWo4", "name": "String Quartet in E-Flat Major, Op. 71 No. 3: I. Vivace", "artist": "Franz Joseph Haydn", "popularity": 0, "danceability": 0.444, "energy": 0.147, "key": 3, "loudness": -19.102, "mode": 1, "speechiness": 0.043, "acousticness": 0.955, "instrumentalness": 0.774, "liveness": 0.0644, "valence": 0.427, "tempo": 136.105, "duration_ms": 384837, "time_signature": 4}, {"uri": "spotify:track:3IehhHgOoLAK6h9nJz0vZ6", "name": "Symphony No. 94 in G Major \"Surprise\": II. Andante", "artist": "Franz Joseph Haydn", "popularity": 28, "danceability": 0.498, "energy": 0.0206, "key": 0, "loudness": -21.742, "mode": 1, "speechiness": 0.0513, "acousticness": 0.94, "instrumentalness": 0.216, "liveness": 0.0758, "valence": 0.373, "tempo": 126.049, "duration_ms": 355413, "time_signature": 4}, {"uri": "spotify:track:6aYJpLwpu2oHdL5LaLyYhb", "name": "Symphony No. 45 in F-Sharp Minor, Hob. I:45 \"Farewell\": I. Allegro assai", "artist": "Franz Joseph Haydn", "popularity": 18, "danceability": 0.345, "energy": 0.15, "key": 6, "loudness": -17.034, "mode": 0, "speechiness": 0.0426, "acousticness": 0.98, "instrumentalness": 0.785, "liveness": 0.0997, "valence": 0.13, "tempo": 155.869, "duration_ms": 340000, "time_signature": 3}, {"uri": "spotify:track:5eCJktM5Xb2wZFsl8KbC1Y", "name": "Cello Concerto in C, H.VIIb, No.1: 2. Adagio", "artist": "Franz Joseph Haydn", "popularity": 31, "danceability": 0.185, "energy": 0.0564, "key": 5, "loudness": -23.967, "mode": 1, "speechiness": 0.0488, "acousticness": 0.969, "instrumentalness": 0.53, "liveness": 0.0706, "valence": 0.0953, "tempo": 96.13, "duration_ms": 554000, "time_signature": 4}, {"uri": "spotify:track:3oTjim2aM0FtWB4ePX9JHh", "name": "Symphony No. 94 in G Major \"Surprise\": I. Adagio - vivace assai", "artist": "Franz Joseph Haydn", "popularity": 25, "danceability": 0.441, "energy": 0.123, "key": 7, "loudness": -18.151, "mode": 1, "speechiness": 0.0406, "acousticness": 0.906, "instrumentalness": 0.9, "liveness": 0.0695, "valence": 0.296, "tempo": 130.802, "duration_ms": 542853, "time_signature": 3}, {"uri": "spotify:track:27PZ9hcsLL3vwtUDkKeEYO", "name": "The 7 Last Words of Christ, Op. 51: L'introduzione. Maestoso ed adagio, Hob. III:50", "artist": "Franz Joseph Haydn", "popularity": 16, "danceability": 0.341, "energy": 0.00957, "key": 2, "loudness": -20.789, "mode": 0, "speechiness": 0.0426, "acousticness": 0.978, "instrumentalness": 0.0374, "liveness": 0.0931, "valence": 0.0508, "tempo": 82.493, "duration_ms": 335960, "time_signature": 4}, {"uri": "spotify:track:18KWZxWqMXe4EPvpNqPrHl", "name": "Symphony No. 83 in G Minor, Hob. I:83, \"La poule\" (the Hen): I. Allegro spiritoso", "artist": "Franz Joseph Haydn", "popularity": 16, "danceability": 0.343, "energy": 0.08, "key": 10, "loudness": -21.812, "mode": 1, "speechiness": 0.0431, "acousticness": 0.885, "instrumentalness": 0.741, "liveness": 0.349, "valence": 0.227, "tempo": 156.233, "duration_ms": 410200, "time_signature": 4}, {"uri": "spotify:track:1bq75wU8N637kNKO3xDjv9", "name": "Mass No. 10 in C Major, Hob. XXII:9, \"Paukenmesse\": Agnus Dei: Agnus Dei", "artist": "Franz Joseph Haydn", "popularity": 15, "danceability": 0.204, "energy": 0.239, "key": 7, "loudness": -17.412, "mode": 0, "speechiness": 0.0345, "acousticness": 0.942, "instrumentalness": 0.879, "liveness": 0.292, "valence": 0.0345, "tempo": 85.638, "duration_ms": 167360, "time_signature": 4}, {"uri": "spotify:track:0ghvVQp9UnF1w77DQzwpkw", "name": "Symphony No. 104 in D Major, Hob. I:104 \"London\": III. Menuet - Trio", "artist": "Franz Joseph Haydn", "popularity": 16, "danceability": 0.35, "energy": 0.0702, "key": 2, "loudness": -18.624, "mode": 1, "speechiness": 0.0434, "acousticness": 0.934, "instrumentalness": 0.907, "liveness": 0.137, "valence": 0.213, "tempo": 135.867, "duration_ms": 326000, "time_signature": 3}, {"uri": "spotify:track:6su8WsxgKHN7wm93zIZQ7q", "name": "Symphony No. 92 in G Major, Hob. 1:92 \"Oxford Symphony\": I. Adagio - Allegro spiritoso", "artist": "Franz Joseph Haydn", "popularity": 32, "danceability": 0.433, "energy": 0.0549, "key": 7, "loudness": -22.121, "mode": 1, "speechiness": 0.0477, "acousticness": 0.929, "instrumentalness": 0.067, "liveness": 0.0693, "valence": 0.358, "tempo": 125.599, "duration_ms": 479681, "time_signature": 3}, {"uri": "spotify:track:31rSq25KqkGfm1P0JRwLqQ", "name": "Die Jahreszeiten (the Seasons), Hob. XXI:3: Der Fr\u00fchling [Spring]: Introduction and Recitative. Seht, wie der strenge Winter [Simon, Lukas, Hanne]", "artist": "Franz Joseph Haydn", "popularity": 15, "danceability": 0.49, "energy": 0.0669, "key": 3, "loudness": -22.018, "mode": 1, "speechiness": 0.044, "acousticness": 0.942, "instrumentalness": 0.0836, "liveness": 0.0721, "valence": 0.126, "tempo": 117.151, "duration_ms": 341893, "time_signature": 4}, {"uri": "spotify:track:6XYs4SWR0uDPhTCK6cwNlD", "name": "Haydn: Stabat Mater, Hob. XXa:1: VIII. Sancta Mater istud agas", "artist": "Franz Joseph Haydn", "popularity": 24, "danceability": 0.28, "energy": 0.0763, "key": 5, "loudness": -25.588, "mode": 1, "speechiness": 0.0495, "acousticness": 0.962, "instrumentalness": 1.67e-05, "liveness": 0.115, "valence": 0.103, "tempo": 119.757, "duration_ms": 389226, "time_signature": 4}, {"uri": "spotify:track:2PauahNl6G2hhsBC96MQ8O", "name": "Symphony No. 44 in E Minor, Hob. I:44, \"Trauersinfonie\" (Mourning): II. Menuet and trio", "artist": "Franz Joseph Haydn", "popularity": 16, "danceability": 0.245, "energy": 0.0123, "key": 4, "loudness": -23.9, "mode": 0, "speechiness": 0.0449, "acousticness": 0.983, "instrumentalness": 0.609, "liveness": 0.26, "valence": 0.095, "tempo": 77.444, "duration_ms": 383000, "time_signature": 4}, {"uri": "spotify:track:4YXav47p5xlYvZcq9a57Wb", "name": "The Creation, Hob. XXI:2: Pt. I, No.1: Die Vorstellung des Chaos (the Representation of Chaos)", "artist": "Franz Joseph Haydn", "popularity": 15, "danceability": 0.07, "energy": 0.00572, "key": 0, "loudness": -24.89, "mode": 0, "speechiness": 0.0336, "acousticness": 0.906, "instrumentalness": 0.159, "liveness": 0.0648, "valence": 0.0321, "tempo": 71.823, "duration_ms": 393093, "time_signature": 3}, {"uri": "spotify:track:047cz849oDJYhXkkWmFqDh", "name": "Mass No. 13 in B-Flat Major, Hob. X XII:13 \"Sch\u00f6pfungsmesse\": Agnus Dei: Agnus Dei", "artist": "Franz Joseph Haydn", "popularity": 14, "danceability": 0.154, "energy": 0.104, "key": 7, "loudness": -20.462, "mode": 1, "speechiness": 0.0329, "acousticness": 0.986, "instrumentalness": 0.91, "liveness": 0.0945, "valence": 0.0353, "tempo": 81.264, "duration_ms": 209613, "time_signature": 3}, {"uri": "spotify:track:4rQ6qF0SJenQAKjns8i4Hg", "name": "Keyboard Sonata No. 53 in E Minor, Hob. XVI:34: III. Vivace molto", "artist": "Franz Joseph Haydn", "popularity": 15, "danceability": 0.413, "energy": 0.141, "key": 4, "loudness": -25.793, "mode": 1, "speechiness": 0.0389, "acousticness": 0.995, "instrumentalness": 0.879, "liveness": 0.133, "valence": 0.579, "tempo": 130.833, "duration_ms": 204893, "time_signature": 4}, {"uri": "spotify:track:5hOJpQ5zb0L0m7GmdZrIwN", "name": "Symphony No. 82 in C Major, Hob. I:82, \"L'ours\" (the Bear): IV. Finale. Vivace", "artist": "Franz Joseph Haydn", "popularity": 16, "danceability": 0.558, "energy": 0.194, "key": 0, "loudness": -18.508, "mode": 1, "speechiness": 0.0433, "acousticness": 0.903, "instrumentalness": 0.913, "liveness": 0.109, "valence": 0.485, "tempo": 72.306, "duration_ms": 250000, "time_signature": 4}, {"uri": "spotify:track:6BKiG4kcgRajKUopQBgb2z", "name": "Keyboard Trio No. 24 in D Major, Hob. XV:24: III. Allegro, ma dolce", "artist": "Franz Joseph Haydn", "popularity": 15, "danceability": 0.311, "energy": 0.0929, "key": 2, "loudness": -25.373, "mode": 1, "speechiness": 0.0406, "acousticness": 0.993, "instrumentalness": 0.913, "liveness": 0.115, "valence": 0.479, "tempo": 156.032, "duration_ms": 158413, "time_signature": 3}, {"uri": "spotify:track:20MBTOOid2UTtIMpr16BIt", "name": "Haydn: Symphony No. 94 in G Major, Hob. I:94 \"Surprise\": III. Menuetto - Trio", "artist": "Franz Joseph Haydn", "popularity": 26, "danceability": 0.332, "energy": 0.0549, "key": 7, "loudness": -17.692, "mode": 1, "speechiness": 0.0367, "acousticness": 0.977, "instrumentalness": 0.91, "liveness": 0.103, "valence": 0.315, "tempo": 142.365, "duration_ms": 328707, "time_signature": 3}, {"uri": "spotify:track:3ztDaaQa6SW8tP9YbhVTOp", "name": "Symphony No. 98 in B-Flat Major, Hob. I:98: II. Adagio", "artist": "Franz Joseph Haydn", "popularity": 15, "danceability": 0.14, "energy": 0.056, "key": 5, "loudness": -22.068, "mode": 1, "speechiness": 0.0503, "acousticness": 0.985, "instrumentalness": 0.802, "liveness": 0.0783, "valence": 0.0393, "tempo": 77.789, "duration_ms": 413440, "time_signature": 3}, {"uri": "spotify:track:3Eq1DQCoKDgM7JzbRQHOB2", "name": "Die Jahreszeiten, Hob. XXI:3 - Der Fr\u00fchling: 8. Freudenlied mit abwechselndem Chor der Jugend, \"Oh, wie lieblich ist der Anblick\"", "artist": "Franz Joseph Haydn", "popularity": 0, "danceability": 0.364, "energy": 0.125, "key": 2, "loudness": -22.264, "mode": 1, "speechiness": 0.0633, "acousticness": 0.971, "instrumentalness": 8.59e-05, "liveness": 0.273, "valence": 0.304, "tempo": 136.155, "duration_ms": 297240, "time_signature": 4}, {"uri": "spotify:track:20SEyo1jCgiYxgAabS9W7U", "name": "Haydn: Cello Concerto No. 2 in D Major, Hob. VIIb:2: II. Adagio", "artist": "Franz Joseph Haydn", "popularity": 24, "danceability": 0.239, "energy": 0.0208, "key": 9, "loudness": -24.683, "mode": 1, "speechiness": 0.0442, "acousticness": 0.973, "instrumentalness": 0.168, "liveness": 0.124, "valence": 0.103, "tempo": 134.237, "duration_ms": 273827, "time_signature": 4}, {"uri": "spotify:track:0trLoSDjBTras4KEEhfp5Z", "name": "Haydn: Trumpet Concerto In E Flat - Iii Finale", "artist": "Franz Joseph Haydn", "popularity": 0, "danceability": 0.404, "energy": 0.164, "key": 3, "loudness": -17.449, "mode": 1, "speechiness": 0.0454, "acousticness": 0.969, "instrumentalness": 0.882, "liveness": 0.0691, "valence": 0.418, "tempo": 144.99, "duration_ms": 265707, "time_signature": 4}, {"uri": "spotify:track:60Sk7ESccRn36ALKYdRuMX", "name": "Symphony No. 92 \"Oxford\"", "artist": "Franz Joseph Haydn", "popularity": 24, "danceability": 0.358, "energy": 0.0348, "key": 7, "loudness": -19.794, "mode": 1, "speechiness": 0.0371, "acousticness": 0.991, "instrumentalness": 0.794, "liveness": 0.151, "valence": 0.331, "tempo": 143.557, "duration_ms": 330800, "time_signature": 3}, {"uri": "spotify:track:5XBnXRokEYgLAMSxbl5ZOE", "name": "String Quartet in D Major, Op. 71 No. 2: I. III. Menuetto (Allegro \u2013 Trio)", "artist": "Franz Joseph Haydn", "popularity": 0, "danceability": 0.546, "energy": 0.0311, "key": 2, "loudness": -20.571, "mode": 1, "speechiness": 0.0396, "acousticness": 0.975, "instrumentalness": 0.778, "liveness": 0.158, "valence": 0.495, "tempo": 70.455, "duration_ms": 143949, "time_signature": 4}, {"uri": "spotify:track:1nf7PUgF6iTRsbPu3t6uxO", "name": "Keyboard Concerto No. 10 in F Major, Hob. XVIII:7: II. Adagio", "artist": "Franz Joseph Haydn", "popularity": 15, "danceability": 0.349, "energy": 0.0666, "key": 2, "loudness": -26.85, "mode": 0, "speechiness": 0.0334, "acousticness": 0.406, "instrumentalness": 0.000668, "liveness": 0.101, "valence": 0.12, "tempo": 60.659, "duration_ms": 169160, "time_signature": 4}, {"uri": "spotify:track:4l6azBCTc584kPCK7VOo6w", "name": "Keyboard Trio No. 27 in C Major, Hob. XV:27: III. Finale. Presto", "artist": "Franz Joseph Haydn", "popularity": 14, "danceability": 0.505, "energy": 0.145, "key": 0, "loudness": -21.976, "mode": 1, "speechiness": 0.0481, "acousticness": 0.986, "instrumentalness": 0.89, "liveness": 0.112, "valence": 0.499, "tempo": 80.432, "duration_ms": 273747, "time_signature": 4}, {"uri": "spotify:track:4chm0GkaUjWYTPnRhsmWgP", "name": "Symphony No. 94 in G Major \"Surprise\": IV. Finale: Allegro molto", "artist": "Franz Joseph Haydn", "popularity": 22, "danceability": 0.442, "energy": 0.145, "key": 2, "loudness": -20.495, "mode": 1, "speechiness": 0.0404, "acousticness": 0.877, "instrumentalness": 0.77, "liveness": 0.0874, "valence": 0.595, "tempo": 132.871, "duration_ms": 254040, "time_signature": 4}, {"uri": "spotify:track:0ciWtFtg7EgkbpgLt7QCXk", "name": "Symphony No. 99 in E-Flat Major, Hob. I:99: IV. Finale. Vivace", "artist": "Franz Joseph Haydn", "popularity": 16, "danceability": 0.559, "energy": 0.114, "key": 3, "loudness": -21.197, "mode": 1, "speechiness": 0.0411, "acousticness": 0.952, "instrumentalness": 0.85, "liveness": 0.0719, "valence": 0.484, "tempo": 135.239, "duration_ms": 260667, "time_signature": 4}, {"uri": "spotify:track:0DMaT7zbxedn6UsbmcVlij", "name": "Trio No. 97 in D Major: Adagio cantabile", "artist": "Franz Joseph Haydn", "popularity": 0, "danceability": 0.191, "energy": 0.123, "key": 2, "loudness": -19.887, "mode": 1, "speechiness": 0.038, "acousticness": 0.871, "instrumentalness": 0.852, "liveness": 0.114, "valence": 0.0666, "tempo": 134.338, "duration_ms": 322253, "time_signature": 4}, {"uri": "spotify:track:0aiRnKWGVpxE4VD07hj2XA", "name": "Symphony No. 92 \"Oxford\"", "artist": "Franz Joseph Haydn", "popularity": 24, "danceability": 0.513, "energy": 0.2, "key": 7, "loudness": -18.764, "mode": 1, "speechiness": 0.0433, "acousticness": 0.973, "instrumentalness": 0.906, "liveness": 0.0555, "valence": 0.464, "tempo": 77.448, "duration_ms": 360800, "time_signature": 4}, {"uri": "spotify:track:3LK6ejlzAPgknRdoGA9jkl", "name": "Concerto for Trumpet and Orchestra, in E-flat Major Hob.VIIe: 1: II. Andante", "artist": "Franz Joseph Haydn", "popularity": 23, "danceability": 0.202, "energy": 0.0378, "key": 8, "loudness": -24.56, "mode": 1, "speechiness": 0.0438, "acousticness": 0.99, "instrumentalness": 0.924, "liveness": 0.13, "valence": 0.146, "tempo": 79.326, "duration_ms": 191467, "time_signature": 3}, {"uri": "spotify:track:0QxUouNig8aqWxcgXOrkUJ", "name": "Fantasia in C Major, Hob. XVII:4: Fantasia in C Major (Capriccio), Hob.XVII:4", "artist": "Franz Joseph Haydn", "popularity": 14, "danceability": 0.37, "energy": 0.25, "key": 0, "loudness": -20.114, "mode": 1, "speechiness": 0.0499, "acousticness": 0.99, "instrumentalness": 0.89, "liveness": 0.182, "valence": 0.185, "tempo": 82.527, "duration_ms": 361867, "time_signature": 4}, {"uri": "spotify:track:60uGdH8uQxV40AZsSN9GQT", "name": "Keyboard Concerto in F Major, Hob. XVIII:3: II. Largo cantabile", "artist": "Franz Joseph Haydn", "popularity": 16, "danceability": 0.227, "energy": 0.00792, "key": 0, "loudness": -34.323, "mode": 1, "speechiness": 0.0448, "acousticness": 0.978, "instrumentalness": 0.56, "liveness": 0.131, "valence": 0.117, "tempo": 76.051, "duration_ms": 388120, "time_signature": 4}, {"uri": "spotify:track:6lvWr4Ji1wXWPUTKO3c5rD", "name": "Symphony No. 104 in D Major, Hob. I:104 \"London\": I. Adagio - Allegro", "artist": "Franz Joseph Haydn", "popularity": 14, "danceability": 0.341, "energy": 0.13, "key": 2, "loudness": -17.473, "mode": 1, "speechiness": 0.0382, "acousticness": 0.836, "instrumentalness": 0.927, "liveness": 0.0623, "valence": 0.169, "tempo": 122.538, "duration_ms": 502000, "time_signature": 4}, {"uri": "spotify:track:19JsOOPlPBwThQReDZ40Q1", "name": "Keyboard Sonata in C Major, Op. 79, Hob. XVI:50: I. Allegro", "artist": "Franz Joseph Haydn", "popularity": 14, "danceability": 0.388, "energy": 0.0889, "key": 0, "loudness": -25.439, "mode": 1, "speechiness": 0.0429, "acousticness": 0.992, "instrumentalness": 0.913, "liveness": 0.104, "valence": 0.304, "tempo": 121.233, "duration_ms": 608520, "time_signature": 4}, {"uri": "spotify:track:7qcCRaa1QdU5bb1DE14VZ9", "name": "Haydn: Symphony No. 96 in D Major, Hob. I:96 \"Miracle\": II. Andante", "artist": "Franz Joseph Haydn", "popularity": 19, "danceability": 0.318, "energy": 0.0339, "key": 7, "loudness": -25.175, "mode": 1, "speechiness": 0.0435, "acousticness": 0.962, "instrumentalness": 0.23, "liveness": 0.0395, "valence": 0.162, "tempo": 138.736, "duration_ms": 377640, "time_signature": 5}, {"uri": "spotify:track:7k22R54vbVSv6QnPVLHjBW", "name": "Haydn: Mass in D Minor, Hob. XXII:11 \"Nelson Mass\": Kyrie", "artist": "Franz Joseph Haydn", "popularity": 23, "danceability": 0.423, "energy": 0.308, "key": 7, "loudness": -15.374, "mode": 0, "speechiness": 0.0355, "acousticness": 0.965, "instrumentalness": 0.333, "liveness": 0.148, "valence": 0.0863, "tempo": 115.275, "duration_ms": 266067, "time_signature": 3}, {"uri": "spotify:track:24bWKvHuyZMD0aJdFwkBGI", "name": "Piano Trio in G Major, Hob. XV:25 \"Gypsy Rondo\": III. Rondo all'ongarese. Presto", "artist": "Franz Joseph Haydn", "popularity": 14, "danceability": 0.424, "energy": 0.143, "key": 7, "loudness": -18.864, "mode": 1, "speechiness": 0.0449, "acousticness": 0.976, "instrumentalness": 0.9, "liveness": 0.094, "valence": 0.75, "tempo": 147.355, "duration_ms": 205947, "time_signature": 4}, {"uri": "spotify:track:6P1gWrlBHEy2A6Er26Lqwl", "name": "String Quartet, Op. 76, No. 4 in B-Flat Minor, 'Sunrise': I. Allegro con spirito", "artist": "Franz Joseph Haydn", "popularity": 23, "danceability": 0.354, "energy": 0.0877, "key": 5, "loudness": -18.88, "mode": 1, "speechiness": 0.0453, "acousticness": 0.916, "instrumentalness": 0.603, "liveness": 0.0924, "valence": 0.17, "tempo": 136.204, "duration_ms": 522627, "time_signature": 4}, {"uri": "spotify:track:0JiZzeiXVv1jmIo9x28glV", "name": "Violin Concerto in C Major, Hob. VIIa:1: II. Adagio", "artist": "Franz Joseph Haydn", "popularity": 14, "danceability": 0.149, "energy": 0.0566, "key": 5, "loudness": -28.271, "mode": 1, "speechiness": 0.0663, "acousticness": 0.184, "instrumentalness": 0.388, "liveness": 0.0671, "valence": 0.0579, "tempo": 64.405, "duration_ms": 304800, "time_signature": 4}, {"uri": "spotify:track:3Cw9A1Vr8NGsr5NyHlc7nO", "name": "Mass No. 5 in E-Flat Major, Hob. XXII:4, \"Missa in honorem BVM\", \"Missa Sancti Josephi\", \"Grosse Orgelsolomesse\": Agnus Dei", "artist": "Franz Joseph Haydn", "popularity": 13, "danceability": 0.176, "energy": 0.133, "key": 10, "loudness": -21.053, "mode": 0, "speechiness": 0.0365, "acousticness": 0.977, "instrumentalness": 0.943, "liveness": 0.148, "valence": 0.0356, "tempo": 107.834, "duration_ms": 171840, "time_signature": 3}, {"uri": "spotify:track:2pqpOea7leLVyBSHkUCUcu", "name": "Symphony No. 103 in E-Flat Major, Hob. I:103, \"Drumroll\": I. Adagio - Allegro con spirito", "artist": "Franz Joseph Haydn", "popularity": 16, "danceability": 0.365, "energy": 0.0925, "key": 3, "loudness": -17.989, "mode": 1, "speechiness": 0.043, "acousticness": 0.888, "instrumentalness": 0.881, "liveness": 0.0939, "valence": 0.102, "tempo": 115.822, "duration_ms": 554000, "time_signature": 4}, {"uri": "spotify:track:07Oij3AVn2iUvRZOq9I8bb", "name": "Cello Concerto No. 1 in C Major, Hob. VIIb:1: I. Moderato", "artist": "Franz Joseph Haydn", "popularity": 29, "danceability": 0.298, "energy": 0.0895, "key": 0, "loudness": -19.027, "mode": 1, "speechiness": 0.0434, "acousticness": 0.988, "instrumentalness": 0.916, "liveness": 0.0667, "valence": 0.302, "tempo": 137.516, "duration_ms": 545960, "time_signature": 4}, {"uri": "spotify:track:2b5Zv9dbs7huaba2qQJELC", "name": "Mass No. 10 in C Major, Hob. XXII:9, \"Paukenmesse\": Gloria. Qui tollis peccata mundi", "artist": "Franz Joseph Haydn", "popularity": 13, "danceability": 0.188, "energy": 0.174, "key": 1, "loudness": -17.803, "mode": 0, "speechiness": 0.0359, "acousticness": 0.986, "instrumentalness": 0.5, "liveness": 0.14, "valence": 0.0353, "tempo": 128.648, "duration_ms": 285667, "time_signature": 4}, {"uri": "spotify:track:2Voa5gb8xPPI3PyG165WBS", "name": "Keyboard Concerto in D Major, Hob. XVIII:11: I. Vivace", "artist": "Franz Joseph Haydn", "popularity": 15, "danceability": 0.334, "energy": 0.134, "key": 2, "loudness": -21.484, "mode": 1, "speechiness": 0.0376, "acousticness": 0.987, "instrumentalness": 0.901, "liveness": 0.0909, "valence": 0.345, "tempo": 157.685, "duration_ms": 469133, "time_signature": 4}]