[{"uri": "spotify:track:044ltj4MTVLeCHXQZX1lFO", "name": "Upwards", "artist": "Aiyden", "popularity": 54, "danceability": 0.177, "energy": 0.0069, "key": 0, "loudness": -32.83, "mode": 0, "speechiness": 0.043, "acousticness": 0.957, "instrumentalness": 0.898, "liveness": 0.104, "valence": 0.0559, "tempo": 70.463, "duration_ms": 190000, "time_signature": 3}, {"uri": "spotify:track:3fgK7TjDhlM6OAFuW42qcc", "name": "Find Yourself", "artist": "Pacificus Luminus", "popularity": 33, "danceability": 0.167, "energy": 0.00842, "key": 6, "loudness": -31.974, "mode": 1, "speechiness": 0.0432, "acousticness": 0.936, "instrumentalness": 0.925, "liveness": 0.11, "valence": 0.0399, "tempo": 134.31, "duration_ms": 148001, "time_signature": 4}, {"uri": "spotify:track:1UbYOb8VDHmEyDO6S3UtGU", "name": "Ver Weg", "artist": "Pauline Huijbers", "popularity": 35, "danceability": 0.16, "energy": 0.0278, "key": 5, "loudness": -32.588, "mode": 1, "speechiness": 0.0395, "acousticness": 0.958, "instrumentalness": 0.817, "liveness": 0.098, "valence": 0.19, "tempo": 65.694, "duration_ms": 194000, "time_signature": 4}, {"uri": "spotify:track:3A2qFGe7UPTd7G6KbNZjCw", "name": "Closer", "artist": "Nairuz", "popularity": 35, "danceability": 0.156, "energy": 0.288, "key": 7, "loudness": -16.083, "mode": 0, "speechiness": 0.0326, "acousticness": 0.848, "instrumentalness": 0.916, "liveness": 0.121, "valence": 0.0387, "tempo": 59.806, "duration_ms": 311400, "time_signature": 5}, {"uri": "spotify:track:0EReYmRKdy1iq1rfuGaEP5", "name": "Liquid Air", "artist": "Sea of Waves", "popularity": 39, "danceability": 0.108, "energy": 0.0572, "key": 4, "loudness": -32.846, "mode": 1, "speechiness": 0.0489, "acousticness": 0.746, "instrumentalness": 0.716, "liveness": 0.11, "valence": 0.0354, "tempo": 79.992, "duration_ms": 213879, "time_signature": 4}, {"uri": "spotify:track:2Wsu9gvKCWRXLA1nEdFfXt", "name": "First Day", "artist": "Ljomo", "popularity": 65, "danceability": 0.172, "energy": 0.14, "key": 7, "loudness": -21.661, "mode": 1, "speechiness": 0.0378, "acousticness": 0.952, "instrumentalness": 0.898, "liveness": 0.11, "valence": 0.0387, "tempo": 67.14, "duration_ms": 252000, "time_signature": 4}, {"uri": "spotify:track:7etqolbqNqTmybDTIN77pt", "name": "Epiphany", "artist": "Aari Kumar", "popularity": 57, "danceability": 0.0907, "energy": 0.0423, "key": 5, "loudness": -33.884, "mode": 1, "speechiness": 0.0316, "acousticness": 0.99, "instrumentalness": 0.864, "liveness": 0.0973, "valence": 0.199, "tempo": 72.341, "duration_ms": 172091, "time_signature": 3}, {"uri": "spotify:track:3eR65X6SJv94InSu0RCqMf", "name": "Distant Voices", "artist": "Billie Mercedez", "popularity": 41, "danceability": 0.244, "energy": 0.0886, "key": 7, "loudness": -15.014, "mode": 1, "speechiness": 0.0354, "acousticness": 0.822, "instrumentalness": 0.805, "liveness": 0.112, "valence": 0.0388, "tempo": 139.064, "duration_ms": 176571, "time_signature": 4}, {"uri": "spotify:track:5dXCkj7h7B1Hg4MwTHcixd", "name": "Maitri Lake (432hz)", "artist": "Abe Hathot", "popularity": 44, "danceability": 0.179, "energy": 0.18, "key": 0, "loudness": -19.346, "mode": 0, "speechiness": 0.0404, "acousticness": 0.97, "instrumentalness": 0.865, "liveness": 0.0593, "valence": 0.0357, "tempo": 86.081, "duration_ms": 223538, "time_signature": 3}, {"uri": "spotify:track:3G0zjnMRZjcjdrlK1dADUz", "name": "Raising Life", "artist": "Michel LeBond", "popularity": 41, "danceability": 0.164, "energy": 0.172, "key": 8, "loudness": -17.631, "mode": 1, "speechiness": 0.0368, "acousticness": 0.689, "instrumentalness": 0.867, "liveness": 0.109, "valence": 0.0345, "tempo": 186.292, "duration_ms": 182784, "time_signature": 3}, {"uri": "spotify:track:6ivdFVK29qRdsKezUln44y", "name": "Spaces in Serenity", "artist": "SARAB", "popularity": 38, "danceability": 0.273, "energy": 0.0468, "key": 0, "loudness": -21.614, "mode": 0, "speechiness": 0.0348, "acousticness": 0.877, "instrumentalness": 0.818, "liveness": 0.101, "valence": 0.0527, "tempo": 88.094, "duration_ms": 251429, "time_signature": 4}, {"uri": "spotify:track:4ZJzL8tq3rNVRpf4IZOMrb", "name": "By The Pond", "artist": "Jeff Birma", "popularity": 34, "danceability": 0.096, "energy": 0.043, "key": 9, "loudness": -26.439, "mode": 0, "speechiness": 0.0447, "acousticness": 0.52, "instrumentalness": 0.784, "liveness": 0.112, "valence": 0.0359, "tempo": 88.468, "duration_ms": 269485, "time_signature": 3}, {"uri": "spotify:track:53Pqc0z3W4bJM9eeOO1W3O", "name": "Ocean Breath", "artist": "Najia", "popularity": 50, "danceability": 0.143, "energy": 0.00371, "key": 1, "loudness": -35.514, "mode": 1, "speechiness": 0.0538, "acousticness": 0.968, "instrumentalness": 0.907, "liveness": 0.146, "valence": 0.0304, "tempo": 71.71, "duration_ms": 157724, "time_signature": 4}, {"uri": "spotify:track:6BFmIFysuR7WZBXd28jQlG", "name": "Lost For Words", "artist": "Cornelia Benton", "popularity": 32, "danceability": 0.154, "energy": 0.0218, "key": 9, "loudness": -32.534, "mode": 0, "speechiness": 0.0392, "acousticness": 0.9, "instrumentalness": 0.895, "liveness": 0.106, "valence": 0.0923, "tempo": 71.01, "duration_ms": 192000, "time_signature": 3}, {"uri": "spotify:track:6YLrARPrFzyhPSNDBzVWc2", "name": "Prism", "artist": "Abe Hathot", "popularity": 44, "danceability": 0.277, "energy": 0.19, "key": 8, "loudness": -17.774, "mode": 1, "speechiness": 0.0352, "acousticness": 0.923, "instrumentalness": 0.941, "liveness": 0.111, "valence": 0.0426, "tempo": 117.865, "duration_ms": 172000, "time_signature": 4}, {"uri": "spotify:track:0Nxg8Z0S7BHv7qv86gYnBT", "name": "Into Gratitude", "artist": "Nairuz", "popularity": 34, "danceability": 0.343, "energy": 0.0299, "key": 8, "loudness": -29.447, "mode": 1, "speechiness": 0.0322, "acousticness": 0.731, "instrumentalness": 0.858, "liveness": 0.0639, "valence": 0.0396, "tempo": 109.879, "duration_ms": 187636, "time_signature": 4}, {"uri": "spotify:track:286oXCQiXd21D7WVeMMYCc", "name": "When It Was Just A Dream", "artist": "Diya Wiler", "popularity": 65, "danceability": 0.0708, "energy": 0.00234, "key": 0, "loudness": -38.223, "mode": 1, "speechiness": 0.0375, "acousticness": 0.992, "instrumentalness": 0.895, "liveness": 0.09, "valence": 0.0534, "tempo": 70.608, "duration_ms": 205051, "time_signature": 1}, {"uri": "spotify:track:0vXj9LXojFSwXXKkSjzuNB", "name": "Chapters", "artist": "Zen Wuan", "popularity": 65, "danceability": 0.158, "energy": 0.123, "key": 4, "loudness": -27.373, "mode": 0, "speechiness": 0.0406, "acousticness": 0.868, "instrumentalness": 0.646, "liveness": 0.0744, "valence": 0.037, "tempo": 134.828, "duration_ms": 163731, "time_signature": 3}, {"uri": "spotify:track:0vsCKqIDPPFpFgAZdKe0XV", "name": "Placidity - Studio Edit", "artist": "SARAB", "popularity": 33, "danceability": 0.271, "energy": 0.164, "key": 2, "loudness": -16.474, "mode": 1, "speechiness": 0.0318, "acousticness": 0.11, "instrumentalness": 0.78, "liveness": 0.109, "valence": 0.0376, "tempo": 75.101, "duration_ms": 181000, "time_signature": 3}, {"uri": "spotify:track:6gVrAqhSIPSh9iVRa6lgPH", "name": "Conifer", "artist": "Permaculti", "popularity": 34, "danceability": 0.237, "energy": 0.036, "key": 0, "loudness": -27.948, "mode": 1, "speechiness": 0.043, "acousticness": 0.943, "instrumentalness": 0.879, "liveness": 0.0913, "valence": 0.0375, "tempo": 89.826, "duration_ms": 202681, "time_signature": 4}, {"uri": "spotify:track:71pxVmA8KLRan0jiy8wQOM", "name": "Elder From Sabha", "artist": "Witch Soup", "popularity": 33, "danceability": 0.0793, "energy": 0.0266, "key": 8, "loudness": -29.412, "mode": 0, "speechiness": 0.0481, "acousticness": 0.924, "instrumentalness": 0.843, "liveness": 0.108, "valence": 0.0361, "tempo": 173.628, "duration_ms": 189347, "time_signature": 4}, {"uri": "spotify:track:5MVVGFVHWhjGpg2ZKPxWHh", "name": "Awakening", "artist": "Coherent Energy", "popularity": 49, "danceability": 0.182, "energy": 0.0426, "key": 4, "loudness": -23.228, "mode": 1, "speechiness": 0.0358, "acousticness": 0.971, "instrumentalness": 0.662, "liveness": 0.11, "valence": 0.0738, "tempo": 59.041, "duration_ms": 191000, "time_signature": 4}, {"uri": "spotify:track:1MZD1xymIhOOcS6GyPkfz4", "name": "Everything Shall Pass", "artist": "Abe Hathot", "popularity": 49, "danceability": 0.0805, "energy": 0.0495, "key": 0, "loudness": -27.955, "mode": 1, "speechiness": 0.041, "acousticness": 0.758, "instrumentalness": 0.988, "liveness": 0.0778, "valence": 0.0376, "tempo": 82.042, "duration_ms": 208000, "time_signature": 4}, {"uri": "spotify:track:7pLqzJr6EA7gFm6hAeYxD9", "name": "Strings of Light", "artist": "Surrounding Life", "popularity": 48, "danceability": 0.288, "energy": 0.0354, "key": 7, "loudness": -25.708, "mode": 0, "speechiness": 0.0378, "acousticness": 0.986, "instrumentalness": 0.956, "liveness": 0.0981, "valence": 0.0996, "tempo": 111.136, "duration_ms": 295714, "time_signature": 4}, {"uri": "spotify:track:0ll896dtsA8odiG60bm3bK", "name": "Surface", "artist": "Lerone Gios", "popularity": 41, "danceability": 0.267, "energy": 0.019, "key": 1, "loudness": -36.187, "mode": 1, "speechiness": 0.0386, "acousticness": 0.972, "instrumentalness": 0.904, "liveness": 0.123, "valence": 0.037, "tempo": 123.687, "duration_ms": 126774, "time_signature": 4}, {"uri": "spotify:track:5OWhqrWWxTYmbYbIpAmE4u", "name": "Luminescent", "artist": "Nairuz", "popularity": 48, "danceability": 0.117, "energy": 0.0971, "key": 0, "loudness": -23.302, "mode": 1, "speechiness": 0.0355, "acousticness": 0.959, "instrumentalness": 0.929, "liveness": 0.111, "valence": 0.0375, "tempo": 91.193, "duration_ms": 264000, "time_signature": 1}, {"uri": "spotify:track:2NYZLz3zPsLt5pZlLbN2zQ", "name": "Neend", "artist": "Asanah", "popularity": 46, "danceability": 0.201, "energy": 0.0298, "key": 5, "loudness": -29.712, "mode": 1, "speechiness": 0.0425, "acousticness": 0.952, "instrumentalness": 0.939, "liveness": 0.11, "valence": 0.0381, "tempo": 108.343, "duration_ms": 157306, "time_signature": 4}, {"uri": "spotify:track:06k8aoKACp7ouBnP1lZFOz", "name": "Jeevan", "artist": "Gamini Khatri", "popularity": 61, "danceability": 0.106, "energy": 0.0579, "key": 2, "loudness": -28.113, "mode": 0, "speechiness": 0.0375, "acousticness": 0.93, "instrumentalness": 0.816, "liveness": 0.132, "valence": 0.039, "tempo": 91.046, "duration_ms": 150066, "time_signature": 4}, {"uri": "spotify:track:5JUL9mfxiKDuBx4H3ZZJAD", "name": "Myriads", "artist": "12dust", "popularity": 52, "danceability": 0.256, "energy": 0.0999, "key": 7, "loudness": -18.736, "mode": 1, "speechiness": 0.0341, "acousticness": 0.98, "instrumentalness": 0.849, "liveness": 0.0867, "valence": 0.0397, "tempo": 101.663, "duration_ms": 175250, "time_signature": 4}, {"uri": "spotify:track:01ZG6VNmqta0ZV23kJfvIS", "name": "Lively Bluebottle", "artist": "Mari Cafferty", "popularity": 63, "danceability": 0.0679, "energy": 0.0107, "key": 2, "loudness": -34.299, "mode": 1, "speechiness": 0.0579, "acousticness": 0.987, "instrumentalness": 0.727, "liveness": 0.106, "valence": 0.128, "tempo": 71.092, "duration_ms": 192000, "time_signature": 5}, {"uri": "spotify:track:24QVOrVKmWaFGcWKX9zoyI", "name": "Masandra Turnings", "artist": "Tribal Tranquility", "popularity": 33, "danceability": 0.518, "energy": 0.26, "key": 0, "loudness": -17.911, "mode": 1, "speechiness": 0.0281, "acousticness": 0.914, "instrumentalness": 0.929, "liveness": 0.116, "valence": 0.0397, "tempo": 100.04, "duration_ms": 166153, "time_signature": 4}, {"uri": "spotify:track:60kuRpoUHGfYmVswKdvcO0", "name": "Purity 432hz", "artist": "Nairuz", "popularity": 45, "danceability": 0.338, "energy": 0.0766, "key": 7, "loudness": -20.798, "mode": 1, "speechiness": 0.027, "acousticness": 0.937, "instrumentalness": 0.876, "liveness": 0.0877, "valence": 0.0441, "tempo": 49.983, "duration_ms": 242400, "time_signature": 4}, {"uri": "spotify:track:3iqVvsJ10ib4hbIQYgli9f", "name": "Saraya", "artist": "FANAR", "popularity": 34, "danceability": 0.357, "energy": 0.257, "key": 5, "loudness": -13.834, "mode": 1, "speechiness": 0.0362, "acousticness": 0.501, "instrumentalness": 0.912, "liveness": 0.111, "valence": 0.0753, "tempo": 67.438, "duration_ms": 148000, "time_signature": 4}, {"uri": "spotify:track:0cPSVrSv9YtRv0Tr7YwydB", "name": "Healing Keys of Light", "artist": "Abe Hathot", "popularity": 47, "danceability": 0.114, "energy": 0.188, "key": 7, "loudness": -25.055, "mode": 0, "speechiness": 0.0408, "acousticness": 0.845, "instrumentalness": 0.949, "liveness": 0.113, "valence": 0.0566, "tempo": 74.92, "duration_ms": 308000, "time_signature": 3}, {"uri": "spotify:track:05UHTEtKF3xSVlEOszpdmO", "name": "Humpback Whales", "artist": "Lou D'Audrey", "popularity": 46, "danceability": 0.551, "energy": 0.169, "key": 0, "loudness": -20.755, "mode": 1, "speechiness": 0.04, "acousticness": 0.947, "instrumentalness": 0.932, "liveness": 0.111, "valence": 0.144, "tempo": 67.079, "duration_ms": 141705, "time_signature": 3}, {"uri": "spotify:track:2b5orbKm9tbggBIMQu9quT", "name": "Aragorn", "artist": "Primer Dia", "popularity": 40, "danceability": 0.324, "energy": 0.0442, "key": 7, "loudness": -11.679, "mode": 0, "speechiness": 0.042, "acousticness": 0.907, "instrumentalness": 0.898, "liveness": 0.102, "valence": 0.0391, "tempo": 125.482, "duration_ms": 233174, "time_signature": 5}, {"uri": "spotify:track:2M6elrz0YlVFCH4VW7cs6o", "name": "Dreams of Mercury", "artist": "Chim Suri", "popularity": 48, "danceability": 0.195, "energy": 0.021, "key": 9, "loudness": -21.123, "mode": 1, "speechiness": 0.0394, "acousticness": 0.958, "instrumentalness": 0.908, "liveness": 0.11, "valence": 0.116, "tempo": 84.773, "duration_ms": 192749, "time_signature": 4}, {"uri": "spotify:track:7qRlRHuoa9Rh1lgm5exmkZ", "name": "Rwnewing", "artist": "Healing Echoes", "popularity": 32, "danceability": 0.466, "energy": 0.00991, "key": 10, "loudness": -15.439, "mode": 1, "speechiness": 0.0367, "acousticness": 0.977, "instrumentalness": 0.878, "liveness": 0.0912, "valence": 0.172, "tempo": 92.081, "duration_ms": 202000, "time_signature": 3}, {"uri": "spotify:track:4A6C6K8c8IukPda2f0rI8J", "name": "Suhpratti", "artist": "Parazal", "popularity": 54, "danceability": 0.564, "energy": 0.0515, "key": 11, "loudness": -15.118, "mode": 0, "speechiness": 0.0338, "acousticness": 0.974, "instrumentalness": 0.765, "liveness": 0.114, "valence": 0.214, "tempo": 93.961, "duration_ms": 186543, "time_signature": 4}, {"uri": "spotify:track:2aYiFoNV3dRUckwX6KJdLS", "name": "Takamatsu", "artist": "Fahda Mohamed", "popularity": 45, "danceability": 0.259, "energy": 0.063, "key": 3, "loudness": -29.692, "mode": 1, "speechiness": 0.0605, "acousticness": 0.991, "instrumentalness": 0.773, "liveness": 0.102, "valence": 0.102, "tempo": 72.392, "duration_ms": 188000, "time_signature": 5}, {"uri": "spotify:track:0GANgueuFu0T6NJ0sOmuyL", "name": "Jubran's Lake (432hz) - No Ambience", "artist": "Abe Hathot", "popularity": 45, "danceability": 0.0815, "energy": 0.176, "key": 2, "loudness": -19.553, "mode": 0, "speechiness": 0.0347, "acousticness": 0.785, "instrumentalness": 0.954, "liveness": 0.11, "valence": 0.0384, "tempo": 83.05, "duration_ms": 240000, "time_signature": 4}, {"uri": "spotify:track:7DgGJTm2pA8tLjEp2TIh2B", "name": "Heaven like", "artist": "Tiz Lillux", "popularity": 33, "danceability": 0.205, "energy": 0.145, "key": 1, "loudness": -25.628, "mode": 1, "speechiness": 0.0417, "acousticness": 0.434, "instrumentalness": 0.898, "liveness": 0.092, "valence": 0.0407, "tempo": 72.228, "duration_ms": 243750, "time_signature": 4}, {"uri": "spotify:track:391sFoHJYJrb4vjgp5xRxd", "name": "Infinite", "artist": "Light Garden", "popularity": 33, "danceability": 0.0629, "energy": 0.0227, "key": 9, "loudness": -30.158, "mode": 0, "speechiness": 0.0576, "acousticness": 0.968, "instrumentalness": 0.898, "liveness": 0.106, "valence": 0.0336, "tempo": 71.645, "duration_ms": 192000, "time_signature": 3}, {"uri": "spotify:track:59ear5ueSaAwD24en6HlIP", "name": "Closer - Stripped", "artist": "Nairuz", "popularity": 36, "danceability": 0.156, "energy": 0.172, "key": 7, "loudness": -14.483, "mode": 0, "speechiness": 0.0336, "acousticness": 0.927, "instrumentalness": 0.927, "liveness": 0.0979, "valence": 0.038, "tempo": 72.542, "duration_ms": 303600, "time_signature": 3}, {"uri": "spotify:track:6TN8WHj5iZZRmmjbnJNOOt", "name": "Are You Out There", "artist": "Steve D", "popularity": 34, "danceability": 0.666, "energy": 0.169, "key": 4, "loudness": -17.389, "mode": 0, "speechiness": 0.054, "acousticness": 0.902, "instrumentalness": 0.888, "liveness": 0.192, "valence": 0.12, "tempo": 74.981, "duration_ms": 243200, "time_signature": 4}, {"uri": "spotify:track:7nKDcvT0DdqI2FQNUrxico", "name": "Black Hole", "artist": "Astro.Not", "popularity": 55, "danceability": 0.213, "energy": 0.0828, "key": 11, "loudness": -27.832, "mode": 0, "speechiness": 0.0463, "acousticness": 0.926, "instrumentalness": 0.745, "liveness": 0.147, "valence": 0.0352, "tempo": 65.887, "duration_ms": 165333, "time_signature": 4}, {"uri": "spotify:track:7LbnfJ4bZ8UZRcb9l8Txld", "name": "Sweven", "artist": "Andy Kamman", "popularity": 51, "danceability": 0.161, "energy": 0.0148, "key": 6, "loudness": -32.934, "mode": 0, "speechiness": 0.0492, "acousticness": 0.993, "instrumentalness": 0.724, "liveness": 0.18, "valence": 0.078, "tempo": 77.201, "duration_ms": 193500, "time_signature": 3}, {"uri": "spotify:track:6KSBZVXd7VlaiF0tdcZnJz", "name": "Lumineux", "artist": "Alice Rolande", "popularity": 39, "danceability": 0.166, "energy": 0.173, "key": 2, "loudness": -22.065, "mode": 1, "speechiness": 0.0343, "acousticness": 0.935, "instrumentalness": 0.82, "liveness": 0.109, "valence": 0.0567, "tempo": 84.662, "duration_ms": 217894, "time_signature": 3}, {"uri": "spotify:track:5qMWKiZ8NELjkXmCiMf0BX", "name": "Oriental Journey", "artist": "Northern Lights", "popularity": 48, "danceability": 0.269, "energy": 0.226, "key": 6, "loudness": -20.567, "mode": 1, "speechiness": 0.0334, "acousticness": 0.962, "instrumentalness": 0.94, "liveness": 0.11, "valence": 0.0815, "tempo": 48.294, "duration_ms": 205505, "time_signature": 4}, {"uri": "spotify:track:24DMnKgG21XIzf4XVTM119", "name": "Kalapas", "artist": "Harlan Silverman", "popularity": 36, "danceability": 0.2, "energy": 0.131, "key": 4, "loudness": -26.916, "mode": 1, "speechiness": 0.0457, "acousticness": 0.967, "instrumentalness": 0.847, "liveness": 0.108, "valence": 0.0387, "tempo": 120.373, "duration_ms": 165755, "time_signature": 4}, {"uri": "spotify:track:52k9R9dNiac9kik66wod1g", "name": "Would I Bother", "artist": "Fredrik Johansson", "popularity": 40, "danceability": 0.691, "energy": 0.249, "key": 4, "loudness": -14.395, "mode": 1, "speechiness": 0.0561, "acousticness": 0.958, "instrumentalness": 0.917, "liveness": 0.105, "valence": 0.197, "tempo": 114.058, "duration_ms": 160941, "time_signature": 4}, {"uri": "spotify:track:0jeANkHM2w3JzKS7kx39yN", "name": "Enter Stillness - Studio Edit", "artist": "NAYAT", "popularity": 43, "danceability": 0.0628, "energy": 0.227, "key": 11, "loudness": -23.646, "mode": 1, "speechiness": 0.0457, "acousticness": 0.917, "instrumentalness": 0.947, "liveness": 0.104, "valence": 0.0554, "tempo": 58.091, "duration_ms": 253000, "time_signature": 5}, {"uri": "spotify:track:20zqqXhSfIHp8mMrjmzDUX", "name": "Behind Your Eyes", "artist": "Coherent Energy", "popularity": 45, "danceability": 0.455, "energy": 0.075, "key": 7, "loudness": -19.508, "mode": 1, "speechiness": 0.0295, "acousticness": 0.855, "instrumentalness": 0.884, "liveness": 0.114, "valence": 0.0828, "tempo": 84.516, "duration_ms": 197000, "time_signature": 3}, {"uri": "spotify:track:3OSnZ592Due23ZwYwWOqyT", "name": "Immersion", "artist": "Blissful Dreams", "popularity": 60, "danceability": 0.165, "energy": 0.0894, "key": 9, "loudness": -26.8, "mode": 0, "speechiness": 0.052, "acousticness": 0.784, "instrumentalness": 0.697, "liveness": 0.111, "valence": 0.0262, "tempo": 64.983, "duration_ms": 169412, "time_signature": 4}, {"uri": "spotify:track:2Z52IJPhFot0N5l61lfSXt", "name": "Mindcrafters", "artist": "Blu Tortle", "popularity": 32, "danceability": 0.169, "energy": 0.0803, "key": 8, "loudness": -25.237, "mode": 1, "speechiness": 0.0431, "acousticness": 0.992, "instrumentalness": 0.748, "liveness": 0.108, "valence": 0.0384, "tempo": 127.387, "duration_ms": 248000, "time_signature": 4}, {"uri": "spotify:track:4gOVrbGk2sgI9PBrdkLrxF", "name": "Stillness", "artist": "SARAB", "popularity": 33, "danceability": 0.245, "energy": 0.0973, "key": 5, "loudness": -20.203, "mode": 1, "speechiness": 0.0365, "acousticness": 0.506, "instrumentalness": 0.862, "liveness": 0.0998, "valence": 0.0582, "tempo": 63.024, "duration_ms": 180000, "time_signature": 3}, {"uri": "spotify:track:7vjMcuIdXBeGF3SlutzwiU", "name": "Inner Sunrise", "artist": "Abe Hathot", "popularity": 36, "danceability": 0.0662, "energy": 0.131, "key": 2, "loudness": -20.061, "mode": 0, "speechiness": 0.0409, "acousticness": 0.975, "instrumentalness": 0.895, "liveness": 0.0996, "valence": 0.0392, "tempo": 72.799, "duration_ms": 231273, "time_signature": 4}, {"uri": "spotify:track:34kjURfkT8aFxpnUevDJK1", "name": "Aisling", "artist": "Solene Edgar", "popularity": 29, "danceability": 0.19, "energy": 0.0819, "key": 0, "loudness": -29.158, "mode": 0, "speechiness": 0.0498, "acousticness": 0.952, "instrumentalness": 0.966, "liveness": 0.139, "valence": 0.191, "tempo": 67.099, "duration_ms": 178000, "time_signature": 4}, {"uri": "spotify:track:25UAQI7VfhuesIWLxUd6Tp", "name": "Hope And Glory", "artist": "Figgy Malone", "popularity": 37, "danceability": 0.535, "energy": 0.0295, "key": 9, "loudness": -25.024, "mode": 0, "speechiness": 0.0412, "acousticness": 0.989, "instrumentalness": 0.899, "liveness": 0.112, "valence": 0.296, "tempo": 75.022, "duration_ms": 204871, "time_signature": 4}, {"uri": "spotify:track:7vGejPhO5QFV6H8U5eMPmL", "name": "Hvis du bare vidste", "artist": "Silas Mathiasen", "popularity": 50, "danceability": 0.22, "energy": 0.0115, "key": 2, "loudness": -32.556, "mode": 1, "speechiness": 0.0383, "acousticness": 0.992, "instrumentalness": 0.972, "liveness": 0.0961, "valence": 0.0615, "tempo": 77.158, "duration_ms": 162500, "time_signature": 3}, {"uri": "spotify:track:06UZsdACozYbOiPjvxfVRU", "name": "Into Gratitude - Stripped", "artist": "Nairuz", "popularity": 46, "danceability": 0.212, "energy": 0.00967, "key": 8, "loudness": -28.403, "mode": 1, "speechiness": 0.0531, "acousticness": 0.993, "instrumentalness": 0.89, "liveness": 0.136, "valence": 0.224, "tempo": 68.692, "duration_ms": 187636, "time_signature": 3}, {"uri": "spotify:track:7E9TD2kl65jwvFGnRn7wgK", "name": "Sphere", "artist": "Osterous", "popularity": 32, "danceability": 0.179, "energy": 0.257, "key": 3, "loudness": -24.289, "mode": 1, "speechiness": 0.0413, "acousticness": 0.876, "instrumentalness": 0.84, "liveness": 0.0888, "valence": 0.165, "tempo": 67.218, "duration_ms": 195307, "time_signature": 3}, {"uri": "spotify:track:6k9EQcMdqJRtmIM3fwy9vW", "name": "Darashinai Beach", "artist": "Kenichiban", "popularity": 50, "danceability": 0.0632, "energy": 0.236, "key": 2, "loudness": -19.026, "mode": 1, "speechiness": 0.0408, "acousticness": 0.956, "instrumentalness": 0.831, "liveness": 0.0613, "valence": 0.0865, "tempo": 64.833, "duration_ms": 219091, "time_signature": 4}, {"uri": "spotify:track:6zVrlSfa7L9bRuYcgq8Di4", "name": "The Shed", "artist": "Alex Miracone", "popularity": 43, "danceability": 0.484, "energy": 0.0733, "key": 9, "loudness": -23.435, "mode": 1, "speechiness": 0.0596, "acousticness": 0.947, "instrumentalness": 0.835, "liveness": 0.103, "valence": 0.111, "tempo": 79.829, "duration_ms": 150750, "time_signature": 4}, {"uri": "spotify:track:1Dzbs1yub3kkAzlxwGuXQC", "name": "Vibrations", "artist": "Garden of Sound", "popularity": 35, "danceability": 0.204, "energy": 0.123, "key": 6, "loudness": -25.178, "mode": 1, "speechiness": 0.0427, "acousticness": 0.863, "instrumentalness": 0.669, "liveness": 0.103, "valence": 0.0484, "tempo": 67.216, "duration_ms": 147857, "time_signature": 3}, {"uri": "spotify:track:0N0nIMZDHHv9vCbo1XfN5a", "name": "Affinity", "artist": "FANAR", "popularity": 43, "danceability": 0.286, "energy": 0.199, "key": 0, "loudness": -17.012, "mode": 0, "speechiness": 0.0377, "acousticness": 0.84, "instrumentalness": 0.865, "liveness": 0.0943, "valence": 0.0952, "tempo": 116.09, "duration_ms": 172000, "time_signature": 4}, {"uri": "spotify:track:5tlzeu9WthIjEDlRMY1Ko3", "name": "Sentiments in Emptiness", "artist": "Firas Zreik", "popularity": 0, "danceability": 0.273, "energy": 0.481, "key": 2, "loudness": -12.243, "mode": 0, "speechiness": 0.0398, "acousticness": 0.627, "instrumentalness": 0.921, "liveness": 0.135, "valence": 0.217, "tempo": 91.939, "duration_ms": 221525, "time_signature": 4}, {"uri": "spotify:track:3IhX6v7o2PmZJ3t5v3lI8p", "name": "Ali", "artist": "Caleufu", "popularity": 41, "danceability": 0.628, "energy": 0.111, "key": 5, "loudness": -18.144, "mode": 1, "speechiness": 0.0379, "acousticness": 0.921, "instrumentalness": 0.27, "liveness": 0.0679, "valence": 0.099, "tempo": 119.957, "duration_ms": 127693, "time_signature": 3}, {"uri": "spotify:track:21MMzJpLrZ2Ib0nxlQzGvj", "name": "Dedication", "artist": "Hans Johansen", "popularity": 36, "danceability": 0.625, "energy": 0.0549, "key": 0, "loudness": -19.115, "mode": 1, "speechiness": 0.192, "acousticness": 0.921, "instrumentalness": 0.817, "liveness": 0.0998, "valence": 0.146, "tempo": 97.672, "duration_ms": 204477, "time_signature": 4}, {"uri": "spotify:track:2cGbys5Hw56TAWWIHg5Ynk", "name": "432hz Rays of Life", "artist": "Abe Hathot", "popularity": 34, "danceability": 0.409, "energy": 0.174, "key": 0, "loudness": -19.784, "mode": 1, "speechiness": 0.0314, "acousticness": 0.804, "instrumentalness": 0.767, "liveness": 0.0678, "valence": 0.0352, "tempo": 79.869, "duration_ms": 258000, "time_signature": 4}, {"uri": "spotify:track:3FVd5GGOeJFvU97JFH7jMH", "name": "Deep Thoughts", "artist": "Danny Shamoun", "popularity": 55, "danceability": 0.136, "energy": 0.186, "key": 7, "loudness": -20.157, "mode": 0, "speechiness": 0.0327, "acousticness": 0.94, "instrumentalness": 0.959, "liveness": 0.156, "valence": 0.0368, "tempo": 74.995, "duration_ms": 192000, "time_signature": 5}, {"uri": "spotify:track:09aXsDzTB0HxnZw6zvKwqf", "name": "Aion", "artist": "Kolorascze", "popularity": 44, "danceability": 0.454, "energy": 0.0148, "key": 5, "loudness": -25.397, "mode": 0, "speechiness": 0.0793, "acousticness": 0.993, "instrumentalness": 0.953, "liveness": 0.111, "valence": 0.186, "tempo": 72.396, "duration_ms": 124213, "time_signature": 4}, {"uri": "spotify:track:69hUAO39hrnOvD9vWYwteW", "name": "The Land of the Sun", "artist": "Sami Yusuf", "popularity": 40, "danceability": 0.302, "energy": 0.348, "key": 5, "loudness": -11.482, "mode": 0, "speechiness": 0.0332, "acousticness": 0.972, "instrumentalness": 0.886, "liveness": 0.0801, "valence": 0.0672, "tempo": 80.21, "duration_ms": 238726, "time_signature": 4}, {"uri": "spotify:track:0JYn3juUc1lZ4kFeGey1kI", "name": "Amorous Rebound", "artist": "Sumsar", "popularity": 46, "danceability": 0.132, "energy": 0.0212, "key": 10, "loudness": -30.203, "mode": 0, "speechiness": 0.0372, "acousticness": 0.982, "instrumentalness": 0.961, "liveness": 0.105, "valence": 0.216, "tempo": 205.592, "duration_ms": 109440, "time_signature": 3}, {"uri": "spotify:track:76b4OvaMSGspOtxlQ7v7Eh", "name": "Divine Light - Studio Edit", "artist": "NAYAT", "popularity": 44, "danceability": 0.163, "energy": 0.184, "key": 7, "loudness": -20.746, "mode": 1, "speechiness": 0.0361, "acousticness": 0.963, "instrumentalness": 0.952, "liveness": 0.0908, "valence": 0.0721, "tempo": 107.768, "duration_ms": 240000, "time_signature": 4}, {"uri": "spotify:track:1dNqMaHUuT86QMuOAKCZvC", "name": "Elementary Grounds", "artist": "Michel LeBond", "popularity": 33, "danceability": 0.305, "energy": 0.117, "key": 7, "loudness": -18.151, "mode": 1, "speechiness": 0.0355, "acousticness": 0.913, "instrumentalness": 0.933, "liveness": 0.0699, "valence": 0.0523, "tempo": 84.511, "duration_ms": 220533, "time_signature": 3}, {"uri": "spotify:track:7ElBpYr2PlZv7cNXqTzFlj", "name": "Such Owls as You", "artist": "Brambles", "popularity": 38, "danceability": 0.111, "energy": 0.0713, "key": 11, "loudness": -25.732, "mode": 1, "speechiness": 0.0388, "acousticness": 0.869, "instrumentalness": 0.917, "liveness": 0.133, "valence": 0.0896, "tempo": 66.647, "duration_ms": 329773, "time_signature": 4}, {"uri": "spotify:track:46RRn8dttFN6FKMmwPpb9E", "name": "Friends for Life", "artist": "Les Cieu", "popularity": 36, "danceability": 0.881, "energy": 0.0822, "key": 5, "loudness": -17.1, "mode": 1, "speechiness": 0.0726, "acousticness": 0.946, "instrumentalness": 0.912, "liveness": 0.111, "valence": 0.396, "tempo": 113.942, "duration_ms": 136327, "time_signature": 4}, {"uri": "spotify:track:4rY8XniJXHS2Njj7IElGIM", "name": "Serum", "artist": "Cieri", "popularity": 52, "danceability": 0.155, "energy": 0.0159, "key": 0, "loudness": -32.97, "mode": 1, "speechiness": 0.0451, "acousticness": 0.965, "instrumentalness": 0.913, "liveness": 0.0657, "valence": 0.0337, "tempo": 134.536, "duration_ms": 224000, "time_signature": 1}, {"uri": "spotify:track:7t7nxvsTW4bUSkLifauz2i", "name": "Notes On Leave Taking", "artist": "They Dream By Day", "popularity": 35, "danceability": 0.108, "energy": 0.0742, "key": 10, "loudness": -20.928, "mode": 1, "speechiness": 0.0407, "acousticness": 0.81, "instrumentalness": 0.933, "liveness": 0.114, "valence": 0.0336, "tempo": 82.909, "duration_ms": 225111, "time_signature": 3}, {"uri": "spotify:track:7v2yfaJ1RcMIW6zI2bjJW3", "name": "Eventide", "artist": "Michael Hopp\u00e9", "popularity": 0, "danceability": 0.101, "energy": 0.0712, "key": 2, "loudness": -24.396, "mode": 0, "speechiness": 0.044, "acousticness": 0.968, "instrumentalness": 0.962, "liveness": 0.109, "valence": 0.0391, "tempo": 89.266, "duration_ms": 271893, "time_signature": 3}, {"uri": "spotify:track:04dbAW4vL9SSKV4CJXEYd4", "name": "Song For Wermland", "artist": "Rasmus Jenzen", "popularity": 40, "danceability": 0.692, "energy": 0.136, "key": 9, "loudness": -16.076, "mode": 0, "speechiness": 0.0544, "acousticness": 0.968, "instrumentalness": 0.931, "liveness": 0.0903, "valence": 0.22, "tempo": 99.906, "duration_ms": 226862, "time_signature": 4}, {"uri": "spotify:track:658ysPC6WdtiRSQjiv2AJZ", "name": "Piano Ele\u0301ctrico", "artist": "Rancul", "popularity": 51, "danceability": 0.532, "energy": 0.204, "key": 2, "loudness": -19.805, "mode": 1, "speechiness": 0.0477, "acousticness": 0.851, "instrumentalness": 0.96, "liveness": 0.108, "valence": 0.0399, "tempo": 120.09, "duration_ms": 105627, "time_signature": 3}, {"uri": "spotify:track:5ZQ2hn58jULkkRLCbEH0ZY", "name": "A Higher Presence", "artist": "Drift Far Away", "popularity": 33, "danceability": 0.269, "energy": 0.132, "key": 7, "loudness": -20.138, "mode": 0, "speechiness": 0.0373, "acousticness": 0.98, "instrumentalness": 0.944, "liveness": 0.0878, "valence": 0.0503, "tempo": 122.867, "duration_ms": 135484, "time_signature": 4}, {"uri": "spotify:track:0ZyO8ieWV63JiMAguidMHs", "name": "Headroom", "artist": "Aur\u00e9lien Trigo", "popularity": 44, "danceability": 0.414, "energy": 0.124, "key": 9, "loudness": -20.631, "mode": 1, "speechiness": 0.0509, "acousticness": 0.995, "instrumentalness": 0.955, "liveness": 0.11, "valence": 0.186, "tempo": 126.104, "duration_ms": 172590, "time_signature": 4}, {"uri": "spotify:track:35dy7TPuGURTSYJcTZIa1u", "name": "Hibernia Sleep", "artist": "Daniel Kaede", "popularity": 0, "danceability": 0.656, "energy": 0.21, "key": 7, "loudness": -12.22, "mode": 1, "speechiness": 0.0558, "acousticness": 0.951, "instrumentalness": 0.837, "liveness": 0.135, "valence": 0.282, "tempo": 141.155, "duration_ms": 146500, "time_signature": 4}, {"uri": "spotify:track:2HjCLXHg41WhaJjJeTtXtm", "name": "Lagrima", "artist": "Antonio Garcia Isaac", "popularity": 39, "danceability": 0.477, "energy": 0.161, "key": 4, "loudness": -18.584, "mode": 1, "speechiness": 0.0664, "acousticness": 0.992, "instrumentalness": 0.938, "liveness": 0.108, "valence": 0.216, "tempo": 77.936, "duration_ms": 120172, "time_signature": 3}, {"uri": "spotify:track:2gNdWpUGH3hJjg0O4fqeFq", "name": "Into the Deep", "artist": "Voyager", "popularity": 37, "danceability": 0.208, "energy": 0.0503, "key": 6, "loudness": -22.747, "mode": 1, "speechiness": 0.0417, "acousticness": 0.874, "instrumentalness": 0.968, "liveness": 0.136, "valence": 0.0355, "tempo": 90.745, "duration_ms": 155294, "time_signature": 4}, {"uri": "spotify:track:5yBoH1p8JoHi9j3STP4W9N", "name": "Forests", "artist": "Sebastian Winskog", "popularity": 0, "danceability": 0.638, "energy": 0.143, "key": 0, "loudness": -15.281, "mode": 1, "speechiness": 0.0505, "acousticness": 0.952, "instrumentalness": 0.902, "liveness": 0.114, "valence": 0.0774, "tempo": 116.947, "duration_ms": 140878, "time_signature": 4}, {"uri": "spotify:track:7LwsgrwaA4eOAEGMGJGmFw", "name": "Porte Ma Croix", "artist": "Joux", "popularity": 40, "danceability": 0.742, "energy": 0.128, "key": 9, "loudness": -16.75, "mode": 0, "speechiness": 0.057, "acousticness": 0.898, "instrumentalness": 0.691, "liveness": 0.112, "valence": 0.0394, "tempo": 129.448, "duration_ms": 178466, "time_signature": 4}, {"uri": "spotify:track:7qOSXapFeF6dMXYZn6r7Jm", "name": "Open Eyes", "artist": "Fredrik Johansson", "popularity": 41, "danceability": 0.685, "energy": 0.244, "key": 4, "loudness": -14.351, "mode": 1, "speechiness": 0.0468, "acousticness": 0.955, "instrumentalness": 0.917, "liveness": 0.109, "valence": 0.35, "tempo": 115.929, "duration_ms": 212029, "time_signature": 4}, {"uri": "spotify:track:6mk4Fk0a1ZEQZTBBQBccIm", "name": "Ulayaw", "artist": "Elise Ryen", "popularity": 63, "danceability": 0.138, "energy": 0.0283, "key": 5, "loudness": -33.075, "mode": 0, "speechiness": 0.0399, "acousticness": 0.977, "instrumentalness": 0.982, "liveness": 0.0882, "valence": 0.0493, "tempo": 84.676, "duration_ms": 188000, "time_signature": 1}, {"uri": "spotify:track:1tlMeO99ebk4LXwB5oqcmX", "name": "Aftermath", "artist": "Bernard", "popularity": 36, "danceability": 0.475, "energy": 0.0943, "key": 9, "loudness": -14.723, "mode": 1, "speechiness": 0.0979, "acousticness": 0.943, "instrumentalness": 0.857, "liveness": 0.105, "valence": 0.35, "tempo": 140.332, "duration_ms": 112660, "time_signature": 1}, {"uri": "spotify:track:3bcRe9CcEZ9Dr7JyRoQ7Xb", "name": "Gotham (acoustic)", "artist": "Claes Nilsson", "popularity": 36, "danceability": 0.659, "energy": 0.223, "key": 11, "loudness": -12.659, "mode": 0, "speechiness": 0.0658, "acousticness": 0.962, "instrumentalness": 0.936, "liveness": 0.105, "valence": 0.296, "tempo": 99.973, "duration_ms": 150550, "time_signature": 4}, {"uri": "spotify:track:214O1Gcgv9lCWJoley3Ttg", "name": "The Light of Day", "artist": "Chymeris", "popularity": 44, "danceability": 0.197, "energy": 0.106, "key": 4, "loudness": -19.51, "mode": 1, "speechiness": 0.045, "acousticness": 0.96, "instrumentalness": 0.921, "liveness": 0.102, "valence": 0.0623, "tempo": 83.262, "duration_ms": 167387, "time_signature": 3}, {"uri": "spotify:track:2yAb7Su6vkaBvnhCkkBQFx", "name": "Minism", "artist": "Taylor Deupree", "popularity": 38, "danceability": 0.196, "energy": 0.0244, "key": 10, "loudness": -26.776, "mode": 0, "speechiness": 0.0523, "acousticness": 0.975, "instrumentalness": 0.856, "liveness": 0.0598, "valence": 0.0698, "tempo": 98.274, "duration_ms": 227093, "time_signature": 1}, {"uri": "spotify:track:0X70gdVmAI0mu7iDTnvjra", "name": "Softly", "artist": "Miguel Serugetti", "popularity": 45, "danceability": 0.604, "energy": 0.0606, "key": 9, "loudness": -18.335, "mode": 1, "speechiness": 0.0754, "acousticness": 0.955, "instrumentalness": 0.923, "liveness": 0.131, "valence": 0.179, "tempo": 128.761, "duration_ms": 145769, "time_signature": 4}, {"uri": "spotify:track:6kAwnVIencquZ72t4X46Lh", "name": "Afternoon Spirits", "artist": "Cora Zea", "popularity": 47, "danceability": 0.472, "energy": 0.249, "key": 11, "loudness": -19.828, "mode": 1, "speechiness": 0.0511, "acousticness": 0.967, "instrumentalness": 0.906, "liveness": 0.0999, "valence": 0.296, "tempo": 89.894, "duration_ms": 211583, "time_signature": 3}, {"uri": "spotify:track:6RlmoIqcWkSrIEjCW4Co13", "name": "Backwaters", "artist": "Andri Hart", "popularity": 41, "danceability": 0.616, "energy": 0.0819, "key": 11, "loudness": -13.531, "mode": 0, "speechiness": 0.074, "acousticness": 0.924, "instrumentalness": 0.844, "liveness": 0.111, "valence": 0.26, "tempo": 111.564, "duration_ms": 147300, "time_signature": 3}, {"uri": "spotify:track:4dUdnalJalKkzu2fKDM3NF", "name": "Carousel", "artist": "John A. Nilson", "popularity": 35, "danceability": 0.693, "energy": 0.127, "key": 4, "loudness": -16.267, "mode": 0, "speechiness": 0.0313, "acousticness": 0.931, "instrumentalness": 0.919, "liveness": 0.107, "valence": 0.0972, "tempo": 101.918, "duration_ms": 170560, "time_signature": 4}]