[{"uri": "spotify:track:4CeeEOM32jQcH3eN9Q2dGj", "name": "Smells Like Teen Spirit", "artist": "Nirvana", "popularity": 84, "danceability": 0.502, "energy": 0.912, "key": 1, "loudness": -4.556, "mode": 1, "speechiness": 0.0564, "acousticness": 2.55e-05, "instrumentalness": 0.000173, "liveness": 0.106, "valence": 0.72, "tempo": 116.761, "duration_ms": 301920, "time_signature": 4}, {"uri": "spotify:track:11LmqTE2naFULdEP94AUBa", "name": "Heart-Shaped Box", "artist": "Nirvana", "popularity": 80, "danceability": 0.256, "energy": 0.641, "key": 1, "loudness": -10.283, "mode": 1, "speechiness": 0.0552, "acousticness": 0.199, "instrumentalness": 0.0329, "liveness": 0.0853, "valence": 0.382, "tempo": 203.006, "duration_ms": 281160, "time_signature": 4}, {"uri": "spotify:track:15VRO9CQwMpbqUYA7e6Hwg", "name": "The Man Who Sold The World", "artist": "Nirvana", "popularity": 77, "danceability": 0.483, "energy": 0.753, "key": 1, "loudness": -8.937, "mode": 0, "speechiness": 0.0832, "acousticness": 0.425, "instrumentalness": 0.000142, "liveness": 0.257, "valence": 0.42, "tempo": 115.102, "duration_ms": 261093, "time_signature": 4}, {"uri": "spotify:track:55yvzYuvJYG2RUEnMK78tr", "name": "About A Girl", "artist": "Nirvana", "popularity": 73, "danceability": 0.409, "energy": 0.932, "key": 11, "loudness": -4.538, "mode": 0, "speechiness": 0.0339, "acousticness": 1.87e-05, "instrumentalness": 1.6e-06, "liveness": 0.31, "valence": 0.591, "tempo": 131.761, "duration_ms": 166640, "time_signature": 4}, {"uri": "spotify:track:2RsAajgo0g7bMCHxwH3Sk0", "name": "Come As You Are", "artist": "Nirvana", "popularity": 79, "danceability": 0.5, "energy": 0.824, "key": 4, "loudness": -5.846, "mode": 0, "speechiness": 0.0388, "acousticness": 0.00016, "instrumentalness": 0.00161, "liveness": 0.0916, "valence": 0.539, "tempo": 120.125, "duration_ms": 218920, "time_signature": 4}, {"uri": "spotify:track:5gRcv46AMTrosmTOqrOV3Q", "name": "Dumb", "artist": "Nirvana", "popularity": 72, "danceability": 0.697, "energy": 0.395, "key": 6, "loudness": -13.58, "mode": 1, "speechiness": 0.0281, "acousticness": 0.428, "instrumentalness": 0.653, "liveness": 0.173, "valence": 0.876, "tempo": 113.589, "duration_ms": 151893, "time_signature": 4}, {"uri": "spotify:track:551qy5vUgrUfEUc4dCNfht", "name": "Where Did You Sleep Last Night", "artist": "Nirvana", "popularity": 70, "danceability": 0.573, "energy": 0.59, "key": 3, "loudness": -8.43, "mode": 1, "speechiness": 0.0557, "acousticness": 0.667, "instrumentalness": 0.000397, "liveness": 0.691, "valence": 0.364, "tempo": 108.789, "duration_ms": 306067, "time_signature": 3}, {"uri": "spotify:track:5Rizj5FLb2AyNKu9esjYY6", "name": "Rape Me", "artist": "Nirvana", "popularity": 68, "danceability": 0.42, "energy": 0.746, "key": 8, "loudness": -10.628, "mode": 1, "speechiness": 0.0467, "acousticness": 0.0141, "instrumentalness": 0, "liveness": 0.0661, "valence": 0.229, "tempo": 111.886, "duration_ms": 170000, "time_signature": 4}, {"uri": "spotify:track:5vHLwhxxlGzmClMcxRRFPr", "name": "Lithium", "artist": "Nirvana", "popularity": 73, "danceability": 0.678, "energy": 0.656, "key": 7, "loudness": -6.41, "mode": 1, "speechiness": 0.0381, "acousticness": 0.00174, "instrumentalness": 0, "liveness": 0.0631, "valence": 0.485, "tempo": 123.207, "duration_ms": 257053, "time_signature": 4}, {"uri": "spotify:track:1Ic9pKxGSJGM0LKeqf6lGe", "name": "All Apologies", "artist": "Nirvana", "popularity": 71, "danceability": 0.446, "energy": 0.632, "key": 1, "loudness": -12.197, "mode": 1, "speechiness": 0.034, "acousticness": 0.0793, "instrumentalness": 0.000266, "liveness": 0.0881, "valence": 0.359, "tempo": 113.176, "duration_ms": 233173, "time_signature": 4}, {"uri": "spotify:track:4UJmPSJsBsIR1U0N79BU1g", "name": "Lake Of Fire", "artist": "Nirvana", "popularity": 68, "danceability": 0.541, "energy": 0.618, "key": 1, "loudness": -9.652, "mode": 0, "speechiness": 0.179, "acousticness": 0.277, "instrumentalness": 4.02e-05, "liveness": 0.413, "valence": 0.68, "tempo": 145.464, "duration_ms": 175973, "time_signature": 4}, {"uri": "spotify:track:5O8L4I2S4izFGDjvP7xAKv", "name": "You Know You're Right", "artist": "Nirvana", "popularity": 68, "danceability": 0.289, "energy": 0.716, "key": 5, "loudness": -6.53, "mode": 0, "speechiness": 0.106, "acousticness": 0.0407, "instrumentalness": 0.00123, "liveness": 0.135, "valence": 0.344, "tempo": 168.049, "duration_ms": 217000, "time_signature": 4}, {"uri": "spotify:track:30HCB1FoE77IfGRyNv4eFq", "name": "In Bloom", "artist": "Nirvana", "popularity": 69, "danceability": 0.436, "energy": 0.876, "key": 10, "loudness": -4.902, "mode": 0, "speechiness": 0.0647, "acousticness": 3.33e-05, "instrumentalness": 0.000104, "liveness": 0.205, "valence": 0.512, "tempo": 157.044, "duration_ms": 255080, "time_signature": 4}, {"uri": "spotify:track:5muVpPu8Fj9fXfDbbqDdrZ", "name": "Love Buzz", "artist": "Nirvana", "popularity": 65, "danceability": 0.479, "energy": 0.865, "key": 5, "loudness": -8.281, "mode": 0, "speechiness": 0.0339, "acousticness": 3.1e-05, "instrumentalness": 0.228, "liveness": 0.182, "valence": 0.77, "tempo": 137.902, "duration_ms": 215203, "time_signature": 4}, {"uri": "spotify:track:0Pie5DFAHHxpkONFUsAI6s", "name": "Aneurysm", "artist": "Nirvana", "popularity": 64, "danceability": 0.298, "energy": 0.823, "key": 7, "loudness": -9.793, "mode": 1, "speechiness": 0.0816, "acousticness": 7.66e-05, "instrumentalness": 7.53e-05, "liveness": 0.132, "valence": 0.235, "tempo": 135.596, "duration_ms": 275600, "time_signature": 4}, {"uri": "spotify:track:2smax1OWAxOo63p14G8KZx", "name": "Plateau", "artist": "Nirvana", "popularity": 62, "danceability": 0.45, "energy": 0.501, "key": 4, "loudness": -12.611, "mode": 1, "speechiness": 0.0712, "acousticness": 0.49, "instrumentalness": 2.51e-05, "liveness": 0.552, "valence": 0.327, "tempo": 84.841, "duration_ms": 218133, "time_signature": 4}, {"uri": "spotify:track:4gHnSNHs8RyVukKoWdS99f", "name": "Something In The Way", "artist": "Nirvana", "popularity": 67, "danceability": 0.427, "energy": 0.201, "key": 8, "loudness": -13.044, "mode": 1, "speechiness": 0.0317, "acousticness": 0.745, "instrumentalness": 0.263, "liveness": 0.109, "valence": 0.0668, "tempo": 105.218, "duration_ms": 232147, "time_signature": 4}, {"uri": "spotify:track:7pETV41GUutaZ6KMHMAYIH", "name": "Blew", "artist": "Nirvana", "popularity": 61, "danceability": 0.411, "energy": 0.882, "key": 1, "loudness": -6.618, "mode": 1, "speechiness": 0.0556, "acousticness": 5.65e-06, "instrumentalness": 0.0147, "liveness": 0.298, "valence": 0.531, "tempo": 129.848, "duration_ms": 174134, "time_signature": 4}, {"uri": "spotify:track:3BtHClmMmURD8UHF2fiyxt", "name": "Sliver", "artist": "Nirvana", "popularity": 63, "danceability": 0.428, "energy": 0.684, "key": 0, "loudness": -10.044, "mode": 1, "speechiness": 0.0475, "acousticness": 1.16e-05, "instrumentalness": 0.000156, "liveness": 0.0744, "valence": 0.419, "tempo": 141.336, "duration_ms": 136493, "time_signature": 4}, {"uri": "spotify:track:2vfCSwToh0Am0O4zgHXfn7", "name": "Oh Me", "artist": "Nirvana", "popularity": 62, "danceability": 0.538, "energy": 0.51, "key": 8, "loudness": -13.192, "mode": 1, "speechiness": 0.102, "acousticness": 0.726, "instrumentalness": 0.0187, "liveness": 0.205, "valence": 0.262, "tempo": 72.471, "duration_ms": 206160, "time_signature": 4}, {"uri": "spotify:track:2SJ38LDlkNjwWSUq98r4Q5", "name": "Polly", "artist": "Nirvana", "popularity": 64, "danceability": 0.83, "energy": 0.382, "key": 2, "loudness": -11.231, "mode": 0, "speechiness": 0.0566, "acousticness": 0.884, "instrumentalness": 0.301, "liveness": 0.11, "valence": 0.54, "tempo": 121.12, "duration_ms": 173853, "time_signature": 4}, {"uri": "spotify:track:0EY1Z9UmZnYZyM7zHs6C0j", "name": "School", "artist": "Nirvana", "popularity": 61, "danceability": 0.21, "energy": 0.943, "key": 4, "loudness": -7.656, "mode": 1, "speechiness": 0.0785, "acousticness": 1.15e-05, "instrumentalness": 0.493, "liveness": 0.0739, "valence": 0.13, "tempo": 164.844, "duration_ms": 162116, "time_signature": 4}, {"uri": "spotify:track:7tUtvGeKB2V5W5ms6uBlyC", "name": "Sappy", "artist": "Nirvana", "popularity": 60, "danceability": 0.406, "energy": 0.81, "key": 1, "loudness": -6.127, "mode": 1, "speechiness": 0.0343, "acousticness": 1.04e-05, "instrumentalness": 1.34e-06, "liveness": 0.325, "valence": 0.638, "tempo": 128.282, "duration_ms": 205493, "time_signature": 4}, {"uri": "spotify:track:7oBazz4xCO7Ul3MJHhKy0Q", "name": "Jesus Doesn't Want Me For A Sunbeam", "artist": "Nirvana", "popularity": 61, "danceability": 0.51, "energy": 0.641, "key": 8, "loudness": -10.312, "mode": 1, "speechiness": 0.0812, "acousticness": 0.0638, "instrumentalness": 3.65e-06, "liveness": 0.272, "valence": 0.295, "tempo": 113.646, "duration_ms": 277267, "time_signature": 4}, {"uri": "spotify:track:3z53rfQOg6Eb5pBCRsd7Uu", "name": "Pennyroyal Tea", "artist": "Nirvana", "popularity": 60, "danceability": 0.428, "energy": 0.449, "key": 1, "loudness": -12.114, "mode": 0, "speechiness": 0.0342, "acousticness": 0.000351, "instrumentalness": 0.000498, "liveness": 0.253, "valence": 0.196, "tempo": 113.308, "duration_ms": 218813, "time_signature": 4}, {"uri": "spotify:track:40VSbBSYbPN10vJYeZq4tm", "name": "Marigold - B-Side", "artist": "Nirvana", "popularity": 60, "danceability": 0.367, "energy": 0.326, "key": 3, "loudness": -13.025, "mode": 0, "speechiness": 0.0395, "acousticness": 0.126, "instrumentalness": 0.000599, "liveness": 0.12, "valence": 0.333, "tempo": 175.109, "duration_ms": 154280, "time_signature": 4}, {"uri": "spotify:track:5IeTFRymTDiza7DciBD1Gk", "name": "Negative Creep", "artist": "Nirvana", "popularity": 59, "danceability": 0.37, "energy": 0.947, "key": 2, "loudness": -7.213, "mode": 1, "speechiness": 0.0901, "acousticness": 7.97e-06, "instrumentalness": 0.000175, "liveness": 0.0762, "valence": 0.418, "tempo": 81.744, "duration_ms": 175745, "time_signature": 4}, {"uri": "spotify:track:4dXBG3zz9SzaPBtm4Fv91x", "name": "Been A Son - BBC Mark Goodier Session", "artist": "Nirvana", "popularity": 56, "danceability": 0.387, "energy": 0.914, "key": 9, "loudness": -10.101, "mode": 1, "speechiness": 0.0862, "acousticness": 2.7e-06, "instrumentalness": 0, "liveness": 0.258, "valence": 0.556, "tempo": 154.455, "duration_ms": 115600, "time_signature": 4}, {"uri": "spotify:track:3w5Ekq9O8g0gGFEsT77Ydi", "name": "Serve The Servants", "artist": "Nirvana", "popularity": 59, "danceability": 0.435, "energy": 0.895, "key": 10, "loudness": -8.7, "mode": 1, "speechiness": 0.0421, "acousticness": 1.13e-05, "instrumentalness": 0.0318, "liveness": 0.19, "valence": 0.668, "tempo": 119.659, "duration_ms": 217173, "time_signature": 4}, {"uri": "spotify:track:1kwsUMjFuePZBNB56gQYoA", "name": "I Hate Myself And Want To Die - 2013 Mix", "artist": "Nirvana", "popularity": 57, "danceability": 0.456, "energy": 0.818, "key": 11, "loudness": -11.286, "mode": 1, "speechiness": 0.0589, "acousticness": 0.115, "instrumentalness": 0, "liveness": 0.0995, "valence": 0.257, "tempo": 115.556, "duration_ms": 179680, "time_signature": 4}, {"uri": "spotify:track:5TZbtpZcTWKEn81Du4hiTb", "name": "Mr. Moustache", "artist": "Nirvana", "popularity": 56, "danceability": 0.194, "energy": 0.898, "key": 0, "loudness": -6.12, "mode": 1, "speechiness": 0.0608, "acousticness": 5.58e-06, "instrumentalness": 0.141, "liveness": 0.108, "valence": 0.482, "tempo": 177.191, "duration_ms": 203929, "time_signature": 4}, {"uri": "spotify:track:0brL7VMo7onJJTGMSdajic", "name": "Molly's Lips - BBC John Peel Session 1990", "artist": "Nirvana", "popularity": 55, "danceability": 0.311, "energy": 0.895, "key": 7, "loudness": -9.401, "mode": 1, "speechiness": 0.0476, "acousticness": 1.91e-05, "instrumentalness": 0.195, "liveness": 0.0584, "valence": 0.681, "tempo": 167.107, "duration_ms": 114133, "time_signature": 4}, {"uri": "spotify:track:0hUit24g1EIoATdKYWUiRj", "name": "Very Ape", "artist": "Nirvana", "popularity": 58, "danceability": 0.262, "energy": 0.886, "key": 1, "loudness": -9.392, "mode": 1, "speechiness": 0.0336, "acousticness": 3.11e-06, "instrumentalness": 0.368, "liveness": 0.188, "valence": 0.965, "tempo": 152.09, "duration_ms": 115813, "time_signature": 4}, {"uri": "spotify:track:0aMqNFBj9KtPTD3c3tByRT", "name": "Floyd The Barber", "artist": "Nirvana", "popularity": 53, "danceability": 0.443, "energy": 0.878, "key": 8, "loudness": -6.717, "mode": 0, "speechiness": 0.0418, "acousticness": 0.000788, "instrumentalness": 0.56, "liveness": 0.0623, "valence": 0.683, "tempo": 136.567, "duration_ms": 138048, "time_signature": 4}, {"uri": "spotify:track:6G2baGa99QcqUUTmkEgeZl", "name": "Dive", "artist": "Nirvana", "popularity": 55, "danceability": 0.425, "energy": 0.837, "key": 11, "loudness": -10.096, "mode": 1, "speechiness": 0.0318, "acousticness": 2.04e-06, "instrumentalness": 0.366, "liveness": 0.108, "valence": 0.441, "tempo": 128.13, "duration_ms": 235000, "time_signature": 4}, {"uri": "spotify:track:06B04lID9HGPwPWwBkTQfU", "name": "Frances Farmer Will Have Her Revenge On Seattle", "artist": "Nirvana", "popularity": 56, "danceability": 0.482, "energy": 0.723, "key": 10, "loudness": -10.08, "mode": 0, "speechiness": 0.0425, "acousticness": 5.66e-05, "instrumentalness": 0.000432, "liveness": 0.0939, "valence": 0.554, "tempo": 117.051, "duration_ms": 250013, "time_signature": 4}, {"uri": "spotify:track:4e0MJaiXSwXBhrQZHyoK8c", "name": "Downer", "artist": "Nirvana", "popularity": 55, "danceability": 0.303, "energy": 0.931, "key": 4, "loudness": -9.306, "mode": 0, "speechiness": 0.0574, "acousticness": 0.00101, "instrumentalness": 0.0294, "liveness": 0.114, "valence": 0.555, "tempo": 101.936, "duration_ms": 103800, "time_signature": 4}]