[{"uri": "spotify:track:6oOJL3xj8zRz6URS0SwlXC", "name": "Chronicles (feat. H.E.R. & Lil Durk)", "artist": "Cordae", "popularity": 0, "danceability": 0.678, "energy": 0.527, "key": 4, "loudness": -9.038, "mode": 0, "speechiness": 0.301, "acousticness": 0.3, "instrumentalness": 0, "liveness": 0.119, "valence": 0.583, "tempo": 76.847, "duration_ms": 212077, "time_signature": 4}, {"uri": "spotify:track:4xTRiW8KxQjf6JxeyozXkZ", "name": "you & me", "artist": "Gunna", "popularity": 75, "danceability": 0.744, "energy": 0.535, "key": 6, "loudness": -9.499, "mode": 0, "speechiness": 0.0736, "acousticness": 0.279, "instrumentalness": 0, "liveness": 0.143, "valence": 0.106, "tempo": 132.86, "duration_ms": 144373, "time_signature": 4}, {"uri": "spotify:track:37Nqx7iavZpotJSDXZWbJ3", "name": "Girls Want Girls (with Lil Baby)", "artist": "Drake", "popularity": 86, "danceability": 0.767, "energy": 0.438, "key": 7, "loudness": -8.726, "mode": 0, "speechiness": 0.29, "acousticness": 0.181, "instrumentalness": 0, "liveness": 0.142, "valence": 0.381, "tempo": 86.975, "duration_ms": 221980, "time_signature": 4}, {"uri": "spotify:track:0sze9rycXZswg5emYTFklv", "name": "Swangin\u2019 On Westheimer", "artist": "Don Toliver", "popularity": 68, "danceability": 0.698, "energy": 0.344, "key": 6, "loudness": -6.718, "mode": 1, "speechiness": 0.0692, "acousticness": 0.181, "instrumentalness": 1.01e-06, "liveness": 0.127, "valence": 0.351, "tempo": 67.238, "duration_ms": 288852, "time_signature": 4}, {"uri": "spotify:track:0BFGDkrXAneskCJdudSCro", "name": "Scorpio", "artist": "Moneybagg Yo", "popularity": 75, "danceability": 0.736, "energy": 0.532, "key": 1, "loudness": -7.151, "mode": 1, "speechiness": 0.265, "acousticness": 0.0292, "instrumentalness": 8.86e-06, "liveness": 0.0806, "valence": 0.273, "tempo": 84.983, "duration_ms": 165773, "time_signature": 4}, {"uri": "spotify:track:3kCLRQ1HwXVj0sZA0G7MnG", "name": "FINDERS KEEPERS (feat. Scorey & Internet Money)", "artist": "Dro Kenji", "popularity": 70, "danceability": 0.798, "energy": 0.492, "key": 1, "loudness": -9.904, "mode": 1, "speechiness": 0.253, "acousticness": 0.0707, "instrumentalness": 0, "liveness": 0.124, "valence": 0.32, "tempo": 91.991, "duration_ms": 127826, "time_signature": 4}, {"uri": "spotify:track:79zOijd7A1FGKKGBQMqBKl", "name": "One Shot (feat. Blxst & Wale)", "artist": "Murda Beatz", "popularity": 0, "danceability": 0.684, "energy": 0.575, "key": 4, "loudness": -7.419, "mode": 1, "speechiness": 0.383, "acousticness": 0.242, "instrumentalness": 0, "liveness": 0.113, "valence": 0.724, "tempo": 89.401, "duration_ms": 153195, "time_signature": 4}, {"uri": "spotify:track:1gKwy95v3MxbzS57eEXAKq", "name": "Never Lose You", "artist": "Kalan.FrFr", "popularity": 46, "danceability": 0.601, "energy": 0.584, "key": 11, "loudness": -8.415, "mode": 0, "speechiness": 0.0837, "acousticness": 0.397, "instrumentalness": 0, "liveness": 0.108, "valence": 0.5, "tempo": 97.676, "duration_ms": 181867, "time_signature": 4}, {"uri": "spotify:track:18vfufHymhqpdaoE1ApnLT", "name": "die alone (feat. Yung Bleu)", "artist": "Gunna", "popularity": 73, "danceability": 0.588, "energy": 0.402, "key": 10, "loudness": -10.812, "mode": 1, "speechiness": 0.251, "acousticness": 0.181, "instrumentalness": 0, "liveness": 0.121, "valence": 0.216, "tempo": 175.667, "duration_ms": 261867, "time_signature": 4}, {"uri": "spotify:track:0P9lyICk63dqZSqXV2HBP0", "name": "About You", "artist": "Blxst", "popularity": 70, "danceability": 0.644, "energy": 0.615, "key": 7, "loudness": -3.632, "mode": 1, "speechiness": 0.469, "acousticness": 0.631, "instrumentalness": 0, "liveness": 0.165, "valence": 0.681, "tempo": 119.696, "duration_ms": 170703, "time_signature": 5}, {"uri": "spotify:track:1rmnTmLl06RQLJmEpe36ve", "name": "WHAT YOU NEED", "artist": "DUSTY LOCANE", "popularity": 63, "danceability": 0.589, "energy": 0.675, "key": 1, "loudness": -3.111, "mode": 0, "speechiness": 0.26, "acousticness": 0.672, "instrumentalness": 0, "liveness": 0.224, "valence": 0.777, "tempo": 111.889, "duration_ms": 175489, "time_signature": 5}, {"uri": "spotify:track:7CxH1tODk6zn4VrqXmJ0MF", "name": "Do No Wrong (feat. Trippie Redd & PnB Rock)", "artist": "Tyla Yaweh", "popularity": 0, "danceability": 0.699, "energy": 0.634, "key": 8, "loudness": -8.471, "mode": 0, "speechiness": 0.305, "acousticness": 0.175, "instrumentalness": 0, "liveness": 0.0968, "valence": 0.776, "tempo": 159.941, "duration_ms": 179390, "time_signature": 4}, {"uri": "spotify:track:7uLFOXgLrS90tEYPO1DGXy", "name": "Man in the Mirror", "artist": "A Boogie Wit da Hoodie", "popularity": 82, "danceability": 0.849, "energy": 0.631, "key": 3, "loudness": -4.241, "mode": 0, "speechiness": 0.0637, "acousticness": 0.171, "instrumentalness": 0, "liveness": 0.149, "valence": 0.55, "tempo": 135.997, "duration_ms": 215304, "time_signature": 4}, {"uri": "spotify:track:6QTTPp4rzMqcbWWzgrGf9c", "name": "Loyal To A Fault (feat. Bryson Tiller, Lil Durk)", "artist": "Big Sean", "popularity": 66, "danceability": 0.676, "energy": 0.742, "key": 8, "loudness": -5.982, "mode": 0, "speechiness": 0.138, "acousticness": 0.0785, "instrumentalness": 2.41e-05, "liveness": 0.147, "valence": 0.398, "tempo": 147.07, "duration_ms": 243189, "time_signature": 4}, {"uri": "spotify:track:3IXAiQPAN5FXsETn9Gk3PR", "name": "Make a Mall", "artist": "Preme", "popularity": 68, "danceability": 0.758, "energy": 0.575, "key": 0, "loudness": -8.095, "mode": 1, "speechiness": 0.0416, "acousticness": 0.411, "instrumentalness": 2.38e-06, "liveness": 0.112, "valence": 0.486, "tempo": 89.98, "duration_ms": 182500, "time_signature": 4}, {"uri": "spotify:track:58T4yPLn4NjBYXfRxeweyM", "name": "Woo Baby (feat. Chris Brown)", "artist": "Pop Smoke", "popularity": 76, "danceability": 0.563, "energy": 0.672, "key": 9, "loudness": -7.226, "mode": 0, "speechiness": 0.0765, "acousticness": 0.359, "instrumentalness": 0, "liveness": 0.0972, "valence": 0.284, "tempo": 99.772, "duration_ms": 156000, "time_signature": 4}, {"uri": "spotify:track:1YmyHCxLKjLBBNQU51yQOh", "name": "No Drama", "artist": "Bankrol Hayden", "popularity": 70, "danceability": 0.94, "energy": 0.661, "key": 1, "loudness": -6.009, "mode": 1, "speechiness": 0.173, "acousticness": 0.304, "instrumentalness": 0, "liveness": 0.106, "valence": 0.837, "tempo": 108.0, "duration_ms": 196734, "time_signature": 4}, {"uri": "spotify:track:3EgG8FCbyTpVBU0BgDpiMF", "name": "All Eyes On Me", "artist": "EARTHGANG", "popularity": 0, "danceability": 0.913, "energy": 0.52, "key": 2, "loudness": -8.502, "mode": 0, "speechiness": 0.325, "acousticness": 0.542, "instrumentalness": 0, "liveness": 0.0938, "valence": 0.466, "tempo": 90.004, "duration_ms": 240289, "time_signature": 4}, {"uri": "spotify:track:5irzewJoHob42Nq3P9kOYh", "name": "Seduce (Feat. Capella Grey & Tamae)", "artist": "Russ", "popularity": 77, "danceability": 0.825, "energy": 0.366, "key": 1, "loudness": -6.973, "mode": 0, "speechiness": 0.0614, "acousticness": 0.624, "instrumentalness": 1.87e-06, "liveness": 0.0575, "valence": 0.75, "tempo": 94.032, "duration_ms": 117447, "time_signature": 4}, {"uri": "spotify:track:0yk8VLT5BXbqHK8DZD3xUg", "name": "more than a trend", "artist": "Roddy Ricch", "popularity": 66, "danceability": 0.508, "energy": 0.446, "key": 4, "loudness": -9.212, "mode": 0, "speechiness": 0.0895, "acousticness": 0.321, "instrumentalness": 0, "liveness": 0.112, "valence": 0.252, "tempo": 91.324, "duration_ms": 96021, "time_signature": 4}, {"uri": "spotify:track:1siBeqPJIFu48T8ZihxeuN", "name": "Dancing With The Devil", "artist": "Babyface Ray", "popularity": 0, "danceability": 0.802, "energy": 0.614, "key": 5, "loudness": -6.115, "mode": 0, "speechiness": 0.432, "acousticness": 0.264, "instrumentalness": 0, "liveness": 0.124, "valence": 0.259, "tempo": 91.955, "duration_ms": 169717, "time_signature": 4}, {"uri": "spotify:track:35uYYHfPcA5zcl8IeVXxOb", "name": "Be Free", "artist": "A Boogie Wit da Hoodie", "popularity": 73, "danceability": 0.634, "energy": 0.512, "key": 10, "loudness": -7.123, "mode": 0, "speechiness": 0.117, "acousticness": 0.0199, "instrumentalness": 0, "liveness": 0.115, "valence": 0.264, "tempo": 126.961, "duration_ms": 188486, "time_signature": 4}, {"uri": "spotify:track:1qo8LZ0OHfObYJpA8Zdfhl", "name": "Talk Nice", "artist": "Capella Grey", "popularity": 55, "danceability": 0.63, "energy": 0.495, "key": 7, "loudness": -11.316, "mode": 0, "speechiness": 0.172, "acousticness": 0.692, "instrumentalness": 0.000132, "liveness": 0.206, "valence": 0.744, "tempo": 95.807, "duration_ms": 111841, "time_signature": 4}, {"uri": "spotify:track:45s98gUcOcj5nJeFDNLH2g", "name": "Want It All (feat. Polo G)", "artist": "Burna Boy", "popularity": 70, "danceability": 0.519, "energy": 0.568, "key": 1, "loudness": -9.551, "mode": 1, "speechiness": 0.155, "acousticness": 0.211, "instrumentalness": 1.73e-06, "liveness": 0.0912, "valence": 0.707, "tempo": 159.988, "duration_ms": 232500, "time_signature": 4}, {"uri": "spotify:track:34hQD28WymyIZBJDZNh5zF", "name": "Hopscotch (feat. Swae Lee)", "artist": "Preme", "popularity": 60, "danceability": 0.717, "energy": 0.672, "key": 10, "loudness": -6.085, "mode": 0, "speechiness": 0.0619, "acousticness": 0.169, "instrumentalness": 5.97e-06, "liveness": 0.332, "valence": 0.357, "tempo": 140.053, "duration_ms": 232662, "time_signature": 4}, {"uri": "spotify:track:1Is8hGpkGMiePASAxBluxM", "name": "16", "artist": "Baby Keem", "popularity": 76, "danceability": 0.701, "energy": 0.782, "key": 1, "loudness": -4.987, "mode": 1, "speechiness": 0.138, "acousticness": 0.0918, "instrumentalness": 2.31e-06, "liveness": 0.124, "valence": 0.57, "tempo": 94.03, "duration_ms": 156040, "time_signature": 4}, {"uri": "spotify:track:0va4UcIcxAOf4yVpxGQWSa", "name": "Eyes Open (feat. Lil Baby & Young Thug)", "artist": "PnB Rock", "popularity": 62, "danceability": 0.575, "energy": 0.577, "key": 0, "loudness": -5.064, "mode": 1, "speechiness": 0.276, "acousticness": 0.0887, "instrumentalness": 0, "liveness": 0.647, "valence": 0.505, "tempo": 83.434, "duration_ms": 202581, "time_signature": 4}, {"uri": "spotify:track:2DTpP3caqX3QdJIEoS83mD", "name": "Your Heart", "artist": "Joyner Lucas", "popularity": 77, "danceability": 0.861, "energy": 0.637, "key": 6, "loudness": -7.701, "mode": 0, "speechiness": 0.133, "acousticness": 0.392, "instrumentalness": 0, "liveness": 0.0929, "valence": 0.754, "tempo": 87.006, "duration_ms": 198621, "time_signature": 4}, {"uri": "spotify:track:2yi2UK9bT3O73LFnyd8RSj", "name": "ZaZa", "artist": "PnB Rock", "popularity": 54, "danceability": 0.708, "energy": 0.819, "key": 5, "loudness": -2.699, "mode": 0, "speechiness": 0.107, "acousticness": 0.26, "instrumentalness": 0, "liveness": 0.117, "valence": 0.75, "tempo": 102.923, "duration_ms": 177098, "time_signature": 4}, {"uri": "spotify:track:7onHzHeOVE3M9p0tNKQbXc", "name": "NEO", "artist": "Amin\u00e9", "popularity": 68, "danceability": 0.981, "energy": 0.338, "key": 9, "loudness": -6.091, "mode": 1, "speechiness": 0.0676, "acousticness": 0.25, "instrumentalness": 0, "liveness": 0.0845, "valence": 0.606, "tempo": 116.985, "duration_ms": 123983, "time_signature": 4}, {"uri": "spotify:track:5ZD0MkX1FadkqYwhCCmAiv", "name": "everything you need", "artist": "Roddy Ricch", "popularity": 67, "danceability": 0.452, "energy": 0.534, "key": 1, "loudness": -7.74, "mode": 1, "speechiness": 0.0929, "acousticness": 0.0845, "instrumentalness": 0, "liveness": 0.122, "valence": 0.153, "tempo": 94.564, "duration_ms": 207158, "time_signature": 4}, {"uri": "spotify:track:7bH9S0IHoM5kznWf1432zZ", "name": "Lift Me Up", "artist": "Tyga", "popularity": 71, "danceability": 0.913, "energy": 0.534, "key": 9, "loudness": -6.048, "mode": 1, "speechiness": 0.0571, "acousticness": 0.0163, "instrumentalness": 0.000875, "liveness": 0.269, "valence": 0.312, "tempo": 107.054, "duration_ms": 168224, "time_signature": 4}, {"uri": "spotify:track:4ZB2yAZyPHI6SHdFPPT9sa", "name": "In The Dark (with Jhen\u00e9 Aiko)", "artist": "Swae Lee", "popularity": 70, "danceability": 0.692, "energy": 0.642, "key": 6, "loudness": -6.68, "mode": 1, "speechiness": 0.0702, "acousticness": 0.337, "instrumentalness": 0, "liveness": 0.107, "valence": 0.702, "tempo": 98.096, "duration_ms": 161164, "time_signature": 4}, {"uri": "spotify:track:7qM1BWAsZMTYh4BcYLb0uQ", "name": "Already Dead", "artist": "Juice WRLD", "popularity": 79, "danceability": 0.74, "energy": 0.501, "key": 1, "loudness": -6.339, "mode": 1, "speechiness": 0.0592, "acousticness": 0.019, "instrumentalness": 0, "liveness": 0.114, "valence": 0.119, "tempo": 83.5, "duration_ms": 231011, "time_signature": 4}, {"uri": "spotify:track:3mLx5JNbIi12thSZ4ExWHg", "name": "Wockesha (with Lil Wayne & Ashanti) - Remix", "artist": "Moneybagg Yo", "popularity": 54, "danceability": 0.56, "energy": 0.558, "key": 0, "loudness": -9.493, "mode": 1, "speechiness": 0.495, "acousticness": 0.115, "instrumentalness": 0, "liveness": 0.137, "valence": 0.801, "tempo": 82.991, "duration_ms": 217881, "time_signature": 4}, {"uri": "spotify:track:6bpq1jGkVz66Q3LYeoXdjZ", "name": "SCOOP (feat. Doja Cat)", "artist": "Lil Nas X", "popularity": 80, "danceability": 0.841, "energy": 0.527, "key": 6, "loudness": -8.116, "mode": 1, "speechiness": 0.149, "acousticness": 0.0427, "instrumentalness": 1.54e-06, "liveness": 0.12, "valence": 0.582, "tempo": 163.975, "duration_ms": 174164, "time_signature": 4}, {"uri": "spotify:track:3RoCi49XvcidDK7OqGw7fb", "name": "Come Through (feat. Lil Tecca)", "artist": "Bankrol Hayden", "popularity": 76, "danceability": 0.872, "energy": 0.623, "key": 3, "loudness": -3.94, "mode": 0, "speechiness": 0.0389, "acousticness": 0.41, "instrumentalness": 0, "liveness": 0.184, "valence": 0.72, "tempo": 104.07, "duration_ms": 112614, "time_signature": 4}, {"uri": "spotify:track:4wuMS7NGVbU7hdu94K5icd", "name": "Prada (feat. Lil Tecca)", "artist": "24kGoldn", "popularity": 76, "danceability": 0.686, "energy": 0.69, "key": 6, "loudness": -6.13, "mode": 0, "speechiness": 0.24, "acousticness": 0.122, "instrumentalness": 0, "liveness": 0.137, "valence": 0.528, "tempo": 178.157, "duration_ms": 151586, "time_signature": 4}, {"uri": "spotify:track:7cZxllNvqJrFaU4op9YvK6", "name": "HIGH", "artist": "PnB Rock", "popularity": 63, "danceability": 0.45, "energy": 0.724, "key": 0, "loudness": -5.592, "mode": 1, "speechiness": 0.358, "acousticness": 0.318, "instrumentalness": 0, "liveness": 0.353, "valence": 0.671, "tempo": 148.457, "duration_ms": 170887, "time_signature": 4}, {"uri": "spotify:track:08XWh5c0BMyD1nKVxxl91z", "name": "Fountains (with Tems)", "artist": "Drake", "popularity": 76, "danceability": 0.843, "energy": 0.485, "key": 10, "loudness": -8.735, "mode": 0, "speechiness": 0.195, "acousticness": 0.181, "instrumentalness": 0.0675, "liveness": 0.107, "valence": 0.689, "tempo": 100.053, "duration_ms": 192418, "time_signature": 4}, {"uri": "spotify:track:3CsdKcnQRUtuPO7hHjzJ1P", "name": "Taken For Granted", "artist": "J.I the Prince of N.Y", "popularity": 62, "danceability": 0.675, "energy": 0.63, "key": 7, "loudness": -9.169, "mode": 0, "speechiness": 0.359, "acousticness": 0.0436, "instrumentalness": 0, "liveness": 0.111, "valence": 0.0941, "tempo": 89.87, "duration_ms": 170693, "time_signature": 4}, {"uri": "spotify:track:4YFPUYwA9Jmk9xQYCbz3zb", "name": "Ride For You (feat. Kehlani)", "artist": "Meek Mill", "popularity": 60, "danceability": 0.462, "energy": 0.615, "key": 1, "loudness": -6.429, "mode": 1, "speechiness": 0.215, "acousticness": 0.23, "instrumentalness": 0, "liveness": 0.0928, "valence": 0.307, "tempo": 90.068, "duration_ms": 182251, "time_signature": 4}, {"uri": "spotify:track:2Nc1v8I86FUGorwjXKo0in", "name": "Belly, The Weeknd - Die For It (ft. Nas)", "artist": "Belly", "popularity": 61, "danceability": 0.657, "energy": 0.492, "key": 5, "loudness": -9.612, "mode": 0, "speechiness": 0.136, "acousticness": 0.392, "instrumentalness": 0, "liveness": 0.425, "valence": 0.193, "tempo": 97.107, "duration_ms": 199867, "time_signature": 4}, {"uri": "spotify:track:0JcgIOrlZ0CNUOPxyudnrK", "name": "Handstand (with Doja Cat feat. Saweetie)", "artist": "French Montana", "popularity": 73, "danceability": 0.786, "energy": 0.551, "key": 8, "loudness": -5.789, "mode": 1, "speechiness": 0.243, "acousticness": 0.0138, "instrumentalness": 0, "liveness": 0.68, "valence": 0.354, "tempo": 174.995, "duration_ms": 170057, "time_signature": 4}, {"uri": "spotify:track:4RJ2tHMoFQbUus12u1hB5l", "name": "Bestie", "artist": "Culture Jam", "popularity": 61, "danceability": 0.734, "energy": 0.668, "key": 5, "loudness": -6.535, "mode": 0, "speechiness": 0.138, "acousticness": 0.0563, "instrumentalness": 0, "liveness": 0.0971, "valence": 0.442, "tempo": 97.916, "duration_ms": 153456, "time_signature": 4}, {"uri": "spotify:track:1IeCWMwZs4rCmwPOjZYWN7", "name": "Poke It Out (feat. J. Cole)", "artist": "Wale", "popularity": 70, "danceability": 0.778, "energy": 0.934, "key": 9, "loudness": -3.488, "mode": 1, "speechiness": 0.321, "acousticness": 0.184, "instrumentalness": 0, "liveness": 0.123, "valence": 0.803, "tempo": 98.97, "duration_ms": 183333, "time_signature": 4}, {"uri": "spotify:track:7zQirOExB0VR8yWUOqYeio", "name": "DOLLA SIGN SLIME (feat. Megan Thee Stallion)", "artist": "Lil Nas X", "popularity": 75, "danceability": 0.923, "energy": 0.533, "key": 11, "loudness": -6.016, "mode": 0, "speechiness": 0.262, "acousticness": 0.0504, "instrumentalness": 0, "liveness": 0.102, "valence": 0.587, "tempo": 133.991, "duration_ms": 145075, "time_signature": 4}, {"uri": "spotify:track:5ChX0Yt1wPpRJFPPecJZPh", "name": "Dreams Unfold", "artist": "Joyner Lucas", "popularity": 72, "danceability": 0.869, "energy": 0.62, "key": 9, "loudness": -5.308, "mode": 1, "speechiness": 0.191, "acousticness": 0.36, "instrumentalness": 0, "liveness": 0.103, "valence": 0.961, "tempo": 148.041, "duration_ms": 201081, "time_signature": 4}, {"uri": "spotify:track:4yIH4PcUVivcxNTy1ETMZ3", "name": "Find A Way (feat. Lil Baby & Lil Durk)", "artist": "H.E.R.", "popularity": 68, "danceability": 0.633, "energy": 0.664, "key": 9, "loudness": -6.588, "mode": 1, "speechiness": 0.381, "acousticness": 0.00797, "instrumentalness": 0, "liveness": 0.104, "valence": 0.617, "tempo": 157.148, "duration_ms": 212520, "time_signature": 4}, {"uri": "spotify:track:6Uj1ctrBOjOas8xZXGqKk4", "name": "Woman", "artist": "Doja Cat", "popularity": 95, "danceability": 0.824, "energy": 0.764, "key": 5, "loudness": -4.175, "mode": 0, "speechiness": 0.0854, "acousticness": 0.0888, "instrumentalness": 0.00294, "liveness": 0.117, "valence": 0.881, "tempo": 107.998, "duration_ms": 172627, "time_signature": 4}, {"uri": "spotify:track:2Q3jFbyE61mCjS3SkW4toJ", "name": "Race My Mind", "artist": "Drake", "popularity": 74, "danceability": 0.488, "energy": 0.635, "key": 10, "loudness": -7.19, "mode": 1, "speechiness": 0.26, "acousticness": 0.179, "instrumentalness": 8.16e-06, "liveness": 0.156, "valence": 0.783, "tempo": 174.072, "duration_ms": 269884, "time_signature": 4}, {"uri": "spotify:track:5MAnH0CFbD13INQBsnKI9y", "name": "Demon High", "artist": "Lil Uzi Vert", "popularity": 74, "danceability": 0.75, "energy": 0.543, "key": 5, "loudness": -10.672, "mode": 0, "speechiness": 0.179, "acousticness": 0.355, "instrumentalness": 0, "liveness": 0.419, "valence": 0.652, "tempo": 150.066, "duration_ms": 197418, "time_signature": 4}, {"uri": "spotify:track:5OJmt1xiOHZJGx8wTUAjEC", "name": "let you", "artist": "iann dior", "popularity": 79, "danceability": 0.593, "energy": 0.848, "key": 7, "loudness": -5.059, "mode": 0, "speechiness": 0.0888, "acousticness": 0.241, "instrumentalness": 0, "liveness": 0.139, "valence": 0.7, "tempo": 170.202, "duration_ms": 151725, "time_signature": 4}, {"uri": "spotify:track:69FiPptnZd9ovg2tEJgBkN", "name": "Feel Good (feat. Lil Tjay)", "artist": "Fresco Trey", "popularity": 60, "danceability": 0.755, "energy": 0.545, "key": 5, "loudness": -7.017, "mode": 0, "speechiness": 0.129, "acousticness": 0.251, "instrumentalness": 0, "liveness": 0.117, "valence": 0.517, "tempo": 90.004, "duration_ms": 150142, "time_signature": 4}, {"uri": "spotify:track:2OjabQl4Ti8FIGslOb0pPI", "name": "You know My body (feat. Capella Grey)", "artist": "DreamDoll", "popularity": 56, "danceability": 0.697, "energy": 0.709, "key": 4, "loudness": -7.675, "mode": 0, "speechiness": 0.319, "acousticness": 0.0219, "instrumentalness": 0, "liveness": 0.061, "valence": 0.562, "tempo": 93.978, "duration_ms": 155882, "time_signature": 4}, {"uri": "spotify:track:108CRSzSnhShMbNgNHWrjU", "name": "BESITO (feat. G Herbo)", "artist": "BIA", "popularity": 67, "danceability": 0.841, "energy": 0.394, "key": 1, "loudness": -7.565, "mode": 1, "speechiness": 0.443, "acousticness": 0.00656, "instrumentalness": 0, "liveness": 0.275, "valence": 0.583, "tempo": 150.057, "duration_ms": 131224, "time_signature": 4}, {"uri": "spotify:track:6Zu3aw7FfjAF9WA0fA81Oq", "name": "Big Energy", "artist": "Latto", "popularity": 80, "danceability": 0.935, "energy": 0.807, "key": 11, "loudness": -3.838, "mode": 0, "speechiness": 0.114, "acousticness": 0.0514, "instrumentalness": 0, "liveness": 0.349, "valence": 0.813, "tempo": 106.017, "duration_ms": 173182, "time_signature": 4}, {"uri": "spotify:track:7q0ViTGPAYX8GLBJWtCYmX", "name": "Bout That (feat. Rick Ross)", "artist": "Kent Jones", "popularity": 46, "danceability": 0.801, "energy": 0.855, "key": 10, "loudness": -3.853, "mode": 0, "speechiness": 0.154, "acousticness": 0.151, "instrumentalness": 0, "liveness": 0.11, "valence": 0.244, "tempo": 100.095, "duration_ms": 232555, "time_signature": 4}, {"uri": "spotify:track:4ZUNw5tDBZTOqzPEVIYyOy", "name": "V12 (feat. Lil Uzi Vert)", "artist": "iann dior", "popularity": 74, "danceability": 0.705, "energy": 0.681, "key": 4, "loudness": -3.286, "mode": 0, "speechiness": 0.148, "acousticness": 0.411, "instrumentalness": 0, "liveness": 0.121, "valence": 0.626, "tempo": 164.941, "duration_ms": 177836, "time_signature": 4}, {"uri": "spotify:track:7MmBhKBQnaa0I8TaDJs9ia", "name": "issues", "artist": "Baby Keem", "popularity": 64, "danceability": 0.833, "energy": 0.542, "key": 3, "loudness": -8.32, "mode": 0, "speechiness": 0.0679, "acousticness": 0.571, "instrumentalness": 0.00112, "liveness": 0.111, "valence": 0.237, "tempo": 132.001, "duration_ms": 219813, "time_signature": 4}, {"uri": "spotify:track:2E4oc1QERJMgdRuLjHalGn", "name": "Optimistic", "artist": "KYLE", "popularity": 52, "danceability": 0.525, "energy": 0.528, "key": 5, "loudness": -8.359, "mode": 1, "speechiness": 0.35, "acousticness": 0.236, "instrumentalness": 0, "liveness": 0.13, "valence": 0.297, "tempo": 102.942, "duration_ms": 156438, "time_signature": 4}, {"uri": "spotify:track:0empuybajOILWSMGYGDoPF", "name": "Love & War (feat. Queen Naija) - Remix", "artist": "Lil Poppa", "popularity": 50, "danceability": 0.694, "energy": 0.717, "key": 2, "loudness": -5.693, "mode": 1, "speechiness": 0.217, "acousticness": 0.0362, "instrumentalness": 0, "liveness": 0.102, "valence": 0.601, "tempo": 159.996, "duration_ms": 246333, "time_signature": 4}, {"uri": "spotify:track:5b2CRPYt0QNA0jaCJNIIdn", "name": "Keeper (feat. A Boogie Wit da Hoodie)", "artist": "OHGEESY", "popularity": 68, "danceability": 0.647, "energy": 0.483, "key": 11, "loudness": -7.59, "mode": 0, "speechiness": 0.11, "acousticness": 0.0755, "instrumentalness": 0, "liveness": 0.138, "valence": 0.299, "tempo": 98.87, "duration_ms": 169697, "time_signature": 4}, {"uri": "spotify:track:3enfCF7gGvPGNF3g1fHoiF", "name": "Fresh Off A Heartbreak", "artist": "Fresco Trey", "popularity": 55, "danceability": 0.769, "energy": 0.539, "key": 8, "loudness": -5.92, "mode": 0, "speechiness": 0.182, "acousticness": 0.347, "instrumentalness": 0, "liveness": 0.103, "valence": 0.511, "tempo": 139.989, "duration_ms": 197143, "time_signature": 4}, {"uri": "spotify:track:0GYi1PEjtCPfXHPGnvs5ON", "name": "In Person (With OG Parker feat. Tyga)", "artist": "Lakeyah", "popularity": 62, "danceability": 0.828, "energy": 0.766, "key": 4, "loudness": -5.29, "mode": 0, "speechiness": 0.331, "acousticness": 0.0383, "instrumentalness": 0, "liveness": 0.65, "valence": 0.719, "tempo": 105.012, "duration_ms": 130099, "time_signature": 4}, {"uri": "spotify:track:0RbW8kWozrVSIGb4V13o0o", "name": "Hurricane", "artist": "Kanye West", "popularity": 59, "danceability": 0.587, "energy": 0.561, "key": 0, "loudness": -6.569, "mode": 1, "speechiness": 0.146, "acousticness": 0.0466, "instrumentalness": 0, "liveness": 0.109, "valence": 0.351, "tempo": 80.009, "duration_ms": 243187, "time_signature": 4}, {"uri": "spotify:track:607kN00EPahVTsTCzuAGHJ", "name": "I Like ft. Lil Durk - Remix", "artist": "Kalan.FrFr", "popularity": 52, "danceability": 0.75, "energy": 0.587, "key": 2, "loudness": -7.989, "mode": 0, "speechiness": 0.137, "acousticness": 0.0785, "instrumentalness": 0, "liveness": 0.0764, "valence": 0.635, "tempo": 147.09, "duration_ms": 197915, "time_signature": 4}, {"uri": "spotify:track:6n9G36q0JwCS12oQRXCeMi", "name": "Single & Happy (feat. Wale & Eric Bellinger)", "artist": "Kash Doll", "popularity": 58, "danceability": 0.702, "energy": 0.651, "key": 0, "loudness": -8.073, "mode": 1, "speechiness": 0.225, "acousticness": 0.0415, "instrumentalness": 0, "liveness": 0.0744, "valence": 0.549, "tempo": 88.826, "duration_ms": 190224, "time_signature": 4}, {"uri": "spotify:track:2wOnrN7fkzV4NsLqym2C6O", "name": "Already Won (feat. Lil Durk)", "artist": "Rod Wave", "popularity": 71, "danceability": 0.321, "energy": 0.525, "key": 7, "loudness": -9.891, "mode": 0, "speechiness": 0.131, "acousticness": 0.0668, "instrumentalness": 0, "liveness": 0.137, "valence": 0.152, "tempo": 75.774, "duration_ms": 212064, "time_signature": 4}, {"uri": "spotify:track:6FLPcyjV2JfdqtdT5z4Vv9", "name": "Running Wild (Tumblr Girls 2) (feat. Kossisko)", "artist": "G-Eazy", "popularity": 59, "danceability": 0.634, "energy": 0.789, "key": 10, "loudness": -5.171, "mode": 1, "speechiness": 0.285, "acousticness": 0.391, "instrumentalness": 0, "liveness": 0.451, "valence": 0.266, "tempo": 143.865, "duration_ms": 232425, "time_signature": 4}, {"uri": "spotify:track:1MIGkQxcdAt2lDx6ySpsc5", "name": "SUVs (Black on Black)", "artist": "Jack Harlow", "popularity": 79, "danceability": 0.801, "energy": 0.688, "key": 1, "loudness": -4.594, "mode": 1, "speechiness": 0.396, "acousticness": 0.144, "instrumentalness": 0, "liveness": 0.107, "valence": 0.5, "tempo": 162.928, "duration_ms": 157675, "time_signature": 4}, {"uri": "spotify:track:1JXBNvlDEl2epKSJ9EOgKX", "name": "NOT SOBER (feat. Polo G & Stunna Gambino)", "artist": "The Kid LAROI", "popularity": 78, "danceability": 0.671, "energy": 0.639, "key": 2, "loudness": -6.852, "mode": 0, "speechiness": 0.134, "acousticness": 0.0928, "instrumentalness": 0, "liveness": 0.0941, "valence": 0.385, "tempo": 119.82, "duration_ms": 216000, "time_signature": 5}, {"uri": "spotify:track:48WidxP9CqyYtk97pwGZ3c", "name": "Wasting Time ( feat. Drake & The Neptunes )", "artist": "Brent Faiyaz", "popularity": 74, "danceability": 0.443, "energy": 0.72, "key": 7, "loudness": -3.743, "mode": 0, "speechiness": 0.0733, "acousticness": 0.0669, "instrumentalness": 0, "liveness": 0.0909, "valence": 0.374, "tempo": 89.378, "duration_ms": 301304, "time_signature": 4}, {"uri": "spotify:track:2fsolRrAbm6G7JQ5VknBkR", "name": "SHOW ME", "artist": "KAS", "popularity": 47, "danceability": 0.732, "energy": 0.593, "key": 4, "loudness": -6.93, "mode": 0, "speechiness": 0.361, "acousticness": 0.518, "instrumentalness": 0, "liveness": 0.109, "valence": 0.586, "tempo": 165.123, "duration_ms": 153761, "time_signature": 4}, {"uri": "spotify:track:2DYoLkfNIF8xN1L4SnPlrj", "name": "Way More Close (Stuck In A Box) (feat. Big Sean)", "artist": "Yung Bleu", "popularity": 52, "danceability": 0.654, "energy": 0.48, "key": 4, "loudness": -9.792, "mode": 0, "speechiness": 0.344, "acousticness": 0.584, "instrumentalness": 0, "liveness": 0.0985, "valence": 0.378, "tempo": 89.177, "duration_ms": 248043, "time_signature": 4}, {"uri": "spotify:track:4RiZRDKcQcsXIu7gY4YYVQ", "name": "One of Them Ones", "artist": "Blxst", "popularity": 53, "danceability": 0.601, "energy": 0.691, "key": 10, "loudness": -4.699, "mode": 0, "speechiness": 0.35, "acousticness": 0.0249, "instrumentalness": 0, "liveness": 0.124, "valence": 0.513, "tempo": 97.799, "duration_ms": 165547, "time_signature": 4}, {"uri": "spotify:track:0Zrn0AIZ8zNCtStA1YrRfZ", "name": "F Yah Job", "artist": "Childish Major", "popularity": 48, "danceability": 0.82, "energy": 0.511, "key": 2, "loudness": -11.348, "mode": 0, "speechiness": 0.247, "acousticness": 0.2, "instrumentalness": 1.08e-05, "liveness": 0.0774, "valence": 0.404, "tempo": 98.009, "duration_ms": 117551, "time_signature": 4}, {"uri": "spotify:track:5xqOX5JLect7vNM1xbCYiW", "name": "Lock It Down (feat. Monaleo)", "artist": "DJ Chose", "popularity": 40, "danceability": 0.586, "energy": 0.579, "key": 3, "loudness": -9.978, "mode": 1, "speechiness": 0.175, "acousticness": 0.141, "instrumentalness": 0, "liveness": 0.114, "valence": 0.59, "tempo": 82.005, "duration_ms": 163971, "time_signature": 4}, {"uri": "spotify:track:1GjWE4T7qZNeIy1hgm98R9", "name": "Run It Up (feat. Sleepy Hallow & A Boogie Wit Da Hoodie)", "artist": "Sheff G", "popularity": 69, "danceability": 0.597, "energy": 0.522, "key": 0, "loudness": -10.825, "mode": 1, "speechiness": 0.247, "acousticness": 0.714, "instrumentalness": 0, "liveness": 0.0871, "valence": 0.714, "tempo": 93.511, "duration_ms": 171939, "time_signature": 4}, {"uri": "spotify:track:38Z8SRBxln5pP7yWLqRYwC", "name": "Party Lyfe (with DaBaby)", "artist": "Polo G", "popularity": 67, "danceability": 0.861, "energy": 0.487, "key": 6, "loudness": -8.533, "mode": 1, "speechiness": 0.131, "acousticness": 0.0632, "instrumentalness": 0, "liveness": 0.144, "valence": 0.707, "tempo": 92.998, "duration_ms": 171232, "time_signature": 4}, {"uri": "spotify:track:1rdTdOTRfGXjQ9Auwn1gzx", "name": "Angles (feat. Chris Brown)", "artist": "Wale", "popularity": 64, "danceability": 0.654, "energy": 0.792, "key": 7, "loudness": -6.116, "mode": 1, "speechiness": 0.351, "acousticness": 0.192, "instrumentalness": 0, "liveness": 0.708, "valence": 0.194, "tempo": 94.878, "duration_ms": 208000, "time_signature": 4}, {"uri": "spotify:track:7fzFOW9v8IyprQjiyXfaMA", "name": "Ex For A Reason (with JT from City Girls)", "artist": "Summer Walker", "popularity": 67, "danceability": 0.718, "energy": 0.725, "key": 11, "loudness": -5.755, "mode": 0, "speechiness": 0.0387, "acousticness": 0.264, "instrumentalness": 0, "liveness": 0.191, "valence": 0.566, "tempo": 115.02, "duration_ms": 225502, "time_signature": 4}, {"uri": "spotify:track:34Jpft6YC3t9TOrJUhxez7", "name": "Bounce", "artist": "NO1-NOAH", "popularity": 47, "danceability": 0.805, "energy": 0.467, "key": 1, "loudness": -6.757, "mode": 1, "speechiness": 0.0388, "acousticness": 0.53, "instrumentalness": 0, "liveness": 0.0853, "valence": 0.796, "tempo": 146.972, "duration_ms": 144044, "time_signature": 4}, {"uri": "spotify:track:2zLuU9Z2knPFDgH0036UCX", "name": "Priority (feat. Blxst)", "artist": "Jayson Cash", "popularity": 47, "danceability": 0.813, "energy": 0.606, "key": 11, "loudness": -4.047, "mode": 1, "speechiness": 0.358, "acousticness": 0.143, "instrumentalness": 0, "liveness": 0.106, "valence": 0.315, "tempo": 91.811, "duration_ms": 178577, "time_signature": 4}, {"uri": "spotify:track:3zs87EV3EZSh2UpiXxT52Y", "name": "Better Believe", "artist": "Belly", "popularity": 68, "danceability": 0.797, "energy": 0.573, "key": 0, "loudness": -7.85, "mode": 1, "speechiness": 0.319, "acousticness": 0.159, "instrumentalness": 0, "liveness": 0.144, "valence": 0.445, "tempo": 124.995, "duration_ms": 206629, "time_signature": 4}, {"uri": "spotify:track:2RmLOxBT7hzEz2UUaDP5ZJ", "name": "Dios Mio (Remix) - Alternate Version", "artist": "Bizzy Crook", "popularity": 49, "danceability": 0.853, "energy": 0.515, "key": 1, "loudness": -5.723, "mode": 0, "speechiness": 0.106, "acousticness": 0.00413, "instrumentalness": 0, "liveness": 0.147, "valence": 0.532, "tempo": 100.05, "duration_ms": 201720, "time_signature": 4}, {"uri": "spotify:track:64lcp0LwdQLvxxsgYaGOqd", "name": "Oou Oou (feat. Coi Leray)", "artist": "Fredo Bang", "popularity": 53, "danceability": 0.914, "energy": 0.599, "key": 11, "loudness": -3.614, "mode": 0, "speechiness": 0.0892, "acousticness": 0.0609, "instrumentalness": 0, "liveness": 0.301, "valence": 0.912, "tempo": 145.159, "duration_ms": 142352, "time_signature": 4}, {"uri": "spotify:track:3Hf0F9eDNqdtBq00PAtDa4", "name": "Summer Luv", "artist": "Phora", "popularity": 52, "danceability": 0.603, "energy": 0.617, "key": 3, "loudness": -8.772, "mode": 0, "speechiness": 0.566, "acousticness": 0.631, "instrumentalness": 0, "liveness": 0.0834, "valence": 0.547, "tempo": 100.09, "duration_ms": 146714, "time_signature": 4}, {"uri": "spotify:track:7rYbn9y2AoaNP5aWzcdRbd", "name": "Glockie", "artist": "Whookilledkenny", "popularity": 24, "danceability": 0.839, "energy": 0.448, "key": 10, "loudness": -8.356, "mode": 0, "speechiness": 0.0593, "acousticness": 0.133, "instrumentalness": 6.55e-06, "liveness": 0.113, "valence": 0.539, "tempo": 100.009, "duration_ms": 153600, "time_signature": 4}, {"uri": "spotify:track:74ruhOVvor6O8R91cyrzK0", "name": "2055 (feat. Coi Leray)", "artist": "Sleepy Hallow", "popularity": 55, "danceability": 0.72, "energy": 0.487, "key": 6, "loudness": -8.913, "mode": 0, "speechiness": 0.0811, "acousticness": 0.589, "instrumentalness": 0, "liveness": 0.0943, "valence": 0.533, "tempo": 161.009, "duration_ms": 119716, "time_signature": 4}, {"uri": "spotify:track:268MCWqIbvWTdWdFT0hJ8Z", "name": "Baecation", "artist": "Luh Kel", "popularity": 47, "danceability": 0.431, "energy": 0.558, "key": 5, "loudness": -7.688, "mode": 1, "speechiness": 0.168, "acousticness": 0.745, "instrumentalness": 0, "liveness": 0.0937, "valence": 0.369, "tempo": 94.913, "duration_ms": 141474, "time_signature": 4}, {"uri": "spotify:track:1fsIS1oqTTr7CJvAkelrXc", "name": "Everyday", "artist": "Lecrae", "popularity": 49, "danceability": 0.778, "energy": 0.607, "key": 5, "loudness": -7.548, "mode": 0, "speechiness": 0.105, "acousticness": 0.054, "instrumentalness": 0, "liveness": 0.14, "valence": 0.613, "tempo": 97.922, "duration_ms": 184272, "time_signature": 4}, {"uri": "spotify:track:3QPZqYIzgEXbVouiHpu7wR", "name": "Mr. Jones (feat. Anuel AA)", "artist": "Pop Smoke", "popularity": 58, "danceability": 0.781, "energy": 0.649, "key": 0, "loudness": -6.295, "mode": 0, "speechiness": 0.0892, "acousticness": 0.49, "instrumentalness": 2.45e-06, "liveness": 0.216, "valence": 0.728, "tempo": 134.051, "duration_ms": 229254, "time_signature": 4}, {"uri": "spotify:track:6NWaGIrn6eLqGBiLpgoQ4e", "name": "Best Friends 4L (feat. Lil Tjay)", "artist": "YNW Melly", "popularity": 50, "danceability": 0.748, "energy": 0.479, "key": 7, "loudness": -10.209, "mode": 0, "speechiness": 0.0463, "acousticness": 0.017, "instrumentalness": 4.8e-06, "liveness": 0.0978, "valence": 0.309, "tempo": 119.871, "duration_ms": 160000, "time_signature": 4}, {"uri": "spotify:track:3mvMkZMSvp7Xjd9JCAC1Y7", "name": "Appreciation", "artist": "Ant Clemons", "popularity": 48, "danceability": 0.806, "energy": 0.393, "key": 7, "loudness": -8.46, "mode": 0, "speechiness": 0.186, "acousticness": 0.117, "instrumentalness": 0, "liveness": 0.101, "valence": 0.149, "tempo": 125.098, "duration_ms": 203653, "time_signature": 4}, {"uri": "spotify:track:0XRJCK2hggV2k3YVMzZDei", "name": "Peloton", "artist": "IDK", "popularity": 52, "danceability": 0.638, "energy": 0.603, "key": 6, "loudness": -7.801, "mode": 0, "speechiness": 0.0544, "acousticness": 0.00341, "instrumentalness": 0, "liveness": 0.387, "valence": 0.18, "tempo": 97.97, "duration_ms": 213815, "time_signature": 4}, {"uri": "spotify:track:4sOO8Njp0KzZAreAg7e136", "name": "Her Peace (feat. YK Osiris & Loui)", "artist": "YungManny", "popularity": 42, "danceability": 0.603, "energy": 0.631, "key": 8, "loudness": -5.517, "mode": 1, "speechiness": 0.107, "acousticness": 0.008, "instrumentalness": 0, "liveness": 0.314, "valence": 0.483, "tempo": 160.054, "duration_ms": 240039, "time_signature": 3}, {"uri": "spotify:track:0k4d5YPDr1r7FX77VdqWez", "name": "You Right", "artist": "Doja Cat", "popularity": 89, "danceability": 0.828, "energy": 0.621, "key": 8, "loudness": -6.414, "mode": 1, "speechiness": 0.0565, "acousticness": 0.0164, "instrumentalness": 0.00233, "liveness": 0.0845, "valence": 0.436, "tempo": 128.986, "duration_ms": 186173, "time_signature": 4}, {"uri": "spotify:track:2pxTrFJzMSqo6OmHFeiwJ6", "name": "Wat U Sed (feat. Iamdoechii & Kal Banx)", "artist": "Isaiah Rashad", "popularity": 56, "danceability": 0.84, "energy": 0.641, "key": 11, "loudness": -6.814, "mode": 1, "speechiness": 0.313, "acousticness": 0.0807, "instrumentalness": 0.0515, "liveness": 0.322, "valence": 0.525, "tempo": 163.028, "duration_ms": 176683, "time_signature": 4}, {"uri": "spotify:track:7zRXkZJQJYuSIqqv7PaPvb", "name": "Questions", "artist": "Pop Smoke", "popularity": 52, "danceability": 0.65, "energy": 0.732, "key": 6, "loudness": -7.754, "mode": 0, "speechiness": 0.226, "acousticness": 0.498, "instrumentalness": 0, "liveness": 0.0557, "valence": 0.886, "tempo": 95.928, "duration_ms": 145000, "time_signature": 4}]