[{"uri": "spotify:track:0xIo8d1CLxARzQhaZwJ1RM", "name": "Age of Phase", "artist": "Bonobo", "popularity": 0, "danceability": 0.706, "energy": 0.697, "key": 6, "loudness": -8.455, "mode": 0, "speechiness": 0.0361, "acousticness": 0.316, "instrumentalness": 0.763, "liveness": 0.0681, "valence": 0.377, "tempo": 123.993, "duration_ms": 342053, "time_signature": 4}, {"uri": "spotify:track:6uoAE0LHNKqNsL6Jk6uwUV", "name": "Taurus", "artist": "Jacques Greene", "popularity": 2, "danceability": 0.594, "energy": 0.87, "key": 9, "loudness": -6.36, "mode": 0, "speechiness": 0.042, "acousticness": 0.0869, "instrumentalness": 0.865, "liveness": 0.119, "valence": 0.161, "tempo": 132.03, "duration_ms": 282091, "time_signature": 4}, {"uri": "spotify:track:3Y8T9RXnsJFjz9OgieBnyP", "name": "Joy Squad", "artist": "Koreless", "popularity": 41, "danceability": 0.306, "energy": 0.505, "key": 0, "loudness": -7.348, "mode": 1, "speechiness": 0.0407, "acousticness": 0.0213, "instrumentalness": 0.825, "liveness": 0.112, "valence": 0.0692, "tempo": 81.921, "duration_ms": 271947, "time_signature": 5}, {"uri": "spotify:track:4jlg3sAomqzv3h0ccndkfa", "name": "Lost In Cyberspace", "artist": "Downhill2k01", "popularity": 28, "danceability": 0.593, "energy": 0.918, "key": 7, "loudness": -9.536, "mode": 0, "speechiness": 0.0643, "acousticness": 0.493, "instrumentalness": 0.794, "liveness": 0.23, "valence": 0.42, "tempo": 139.999, "duration_ms": 69429, "time_signature": 5}, {"uri": "spotify:track:3yIKczp0CRsnGtK7P0e5R6", "name": "For your safety", "artist": "VTSS", "popularity": 42, "danceability": 0.533, "energy": 0.887, "key": 1, "loudness": -9.483, "mode": 1, "speechiness": 0.116, "acousticness": 3.65e-05, "instrumentalness": 0.921, "liveness": 0.0728, "valence": 0.718, "tempo": 123.756, "duration_ms": 153129, "time_signature": 3}, {"uri": "spotify:track:0WSIufID4rzjlJaBneODBc", "name": "STARS", "artist": "Sunsick", "popularity": 19, "danceability": 0.687, "energy": 0.431, "key": 7, "loudness": -14.583, "mode": 1, "speechiness": 0.0509, "acousticness": 0.00142, "instrumentalness": 0.0493, "liveness": 0.409, "valence": 0.546, "tempo": 111.969, "duration_ms": 188803, "time_signature": 3}, {"uri": "spotify:track:5K9tfeoiztw94dyWzF39jq", "name": "moment", "artist": "Vierre Cloud", "popularity": 81, "danceability": 0.544, "energy": 0.855, "key": 6, "loudness": -7.461, "mode": 1, "speechiness": 0.093, "acousticness": 0.0426, "instrumentalness": 0.157, "liveness": 0.167, "valence": 0.517, "tempo": 171.349, "duration_ms": 129543, "time_signature": 4}, {"uri": "spotify:track:2aUqSrIw15sfRdMwjQaRg2", "name": "Wedbecutetoget-her", "artist": "o0o", "popularity": 46, "danceability": 0.413, "energy": 0.669, "key": 11, "loudness": -3.83, "mode": 0, "speechiness": 0.0475, "acousticness": 0.0225, "instrumentalness": 0.0037, "liveness": 0.0505, "valence": 0.483, "tempo": 111.111, "duration_ms": 219037, "time_signature": 5}, {"uri": "spotify:track:0Km1rOj3tEaZKGjIbHDfd0", "name": "TEMPERATE", "artist": "Sunsick", "popularity": 20, "danceability": 0.695, "energy": 0.501, "key": 1, "loudness": -12.967, "mode": 0, "speechiness": 0.102, "acousticness": 0.0248, "instrumentalness": 0.465, "liveness": 0.101, "valence": 0.261, "tempo": 121.951, "duration_ms": 259000, "time_signature": 4}, {"uri": "spotify:track:2HzRf22923yy1kTNNuE7kC", "name": "Rhino", "artist": "Bullion", "popularity": 1, "danceability": 0.873, "energy": 0.652, "key": 0, "loudness": -9.885, "mode": 1, "speechiness": 0.128, "acousticness": 0.0266, "instrumentalness": 0.647, "liveness": 0.0852, "valence": 0.585, "tempo": 112.902, "duration_ms": 183500, "time_signature": 4}, {"uri": "spotify:track:2aaEMU2r1cZxD5Yw9wH3rg", "name": "Re-Wild (Breaka Remix)", "artist": "Kelly Lee Owens", "popularity": 1, "danceability": 0.619, "energy": 0.851, "key": 1, "loudness": -8.573, "mode": 0, "speechiness": 0.0441, "acousticness": 0.024, "instrumentalness": 0.793, "liveness": 0.297, "valence": 0.348, "tempo": 128.983, "duration_ms": 316304, "time_signature": 4}, {"uri": "spotify:track:1aIModmKDbvX4xJqBFgQv8", "name": "Cuarzo", "artist": "Syntrovert", "popularity": 22, "danceability": 0.777, "energy": 0.78, "key": 8, "loudness": -6.687, "mode": 1, "speechiness": 0.105, "acousticness": 0.29, "instrumentalness": 0.894, "liveness": 0.0705, "valence": 0.153, "tempo": 103.025, "duration_ms": 215281, "time_signature": 4}, {"uri": "spotify:track:1Ef4AmovzJ5RhoUOqj1iZn", "name": "Slice of Life", "artist": "usr/friendly", "popularity": 19, "danceability": 0.675, "energy": 0.411, "key": 7, "loudness": -12.6, "mode": 1, "speechiness": 0.0434, "acousticness": 0.00835, "instrumentalness": 0.323, "liveness": 0.0751, "valence": 0.436, "tempo": 129.998, "duration_ms": 199667, "time_signature": 4}, {"uri": "spotify:track:5VVM5EX9i5rDvbyHHogoYb", "name": "A Nambra", "artist": "Mong Tong", "popularity": 37, "danceability": 0.631, "energy": 0.888, "key": 1, "loudness": -10.037, "mode": 1, "speechiness": 0.19, "acousticness": 0.00328, "instrumentalness": 0.478, "liveness": 0.111, "valence": 0.708, "tempo": 117.017, "duration_ms": 330500, "time_signature": 4}, {"uri": "spotify:track:1BmsXPYs9cJ7jiCywPfPjF", "name": "XO 4 - Wolf 1061c", "artist": "GCOM", "popularity": 12, "danceability": 0.399, "energy": 0.823, "key": 8, "loudness": -9.336, "mode": 1, "speechiness": 0.186, "acousticness": 0.0109, "instrumentalness": 0.693, "liveness": 0.134, "valence": 0.0398, "tempo": 110.903, "duration_ms": 475966, "time_signature": 5}, {"uri": "spotify:track:4RePVG6qQVvl2nIyPrhtYx", "name": "Stirling Bridge - DJ Dairy & DJ Orient (black midi) Remix", "artist": "Battles", "popularity": 34, "danceability": 0.522, "energy": 0.666, "key": 10, "loudness": -12.842, "mode": 0, "speechiness": 0.0421, "acousticness": 0.000251, "instrumentalness": 0.746, "liveness": 0.271, "valence": 0.104, "tempo": 144.989, "duration_ms": 317772, "time_signature": 4}, {"uri": "spotify:track:37Uy4OBd93yP89ZhCj5je2", "name": "Sweat Sonic", "artist": "Closet Yi", "popularity": 35, "danceability": 0.715, "energy": 0.871, "key": 0, "loudness": -8.591, "mode": 1, "speechiness": 0.0572, "acousticness": 0.0137, "instrumentalness": 0.84, "liveness": 0.0863, "valence": 0.588, "tempo": 132.008, "duration_ms": 382488, "time_signature": 4}, {"uri": "spotify:track:4Wd3WrBPJrNVLlszaIT6T1", "name": "See The Stars", "artist": "Nolan", "popularity": 36, "danceability": 0.707, "energy": 0.923, "key": 1, "loudness": -8.341, "mode": 1, "speechiness": 0.0428, "acousticness": 0.00227, "instrumentalness": 0.868, "liveness": 0.17, "valence": 0.21, "tempo": 126.026, "duration_ms": 281698, "time_signature": 4}, {"uri": "spotify:track:0g0qLH5j3rPgmlkBik4E12", "name": "Aubades", "artist": "rAHHH", "popularity": 42, "danceability": 0.825, "energy": 0.84, "key": 2, "loudness": -7.042, "mode": 1, "speechiness": 0.0506, "acousticness": 0.801, "instrumentalness": 0.949, "liveness": 0.102, "valence": 0.804, "tempo": 127.004, "duration_ms": 220213, "time_signature": 4}, {"uri": "spotify:track:56wgd67KYDVpw9yAjxBv69", "name": "Balani", "artist": "Chlo\u00e9 (Th\u00e9venin)", "popularity": 26, "danceability": 0.37, "energy": 0.728, "key": 1, "loudness": -10.715, "mode": 1, "speechiness": 0.0504, "acousticness": 0.0288, "instrumentalness": 0.907, "liveness": 0.0867, "valence": 0.158, "tempo": 132.036, "duration_ms": 344120, "time_signature": 4}, {"uri": "spotify:track:1W5uQX7z1bnsgIW4zSPD4a", "name": "Otomo", "artist": "Bonobo", "popularity": 53, "danceability": 0.664, "energy": 0.836, "key": 4, "loudness": -8.937, "mode": 0, "speechiness": 0.0416, "acousticness": 0.00411, "instrumentalness": 0.86, "liveness": 0.115, "valence": 0.0395, "tempo": 126.004, "duration_ms": 371520, "time_signature": 4}, {"uri": "spotify:track:2wgzsoj3DbQF3EHJ9FJ3TO", "name": "Formula Paraiso", "artist": "Reykjavik606", "popularity": 33, "danceability": 0.797, "energy": 0.979, "key": 5, "loudness": -4.774, "mode": 0, "speechiness": 0.0585, "acousticness": 0.297, "instrumentalness": 0.9, "liveness": 0.119, "valence": 0.88, "tempo": 149.955, "duration_ms": 393278, "time_signature": 4}, {"uri": "spotify:track:2OAPybo0X5gpwyMAEnkJFA", "name": "Talaria", "artist": "Scuba", "popularity": 18, "danceability": 0.569, "energy": 0.943, "key": 2, "loudness": -7.527, "mode": 0, "speechiness": 0.0466, "acousticness": 0.0231, "instrumentalness": 0.937, "liveness": 0.297, "valence": 0.0833, "tempo": 127.024, "duration_ms": 315977, "time_signature": 4}, {"uri": "spotify:track:7zJe81f6l3pHwpUGSQj3HY", "name": "Kreuzung", "artist": "Sam Prekop", "popularity": 36, "danceability": 0.529, "energy": 0.509, "key": 7, "loudness": -16.646, "mode": 0, "speechiness": 0.0319, "acousticness": 0.701, "instrumentalness": 0.917, "liveness": 0.0864, "valence": 0.257, "tempo": 113.625, "duration_ms": 356667, "time_signature": 5}, {"uri": "spotify:track:3aPEt4Efx0NYzhbSXtX4LD", "name": "Silent Talking - French II Remix", "artist": "Bing", "popularity": 3, "danceability": 0.776, "energy": 0.548, "key": 0, "loudness": -7.528, "mode": 1, "speechiness": 0.118, "acousticness": 0.0208, "instrumentalness": 0.901, "liveness": 0.124, "valence": 0.45, "tempo": 137.03, "duration_ms": 284000, "time_signature": 4}, {"uri": "spotify:track:5umBsHgpB2WsRA9ccQZGdz", "name": "Siren", "artist": "Tourist", "popularity": 44, "danceability": 0.34, "energy": 0.7, "key": 1, "loudness": -7.998, "mode": 1, "speechiness": 0.0446, "acousticness": 0.0741, "instrumentalness": 0.892, "liveness": 0.103, "valence": 0.0388, "tempo": 127.704, "duration_ms": 382768, "time_signature": 4}, {"uri": "spotify:track:2qNqhFlOdwEA5OMheOrome", "name": "Prometheus", "artist": "Tenderlonious", "popularity": 0, "danceability": 0.289, "energy": 0.655, "key": 2, "loudness": -10.489, "mode": 0, "speechiness": 0.0862, "acousticness": 0.0481, "instrumentalness": 0.0239, "liveness": 0.169, "valence": 0.204, "tempo": 175.571, "duration_ms": 287373, "time_signature": 5}, {"uri": "spotify:track:5yKlkKJ1gtIHuzSSP4TdLt", "name": "Kabeljau", "artist": "LNS", "popularity": 0, "danceability": 0.793, "energy": 0.812, "key": 1, "loudness": -8.091, "mode": 1, "speechiness": 0.0393, "acousticness": 0.00109, "instrumentalness": 0.801, "liveness": 0.0941, "valence": 0.406, "tempo": 134.005, "duration_ms": 261469, "time_signature": 4}, {"uri": "spotify:track:1Ic1HKNFUzgomJECOGpg1X", "name": "Gripper", "artist": "Robin Ball", "popularity": 29, "danceability": 0.715, "energy": 0.991, "key": 0, "loudness": -6.3, "mode": 1, "speechiness": 0.0531, "acousticness": 0.114, "instrumentalness": 0.934, "liveness": 0.0317, "valence": 0.82, "tempo": 126.004, "duration_ms": 462402, "time_signature": 4}, {"uri": "spotify:track:3hnaQzwgcPZTAjkgdzxdOc", "name": "Space 3", "artist": "Nala Sinephro", "popularity": 36, "danceability": 0.323, "energy": 0.492, "key": 3, "loudness": -15.582, "mode": 0, "speechiness": 0.224, "acousticness": 0.599, "instrumentalness": 0.527, "liveness": 0.132, "valence": 0.495, "tempo": 177.954, "duration_ms": 75000, "time_signature": 4}, {"uri": "spotify:track:5t511Yx5GtAlRLAJF9Lhxa", "name": "Doing The Beeston Bump", "artist": "Leafcutter John", "popularity": 0, "danceability": 0.667, "energy": 0.859, "key": 0, "loudness": -10.766, "mode": 1, "speechiness": 0.586, "acousticness": 0.818, "instrumentalness": 0.125, "liveness": 0.729, "valence": 0.599, "tempo": 164.007, "duration_ms": 400160, "time_signature": 4}, {"uri": "spotify:track:7HvgoiRoatsXHBdWs6KOMV", "name": "Downlink", "artist": "Patricia", "popularity": 0, "danceability": 0.711, "energy": 0.698, "key": 1, "loudness": -6.444, "mode": 1, "speechiness": 0.0582, "acousticness": 0.000813, "instrumentalness": 0.848, "liveness": 0.0836, "valence": 0.305, "tempo": 145.019, "duration_ms": 350729, "time_signature": 4}, {"uri": "spotify:track:4cn8oie7fH8IP8QU39vlp4", "name": "In Her Wilderness Is My Shelter", "artist": "Innere Tueren", "popularity": 31, "danceability": 0.289, "energy": 0.926, "key": 9, "loudness": -10.759, "mode": 0, "speechiness": 0.0898, "acousticness": 0.0206, "instrumentalness": 0.877, "liveness": 0.362, "valence": 0.319, "tempo": 120.0, "duration_ms": 168539, "time_signature": 4}, {"uri": "spotify:track:6j79YyfQV1ZNiQ3Ywqhrhi", "name": "Black Rainbow", "artist": "Koreless", "popularity": 43, "danceability": 0.437, "energy": 0.601, "key": 10, "loudness": -8.632, "mode": 0, "speechiness": 0.044, "acousticness": 0.0311, "instrumentalness": 0.765, "liveness": 0.0914, "valence": 0.0557, "tempo": 120.862, "duration_ms": 272867, "time_signature": 4}, {"uri": "spotify:track:3ozTuV7dLNXQdfPwFXLVB8", "name": "Frequency FM", "artist": "Midland", "popularity": 11, "danceability": 0.668, "energy": 0.779, "key": 0, "loudness": -11.268, "mode": 1, "speechiness": 0.0586, "acousticness": 0.00168, "instrumentalness": 0.895, "liveness": 0.0753, "valence": 0.307, "tempo": 90.006, "duration_ms": 318040, "time_signature": 4}, {"uri": "spotify:track:7y8FyoBIwkxSyfpIIcXYn8", "name": "Head Above The Parakeets", "artist": "HAAi", "popularity": 35, "danceability": 0.44, "energy": 0.632, "key": 10, "loudness": -11.475, "mode": 0, "speechiness": 0.0382, "acousticness": 0.00381, "instrumentalness": 0.233, "liveness": 0.352, "valence": 0.0396, "tempo": 139.999, "duration_ms": 436052, "time_signature": 4}, {"uri": "spotify:track:05kGKBMBFTpccppj8GdTHH", "name": "Perpetual Motion", "artist": "Max Cooper", "popularity": 38, "danceability": 0.717, "energy": 0.621, "key": 11, "loudness": -11.855, "mode": 1, "speechiness": 0.0536, "acousticness": 0.675, "instrumentalness": 0.926, "liveness": 0.111, "valence": 0.224, "tempo": 118.977, "duration_ms": 298987, "time_signature": 4}, {"uri": "spotify:track:4PlMwTtwkL0J19Tt6DdBvs", "name": "Park Line", "artist": "Sam Prekop", "popularity": 33, "danceability": 0.523, "energy": 0.726, "key": 4, "loudness": -15.304, "mode": 1, "speechiness": 0.048, "acousticness": 0.598, "instrumentalness": 0.877, "liveness": 0.0567, "valence": 0.0344, "tempo": 120.99, "duration_ms": 311783, "time_signature": 4}, {"uri": "spotify:track:71eqYnqbepL5GssxWZjXK2", "name": "onesix-four", "artist": "Superstructure", "popularity": 1, "danceability": 0.412, "energy": 0.877, "key": 10, "loudness": -7.02, "mode": 0, "speechiness": 0.0348, "acousticness": 0.0006, "instrumentalness": 0.85, "liveness": 0.111, "valence": 0.194, "tempo": 165.015, "duration_ms": 241509, "time_signature": 4}, {"uri": "spotify:track:3M8CoZcFebNLowVqgYuahA", "name": "DKD", "artist": "Club Winston", "popularity": 30, "danceability": 0.745, "energy": 0.86, "key": 0, "loudness": -10.212, "mode": 1, "speechiness": 0.0558, "acousticness": 0.171, "instrumentalness": 0.756, "liveness": 0.102, "valence": 0.448, "tempo": 120.004, "duration_ms": 320200, "time_signature": 4}, {"uri": "spotify:track:1KRNinMZ37zFITv0i1nqOR", "name": "Canone Infinito", "artist": "Lorenzo Senni", "popularity": 31, "danceability": 0.632, "energy": 0.292, "key": 6, "loudness": -12.5, "mode": 1, "speechiness": 0.034, "acousticness": 0.827, "instrumentalness": 0.903, "liveness": 0.077, "valence": 0.257, "tempo": 135.965, "duration_ms": 299413, "time_signature": 4}, {"uri": "spotify:track:5E2gMJ9KAbaVAscQ20N7Xk", "name": "Inlove2 - Edit", "artist": "Lone", "popularity": 36, "danceability": 0.591, "energy": 0.877, "key": 1, "loudness": -11.774, "mode": 1, "speechiness": 0.0635, "acousticness": 0.00705, "instrumentalness": 0.76, "liveness": 0.144, "valence": 0.0954, "tempo": 109.998, "duration_ms": 246159, "time_signature": 4}, {"uri": "spotify:track:3MOhipHFUkGpS0rV7cKrJO", "name": "Rosewood", "artist": "Bonobo", "popularity": 64, "danceability": 0.757, "energy": 0.637, "key": 10, "loudness": -9.451, "mode": 0, "speechiness": 0.0432, "acousticness": 0.0668, "instrumentalness": 0.485, "liveness": 0.191, "valence": 0.429, "tempo": 121.009, "duration_ms": 242773, "time_signature": 4}, {"uri": "spotify:track:1PegwUCHFmpuV81dXMt3nh", "name": "Outer Sunset", "artist": "Tycho", "popularity": 32, "danceability": 0.716, "energy": 0.695, "key": 8, "loudness": -11.146, "mode": 1, "speechiness": 0.0449, "acousticness": 0.514, "instrumentalness": 0.916, "liveness": 0.0933, "valence": 0.693, "tempo": 96.994, "duration_ms": 250384, "time_signature": 4}, {"uri": "spotify:track:3ZNoKpRGsNc2xK7yPbg5aI", "name": "Promise You'll Haunt Me", "artist": "Auscultation", "popularity": 36, "danceability": 0.28, "energy": 0.735, "key": 2, "loudness": -7.613, "mode": 0, "speechiness": 0.0615, "acousticness": 0.0931, "instrumentalness": 0.73, "liveness": 0.185, "valence": 0.0752, "tempo": 108.815, "duration_ms": 393718, "time_signature": 4}, {"uri": "spotify:track:41Ff5UlYl58MBR4hpLSHSl", "name": "The Accident", "artist": "Eli Keszler", "popularity": 32, "danceability": 0.484, "energy": 0.446, "key": 0, "loudness": -15.34, "mode": 0, "speechiness": 0.0557, "acousticness": 0.306, "instrumentalness": 0.873, "liveness": 0.118, "valence": 0.383, "tempo": 83.559, "duration_ms": 276902, "time_signature": 4}, {"uri": "spotify:track:3dIT6C8CZ9ojEwIRgjhJAS", "name": "Ecstacy Is On Maple Mountain", "artist": "Nathan Micay", "popularity": 0, "danceability": 0.662, "energy": 0.805, "key": 7, "loudness": -7.638, "mode": 1, "speechiness": 0.0594, "acousticness": 0.00174, "instrumentalness": 0.75, "liveness": 0.0426, "valence": 0.313, "tempo": 125.96, "duration_ms": 338624, "time_signature": 4}, {"uri": "spotify:track:4jfmpxZgW0ci3DcL7mzfsr", "name": "Kagen Sound", "artist": "Luke Abbott", "popularity": 30, "danceability": 0.58, "energy": 0.475, "key": 6, "loudness": -14.303, "mode": 1, "speechiness": 0.0374, "acousticness": 0.104, "instrumentalness": 0.81, "liveness": 0.108, "valence": 0.0365, "tempo": 93.977, "duration_ms": 187190, "time_signature": 4}, {"uri": "spotify:track:6UdhadB8RTc9cVGIljWdqv", "name": "Vibrations on a String", "artist": "Rival Consoles", "popularity": 45, "danceability": 0.534, "energy": 0.674, "key": 1, "loudness": -13.005, "mode": 0, "speechiness": 0.04, "acousticness": 0.0439, "instrumentalness": 0.858, "liveness": 0.319, "valence": 0.0333, "tempo": 120.028, "duration_ms": 369660, "time_signature": 4}, {"uri": "spotify:track:61PfhJNup3uF1msSd1US69", "name": "BUD", "artist": "Mark Guiliana", "popularity": 26, "danceability": 0.577, "energy": 0.642, "key": 3, "loudness": -10.983, "mode": 1, "speechiness": 0.0363, "acousticness": 0.00406, "instrumentalness": 0.883, "liveness": 0.292, "valence": 0.554, "tempo": 122.019, "duration_ms": 236625, "time_signature": 4}, {"uri": "spotify:track:6VYdWPZhc0REy7tFEx837E", "name": "Fractured", "artist": "G\u00e1bor L\u00e1z\u00e1r", "popularity": 0, "danceability": 0.514, "energy": 0.48, "key": 11, "loudness": -11.197, "mode": 1, "speechiness": 0.11, "acousticness": 0.00375, "instrumentalness": 0.764, "liveness": 0.0696, "valence": 0.388, "tempo": 138.077, "duration_ms": 267261, "time_signature": 4}, {"uri": "spotify:track:6IgxlOpJ1o16NqJtNQwAUo", "name": "Every Day the Sun Comes Up", "artist": "DJ Counselling", "popularity": 49, "danceability": 0.588, "energy": 0.782, "key": 7, "loudness": -10.453, "mode": 1, "speechiness": 0.0378, "acousticness": 0.042, "instrumentalness": 0.898, "liveness": 0.111, "valence": 0.127, "tempo": 121.996, "duration_ms": 316195, "time_signature": 4}, {"uri": "spotify:track:12RJmMBPv5onWiQosLJ6ZI", "name": "Persuasion System", "artist": "Com Truise", "popularity": 2, "danceability": 0.549, "energy": 0.776, "key": 1, "loudness": -10.129, "mode": 1, "speechiness": 0.0372, "acousticness": 0.0335, "instrumentalness": 0.0209, "liveness": 0.21, "valence": 0.111, "tempo": 146.975, "duration_ms": 229277, "time_signature": 4}, {"uri": "spotify:track:6tm4eaSUb0ImFULTxkiJGW", "name": "Easy", "artist": "Tycho", "popularity": 31, "danceability": 0.612, "energy": 0.629, "key": 5, "loudness": -15.219, "mode": 0, "speechiness": 0.0355, "acousticness": 0.339, "instrumentalness": 0.946, "liveness": 0.153, "valence": 0.208, "tempo": 120.061, "duration_ms": 207002, "time_signature": 4}, {"uri": "spotify:track:18Y9Nx6jzGCyO70IJMNIZU", "name": "The Sun Made For A Soft Landing", "artist": "HAAi", "popularity": 42, "danceability": 0.527, "energy": 0.963, "key": 11, "loudness": -6.158, "mode": 0, "speechiness": 0.106, "acousticness": 0.0426, "instrumentalness": 0.932, "liveness": 0.0656, "valence": 0.0945, "tempo": 126.995, "duration_ms": 270003, "time_signature": 4}, {"uri": "spotify:track:1ZeDNZoKgEOTRmTTg1zQd4", "name": "Parallel 4", "artist": "Four Tet", "popularity": 46, "danceability": 0.735, "energy": 0.668, "key": 1, "loudness": -10.52, "mode": 1, "speechiness": 0.0514, "acousticness": 0.0227, "instrumentalness": 0.668, "liveness": 0.0647, "valence": 0.517, "tempo": 125.747, "duration_ms": 287913, "time_signature": 4}, {"uri": "spotify:track:4nLYuqQrjVZu6zVNqmsTfI", "name": "Trains & Airports", "artist": "Sofia Kourtesis", "popularity": 30, "danceability": 0.619, "energy": 0.883, "key": 6, "loudness": -10.142, "mode": 1, "speechiness": 0.0413, "acousticness": 0.0195, "instrumentalness": 0.908, "liveness": 0.197, "valence": 0.294, "tempo": 124.004, "duration_ms": 398232, "time_signature": 4}, {"uri": "spotify:track:1jRdRoJqx2s6v4T5VZM41C", "name": "Cin\u00e9tique - Edit", "artist": "Jinj\u00e9", "popularity": 35, "danceability": 0.714, "energy": 0.82, "key": 1, "loudness": -8.81, "mode": 1, "speechiness": 0.0613, "acousticness": 0.00305, "instrumentalness": 0.835, "liveness": 0.248, "valence": 0.592, "tempo": 136.019, "duration_ms": 240000, "time_signature": 4}, {"uri": "spotify:track:2asSx7tDOvL5vPhkejibr8", "name": "Arse End Of The Moon", "artist": "Special Request", "popularity": 0, "danceability": 0.53, "energy": 0.642, "key": 4, "loudness": -7.074, "mode": 0, "speechiness": 0.0303, "acousticness": 0.192, "instrumentalness": 0.93, "liveness": 0.132, "valence": 0.387, "tempo": 126.425, "duration_ms": 420113, "time_signature": 4}, {"uri": "spotify:track:0q7N2mxBIDrv1ol2y1Sa2F", "name": "Rockledge 3A", "artist": "Datach'i", "popularity": 29, "danceability": 0.645, "energy": 0.715, "key": 1, "loudness": -7.64, "mode": 1, "speechiness": 0.271, "acousticness": 0.144, "instrumentalness": 0.862, "liveness": 0.105, "valence": 0.508, "tempo": 123.959, "duration_ms": 276600, "time_signature": 4}, {"uri": "spotify:track:7CAAUNako7iZChpFkBJj8B", "name": "Andar Y Volar", "artist": "Natureboy Flako", "popularity": 34, "danceability": 0.785, "energy": 0.672, "key": 10, "loudness": -10.722, "mode": 0, "speechiness": 0.0859, "acousticness": 0.0514, "instrumentalness": 0.869, "liveness": 0.133, "valence": 0.256, "tempo": 148.131, "duration_ms": 209455, "time_signature": 4}, {"uri": "spotify:track:5mzw1OaU80w3IisoXr1Lp7", "name": "XYZ - Peel Session", "artist": "Boards of Canada", "popularity": 34, "danceability": 0.345, "energy": 0.693, "key": 11, "loudness": -14.081, "mode": 1, "speechiness": 0.0777, "acousticness": 0.338, "instrumentalness": 0.897, "liveness": 0.114, "valence": 0.033, "tempo": 157.988, "duration_ms": 483738, "time_signature": 4}, {"uri": "spotify:track:7q4kf5pGKXWT3HShalid99", "name": "Full Panther", "artist": "Amon Tobin", "popularity": 0, "danceability": 0.882, "energy": 0.169, "key": 2, "loudness": -15.157, "mode": 1, "speechiness": 0.106, "acousticness": 0.962, "instrumentalness": 0.809, "liveness": 0.102, "valence": 0.526, "tempo": 109.34, "duration_ms": 203255, "time_signature": 4}, {"uri": "spotify:track:4npxPQ7jYsO9RL6aN9EDjl", "name": "Goddess Calling", "artist": "Octo Octa", "popularity": 38, "danceability": 0.627, "energy": 0.84, "key": 6, "loudness": -8.343, "mode": 1, "speechiness": 0.0498, "acousticness": 0.00106, "instrumentalness": 0.681, "liveness": 0.0936, "valence": 0.414, "tempo": 126.002, "duration_ms": 460448, "time_signature": 4}, {"uri": "spotify:track:6GNXHie8d6aN0rxFMnj2tx", "name": "Look How Hard I've Tried", "artist": "Barker", "popularity": 36, "danceability": 0.714, "energy": 0.98, "key": 7, "loudness": -9.25, "mode": 0, "speechiness": 0.0469, "acousticness": 0.581, "instrumentalness": 0.766, "liveness": 0.0905, "valence": 0.905, "tempo": 89.99, "duration_ms": 316754, "time_signature": 5}, {"uri": "spotify:track:4DGStMzbYCCuNy5GoPfUCC", "name": "Warm Electronics Box", "artist": "RX-101", "popularity": 31, "danceability": 0.608, "energy": 0.413, "key": 11, "loudness": -15.681, "mode": 1, "speechiness": 0.0474, "acousticness": 0.0317, "instrumentalness": 0.923, "liveness": 0.0909, "valence": 0.352, "tempo": 129.603, "duration_ms": 349576, "time_signature": 4}, {"uri": "spotify:track:2u5SDqMeGdaij0DT5nGrz5", "name": "Escape Pod", "artist": "\u0442\u043f\u0441\u0431", "popularity": 32, "danceability": 0.665, "energy": 0.795, "key": 1, "loudness": -10.984, "mode": 1, "speechiness": 0.0501, "acousticness": 0.00871, "instrumentalness": 0.856, "liveness": 0.0981, "valence": 0.327, "tempo": 123.989, "duration_ms": 551066, "time_signature": 4}, {"uri": "spotify:track:4TUYrm2JRTV5dCOjKFSz8f", "name": "When", "artist": "Blake Skowron", "popularity": 33, "danceability": 0.809, "energy": 0.465, "key": 8, "loudness": -4.7, "mode": 1, "speechiness": 0.0851, "acousticness": 0.628, "instrumentalness": 0.171, "liveness": 0.0902, "valence": 0.333, "tempo": 98.154, "duration_ms": 176939, "time_signature": 4}, {"uri": "spotify:track:4TnxczEii2UiuGl1MUFgwv", "name": "Infinite Future", "artist": "Daniel Avery", "popularity": 32, "danceability": 0.457, "energy": 0.701, "key": 2, "loudness": -14.434, "mode": 1, "speechiness": 0.0388, "acousticness": 3.33e-05, "instrumentalness": 0.939, "liveness": 0.104, "valence": 0.505, "tempo": 147.991, "duration_ms": 404843, "time_signature": 4}, {"uri": "spotify:track:4jDp8yN8oBkmLRbhbQMqlJ", "name": "Echo Paths", "artist": "Lone", "popularity": 41, "danceability": 0.36, "energy": 0.749, "key": 10, "loudness": -9.376, "mode": 1, "speechiness": 0.0584, "acousticness": 0.614, "instrumentalness": 0.941, "liveness": 0.916, "valence": 0.14, "tempo": 81.014, "duration_ms": 312680, "time_signature": 4}, {"uri": "spotify:track:6xan1MjlzLAtVosllpvCjA", "name": "Blooms", "artist": "Sau Poler", "popularity": 36, "danceability": 0.795, "energy": 0.802, "key": 2, "loudness": -8.27, "mode": 1, "speechiness": 0.0529, "acousticness": 0.00346, "instrumentalness": 0.929, "liveness": 0.0888, "valence": 0.0563, "tempo": 107.004, "duration_ms": 346480, "time_signature": 4}, {"uri": "spotify:track:3Cxn93PO2AsL93ZnB9qHg8", "name": "Anasickmodular", "artist": "Floating Points", "popularity": 30, "danceability": 0.667, "energy": 0.567, "key": 1, "loudness": -11.629, "mode": 1, "speechiness": 0.044, "acousticness": 0.0154, "instrumentalness": 0.945, "liveness": 0.118, "valence": 0.338, "tempo": 139.088, "duration_ms": 192080, "time_signature": 4}, {"uri": "spotify:track:6XU1Alhsjuo1UC9ezgkeVw", "name": "Amethblowl", "artist": "John Frusciante", "popularity": 27, "danceability": 0.444, "energy": 0.84, "key": 10, "loudness": -8.559, "mode": 0, "speechiness": 0.133, "acousticness": 0.012, "instrumentalness": 0.833, "liveness": 0.0971, "valence": 0.351, "tempo": 170.968, "duration_ms": 279653, "time_signature": 4}, {"uri": "spotify:track:0fjYD3Tx5XHuI4yfCjhUfU", "name": "Fantas", "artist": "Caterina Barbieri", "popularity": 37, "danceability": 0.142, "energy": 0.709, "key": 7, "loudness": -7.329, "mode": 0, "speechiness": 0.0355, "acousticness": 0.274, "instrumentalness": 0.892, "liveness": 0.0903, "valence": 0.208, "tempo": 196.34, "duration_ms": 631607, "time_signature": 4}, {"uri": "spotify:track:5wHwkOh0OSD1jTuCU0vbON", "name": "Krautzig", "artist": "Mouse On Mars", "popularity": 31, "danceability": 0.35, "energy": 0.897, "key": 6, "loudness": -11.06, "mode": 1, "speechiness": 0.0609, "acousticness": 0.068, "instrumentalness": 0.82, "liveness": 0.192, "valence": 0.546, "tempo": 131.995, "duration_ms": 247380, "time_signature": 3}, {"uri": "spotify:track:0WMa0q6v76ctwdjI6Ph0ZG", "name": "Marzipan Leftlovers (Ignazz Remix)", "artist": "Brainwaltzera", "popularity": 29, "danceability": 0.808, "energy": 0.625, "key": 10, "loudness": -9.935, "mode": 1, "speechiness": 0.0555, "acousticness": 0.0172, "instrumentalness": 0.866, "liveness": 0.354, "valence": 0.774, "tempo": 123.991, "duration_ms": 258879, "time_signature": 4}, {"uri": "spotify:track:5UP4NXyJJkTz7oyOx2CUii", "name": "Licidana", "artist": "Apparat", "popularity": 24, "danceability": 0.323, "energy": 0.467, "key": 7, "loudness": -17.17, "mode": 0, "speechiness": 0.0806, "acousticness": 0.964, "instrumentalness": 0.933, "liveness": 0.117, "valence": 0.382, "tempo": 154.4, "duration_ms": 195317, "time_signature": 3}, {"uri": "spotify:track:2gs3ytLZiqjY5xki3bAFLM", "name": "Lone Swordsman", "artist": "Daniel Avery", "popularity": 51, "danceability": 0.575, "energy": 0.56, "key": 7, "loudness": -13.334, "mode": 1, "speechiness": 0.0375, "acousticness": 0.172, "instrumentalness": 0.886, "liveness": 0.128, "valence": 0.277, "tempo": 119.986, "duration_ms": 233500, "time_signature": 4}, {"uri": "spotify:track:5ZFslOkcftI1FCs88L99qn", "name": "Drip", "artist": "Lukid", "popularity": 28, "danceability": 0.718, "energy": 0.806, "key": 3, "loudness": -10.532, "mode": 0, "speechiness": 0.0656, "acousticness": 0.505, "instrumentalness": 0.244, "liveness": 0.168, "valence": 0.407, "tempo": 115.038, "duration_ms": 400985, "time_signature": 4}, {"uri": "spotify:track:0ovt7COFyFzCr0ooiLLJhK", "name": "Wastelands and Oases", "artist": "Avalon Emerson", "popularity": 0, "danceability": 0.688, "energy": 0.81, "key": 7, "loudness": -12.045, "mode": 1, "speechiness": 0.05, "acousticness": 0.0608, "instrumentalness": 0.874, "liveness": 0.0972, "valence": 0.471, "tempo": 112.659, "duration_ms": 259154, "time_signature": 4}, {"uri": "spotify:track:18pgIi3t5qFJpT8ymfEuQv", "name": "Involuntary Prophet", "artist": "The Shanghai Restoration Project", "popularity": 32, "danceability": 0.634, "energy": 0.908, "key": 6, "loudness": -6.678, "mode": 0, "speechiness": 0.0335, "acousticness": 0.0924, "instrumentalness": 0.782, "liveness": 0.0764, "valence": 0.66, "tempo": 112.002, "duration_ms": 383571, "time_signature": 4}, {"uri": "spotify:track:4WkxkJTKEgd7Ast3fiJ0g2", "name": "Nervelevers", "artist": "Squarepusher", "popularity": 31, "danceability": 0.473, "energy": 0.963, "key": 1, "loudness": -10.192, "mode": 1, "speechiness": 0.127, "acousticness": 0.000632, "instrumentalness": 0.819, "liveness": 0.155, "valence": 0.268, "tempo": 167.915, "duration_ms": 329306, "time_signature": 4}, {"uri": "spotify:track:7tukLYFGfh5osYc8uoqOmk", "name": "Weather the Storm", "artist": "Pye Corner Audio", "popularity": 0, "danceability": 0.672, "energy": 0.638, "key": 7, "loudness": -12.274, "mode": 1, "speechiness": 0.0509, "acousticness": 0.0928, "instrumentalness": 0.854, "liveness": 0.0983, "valence": 0.267, "tempo": 121.998, "duration_ms": 276001, "time_signature": 4}, {"uri": "spotify:track:5qCu4qgbfF0781HAYBNd2z", "name": "One Shy Morning", "artist": "Amon Tobin", "popularity": 0, "danceability": 0.189, "energy": 0.583, "key": 6, "loudness": -10.044, "mode": 1, "speechiness": 0.0462, "acousticness": 0.5, "instrumentalness": 0.14, "liveness": 0.0943, "valence": 0.0623, "tempo": 79.51, "duration_ms": 220557, "time_signature": 1}, {"uri": "spotify:track:2MMVTGW9F2phZYI0mKEOpz", "name": "Fragments", "artist": "Pick a Piper", "popularity": 37, "danceability": 0.32, "energy": 0.755, "key": 11, "loudness": -12.744, "mode": 0, "speechiness": 0.0561, "acousticness": 0.0419, "instrumentalness": 0.903, "liveness": 0.119, "valence": 0.428, "tempo": 109.978, "duration_ms": 337529, "time_signature": 4}, {"uri": "spotify:track:2Ou5kaMPS1GW0S06y584s3", "name": "Loba", "artist": "Quixosis", "popularity": 37, "danceability": 0.593, "energy": 0.554, "key": 6, "loudness": -13.774, "mode": 1, "speechiness": 0.0511, "acousticness": 0.302, "instrumentalness": 0.833, "liveness": 0.0893, "valence": 0.358, "tempo": 160.054, "duration_ms": 348000, "time_signature": 4}, {"uri": "spotify:track:6GXbnNDo2hHTMpXP3idbiM", "name": "HS", "artist": "Andr\u00e9 Bratten", "popularity": 0, "danceability": 0.792, "energy": 0.819, "key": 4, "loudness": -12.184, "mode": 0, "speechiness": 0.065, "acousticness": 0.00336, "instrumentalness": 0.926, "liveness": 0.0674, "valence": 0.374, "tempo": 129.998, "duration_ms": 291018, "time_signature": 4}, {"uri": "spotify:track:5BnLFmaAm7DqeXrZy1n8Jp", "name": "Stories", "artist": "Herzeloyde", "popularity": 0, "danceability": 0.735, "energy": 0.688, "key": 2, "loudness": -9.321, "mode": 1, "speechiness": 0.0824, "acousticness": 0.102, "instrumentalness": 0.274, "liveness": 0.0918, "valence": 0.386, "tempo": 136.161, "duration_ms": 197420, "time_signature": 4}, {"uri": "spotify:track:31nc249wHrOrgoxXOA0dmE", "name": "AMORE AMARO", "artist": "Alessandro Cortini", "popularity": 0, "danceability": 0.203, "energy": 0.0873, "key": 8, "loudness": -13.409, "mode": 1, "speechiness": 0.0402, "acousticness": 0.545, "instrumentalness": 0.9, "liveness": 0.114, "valence": 0.0357, "tempo": 99.982, "duration_ms": 302924, "time_signature": 5}, {"uri": "spotify:track:4KjlO4yts8Oe8slM4aeCBe", "name": "Los", "artist": "Plaid", "popularity": 30, "danceability": 0.687, "energy": 0.847, "key": 1, "loudness": -9.404, "mode": 0, "speechiness": 0.0676, "acousticness": 0.00779, "instrumentalness": 0.821, "liveness": 0.102, "valence": 0.227, "tempo": 192.019, "duration_ms": 290156, "time_signature": 3}, {"uri": "spotify:track:2GdD6s2xhZnbj1XmwHYXCW", "name": "Yelli", "artist": "K-Lone", "popularity": 28, "danceability": 0.808, "energy": 0.652, "key": 6, "loudness": -10.032, "mode": 0, "speechiness": 0.0488, "acousticness": 0.123, "instrumentalness": 0.58, "liveness": 0.0914, "valence": 0.752, "tempo": 115.0, "duration_ms": 423092, "time_signature": 3}, {"uri": "spotify:track:55CCxcBWmurfDqbrJfphD0", "name": "So", "artist": "Tourist", "popularity": 29, "danceability": 0.436, "energy": 0.675, "key": 0, "loudness": -9.321, "mode": 1, "speechiness": 0.0485, "acousticness": 0.136, "instrumentalness": 0.926, "liveness": 0.119, "valence": 0.0376, "tempo": 120.012, "duration_ms": 279502, "time_signature": 3}, {"uri": "spotify:track:2bfLkpwxog2kK4QeJf6I3T", "name": "Talk to Me", "artist": "autumn keys", "popularity": 29, "danceability": 0.557, "energy": 0.438, "key": 8, "loudness": -8.499, "mode": 0, "speechiness": 0.35, "acousticness": 0.575, "instrumentalness": 0.0354, "liveness": 0.0491, "valence": 0.108, "tempo": 135.789, "duration_ms": 222079, "time_signature": 4}, {"uri": "spotify:track:6TMn1lY9sR73UitbYD55bX", "name": "Eastman", "artist": "Move D", "popularity": 0, "danceability": 0.811, "energy": 0.744, "key": 4, "loudness": -8.838, "mode": 0, "speechiness": 0.0969, "acousticness": 0.0138, "instrumentalness": 0.153, "liveness": 0.0925, "valence": 0.363, "tempo": 126.196, "duration_ms": 391777, "time_signature": 4}, {"uri": "spotify:track:3fiy3JpgypzYRwWeVgSvcf", "name": "Maru - Skee Mask Remix", "artist": "Plaid", "popularity": 32, "danceability": 0.489, "energy": 0.838, "key": 7, "loudness": -8.591, "mode": 1, "speechiness": 0.0887, "acousticness": 0.0167, "instrumentalness": 0.903, "liveness": 0.165, "valence": 0.0396, "tempo": 178.414, "duration_ms": 382481, "time_signature": 4}, {"uri": "spotify:track:2Lpy9IYrfMlWjWkugU2gdJ", "name": "Central Airport", "artist": "Dayzero", "popularity": 31, "danceability": 0.535, "energy": 0.664, "key": 1, "loudness": -6.157, "mode": 1, "speechiness": 0.335, "acousticness": 0.175, "instrumentalness": 0.00236, "liveness": 0.11, "valence": 0.476, "tempo": 159.769, "duration_ms": 218786, "time_signature": 4}, {"uri": "spotify:track:0a0PxP0MTm9bsNOw7kdi7K", "name": "We", "artist": "The Soft Pink Truth", "popularity": 27, "danceability": 0.717, "energy": 0.367, "key": 0, "loudness": -8.818, "mode": 1, "speechiness": 0.033, "acousticness": 0.267, "instrumentalness": 0.917, "liveness": 0.111, "valence": 0.0498, "tempo": 125.99, "duration_ms": 329500, "time_signature": 4}, {"uri": "spotify:track:17YSGfgY3BizhPL8QDF1gg", "name": "Transactional Relationship", "artist": "Gold Panda", "popularity": 32, "danceability": 0.639, "energy": 0.731, "key": 1, "loudness": -12.468, "mode": 1, "speechiness": 0.0377, "acousticness": 0.00719, "instrumentalness": 0.482, "liveness": 0.204, "valence": 0.371, "tempo": 129.996, "duration_ms": 193535, "time_signature": 4}, {"uri": "spotify:track:59KTmXF4YBZnwLOJ1iFZ2u", "name": "Elephant Kiosk", "artist": "Icarus", "popularity": 26, "danceability": 0.593, "energy": 0.537, "key": 1, "loudness": -16.672, "mode": 1, "speechiness": 0.117, "acousticness": 0.00417, "instrumentalness": 0.602, "liveness": 0.0742, "valence": 0.547, "tempo": 175.074, "duration_ms": 370107, "time_signature": 4}, {"uri": "spotify:track:6VipQibtXdo7Dy3uuW981g", "name": "Clouds", "artist": "rAHHH", "popularity": 14, "danceability": 0.705, "energy": 0.596, "key": 4, "loudness": -6.281, "mode": 1, "speechiness": 0.053, "acousticness": 0.733, "instrumentalness": 0.886, "liveness": 0.351, "valence": 0.239, "tempo": 99.971, "duration_ms": 245371, "time_signature": 4}]