[{"uri": "spotify:track:5RgFlk1fcClZd0Y4SGYhqH", "name": "She's Always a Woman", "artist": "Billy Joel", "popularity": 73, "danceability": 0.292, "energy": 0.324, "key": 3, "loudness": -11.996, "mode": 1, "speechiness": 0.0346, "acousticness": 0.797, "instrumentalness": 0.000473, "liveness": 0.12, "valence": 0.384, "tempo": 176.631, "duration_ms": 201373, "time_signature": 3}, {"uri": "spotify:track:2TVxnKdb3tqe1nhQWwwZCO", "name": "Tiny Dancer", "artist": "Elton John", "popularity": 79, "danceability": 0.414, "energy": 0.428, "key": 0, "loudness": -11.097, "mode": 1, "speechiness": 0.0278, "acousticness": 0.382, "instrumentalness": 0.000243, "liveness": 0.148, "valence": 0.282, "tempo": 145.075, "duration_ms": 377093, "time_signature": 4}, {"uri": "spotify:track:5uyw6qVn71nKSBVyBl3Ytv", "name": "Right on Time", "artist": "Brandi Carlile", "popularity": 58, "danceability": 0.419, "energy": 0.269, "key": 7, "loudness": -9.388, "mode": 1, "speechiness": 0.0356, "acousticness": 0.626, "instrumentalness": 1.83e-05, "liveness": 0.116, "valence": 0.152, "tempo": 121.695, "duration_ms": 185228, "time_signature": 4}, {"uri": "spotify:track:28pCUugff10DEjOtU2kKSS", "name": "In My Life", "artist": "Diana Krall", "popularity": 39, "danceability": 0.374, "energy": 0.067, "key": 10, "loudness": -14.186, "mode": 1, "speechiness": 0.0358, "acousticness": 0.963, "instrumentalness": 1.01e-05, "liveness": 0.113, "valence": 0.295, "tempo": 145.31, "duration_ms": 231080, "time_signature": 3}, {"uri": "spotify:track:6l8EbYRtQMgKOyc1gcDHF9", "name": "Bridge Over Troubled Water", "artist": "Simon & Garfunkel", "popularity": 73, "danceability": 0.149, "energy": 0.206, "key": 3, "loudness": -13.888, "mode": 1, "speechiness": 0.0323, "acousticness": 0.822, "instrumentalness": 0.000649, "liveness": 0.115, "valence": 0.264, "tempo": 79.764, "duration_ms": 293120, "time_signature": 4}, {"uri": "spotify:track:0Cvjlph1WGbwZY1PlMEtJY", "name": "Come Away With Me", "artist": "Norah Jones", "popularity": 73, "danceability": 0.363, "energy": 0.129, "key": 0, "loudness": -14.304, "mode": 1, "speechiness": 0.0322, "acousticness": 0.904, "instrumentalness": 1.52e-06, "liveness": 0.157, "valence": 0.147, "tempo": 80.367, "duration_ms": 198147, "time_signature": 3}, {"uri": "spotify:track:56lhDZNQ5J47aog6mGKeGk", "name": "Thunder Road", "artist": "Bruce Springsteen", "popularity": 66, "danceability": 0.369, "energy": 0.758, "key": 5, "loudness": -5.871, "mode": 1, "speechiness": 0.0364, "acousticness": 0.623, "instrumentalness": 1.78e-05, "liveness": 0.531, "valence": 0.663, "tempo": 140.71, "duration_ms": 288720, "time_signature": 4}, {"uri": "spotify:track:6KHNMPZTSif1zFbFKErpNU", "name": "Moondance - 2013 Remaster", "artist": "Van Morrison", "popularity": 54, "danceability": 0.606, "energy": 0.282, "key": 9, "loudness": -12.207, "mode": 0, "speechiness": 0.0339, "acousticness": 0.501, "instrumentalness": 8.3e-06, "liveness": 0.152, "valence": 0.563, "tempo": 67.409, "duration_ms": 274040, "time_signature": 4}, {"uri": "spotify:track:2CA4geWmbThuxj1BDaeBfy", "name": "One Fine Day - Remastered", "artist": "Natalie Merchant", "popularity": 53, "danceability": 0.52, "energy": 0.151, "key": 2, "loudness": -14.046, "mode": 1, "speechiness": 0.0564, "acousticness": 0.77, "instrumentalness": 5.59e-05, "liveness": 0.308, "valence": 0.186, "tempo": 185.32, "duration_ms": 167147, "time_signature": 1}, {"uri": "spotify:track:7iLXXTLIaguiWCTRJNU1Tv", "name": "The Rose", "artist": "Bette Midler", "popularity": 56, "danceability": 0.186, "energy": 0.0971, "key": 0, "loudness": -13.002, "mode": 1, "speechiness": 0.0342, "acousticness": 0.94, "instrumentalness": 0, "liveness": 0.122, "valence": 0.0745, "tempo": 65.776, "duration_ms": 215027, "time_signature": 5}, {"uri": "spotify:track:3FCto7hnn1shUyZL42YgfO", "name": "Piano Man", "artist": "Billy Joel", "popularity": 68, "danceability": 0.334, "energy": 0.472, "key": 0, "loudness": -8.792, "mode": 1, "speechiness": 0.0277, "acousticness": 0.6, "instrumentalness": 3.77e-06, "liveness": 0.317, "valence": 0.431, "tempo": 179.167, "duration_ms": 336093, "time_signature": 3}, {"uri": "spotify:track:04FU70tKvDYpJ8MZLh8MU2", "name": "Candle In The Wind", "artist": "Elton John", "popularity": 0, "danceability": 0.603, "energy": 0.546, "key": 4, "loudness": -8.498, "mode": 1, "speechiness": 0.0287, "acousticness": 0.248, "instrumentalness": 3.16e-06, "liveness": 0.21, "valence": 0.598, "tempo": 124.139, "duration_ms": 231173, "time_signature": 4}, {"uri": "spotify:track:66KgSwQE4UmJttgfYiaR5I", "name": "It's Too Late", "artist": "Carole King", "popularity": 0, "danceability": 0.45, "energy": 0.441, "key": 9, "loudness": -12.718, "mode": 0, "speechiness": 0.0352, "acousticness": 0.498, "instrumentalness": 0.00562, "liveness": 0.133, "valence": 0.811, "tempo": 208.282, "duration_ms": 233173, "time_signature": 4}, {"uri": "spotify:track:6G0NzOx2jEPFsSmhr9N8Ys", "name": "Nightswimming", "artist": "R.E.M.", "popularity": 64, "danceability": 0.566, "energy": 0.385, "key": 7, "loudness": -11.272, "mode": 1, "speechiness": 0.0304, "acousticness": 0.796, "instrumentalness": 7.63e-06, "liveness": 0.103, "valence": 0.571, "tempo": 114.227, "duration_ms": 258067, "time_signature": 4}, {"uri": "spotify:track:0CWuqQEk4G9cVAue7OhFui", "name": "Where the Night Goes", "artist": "Josh Ritter", "popularity": 0, "danceability": 0.672, "energy": 0.914, "key": 10, "loudness": -5.114, "mode": 1, "speechiness": 0.0354, "acousticness": 0.177, "instrumentalness": 1.27e-06, "liveness": 0.109, "valence": 0.787, "tempo": 100.007, "duration_ms": 229929, "time_signature": 4}, {"uri": "spotify:track:1Q0sruYhnsq6lmhWgeRFh5", "name": "This Woman's Work", "artist": "Kate Bush", "popularity": 58, "danceability": 0.35, "energy": 0.113, "key": 8, "loudness": -18.804, "mode": 1, "speechiness": 0.0403, "acousticness": 0.874, "instrumentalness": 2.68e-05, "liveness": 0.0751, "valence": 0.151, "tempo": 128.271, "duration_ms": 218907, "time_signature": 4}, {"uri": "spotify:track:3IZXUxoL1Q7yUj5mh3Tmqp", "name": "Silent All These Years", "artist": "Tori Amos", "popularity": 43, "danceability": 0.484, "energy": 0.158, "key": 4, "loudness": -14.687, "mode": 1, "speechiness": 0.0374, "acousticness": 0.94, "instrumentalness": 1.64e-05, "liveness": 0.109, "valence": 0.296, "tempo": 128.06, "duration_ms": 251226, "time_signature": 4}, {"uri": "spotify:track:2HlRYsFHmIwdBK2nUHVrzK", "name": "The Luckiest", "artist": "Ben Folds", "popularity": 37, "danceability": 0.457, "energy": 0.307, "key": 2, "loudness": -11.879, "mode": 1, "speechiness": 0.03, "acousticness": 0.512, "instrumentalness": 0.000162, "liveness": 0.122, "valence": 0.283, "tempo": 129.447, "duration_ms": 244840, "time_signature": 4}, {"uri": "spotify:track:5fgkjhICZnqFctrV0AyuQD", "name": "Walking in Memphis", "artist": "Marc Cohn", "popularity": 73, "danceability": 0.567, "energy": 0.512, "key": 0, "loudness": -8.831, "mode": 1, "speechiness": 0.0357, "acousticness": 0.545, "instrumentalness": 0, "liveness": 0.296, "valence": 0.334, "tempo": 130.271, "duration_ms": 252613, "time_signature": 4}, {"uri": "spotify:track:5VzvK7YiwWbRePA2JOzhYq", "name": "Because the Night - Live Unplugged", "artist": "10,000 Maniacs", "popularity": 61, "danceability": 0.408, "energy": 0.79, "key": 11, "loudness": -8.138, "mode": 0, "speechiness": 0.103, "acousticness": 0.26, "instrumentalness": 0.00027, "liveness": 0.765, "valence": 0.347, "tempo": 122.624, "duration_ms": 223373, "time_signature": 4}, {"uri": "spotify:track:46AKrc7rPuEXL9QYr9eqFR", "name": "Your Song", "artist": "Lady Gaga", "popularity": 49, "danceability": 0.486, "energy": 0.486, "key": 9, "loudness": -7.103, "mode": 1, "speechiness": 0.029, "acousticness": 0.345, "instrumentalness": 0, "liveness": 0.139, "valence": 0.184, "tempo": 128.768, "duration_ms": 256747, "time_signature": 4}, {"uri": "spotify:track:4Dykq1tU6xnLnlaniVH4hv", "name": "You've Got a Friend", "artist": "Carole King", "popularity": 0, "danceability": 0.474, "energy": 0.263, "key": 8, "loudness": -10.684, "mode": 1, "speechiness": 0.0336, "acousticness": 0.88, "instrumentalness": 4.45e-05, "liveness": 0.123, "valence": 0.458, "tempo": 168.683, "duration_ms": 308973, "time_signature": 4}, {"uri": "spotify:track:1US01PIcb3RFVrcN8mO8CS", "name": "Caravan - 2013 Remaster", "artist": "Van Morrison", "popularity": 58, "danceability": 0.641, "energy": 0.397, "key": 7, "loudness": -12.285, "mode": 1, "speechiness": 0.0454, "acousticness": 0.294, "instrumentalness": 0.000717, "liveness": 0.0496, "valence": 0.57, "tempo": 81.962, "duration_ms": 300800, "time_signature": 4}, {"uri": "spotify:track:11dfOCV0oBxzZ9fi2PZhvS", "name": "Winter - 2015 Remaster", "artist": "Tori Amos", "popularity": 52, "danceability": 0.395, "energy": 0.277, "key": 6, "loudness": -10.472, "mode": 1, "speechiness": 0.0298, "acousticness": 0.901, "instrumentalness": 2.66e-06, "liveness": 0.105, "valence": 0.226, "tempo": 79.32, "duration_ms": 341813, "time_signature": 4}, {"uri": "spotify:track:0rl84FuazRHYmK72krdmA1", "name": "Adia", "artist": "Sarah McLachlan", "popularity": 55, "danceability": 0.526, "energy": 0.37, "key": 3, "loudness": -10.535, "mode": 1, "speechiness": 0.025, "acousticness": 0.722, "instrumentalness": 0, "liveness": 0.157, "valence": 0.251, "tempo": 76.002, "duration_ms": 244667, "time_signature": 4}, {"uri": "spotify:track:1P3JfNdQLDlQUFmo0r5QyK", "name": "Wild Horses", "artist": "Charlotte Martin", "popularity": 42, "danceability": 0.327, "energy": 0.237, "key": 8, "loudness": -9.232, "mode": 1, "speechiness": 0.0309, "acousticness": 0.958, "instrumentalness": 0.000171, "liveness": 0.256, "valence": 0.214, "tempo": 66.595, "duration_ms": 331373, "time_signature": 3}, {"uri": "spotify:track:3qgK1i52jyuvz8ATQmMLTx", "name": "Blue Skies", "artist": "Birdy", "popularity": 52, "danceability": 0.413, "energy": 0.0822, "key": 6, "loudness": -11.922, "mode": 0, "speechiness": 0.0562, "acousticness": 0.981, "instrumentalness": 2.62e-05, "liveness": 0.106, "valence": 0.173, "tempo": 77.299, "duration_ms": 154869, "time_signature": 4}, {"uri": "spotify:track:1C9NuEa1wOF15EOBuWaaxS", "name": "Life On Mars? - 1999 Remastered Version", "artist": "David Bowie", "popularity": 0, "danceability": 0.44, "energy": 0.591, "key": 10, "loudness": -7.859, "mode": 1, "speechiness": 0.0369, "acousticness": 0.53, "instrumentalness": 1.03e-05, "liveness": 0.171, "valence": 0.373, "tempo": 121.398, "duration_ms": 223413, "time_signature": 4}, {"uri": "spotify:track:2u6fRGcaBhpI4uNBHpGv0b", "name": "Hallelujah", "artist": "Rufus Wainwright", "popularity": 65, "danceability": 0.367, "energy": 0.156, "key": 9, "loudness": -10.052, "mode": 0, "speechiness": 0.0314, "acousticness": 0.88, "instrumentalness": 0, "liveness": 0.0972, "valence": 0.44, "tempo": 73.138, "duration_ms": 251587, "time_signature": 4}, {"uri": "spotify:track:0RxUz1GCgFRLO4hQwkobkg", "name": "Letter To The Past", "artist": "Brandi Carlile", "popularity": 54, "danceability": 0.457, "energy": 0.366, "key": 2, "loudness": -7.378, "mode": 1, "speechiness": 0.0413, "acousticness": 0.792, "instrumentalness": 3.07e-05, "liveness": 0.0881, "valence": 0.263, "tempo": 141.36, "duration_ms": 220720, "time_signature": 4}, {"uri": "spotify:track:4rnkECscLCpjPM4pYyBNMJ", "name": "Let It Be", "artist": "Paul McCartney", "popularity": 0, "danceability": 0.317, "energy": 0.754, "key": 0, "loudness": -3.7, "mode": 1, "speechiness": 0.0371, "acousticness": 0.409, "instrumentalness": 0, "liveness": 0.967, "valence": 0.361, "tempo": 141.431, "duration_ms": 237933, "time_signature": 4}, {"uri": "spotify:track:3DDGhkxq3FeUorZppSgeLE", "name": "Somewhere Only We Know", "artist": "Lily Allen", "popularity": 62, "danceability": 0.314, "energy": 0.286, "key": 10, "loudness": -10.191, "mode": 1, "speechiness": 0.035, "acousticness": 0.935, "instrumentalness": 0.0258, "liveness": 0.0999, "valence": 0.278, "tempo": 172.021, "duration_ms": 208154, "time_signature": 4}, {"uri": "spotify:track:5lP2EYWk8LFUkM0grPWUFT", "name": "All the Way from Memphis", "artist": "Mott The Hoople", "popularity": 45, "danceability": 0.522, "energy": 0.833, "key": 1, "loudness": -8.689, "mode": 1, "speechiness": 0.0405, "acousticness": 0.0422, "instrumentalness": 0.00446, "liveness": 0.605, "valence": 0.56, "tempo": 137.147, "duration_ms": 302560, "time_signature": 4}, {"uri": "spotify:track:4uNBtQq2SUcdnp2BK83TiV", "name": "Blue Sky Blues", "artist": "Ryan Adams", "popularity": 31, "danceability": 0.395, "energy": 0.0203, "key": 0, "loudness": -19.714, "mode": 1, "speechiness": 0.0364, "acousticness": 0.975, "instrumentalness": 0.00402, "liveness": 0.11, "valence": 0.108, "tempo": 112.844, "duration_ms": 318653, "time_signature": 4}, {"uri": "spotify:track:2lhfd0CF0dFlwRVH8NG8vv", "name": "For Free", "artist": "Lana Del Rey", "popularity": 56, "danceability": 0.502, "energy": 0.105, "key": 5, "loudness": -13.381, "mode": 1, "speechiness": 0.0331, "acousticness": 0.98, "instrumentalness": 1.79e-05, "liveness": 0.0725, "valence": 0.203, "tempo": 114.043, "duration_ms": 251818, "time_signature": 3}, {"uri": "spotify:track:7pKfPomDEeI4TPT6EOYjn9", "name": "Imagine - Remastered 2010", "artist": "John Lennon", "popularity": 80, "danceability": 0.547, "energy": 0.257, "key": 0, "loudness": -12.358, "mode": 1, "speechiness": 0.0252, "acousticness": 0.907, "instrumentalness": 0.183, "liveness": 0.0935, "valence": 0.169, "tempo": 75.752, "duration_ms": 187867, "time_signature": 4}, {"uri": "spotify:track:1QWDJMmEcR2cYrFENBZkLS", "name": "Light Years", "artist": "The National", "popularity": 0, "danceability": 0.544, "energy": 0.316, "key": 4, "loudness": -11.666, "mode": 1, "speechiness": 0.0307, "acousticness": 0.95, "instrumentalness": 0.7, "liveness": 0.0978, "valence": 0.173, "tempo": 124.989, "duration_ms": 213373, "time_signature": 4}, {"uri": "spotify:track:5j216bw8PG0EcIdfu92k4l", "name": "Isis", "artist": "Bob Dylan", "popularity": 53, "danceability": 0.515, "energy": 0.717, "key": 3, "loudness": -7.142, "mode": 1, "speechiness": 0.0343, "acousticness": 0.126, "instrumentalness": 0, "liveness": 0.186, "valence": 0.883, "tempo": 147.956, "duration_ms": 418293, "time_signature": 3}, {"uri": "spotify:track:1SKPmfSYaPsETbRHaiA18G", "name": "Somewhere Only We Know", "artist": "Keane", "popularity": 80, "danceability": 0.448, "energy": 0.665, "key": 9, "loudness": -4.203, "mode": 1, "speechiness": 0.026, "acousticness": 0.06, "instrumentalness": 2.55e-05, "liveness": 0.0828, "valence": 0.304, "tempo": 172.004, "duration_ms": 237147, "time_signature": 4}, {"uri": "spotify:track:0U9oiRl4hYwORmWwkYihZN", "name": "when the party\u2019s over", "artist": "James Blake", "popularity": 59, "danceability": 0.468, "energy": 0.171, "key": 9, "loudness": -12.965, "mode": 0, "speechiness": 0.0432, "acousticness": 0.993, "instrumentalness": 0.14, "liveness": 0.0954, "valence": 0.156, "tempo": 135.655, "duration_ms": 193016, "time_signature": 3}]