[{"uri": "spotify:track:0J4mhjqMTQjtdDDp92lZl5", "name": "Fallout", "artist": "Daphne's Couch", "popularity": 44, "danceability": 0.496, "energy": 0.788, "key": 1, "loudness": -5.002, "mode": 0, "speechiness": 0.0465, "acousticness": 0.00327, "instrumentalness": 0, "liveness": 0.121, "valence": 0.451, "tempo": 122.022, "duration_ms": 166835, "time_signature": 4}, {"uri": "spotify:track:7nryUuLMIcucUnWokNAwfr", "name": "If Everybody Was Dead", "artist": "Faith Zapata", "popularity": 27, "danceability": 0.663, "energy": 0.508, "key": 0, "loudness": -13.419, "mode": 1, "speechiness": 0.0289, "acousticness": 0.0303, "instrumentalness": 6.92e-06, "liveness": 0.112, "valence": 0.709, "tempo": 123.012, "duration_ms": 319435, "time_signature": 4}, {"uri": "spotify:track:4rc3QOo2uz1Nf4Uu1qsB6u", "name": "Backstep", "artist": "Jetski", "popularity": 29, "danceability": 0.46, "energy": 0.902, "key": 9, "loudness": -4.109, "mode": 1, "speechiness": 0.0571, "acousticness": 0.000163, "instrumentalness": 0, "liveness": 0.0494, "valence": 0.497, "tempo": 150.022, "duration_ms": 185986, "time_signature": 4}, {"uri": "spotify:track:7tQqk7Z3TyyC4QcY0Ie4yf", "name": "Crushed", "artist": "TAPE TOY", "popularity": 23, "danceability": 0.475, "energy": 0.626, "key": 0, "loudness": -8.212, "mode": 1, "speechiness": 0.0288, "acousticness": 0.00254, "instrumentalness": 0.000565, "liveness": 0.0821, "valence": 0.166, "tempo": 86.908, "duration_ms": 214791, "time_signature": 4}, {"uri": "spotify:track:5w4RBCbzL7Oq7v6MS9EuGY", "name": "CASKET (ft. papa mbye)", "artist": "WHY NOT", "popularity": 26, "danceability": 0.61, "energy": 0.676, "key": 8, "loudness": -5.97, "mode": 1, "speechiness": 0.095, "acousticness": 0.165, "instrumentalness": 0, "liveness": 0.159, "valence": 0.736, "tempo": 82.522, "duration_ms": 215305, "time_signature": 4}, {"uri": "spotify:track:5zR0C3qAzWIk6eKKKUZkYe", "name": "Is Blood", "artist": "Youth Sector", "popularity": 24, "danceability": 0.597, "energy": 0.749, "key": 0, "loudness": -5.573, "mode": 1, "speechiness": 0.0769, "acousticness": 0.00291, "instrumentalness": 0, "liveness": 0.0838, "valence": 0.911, "tempo": 159.968, "duration_ms": 186730, "time_signature": 4}, {"uri": "spotify:track:3FqXffiywuPhwCkr1WgnSP", "name": "When I 226", "artist": "Mr Floyd Larry", "popularity": 25, "danceability": 0.427, "energy": 0.659, "key": 2, "loudness": -8.42, "mode": 1, "speechiness": 0.0376, "acousticness": 0.831, "instrumentalness": 0.946, "liveness": 0.171, "valence": 0.34, "tempo": 141.688, "duration_ms": 230528, "time_signature": 4}, {"uri": "spotify:track:6Pfma5baS7P2EIjn3Htj9q", "name": "AHHHH!", "artist": "Teen Jesus and the Jean Teasers", "popularity": 52, "danceability": 0.447, "energy": 0.936, "key": 5, "loudness": -4.985, "mode": 0, "speechiness": 0.0633, "acousticness": 0.000272, "instrumentalness": 0.00403, "liveness": 0.117, "valence": 0.598, "tempo": 153.992, "duration_ms": 144539, "time_signature": 4}, {"uri": "spotify:track:0Ra68DPxTgqvMxM0kTs37K", "name": "Don't Wanna Lose You", "artist": "El Camino Acid", "popularity": 19, "danceability": 0.498, "energy": 0.928, "key": 11, "loudness": -4.133, "mode": 1, "speechiness": 0.0441, "acousticness": 0.0339, "instrumentalness": 4.03e-05, "liveness": 0.0959, "valence": 0.836, "tempo": 126.692, "duration_ms": 245414, "time_signature": 4}, {"uri": "spotify:track:7n6QMW76A5qgfn0Mb4aL7i", "name": "Off My Mind", "artist": "joe p", "popularity": 58, "danceability": 0.574, "energy": 0.664, "key": 0, "loudness": -7.713, "mode": 1, "speechiness": 0.0334, "acousticness": 0.305, "instrumentalness": 2.29e-05, "liveness": 0.143, "valence": 0.727, "tempo": 111.933, "duration_ms": 213855, "time_signature": 4}, {"uri": "spotify:track:15dPSXkoeIvVWsW78s4KDt", "name": "Denial - Demo", "artist": "Alicia Widar", "popularity": 43, "danceability": 0.529, "energy": 0.51, "key": 1, "loudness": -5.417, "mode": 1, "speechiness": 0.0303, "acousticness": 0.794, "instrumentalness": 0, "liveness": 0.0605, "valence": 0.223, "tempo": 118.781, "duration_ms": 202000, "time_signature": 4}, {"uri": "spotify:track:36Ei3wWzayeSK0qRXpHBMw", "name": "Second Time", "artist": "THE GOA EXPRESS", "popularity": 48, "danceability": 0.515, "energy": 0.914, "key": 6, "loudness": -5.054, "mode": 0, "speechiness": 0.0288, "acousticness": 1.73e-05, "instrumentalness": 0.356, "liveness": 0.11, "valence": 0.863, "tempo": 128.972, "duration_ms": 239987, "time_signature": 4}, {"uri": "spotify:track:2xwdBMuWwjtEOQ1amOjI6V", "name": "Can Someone Take Me Home?", "artist": "Nico Days", "popularity": 22, "danceability": 0.344, "energy": 0.577, "key": 11, "loudness": -9.156, "mode": 1, "speechiness": 0.0348, "acousticness": 0.198, "instrumentalness": 0, "liveness": 0.291, "valence": 0.184, "tempo": 79.868, "duration_ms": 214000, "time_signature": 4}, {"uri": "spotify:track:5ZVlnixH0HeB6igKEkoO9f", "name": "Crying", "artist": "Pom Pom Squad", "popularity": 48, "danceability": 0.218, "energy": 0.713, "key": 8, "loudness": -5.982, "mode": 1, "speechiness": 0.0405, "acousticness": 0.00189, "instrumentalness": 0.00151, "liveness": 0.31, "valence": 0.234, "tempo": 207.008, "duration_ms": 189223, "time_signature": 3}, {"uri": "spotify:track:55PmZueGDwk579eacYUygO", "name": "Summer Trip", "artist": "Decent Criminal", "popularity": 21, "danceability": 0.394, "energy": 0.963, "key": 7, "loudness": -6.128, "mode": 1, "speechiness": 0.0751, "acousticness": 3e-05, "instrumentalness": 1.18e-06, "liveness": 0.388, "valence": 0.312, "tempo": 139.914, "duration_ms": 148224, "time_signature": 4}, {"uri": "spotify:track:1BnwCJ1mDpeAQzExXoLQAu", "name": "Bad Habit", "artist": "The Buoys", "popularity": 44, "danceability": 0.372, "energy": 0.829, "key": 4, "loudness": -2.966, "mode": 1, "speechiness": 0.0544, "acousticness": 0.00421, "instrumentalness": 1.68e-05, "liveness": 0.17, "valence": 0.509, "tempo": 168.006, "duration_ms": 179931, "time_signature": 4}, {"uri": "spotify:track:0zUXxoYhlpb2j3SEquyP0C", "name": "Girlfriend Song", "artist": "Juice", "popularity": 37, "danceability": 0.592, "energy": 0.898, "key": 1, "loudness": -5.626, "mode": 1, "speechiness": 0.0406, "acousticness": 0.00185, "instrumentalness": 0, "liveness": 0.0737, "valence": 0.703, "tempo": 121.002, "duration_ms": 247467, "time_signature": 4}, {"uri": "spotify:track:2pvKW4g443i81WY6lnDpqQ", "name": "knuckle tattoo", "artist": "girlhouse", "popularity": 42, "danceability": 0.502, "energy": 0.912, "key": 7, "loudness": -5.603, "mode": 1, "speechiness": 0.0338, "acousticness": 0.13, "instrumentalness": 0.785, "liveness": 0.0717, "valence": 0.204, "tempo": 139.875, "duration_ms": 212571, "time_signature": 4}, {"uri": "spotify:track:5YD7FHoqjqRIrKCoZqwxMJ", "name": "Psycho", "artist": "Benjamin Carter", "popularity": 36, "danceability": 0.639, "energy": 0.664, "key": 0, "loudness": -6.192, "mode": 1, "speechiness": 0.0308, "acousticness": 0.221, "instrumentalness": 0.129, "liveness": 0.0985, "valence": 0.74, "tempo": 128.586, "duration_ms": 235494, "time_signature": 4}, {"uri": "spotify:track:2zdl37IauOeAFxgJsEFVMo", "name": "Pushin' Thru It", "artist": "James Ivy", "popularity": 44, "danceability": 0.355, "energy": 0.84, "key": 9, "loudness": -5.169, "mode": 1, "speechiness": 0.0747, "acousticness": 0.00447, "instrumentalness": 1.25e-05, "liveness": 0.065, "valence": 0.266, "tempo": 187.306, "duration_ms": 258663, "time_signature": 4}, {"uri": "spotify:track:6wxdyMsMqUHOeMffm1Gsch", "name": "It's Depression (feat. Middle Part)", "artist": "Anna Shoemaker", "popularity": 53, "danceability": 0.612, "energy": 0.805, "key": 2, "loudness": -3.963, "mode": 1, "speechiness": 0.0711, "acousticness": 7.58e-05, "instrumentalness": 0.000785, "liveness": 0.0837, "valence": 0.7, "tempo": 160.116, "duration_ms": 193000, "time_signature": 4}, {"uri": "spotify:track:6GsHmYdV3mZZA1poF3hEuO", "name": "Sleepwalker", "artist": "Evan Blair", "popularity": 31, "danceability": 0.49, "energy": 0.643, "key": 5, "loudness": -5.134, "mode": 0, "speechiness": 0.0263, "acousticness": 0.00124, "instrumentalness": 0, "liveness": 0.259, "valence": 0.42, "tempo": 163.921, "duration_ms": 197561, "time_signature": 4}, {"uri": "spotify:track:3YmZVcLHWCjMlHfLaM7nTf", "name": "Pink Slips", "artist": "Jenna Doe", "popularity": 49, "danceability": 0.571, "energy": 0.619, "key": 1, "loudness": -6.612, "mode": 0, "speechiness": 0.0558, "acousticness": 0.186, "instrumentalness": 7.77e-05, "liveness": 0.0744, "valence": 0.152, "tempo": 126.953, "duration_ms": 192320, "time_signature": 4}, {"uri": "spotify:track:18eWVQXDPnRghOmYWvoThV", "name": "Teal", "artist": "Wunderhorse", "popularity": 39, "danceability": 0.443, "energy": 0.865, "key": 9, "loudness": -7.48, "mode": 1, "speechiness": 0.11, "acousticness": 0.249, "instrumentalness": 0.000989, "liveness": 0.138, "valence": 0.41, "tempo": 158.614, "duration_ms": 190530, "time_signature": 4}, {"uri": "spotify:track:5JEIIZVri1FvrbO39vGXXZ", "name": "Die Happily", "artist": "FRITZ", "popularity": 34, "danceability": 0.488, "energy": 0.548, "key": 9, "loudness": -7.176, "mode": 1, "speechiness": 0.0396, "acousticness": 0.000121, "instrumentalness": 0.277, "liveness": 0.0762, "valence": 0.235, "tempo": 100.023, "duration_ms": 205417, "time_signature": 4}, {"uri": "spotify:track:4OVS7OorZHOKonhou65GOf", "name": "Slowly", "artist": "NewDad", "popularity": 46, "danceability": 0.597, "energy": 0.762, "key": 9, "loudness": -8.199, "mode": 0, "speechiness": 0.0321, "acousticness": 0.189, "instrumentalness": 0.537, "liveness": 0.0821, "valence": 0.566, "tempo": 121.993, "duration_ms": 185813, "time_signature": 4}, {"uri": "spotify:track:5OyNCdIbeyoSHzO809QxKs", "name": "Pretty Lies", "artist": "Yoza", "popularity": 51, "danceability": 0.619, "energy": 0.648, "key": 4, "loudness": -5.891, "mode": 0, "speechiness": 0.0513, "acousticness": 0.225, "instrumentalness": 6.36e-06, "liveness": 0.251, "valence": 0.789, "tempo": 143.989, "duration_ms": 133742, "time_signature": 4}, {"uri": "spotify:track:1bZh05eZmb6Nl0t5fPhEgN", "name": "Let It All Go", "artist": "Francis of Delirium", "popularity": 38, "danceability": 0.369, "energy": 0.669, "key": 4, "loudness": -6.409, "mode": 1, "speechiness": 0.0482, "acousticness": 0.00292, "instrumentalness": 0.000146, "liveness": 0.0951, "valence": 0.304, "tempo": 118.099, "duration_ms": 262960, "time_signature": 4}, {"uri": "spotify:track:1J8hzisGJohDGZH6zvNoSi", "name": "Reach Out", "artist": "Hembree", "popularity": 39, "danceability": 0.651, "energy": 0.945, "key": 2, "loudness": -4.138, "mode": 1, "speechiness": 0.096, "acousticness": 0.134, "instrumentalness": 0.000205, "liveness": 0.0581, "valence": 0.497, "tempo": 99.958, "duration_ms": 180779, "time_signature": 4}, {"uri": "spotify:track:7IrqBe8gXzN5DPm98SIIQ1", "name": "BFS", "artist": "Viji", "popularity": 31, "danceability": 0.775, "energy": 0.535, "key": 7, "loudness": -9.714, "mode": 0, "speechiness": 0.0303, "acousticness": 0.162, "instrumentalness": 0.00372, "liveness": 0.306, "valence": 0.45, "tempo": 113.0, "duration_ms": 193107, "time_signature": 4}, {"uri": "spotify:track:3poOwGf58oSRT8edctak7i", "name": "Trouble In Paradise", "artist": "Windser", "popularity": 34, "danceability": 0.701, "energy": 0.483, "key": 11, "loudness": -8.326, "mode": 1, "speechiness": 0.0349, "acousticness": 0.315, "instrumentalness": 0.00588, "liveness": 0.0655, "valence": 0.715, "tempo": 123.04, "duration_ms": 217493, "time_signature": 4}, {"uri": "spotify:track:3FOxcASfGM5j68Op5I31d8", "name": "I'm So Bored", "artist": "Sarah and the Sundays", "popularity": 43, "danceability": 0.49, "energy": 0.746, "key": 10, "loudness": -5.458, "mode": 1, "speechiness": 0.042, "acousticness": 0.00972, "instrumentalness": 1.58e-05, "liveness": 0.0235, "valence": 0.948, "tempo": 165.056, "duration_ms": 208013, "time_signature": 4}, {"uri": "spotify:track:5RuSAk0rjCUXmZPGDxZf0w", "name": "Low Era - Edit", "artist": "Geese", "popularity": 45, "danceability": 0.681, "energy": 0.725, "key": 10, "loudness": -7.254, "mode": 1, "speechiness": 0.0349, "acousticness": 0.00036, "instrumentalness": 0.000152, "liveness": 0.0732, "valence": 0.397, "tempo": 110.868, "duration_ms": 218888, "time_signature": 4}, {"uri": "spotify:track:0rCH70n5wGsFO51mQDbZc2", "name": "In the Stone", "artist": "The Goon Sax", "popularity": 47, "danceability": 0.649, "energy": 0.798, "key": 11, "loudness": -5.589, "mode": 0, "speechiness": 0.0264, "acousticness": 0.136, "instrumentalness": 0.00376, "liveness": 0.269, "valence": 0.792, "tempo": 111.941, "duration_ms": 247051, "time_signature": 4}, {"uri": "spotify:track:1BmaIHgkvLvZWv1kPmH0mb", "name": "Baby Let's Pretend", "artist": "L.A. Exes", "popularity": 28, "danceability": 0.503, "energy": 0.78, "key": 5, "loudness": -4.975, "mode": 0, "speechiness": 0.0509, "acousticness": 0.00617, "instrumentalness": 1.19e-06, "liveness": 0.35, "valence": 0.61, "tempo": 144.207, "duration_ms": 151893, "time_signature": 4}, {"uri": "spotify:track:075xsxMKbBSNSVKeql5XzM", "name": "outside", "artist": "swim school", "popularity": 29, "danceability": 0.415, "energy": 0.76, "key": 7, "loudness": -8.769, "mode": 1, "speechiness": 0.0539, "acousticness": 0.000312, "instrumentalness": 0.0485, "liveness": 0.32, "valence": 0.345, "tempo": 133.016, "duration_ms": 184614, "time_signature": 4}, {"uri": "spotify:track:7wHdG950FZvGmnGlZEVnTy", "name": "Something Unspoken", "artist": "AA Sessions", "popularity": 30, "danceability": 0.721, "energy": 0.679, "key": 2, "loudness": -8.838, "mode": 1, "speechiness": 0.0334, "acousticness": 0.168, "instrumentalness": 0.814, "liveness": 0.109, "valence": 0.319, "tempo": 110.9, "duration_ms": 191519, "time_signature": 4}, {"uri": "spotify:track:1Rpl7JQICcdSJaGRQbHhNc", "name": "Ten Feet Tall", "artist": "Charlie Hickey", "popularity": 41, "danceability": 0.691, "energy": 0.464, "key": 0, "loudness": -7.051, "mode": 1, "speechiness": 0.0275, "acousticness": 0.133, "instrumentalness": 0, "liveness": 0.111, "valence": 0.466, "tempo": 110.044, "duration_ms": 224463, "time_signature": 4}, {"uri": "spotify:track:5ti0oUrS07aaHFR7w1Phjg", "name": "(tired of) always getting older", "artist": "frown line", "popularity": 30, "danceability": 0.551, "energy": 0.667, "key": 8, "loudness": -8.332, "mode": 1, "speechiness": 0.0353, "acousticness": 0.0604, "instrumentalness": 0.121, "liveness": 0.104, "valence": 0.463, "tempo": 170.045, "duration_ms": 223250, "time_signature": 4}, {"uri": "spotify:track:2nJfQVq2Psp09kWnKX8Kvt", "name": "Wasted Time", "artist": "Candid", "popularity": 41, "danceability": 0.498, "energy": 0.925, "key": 10, "loudness": -4.835, "mode": 0, "speechiness": 0.0797, "acousticness": 0.00465, "instrumentalness": 7.09e-05, "liveness": 0.0993, "valence": 0.681, "tempo": 136.108, "duration_ms": 190590, "time_signature": 4}, {"uri": "spotify:track:0lyVppVVoinZxa3a6HpYhR", "name": "Gum", "artist": "Thyla", "popularity": 30, "danceability": 0.474, "energy": 0.938, "key": 2, "loudness": -2.265, "mode": 1, "speechiness": 0.114, "acousticness": 0.00114, "instrumentalness": 0.316, "liveness": 0.383, "valence": 0.442, "tempo": 106.984, "duration_ms": 198672, "time_signature": 4}, {"uri": "spotify:track:5hhYYTvx7PkLMCABivfYVS", "name": "Dreamsickle", "artist": "Wombo", "popularity": 40, "danceability": 0.456, "energy": 0.832, "key": 0, "loudness": -7.053, "mode": 1, "speechiness": 0.0351, "acousticness": 0.00591, "instrumentalness": 0.821, "liveness": 0.11, "valence": 0.796, "tempo": 163.048, "duration_ms": 147005, "time_signature": 4}, {"uri": "spotify:track:7rNSLbWIUgCCjrQrR3axjD", "name": "it all comes down to this", "artist": "Cameron Alexander", "popularity": 27, "danceability": 0.536, "energy": 0.929, "key": 7, "loudness": -3.061, "mode": 1, "speechiness": 0.0457, "acousticness": 0.00172, "instrumentalness": 0, "liveness": 0.112, "valence": 0.718, "tempo": 93.432, "duration_ms": 206373, "time_signature": 4}, {"uri": "spotify:track:1oZi5VyS06UFkxzAtJxwCJ", "name": "Talk It Out", "artist": "Bleach Lab", "popularity": 32, "danceability": 0.546, "energy": 0.632, "key": 10, "loudness": -6.489, "mode": 1, "speechiness": 0.0271, "acousticness": 0.0262, "instrumentalness": 0.00542, "liveness": 0.142, "valence": 0.153, "tempo": 111.98, "duration_ms": 244766, "time_signature": 4}, {"uri": "spotify:track:14uNisaAuHwalExIW0KTMV", "name": "Skinny Brittle Bones", "artist": "Mila Degray", "popularity": 30, "danceability": 0.671, "energy": 0.673, "key": 9, "loudness": -7.297, "mode": 1, "speechiness": 0.0282, "acousticness": 0.129, "instrumentalness": 0.0091, "liveness": 0.391, "valence": 0.649, "tempo": 117.032, "duration_ms": 168974, "time_signature": 4}, {"uri": "spotify:track:2aBVrfdatDO2h4UCuiXFaY", "name": "In the Clear", "artist": "Hi Frisco", "popularity": 28, "danceability": 0.394, "energy": 0.747, "key": 9, "loudness": -10.684, "mode": 0, "speechiness": 0.0464, "acousticness": 0.0869, "instrumentalness": 7.91e-05, "liveness": 0.332, "valence": 0.657, "tempo": 77.481, "duration_ms": 243479, "time_signature": 4}, {"uri": "spotify:track:4dYFnwuetvtsFYpLCZIe4N", "name": "You Work All Day And Then You Die", "artist": "The Parrots", "popularity": 34, "danceability": 0.367, "energy": 0.931, "key": 9, "loudness": -4.541, "mode": 1, "speechiness": 0.09, "acousticness": 0.0018, "instrumentalness": 0.000108, "liveness": 0.288, "valence": 0.303, "tempo": 145.018, "duration_ms": 259627, "time_signature": 4}, {"uri": "spotify:track:5ySbMao2cZfSN3D2GhSQMQ", "name": "Love This Town", "artist": "Royal Castles", "popularity": 24, "danceability": 0.5, "energy": 0.668, "key": 2, "loudness": -7.845, "mode": 1, "speechiness": 0.0489, "acousticness": 0.0249, "instrumentalness": 0.00519, "liveness": 0.22, "valence": 0.334, "tempo": 120.947, "duration_ms": 199954, "time_signature": 4}, {"uri": "spotify:track:66MqvK5aWjC4c2t8txkZh9", "name": "Diet Cigarette", "artist": "Uninvited", "popularity": 33, "danceability": 0.583, "energy": 0.803, "key": 4, "loudness": -7.135, "mode": 1, "speechiness": 0.0296, "acousticness": 0.00246, "instrumentalness": 0, "liveness": 0.0817, "valence": 0.881, "tempo": 130.0, "duration_ms": 221840, "time_signature": 4}, {"uri": "spotify:track:0dxUjFzSSDemp7mdN2palQ", "name": "One For The Team", "artist": "I Don't Speak French", "popularity": 27, "danceability": 0.677, "energy": 0.676, "key": 0, "loudness": -6.944, "mode": 1, "speechiness": 0.0286, "acousticness": 0.00473, "instrumentalness": 0, "liveness": 0.115, "valence": 0.784, "tempo": 111.007, "duration_ms": 163243, "time_signature": 4}, {"uri": "spotify:track:1LcS46a5AxfmQDfarJEjCV", "name": "Dear Nora", "artist": "Alien Boy", "popularity": 33, "danceability": 0.393, "energy": 0.938, "key": 8, "loudness": -3.863, "mode": 1, "speechiness": 0.0949, "acousticness": 3.68e-05, "instrumentalness": 0.00136, "liveness": 0.126, "valence": 0.488, "tempo": 135.007, "duration_ms": 196038, "time_signature": 4}, {"uri": "spotify:track:0U7hIjgAtWOYNigf20XV9N", "name": "Escape Route", "artist": "Jordi", "popularity": 33, "danceability": 0.358, "energy": 0.901, "key": 1, "loudness": -7.222, "mode": 1, "speechiness": 0.0635, "acousticness": 0.000208, "instrumentalness": 0.144, "liveness": 0.363, "valence": 0.393, "tempo": 119.779, "duration_ms": 186941, "time_signature": 4}, {"uri": "spotify:track:3qPgpfGvSo6Pm5R7jxEQoy", "name": "HOT WHEELS", "artist": "nickname jos", "popularity": 40, "danceability": 0.538, "energy": 0.91, "key": 2, "loudness": -8.709, "mode": 1, "speechiness": 0.058, "acousticness": 0.00965, "instrumentalness": 0.0101, "liveness": 0.357, "valence": 0.767, "tempo": 156.054, "duration_ms": 173507, "time_signature": 4}, {"uri": "spotify:track:4oCJ4t1khwZqlBVldWzJES", "name": "Heartbeat", "artist": "Darkbird", "popularity": 34, "danceability": 0.639, "energy": 0.837, "key": 8, "loudness": -6.568, "mode": 1, "speechiness": 0.0353, "acousticness": 0.00133, "instrumentalness": 0.0214, "liveness": 0.0505, "valence": 0.871, "tempo": 120.001, "duration_ms": 247336, "time_signature": 4}, {"uri": "spotify:track:0yjLQat6i4CAGUIEf08ya5", "name": "Week On Repeat", "artist": "Beddy Rays", "popularity": 47, "danceability": 0.245, "energy": 0.927, "key": 11, "loudness": -3.01, "mode": 0, "speechiness": 0.105, "acousticness": 5.31e-05, "instrumentalness": 0, "liveness": 0.14, "valence": 0.427, "tempo": 181.244, "duration_ms": 146953, "time_signature": 4}, {"uri": "spotify:track:1V9xrTCXVqoSFG26OIR26w", "name": "Day In The Life", "artist": "Sophisticated Dingo", "popularity": 31, "danceability": 0.123, "energy": 0.934, "key": 4, "loudness": -4.839, "mode": 1, "speechiness": 0.0909, "acousticness": 0.00668, "instrumentalness": 0.0267, "liveness": 0.111, "valence": 0.292, "tempo": 182.19, "duration_ms": 141598, "time_signature": 4}, {"uri": "spotify:track:5VVa1qqlp7ZeiatqX577TL", "name": "Bunny", "artist": "The Birthdays", "popularity": 25, "danceability": 0.394, "energy": 0.8, "key": 9, "loudness": -9.249, "mode": 1, "speechiness": 0.0288, "acousticness": 0.000174, "instrumentalness": 0.776, "liveness": 0.13, "valence": 0.561, "tempo": 160.061, "duration_ms": 219252, "time_signature": 4}, {"uri": "spotify:track:2Iq1RlidvXgu9fdOCEr2w3", "name": "Easy", "artist": "Ellevator", "popularity": 29, "danceability": 0.526, "energy": 0.567, "key": 11, "loudness": -7.076, "mode": 0, "speechiness": 0.0352, "acousticness": 0.028, "instrumentalness": 1.66e-05, "liveness": 0.36, "valence": 0.484, "tempo": 89.404, "duration_ms": 191434, "time_signature": 4}, {"uri": "spotify:track:2356QCE0gXy04RKzk1okTZ", "name": "Moving Car", "artist": "The Avenues", "popularity": 26, "danceability": 0.453, "energy": 0.912, "key": 4, "loudness": -3.621, "mode": 1, "speechiness": 0.0547, "acousticness": 0.1, "instrumentalness": 0.00025, "liveness": 0.193, "valence": 0.788, "tempo": 160.127, "duration_ms": 250013, "time_signature": 4}, {"uri": "spotify:track:5xcuHR24FJg5rcnFHEYz85", "name": "Look Back", "artist": "Opal Skies", "popularity": 24, "danceability": 0.252, "energy": 0.876, "key": 0, "loudness": -6.193, "mode": 1, "speechiness": 0.0495, "acousticness": 0.00227, "instrumentalness": 0.19, "liveness": 0.278, "valence": 0.497, "tempo": 170.876, "duration_ms": 224327, "time_signature": 4}, {"uri": "spotify:track:2jqEkryEQLNykrJXJIqGka", "name": "Portal", "artist": "Ski Lift", "popularity": 30, "danceability": 0.436, "energy": 0.897, "key": 9, "loudness": -3.695, "mode": 1, "speechiness": 0.0377, "acousticness": 0.000192, "instrumentalness": 3e-06, "liveness": 0.327, "valence": 0.919, "tempo": 161.971, "duration_ms": 123104, "time_signature": 4}, {"uri": "spotify:track:6Yehsi54qmCHOY3nSSHYWi", "name": "Oh Me Oh My", "artist": "The Vanities", "popularity": 27, "danceability": 0.398, "energy": 0.77, "key": 9, "loudness": -3.736, "mode": 0, "speechiness": 0.043, "acousticness": 8.75e-05, "instrumentalness": 0, "liveness": 0.375, "valence": 0.649, "tempo": 126.076, "duration_ms": 172067, "time_signature": 4}, {"uri": "spotify:track:1iyou2O1dWXTNVyhdOSc3e", "name": "Headroom", "artist": "Skinner", "popularity": 25, "danceability": 0.748, "energy": 0.724, "key": 6, "loudness": -7.848, "mode": 0, "speechiness": 0.0497, "acousticness": 0.0253, "instrumentalness": 4.51e-05, "liveness": 0.13, "valence": 0.734, "tempo": 124.037, "duration_ms": 189040, "time_signature": 4}, {"uri": "spotify:track:1KCJ9Tulyx59MWSyKFmVL7", "name": "Funny Water", "artist": "vern matz", "popularity": 31, "danceability": 0.705, "energy": 0.625, "key": 8, "loudness": -8.385, "mode": 1, "speechiness": 0.0276, "acousticness": 0.286, "instrumentalness": 0.0155, "liveness": 0.109, "valence": 0.892, "tempo": 112.821, "duration_ms": 203074, "time_signature": 4}, {"uri": "spotify:track:2upp8DCqGyzL4UquAoy9Uf", "name": "Who's Laughing Now", "artist": "Durry", "popularity": 53, "danceability": 0.382, "energy": 0.762, "key": 0, "loudness": -5.891, "mode": 1, "speechiness": 0.0443, "acousticness": 0.147, "instrumentalness": 0, "liveness": 0.262, "valence": 0.333, "tempo": 177.901, "duration_ms": 232733, "time_signature": 4}, {"uri": "spotify:track:1ca1NzHafMzPWubaf5zUtB", "name": "Shapes", "artist": "Alex Jayne", "popularity": 26, "danceability": 0.241, "energy": 0.515, "key": 8, "loudness": -5.588, "mode": 1, "speechiness": 0.035, "acousticness": 0.843, "instrumentalness": 0.0353, "liveness": 0.125, "valence": 0.246, "tempo": 64.131, "duration_ms": 190868, "time_signature": 4}, {"uri": "spotify:track:0NLebkFaZ7EOyGtWzQdZWG", "name": "Hard to Find", "artist": "EJ Worland", "popularity": 26, "danceability": 0.617, "energy": 0.836, "key": 9, "loudness": -3.856, "mode": 1, "speechiness": 0.045, "acousticness": 0.0142, "instrumentalness": 0.000472, "liveness": 0.309, "valence": 0.767, "tempo": 135.033, "duration_ms": 229289, "time_signature": 4}, {"uri": "spotify:track:4WL9FC3SIM0FkvbGX8XvoG", "name": "Tired", "artist": "Rila's Edge", "popularity": 25, "danceability": 0.465, "energy": 0.666, "key": 7, "loudness": -7.718, "mode": 1, "speechiness": 0.0302, "acousticness": 2.11e-05, "instrumentalness": 0.00051, "liveness": 0.154, "valence": 0.34, "tempo": 145.964, "duration_ms": 172312, "time_signature": 4}, {"uri": "spotify:track:6siOHdRw7Y4g0NmAZ5bweV", "name": "White Picket Fence", "artist": "psykhi", "popularity": 42, "danceability": 0.551, "energy": 0.8, "key": 0, "loudness": -4.813, "mode": 1, "speechiness": 0.0347, "acousticness": 0.103, "instrumentalness": 0, "liveness": 0.111, "valence": 0.811, "tempo": 164.127, "duration_ms": 176341, "time_signature": 4}, {"uri": "spotify:track:4hUQObfhCPHAdUFYZ2WBCP", "name": "Myself", "artist": "Oya Paya", "popularity": 23, "danceability": 0.651, "energy": 0.729, "key": 1, "loudness": -5.326, "mode": 0, "speechiness": 0.0272, "acousticness": 0.122, "instrumentalness": 0.00782, "liveness": 0.217, "valence": 0.756, "tempo": 87.965, "duration_ms": 225485, "time_signature": 4}, {"uri": "spotify:track:6BxL2JcykvCLnsLzmbHRJr", "name": "Down Bad", "artist": "Ryan Librada", "popularity": 43, "danceability": 0.788, "energy": 0.629, "key": 11, "loudness": -5.312, "mode": 0, "speechiness": 0.0317, "acousticness": 0.0503, "instrumentalness": 0, "liveness": 0.502, "valence": 0.63, "tempo": 120.032, "duration_ms": 130250, "time_signature": 4}, {"uri": "spotify:track:09TBjvGho219RcCzNDohtE", "name": "Head Gonna Hurt", "artist": "Near Tears", "popularity": 27, "danceability": 0.496, "energy": 0.794, "key": 4, "loudness": -4.961, "mode": 0, "speechiness": 0.0452, "acousticness": 0.00403, "instrumentalness": 2.99e-06, "liveness": 0.472, "valence": 0.35, "tempo": 142.942, "duration_ms": 216181, "time_signature": 4}, {"uri": "spotify:track:3PRUzonUTOwLoyE9TIbov1", "name": "Escape Plan", "artist": "BOYO", "popularity": 26, "danceability": 0.434, "energy": 0.972, "key": 2, "loudness": -1.818, "mode": 1, "speechiness": 0.0596, "acousticness": 0.293, "instrumentalness": 0.00584, "liveness": 0.323, "valence": 0.635, "tempo": 140.049, "duration_ms": 170143, "time_signature": 4}, {"uri": "spotify:track:5U4Mfh5QyHPDdtUOLDWeib", "name": "Bobby", "artist": "Camp Trash", "popularity": 37, "danceability": 0.521, "energy": 0.847, "key": 8, "loudness": -6.561, "mode": 1, "speechiness": 0.0506, "acousticness": 0.00313, "instrumentalness": 0.000415, "liveness": 0.0707, "valence": 0.745, "tempo": 124.04, "duration_ms": 180901, "time_signature": 4}, {"uri": "spotify:track:2ML36GkVssb1x7VLGWgUYo", "name": "Coltrane", "artist": "Eades", "popularity": 27, "danceability": 0.577, "energy": 0.853, "key": 8, "loudness": -4.492, "mode": 1, "speechiness": 0.0317, "acousticness": 0.000216, "instrumentalness": 0, "liveness": 0.189, "valence": 0.805, "tempo": 125.64, "duration_ms": 183065, "time_signature": 4}, {"uri": "spotify:track:050CbWOCq3X5VmtXjVIdmx", "name": "operator", "artist": "Scotch Mist", "popularity": 24, "danceability": 0.445, "energy": 0.729, "key": 1, "loudness": -6.797, "mode": 0, "speechiness": 0.031, "acousticness": 0.00151, "instrumentalness": 0.204, "liveness": 0.118, "valence": 0.28, "tempo": 83.018, "duration_ms": 184375, "time_signature": 4}, {"uri": "spotify:track:2A5fpEFPiljuW0a23kcDVf", "name": "Pain Shifter", "artist": "W. B. Wooten", "popularity": 34, "danceability": 0.703, "energy": 0.448, "key": 4, "loudness": -11.739, "mode": 0, "speechiness": 0.0358, "acousticness": 0.264, "instrumentalness": 0.684, "liveness": 0.119, "valence": 0.604, "tempo": 139.12, "duration_ms": 224000, "time_signature": 4}, {"uri": "spotify:track:64eJOf186peUV6FZaGbWGf", "name": "Nostalgia Seed", "artist": "GRAZER", "popularity": 36, "danceability": 0.46, "energy": 0.853, "key": 11, "loudness": -9.045, "mode": 1, "speechiness": 0.0385, "acousticness": 0.118, "instrumentalness": 0.808, "liveness": 0.194, "valence": 0.578, "tempo": 159.026, "duration_ms": 181321, "time_signature": 4}, {"uri": "spotify:track:3o9Z91s2Ih6gSWmnhxAZP0", "name": "Questions (feat. Samia)", "artist": "Sister James", "popularity": 24, "danceability": 0.345, "energy": 0.517, "key": 4, "loudness": -6.916, "mode": 1, "speechiness": 0.042, "acousticness": 0.0219, "instrumentalness": 0.0728, "liveness": 0.189, "valence": 0.398, "tempo": 144.015, "duration_ms": 249823, "time_signature": 1}, {"uri": "spotify:track:0bmWtNtKKNnYci5RkDR6K5", "name": "If You Only Knew Your Way", "artist": "The Vultures", "popularity": 23, "danceability": 0.39, "energy": 0.879, "key": 2, "loudness": -6.839, "mode": 0, "speechiness": 0.0738, "acousticness": 0.0571, "instrumentalness": 0.000982, "liveness": 0.373, "valence": 0.382, "tempo": 159.916, "duration_ms": 226706, "time_signature": 4}, {"uri": "spotify:track:1ZQhNarBCMq2ck9gON0VC1", "name": "ghosts", "artist": "allie", "popularity": 25, "danceability": 0.304, "energy": 0.798, "key": 7, "loudness": -3.942, "mode": 1, "speechiness": 0.0408, "acousticness": 0.048, "instrumentalness": 0.00948, "liveness": 0.158, "valence": 0.187, "tempo": 154.014, "duration_ms": 245203, "time_signature": 4}, {"uri": "spotify:track:7CBlFXSvWAlxL0UDf8PbAE", "name": "Failing Upwards", "artist": "Deanna Petcoff", "popularity": 19, "danceability": 0.513, "energy": 0.693, "key": 5, "loudness": -7.468, "mode": 1, "speechiness": 0.0284, "acousticness": 0.143, "instrumentalness": 4.66e-06, "liveness": 0.0803, "valence": 0.654, "tempo": 166.086, "duration_ms": 246000, "time_signature": 4}, {"uri": "spotify:track:1J1925GGyVXBlrgyBJ78Po", "name": "Immediately", "artist": "Stay Lunar", "popularity": 30, "danceability": 0.494, "energy": 0.784, "key": 9, "loudness": -4.817, "mode": 1, "speechiness": 0.0268, "acousticness": 0.000109, "instrumentalness": 0.772, "liveness": 0.201, "valence": 0.485, "tempo": 141.98, "duration_ms": 187186, "time_signature": 4}, {"uri": "spotify:track:4eTHFGmZZsQt1eXSowuDIR", "name": "Hungover", "artist": "Baby Bulldog", "popularity": 21, "danceability": 0.49, "energy": 0.86, "key": 2, "loudness": -8.317, "mode": 1, "speechiness": 0.0684, "acousticness": 0.000761, "instrumentalness": 0.00691, "liveness": 0.404, "valence": 0.285, "tempo": 84.995, "duration_ms": 138573, "time_signature": 4}, {"uri": "spotify:track:5rkJXbeDMHVie22X01dUzs", "name": "I'm Going Wild!", "artist": "Dejima", "popularity": 25, "danceability": 0.609, "energy": 0.515, "key": 9, "loudness": -10.862, "mode": 1, "speechiness": 0.0305, "acousticness": 0.0123, "instrumentalness": 0.366, "liveness": 0.271, "valence": 0.615, "tempo": 120.018, "duration_ms": 202397, "time_signature": 4}, {"uri": "spotify:track:6HpelWP42NVal2WShBobNt", "name": "Wired/Weird", "artist": "Beige Banquet", "popularity": 26, "danceability": 0.648, "energy": 0.95, "key": 1, "loudness": -4.829, "mode": 1, "speechiness": 0.101, "acousticness": 0.00227, "instrumentalness": 0.776, "liveness": 0.0413, "valence": 0.675, "tempo": 172.022, "duration_ms": 219053, "time_signature": 4}, {"uri": "spotify:track:2Qzyy2BqKa5u2A7lmhJG3H", "name": "Drink Outside", "artist": "Glad Sisifus", "popularity": 26, "danceability": 0.65, "energy": 0.671, "key": 9, "loudness": -7.322, "mode": 1, "speechiness": 0.0277, "acousticness": 0.223, "instrumentalness": 0.866, "liveness": 0.125, "valence": 0.279, "tempo": 134.962, "duration_ms": 240000, "time_signature": 4}, {"uri": "spotify:track:41xN0UCyKSPs4TI3h7x2S4", "name": "Ya est\u00e1", "artist": "La Paloma", "popularity": 31, "danceability": 0.478, "energy": 0.937, "key": 9, "loudness": -6.879, "mode": 1, "speechiness": 0.05, "acousticness": 0.00693, "instrumentalness": 0.84, "liveness": 0.134, "valence": 0.0849, "tempo": 138.96, "duration_ms": 181100, "time_signature": 4}, {"uri": "spotify:track:5DnK66CYWlvBqWBHhAZUtV", "name": "Fool in Love", "artist": "Fabianossa", "popularity": 24, "danceability": 0.527, "energy": 0.801, "key": 1, "loudness": -8.498, "mode": 0, "speechiness": 0.0638, "acousticness": 0.162, "instrumentalness": 0.0435, "liveness": 0.351, "valence": 0.76, "tempo": 156.09, "duration_ms": 192120, "time_signature": 4}, {"uri": "spotify:track:2BYqJBHBGQ9XQsCWbvEdJh", "name": "Shrug", "artist": "Rat Tally", "popularity": 23, "danceability": 0.446, "energy": 0.373, "key": 0, "loudness": -9.192, "mode": 1, "speechiness": 0.0312, "acousticness": 0.0949, "instrumentalness": 2.13e-06, "liveness": 0.116, "valence": 0.201, "tempo": 144.073, "duration_ms": 151257, "time_signature": 4}, {"uri": "spotify:track:2ye4uPcrPxrFGduWbNs61n", "name": "Cold Water", "artist": "Moaning Lisa", "popularity": 27, "danceability": 0.447, "energy": 0.733, "key": 11, "loudness": -5.325, "mode": 1, "speechiness": 0.0457, "acousticness": 0.00207, "instrumentalness": 0.0862, "liveness": 0.127, "valence": 0.283, "tempo": 106.0, "duration_ms": 220547, "time_signature": 4}, {"uri": "spotify:track:1a2rkkSxS9IZqeHT4OxsTU", "name": "Tamaryn (Wherever I Am)", "artist": "RINSE", "popularity": 23, "danceability": 0.477, "energy": 0.846, "key": 8, "loudness": -6.967, "mode": 1, "speechiness": 0.0331, "acousticness": 0.000619, "instrumentalness": 0.000658, "liveness": 0.0963, "valence": 0.713, "tempo": 150.039, "duration_ms": 258185, "time_signature": 4}, {"uri": "spotify:track:0acXuhdDyDzyiR021H8a45", "name": "Stretch", "artist": "Breathe Panel", "popularity": 23, "danceability": 0.663, "energy": 0.542, "key": 1, "loudness": -10.574, "mode": 0, "speechiness": 0.0294, "acousticness": 0.0194, "instrumentalness": 0.532, "liveness": 0.165, "valence": 0.407, "tempo": 122.963, "duration_ms": 131196, "time_signature": 4}, {"uri": "spotify:track:5oFjLcYgnGFA9SY5rz5HSK", "name": "I Can't Dance", "artist": "My Idea", "popularity": 26, "danceability": 0.58, "energy": 0.891, "key": 7, "loudness": -4.697, "mode": 1, "speechiness": 0.043, "acousticness": 0.205, "instrumentalness": 0.0075, "liveness": 0.166, "valence": 0.968, "tempo": 169.963, "duration_ms": 148777, "time_signature": 4}, {"uri": "spotify:track:3Mdx0JOsOWRI76zIwZKEyL", "name": "Better Each Day", "artist": "NOBRO", "popularity": 38, "danceability": 0.389, "energy": 0.778, "key": 9, "loudness": -6.933, "mode": 1, "speechiness": 0.0946, "acousticness": 0.000133, "instrumentalness": 0.000315, "liveness": 0.135, "valence": 0.174, "tempo": 168.089, "duration_ms": 184078, "time_signature": 4}, {"uri": "spotify:track:0es6ZsuRTT1sUjiRmmiDcO", "name": "Vienna", "artist": "Weird Milk", "popularity": 26, "danceability": 0.598, "energy": 0.716, "key": 0, "loudness": -6.522, "mode": 1, "speechiness": 0.0397, "acousticness": 0.0823, "instrumentalness": 0, "liveness": 0.0455, "valence": 0.66, "tempo": 129.85, "duration_ms": 177627, "time_signature": 4}, {"uri": "spotify:track:00ykdUKhS7JGeG42coRDtr", "name": "Foolish", "artist": "Pop Zeus", "popularity": 20, "danceability": 0.392, "energy": 0.885, "key": 9, "loudness": -4.702, "mode": 1, "speechiness": 0.0567, "acousticness": 0.00518, "instrumentalness": 0.598, "liveness": 0.0794, "valence": 0.481, "tempo": 103.493, "duration_ms": 199625, "time_signature": 4}, {"uri": "spotify:track:3oE4zL430c18NuiRWDHRLY", "name": "f*ck everything! - Spotify Singles (feat. The Drums)", "artist": "EKKSTACY", "popularity": 54, "danceability": 0.538, "energy": 0.722, "key": 8, "loudness": -6.67, "mode": 0, "speechiness": 0.029, "acousticness": 0.0155, "instrumentalness": 0.24, "liveness": 0.687, "valence": 0.535, "tempo": 144.976, "duration_ms": 181828, "time_signature": 4}, {"uri": "spotify:track:25n4n4LGN9yYEgAW57veos", "name": "Potions", "artist": "Lionel Boy", "popularity": 26, "danceability": 0.768, "energy": 0.412, "key": 11, "loudness": -8.691, "mode": 1, "speechiness": 0.0363, "acousticness": 0.00732, "instrumentalness": 0.0394, "liveness": 0.114, "valence": 0.609, "tempo": 118.012, "duration_ms": 209080, "time_signature": 4}, {"uri": "spotify:track:75RFwKV6wjJiCQmuoUY69f", "name": "Impostor", "artist": "Miss Grit", "popularity": 36, "danceability": 0.323, "energy": 0.672, "key": 4, "loudness": -7.079, "mode": 1, "speechiness": 0.0386, "acousticness": 0.269, "instrumentalness": 0.217, "liveness": 0.198, "valence": 0.0545, "tempo": 148.143, "duration_ms": 265836, "time_signature": 4}, {"uri": "spotify:track:1WaKD5cNCYS7EgcJETMh2g", "name": "Patch", "artist": "Valley Palace", "popularity": 34, "danceability": 0.534, "energy": 0.739, "key": 9, "loudness": -8.863, "mode": 1, "speechiness": 0.0292, "acousticness": 0.434, "instrumentalness": 0.814, "liveness": 0.288, "valence": 0.345, "tempo": 159.993, "duration_ms": 219200, "time_signature": 4}]