[{"uri": "spotify:track:6nTcn8CybBcx0t7IaXEJ6O", "name": "Thank God I Found You (feat. Joe & Nas) - Make It Last Remix Edit", "artist": "Mariah Carey", "popularity": 61, "danceability": 0.608, "energy": 0.76, "key": 4, "loudness": -5.851, "mode": 0, "speechiness": 0.242, "acousticness": 0.0129, "instrumentalness": 0, "liveness": 0.332, "valence": 0.366, "tempo": 168.211, "duration_ms": 251640, "time_signature": 4}, {"uri": "spotify:track:3X3XuCPTC95ARm9SguWsIa", "name": "Sweet Thing", "artist": "Mary J. Blige", "popularity": 56, "danceability": 0.69, "energy": 0.651, "key": 9, "loudness": -7.86, "mode": 1, "speechiness": 0.101, "acousticness": 0.343, "instrumentalness": 9.56e-05, "liveness": 0.178, "valence": 0.691, "tempo": 79.305, "duration_ms": 225333, "time_signature": 4}, {"uri": "spotify:track:0gulcKLqxL9snU2S31Lucp", "name": "If Only You Knew", "artist": "SWV", "popularity": 0, "danceability": 0.537, "energy": 0.529, "key": 4, "loudness": -5.42, "mode": 1, "speechiness": 0.0341, "acousticness": 0.645, "instrumentalness": 2.32e-05, "liveness": 0.13, "valence": 0.238, "tempo": 129.852, "duration_ms": 310573, "time_signature": 4}, {"uri": "spotify:track:4o1E2c0ye1RlIJJqOM0dqP", "name": "Knocks Me Off My Feet", "artist": "Donell Jones", "popularity": 58, "danceability": 0.469, "energy": 0.594, "key": 7, "loudness": -8.209, "mode": 1, "speechiness": 0.0403, "acousticness": 0.0663, "instrumentalness": 0, "liveness": 0.0806, "valence": 0.485, "tempo": 167.223, "duration_ms": 222760, "time_signature": 4}, {"uri": "spotify:track:0bL1x6Y2OvJZbkB1B7o83u", "name": "Love Don't Live Here Anymore", "artist": "Faith Evans", "popularity": 44, "danceability": 0.4, "energy": 0.469, "key": 11, "loudness": -10.742, "mode": 0, "speechiness": 0.0577, "acousticness": 0.0571, "instrumentalness": 0.000108, "liveness": 0.0954, "valence": 0.384, "tempo": 82.281, "duration_ms": 257720, "time_signature": 4}, {"uri": "spotify:track:1KFHD2MK0wQADYddeed7Qf", "name": "Sending My Love - Spotify Singles", "artist": "Chloe x Halle", "popularity": 54, "danceability": 0.578, "energy": 0.599, "key": 4, "loudness": -8.692, "mode": 0, "speechiness": 0.0402, "acousticness": 0.0339, "instrumentalness": 0, "liveness": 0.286, "valence": 0.475, "tempo": 95.005, "duration_ms": 173206, "time_signature": 4}, {"uri": "spotify:track:3OWjkfq3mlexSVFAGamhhr", "name": "Zoom", "artist": "Big Bub", "popularity": 43, "danceability": 0.723, "energy": 0.387, "key": 6, "loudness": -6.373, "mode": 1, "speechiness": 0.0348, "acousticness": 0.141, "instrumentalness": 0.000288, "liveness": 0.0229, "valence": 0.535, "tempo": 82.047, "duration_ms": 355800, "time_signature": 4}, {"uri": "spotify:track:5X3012Ox7FlfpxsiTHuy0o", "name": "What You Won't Do For Love", "artist": "Terrace Martin", "popularity": 39, "danceability": 0.597, "energy": 0.478, "key": 1, "loudness": -9.75, "mode": 1, "speechiness": 0.04, "acousticness": 0.0138, "instrumentalness": 0.000148, "liveness": 0.155, "valence": 0.387, "tempo": 82.107, "duration_ms": 349760, "time_signature": 4}, {"uri": "spotify:track:4dIlsObD9oacRCF9hJloyA", "name": "So Amazing", "artist": "Beyonc\u00e9", "popularity": 46, "danceability": 0.594, "energy": 0.566, "key": 3, "loudness": -6.795, "mode": 0, "speechiness": 0.0406, "acousticness": 0.379, "instrumentalness": 0, "liveness": 0.235, "valence": 0.277, "tempo": 128.63, "duration_ms": 250400, "time_signature": 4}, {"uri": "spotify:track:7iAkNtFdZ07C7a7gFVDbRz", "name": "Don't Disturb This Groove", "artist": "Meshell Ndegeocello", "popularity": 53, "danceability": 0.375, "energy": 0.668, "key": 11, "loudness": -9.22, "mode": 0, "speechiness": 0.0659, "acousticness": 0.129, "instrumentalness": 0.305, "liveness": 0.114, "valence": 0.505, "tempo": 79.846, "duration_ms": 277986, "time_signature": 4}, {"uri": "spotify:track:3v5YKvxegZyG6TJwK1loMA", "name": "Song For You", "artist": "Avery Wilson", "popularity": 43, "danceability": 0.326, "energy": 0.353, "key": 5, "loudness": -6.435, "mode": 1, "speechiness": 0.0334, "acousticness": 0.864, "instrumentalness": 0, "liveness": 0.14, "valence": 0.151, "tempo": 92.736, "duration_ms": 329464, "time_signature": 4}, {"uri": "spotify:track:375jahpbHbxrCsuxMURdEm", "name": "Stop, Look, Listen To Your Heart", "artist": "Will Downing", "popularity": 0, "danceability": 0.61, "energy": 0.332, "key": 8, "loudness": -12.16, "mode": 1, "speechiness": 0.0306, "acousticness": 0.583, "instrumentalness": 0.00504, "liveness": 0.12, "valence": 0.286, "tempo": 71.979, "duration_ms": 221493, "time_signature": 4}, {"uri": "spotify:track:5j5v5wfw1O7g5iLCq10wAP", "name": "My First Love", "artist": "Avant", "popularity": 41, "danceability": 0.558, "energy": 0.371, "key": 11, "loudness": -8.336, "mode": 0, "speechiness": 0.0314, "acousticness": 0.0218, "instrumentalness": 1.08e-06, "liveness": 0.158, "valence": 0.417, "tempo": 63.02, "duration_ms": 266760, "time_signature": 4}, {"uri": "spotify:track:5KNAsnZJ0g3hNvIJFvkHzI", "name": "Ribbon in the Sky", "artist": "Intro", "popularity": 48, "danceability": 0.692, "energy": 0.465, "key": 8, "loudness": -14.921, "mode": 1, "speechiness": 0.0298, "acousticness": 0.199, "instrumentalness": 1.16e-05, "liveness": 0.0997, "valence": 0.532, "tempo": 122.089, "duration_ms": 382640, "time_signature": 4}, {"uri": "spotify:track:2fdv8or6lmHe5KLTUvaJCD", "name": "How Sweet It Is (To Be Loved By You)", "artist": "Michael McDonald", "popularity": 33, "danceability": 0.568, "energy": 0.404, "key": 2, "loudness": -10.076, "mode": 0, "speechiness": 0.104, "acousticness": 0.326, "instrumentalness": 0, "liveness": 0.105, "valence": 0.396, "tempo": 76.912, "duration_ms": 319200, "time_signature": 4}, {"uri": "spotify:track:0loJyuSFr6vVPBQSmLLrrQ", "name": "How Deep Is Your Love", "artist": "PJ Morton", "popularity": 72, "danceability": 0.796, "energy": 0.459, "key": 8, "loudness": -7.716, "mode": 0, "speechiness": 0.0443, "acousticness": 0.705, "instrumentalness": 1.15e-05, "liveness": 0.0605, "valence": 0.767, "tempo": 88.0, "duration_ms": 197082, "time_signature": 4}, {"uri": "spotify:track:6eCeCP4MhQGPNAKPi6YD9p", "name": "Love's In Need Of Love Today", "artist": "Kevin Ross", "popularity": 52, "danceability": 0.57, "energy": 0.525, "key": 5, "loudness": -9.156, "mode": 0, "speechiness": 0.0818, "acousticness": 0.507, "instrumentalness": 0, "liveness": 0.143, "valence": 0.152, "tempo": 94.881, "duration_ms": 252697, "time_signature": 4}, {"uri": "spotify:track:4tQXXFad6eReU2jDjE9UuP", "name": "Love Me in a Special Way", "artist": "Tamia", "popularity": 40, "danceability": 0.519, "energy": 0.58, "key": 0, "loudness": -5.214, "mode": 1, "speechiness": 0.0419, "acousticness": 0.231, "instrumentalness": 0, "liveness": 0.108, "valence": 0.173, "tempo": 136.019, "duration_ms": 290427, "time_signature": 4}, {"uri": "spotify:track:750vuAyjSZGt53r570s8ML", "name": "As", "artist": "Marsha Ambrosius", "popularity": 43, "danceability": 0.376, "energy": 0.343, "key": 5, "loudness": -9.022, "mode": 1, "speechiness": 0.0303, "acousticness": 0.673, "instrumentalness": 0, "liveness": 0.198, "valence": 0.169, "tempo": 129.759, "duration_ms": 331133, "time_signature": 4}, {"uri": "spotify:track:6ZrEsTv8IYRg0U0hUoo2j1", "name": "Footsteps in the Dark Pts. 1 & 2", "artist": "SiR", "popularity": 55, "danceability": 0.728, "energy": 0.543, "key": 6, "loudness": -7.64, "mode": 0, "speechiness": 0.088, "acousticness": 0.144, "instrumentalness": 0.00121, "liveness": 0.0408, "valence": 0.718, "tempo": 161.975, "duration_ms": 317992, "time_signature": 4}, {"uri": "spotify:track:0VdSyCb1n7F5G0XkePzAlf", "name": "Slow Jam (feat. Monica)", "artist": "Usher", "popularity": 47, "danceability": 0.701, "energy": 0.457, "key": 8, "loudness": -8.562, "mode": 0, "speechiness": 0.0311, "acousticness": 0.0138, "instrumentalness": 0, "liveness": 0.054, "valence": 0.298, "tempo": 127.925, "duration_ms": 283093, "time_signature": 4}, {"uri": "spotify:track:5hIljtQ1fRvDRc1aHdhwWK", "name": "Lately", "artist": "Jodeci", "popularity": 0, "danceability": 0.377, "energy": 0.315, "key": 1, "loudness": -12.641, "mode": 1, "speechiness": 0.0619, "acousticness": 0.631, "instrumentalness": 0, "liveness": 0.946, "valence": 0.27, "tempo": 126.168, "duration_ms": 373627, "time_signature": 4}, {"uri": "spotify:track:2QLX7wEeFwt3icCHi041CJ", "name": "Love Won't Let Me Wait", "artist": "John Legend", "popularity": 38, "danceability": 0.599, "energy": 0.583, "key": 8, "loudness": -6.719, "mode": 1, "speechiness": 0.0253, "acousticness": 0.0314, "instrumentalness": 0, "liveness": 0.128, "valence": 0.373, "tempo": 124.26, "duration_ms": 233813, "time_signature": 4}, {"uri": "spotify:track:3o9PU86yJAeojzW69KdLh6", "name": "Can't Hide Love - Live At The Jazz Cafe, London/1995", "artist": "D'Angelo", "popularity": 11, "danceability": 0.524, "energy": 0.703, "key": 0, "loudness": -5.256, "mode": 0, "speechiness": 0.0887, "acousticness": 0.119, "instrumentalness": 1.69e-06, "liveness": 0.359, "valence": 0.488, "tempo": 79.348, "duration_ms": 236667, "time_signature": 4}, {"uri": "spotify:track:5UzPW8HC6slxstdRbV3Kcp", "name": "Open Your Eyes", "artist": "Dwele", "popularity": 0, "danceability": 0.583, "energy": 0.378, "key": 2, "loudness": -9.619, "mode": 1, "speechiness": 0.039, "acousticness": 0.259, "instrumentalness": 0.000942, "liveness": 0.0755, "valence": 0.331, "tempo": 94.938, "duration_ms": 201267, "time_signature": 4}, {"uri": "spotify:track:0aqVhoenCvorCVcEZEfiLS", "name": "Sara Smile", "artist": "After 7", "popularity": 52, "danceability": 0.705, "energy": 0.55, "key": 0, "loudness": -6.276, "mode": 0, "speechiness": 0.0413, "acousticness": 0.0881, "instrumentalness": 1.25e-06, "liveness": 0.0549, "valence": 0.627, "tempo": 137.977, "duration_ms": 272333, "time_signature": 4}, {"uri": "spotify:track:2alDGjN4yjJgkSSeoCCGae", "name": "Superwoman", "artist": "Donny Hathaway", "popularity": 40, "danceability": 0.378, "energy": 0.26, "key": 9, "loudness": -13.814, "mode": 1, "speechiness": 0.0363, "acousticness": 0.839, "instrumentalness": 0.0304, "liveness": 0.715, "valence": 0.166, "tempo": 94.311, "duration_ms": 402587, "time_signature": 4}, {"uri": "spotify:track:33LLMc7LEuf4tc8h0NzhvC", "name": "'Til My Baby Comes Home", "artist": "Fantasia", "popularity": 33, "danceability": 0.748, "energy": 0.815, "key": 6, "loudness": -4.873, "mode": 0, "speechiness": 0.102, "acousticness": 0.246, "instrumentalness": 0, "liveness": 0.547, "valence": 0.848, "tempo": 128.07, "duration_ms": 278480, "time_signature": 4}, {"uri": "spotify:track:7q83jvO3GjbyS7FnHoM1f2", "name": "Love Changes (feat. Mary J. Blige)", "artist": "Jamie Foxx", "popularity": 43, "danceability": 0.698, "energy": 0.649, "key": 1, "loudness": -6.73, "mode": 1, "speechiness": 0.242, "acousticness": 0.0519, "instrumentalness": 2.16e-06, "liveness": 0.28, "valence": 0.583, "tempo": 77.981, "duration_ms": 270733, "time_signature": 4}, {"uri": "spotify:track:0lgnI9taHYt4AJlISFD5wv", "name": "What's Going On - Live At Spotify, NY/2012", "artist": "Allen Stone", "popularity": 0, "danceability": 0.541, "energy": 0.588, "key": 2, "loudness": -9.314, "mode": 1, "speechiness": 0.154, "acousticness": 0.703, "instrumentalness": 0, "liveness": 0.695, "valence": 0.746, "tempo": 82.891, "duration_ms": 281560, "time_signature": 4}, {"uri": "spotify:track:1blZP5x1XQSqQFpTy12rFh", "name": "This Is for the Lover In You (feat. LL Cool J, Howard Hewett, Jody Watley & Jeffrey Daniels)", "artist": "Babyface", "popularity": 49, "danceability": 0.887, "energy": 0.416, "key": 1, "loudness": -7.346, "mode": 1, "speechiness": 0.0518, "acousticness": 0.0295, "instrumentalness": 1.06e-05, "liveness": 0.066, "valence": 0.761, "tempo": 94.013, "duration_ms": 239733, "time_signature": 4}, {"uri": "spotify:track:3evLDlldkPh1TO9XDrNFv1", "name": "Visions", "artist": "Musiq Soulchild", "popularity": 33, "danceability": 0.457, "energy": 0.37, "key": 4, "loudness": -9.703, "mode": 0, "speechiness": 0.03, "acousticness": 0.47, "instrumentalness": 0, "liveness": 0.116, "valence": 0.179, "tempo": 125.814, "duration_ms": 334693, "time_signature": 4}, {"uri": "spotify:track:4s4B4L94OJcz66RJpuqfjy", "name": "Since I Lost My Baby", "artist": "Angie Stone", "popularity": 34, "danceability": 0.708, "energy": 0.435, "key": 1, "loudness": -8.772, "mode": 1, "speechiness": 0.0537, "acousticness": 0.213, "instrumentalness": 0, "liveness": 0.03, "valence": 0.504, "tempo": 131.841, "duration_ms": 322360, "time_signature": 4}, {"uri": "spotify:track:1KcxXt4Jy9Az9Wizs5Z6pF", "name": "Yearning For Your Love", "artist": "Guy", "popularity": 0, "danceability": 0.609, "energy": 0.42, "key": 2, "loudness": -13.499, "mode": 1, "speechiness": 0.0326, "acousticness": 0.0279, "instrumentalness": 1.06e-05, "liveness": 0.302, "valence": 0.577, "tempo": 85.945, "duration_ms": 296067, "time_signature": 4}, {"uri": "spotify:track:2QptbtUWMta6rpuoXeO0ap", "name": "You And I", "artist": "O'Bryan", "popularity": 45, "danceability": 0.712, "energy": 0.333, "key": 5, "loudness": -16.781, "mode": 1, "speechiness": 0.0462, "acousticness": 0.836, "instrumentalness": 0.00737, "liveness": 0.151, "valence": 0.606, "tempo": 141.329, "duration_ms": 238693, "time_signature": 4}]