[{"uri": "spotify:track:7MRyJPksH3G2cXHN8UKYzP", "name": "American Girl", "artist": "Tom Petty and the Heartbreakers", "popularity": 75, "danceability": 0.55, "energy": 0.824, "key": 2, "loudness": -5.988, "mode": 1, "speechiness": 0.0334, "acousticness": 0.448, "instrumentalness": 0.000127, "liveness": 0.366, "valence": 0.777, "tempo": 114.512, "duration_ms": 214733, "time_signature": 4}, {"uri": "spotify:track:3dmqIB2Qxe2XZobw9gXxJ6", "name": "Mary Jane's Last Dance", "artist": "Tom Petty and the Heartbreakers", "popularity": 74, "danceability": 0.464, "energy": 0.655, "key": 7, "loudness": -9.058, "mode": 0, "speechiness": 0.0608, "acousticness": 0.0272, "instrumentalness": 1.34e-06, "liveness": 0.328, "valence": 0.531, "tempo": 169.515, "duration_ms": 273600, "time_signature": 4}, {"uri": "spotify:track:17S4XrLvF5jlGvGCJHgF51", "name": "Learning To Fly", "artist": "Tom Petty and the Heartbreakers", "popularity": 73, "danceability": 0.651, "energy": 0.766, "key": 0, "loudness": -9.935, "mode": 1, "speechiness": 0.0299, "acousticness": 0.206, "instrumentalness": 0.00103, "liveness": 0.362, "valence": 0.949, "tempo": 116.74, "duration_ms": 242107, "time_signature": 4}, {"uri": "spotify:track:4mcZYzoGwPRDdhWVlygiHf", "name": "Refugee", "artist": "Tom Petty and the Heartbreakers", "popularity": 66, "danceability": 0.579, "energy": 0.705, "key": 6, "loudness": -4.911, "mode": 0, "speechiness": 0.0339, "acousticness": 0.0273, "instrumentalness": 0, "liveness": 0.0704, "valence": 0.761, "tempo": 116.173, "duration_ms": 201693, "time_signature": 4}, {"uri": "spotify:track:5x53pbGk6sbl1BGom19QQ5", "name": "Breakdown", "artist": "Tom Petty and the Heartbreakers", "popularity": 64, "danceability": 0.625, "energy": 0.35, "key": 9, "loudness": -8.395, "mode": 0, "speechiness": 0.0436, "acousticness": 0.398, "instrumentalness": 6.76e-05, "liveness": 0.123, "valence": 0.69, "tempo": 113.688, "duration_ms": 163893, "time_signature": 4}, {"uri": "spotify:track:3BSoskNONnjn05yRO2tYFX", "name": "Don't Come Around Here No More", "artist": "Tom Petty and the Heartbreakers", "popularity": 58, "danceability": 0.502, "energy": 0.54, "key": 10, "loudness": -15.93, "mode": 1, "speechiness": 0.0318, "acousticness": 0.00105, "instrumentalness": 0.00849, "liveness": 0.243, "valence": 0.922, "tempo": 160.531, "duration_ms": 307333, "time_signature": 4}, {"uri": "spotify:track:63xBnyUVKIupzjHno4wFs3", "name": "Into The Great Wide Open", "artist": "Tom Petty and the Heartbreakers", "popularity": 58, "danceability": 0.608, "energy": 0.583, "key": 4, "loudness": -9.727, "mode": 0, "speechiness": 0.0235, "acousticness": 0.188, "instrumentalness": 0, "liveness": 0.129, "valence": 0.714, "tempo": 82.227, "duration_ms": 223333, "time_signature": 4}, {"uri": "spotify:track:5AzpZ5ADn1AFPxcEBd2Ugf", "name": "Don't Do Me Like That", "artist": "Tom Petty and the Heartbreakers", "popularity": 63, "danceability": 0.758, "energy": 0.805, "key": 0, "loudness": -4.243, "mode": 1, "speechiness": 0.0279, "acousticness": 0.211, "instrumentalness": 1.53e-05, "liveness": 0.0982, "valence": 0.961, "tempo": 116.543, "duration_ms": 161787, "time_signature": 4}, {"uri": "spotify:track:66LhCsc06aTa2Ig7iYPDSP", "name": "Stop Draggin' My Heart Around (with Tom Petty and The Heartbreakers) - 2016 Remaster", "artist": "Stevie Nicks", "popularity": 62, "danceability": 0.631, "energy": 0.597, "key": 4, "loudness": -7.382, "mode": 0, "speechiness": 0.026, "acousticness": 0.379, "instrumentalness": 0.00273, "liveness": 0.146, "valence": 0.665, "tempo": 107.26, "duration_ms": 244440, "time_signature": 4}, {"uri": "spotify:track:4ZA0EXmjnZIYguEMf0Mc88", "name": "The Waiting", "artist": "Tom Petty and the Heartbreakers", "popularity": 55, "danceability": 0.565, "energy": 0.923, "key": 2, "loudness": -4.535, "mode": 1, "speechiness": 0.0316, "acousticness": 0.0357, "instrumentalness": 0, "liveness": 0.354, "valence": 0.722, "tempo": 119.971, "duration_ms": 238493, "time_signature": 4}, {"uri": "spotify:track:5eMZ3EPIMGoWlrrVhxatdv", "name": "You Got Lucky", "artist": "Tom Petty and the Heartbreakers", "popularity": 54, "danceability": 0.687, "energy": 0.649, "key": 9, "loudness": -6.776, "mode": 0, "speechiness": 0.0273, "acousticness": 0.0381, "instrumentalness": 1.08e-05, "liveness": 0.043, "valence": 0.641, "tempo": 114.811, "duration_ms": 217960, "time_signature": 4}, {"uri": "spotify:track:685sEpLJe80Zzuxz3siOVT", "name": "Here Comes My Girl", "artist": "Tom Petty and the Heartbreakers", "popularity": 56, "danceability": 0.578, "energy": 0.734, "key": 4, "loudness": -6.09, "mode": 1, "speechiness": 0.0304, "acousticness": 0.0517, "instrumentalness": 0.233, "liveness": 0.165, "valence": 0.373, "tempo": 104.851, "duration_ms": 264453, "time_signature": 4}, {"uri": "spotify:track:2iW5uc25ziGLlNMqdhFJad", "name": "Listen to Her Heart", "artist": "Tom Petty and the Heartbreakers", "popularity": 51, "danceability": 0.481, "energy": 0.906, "key": 9, "loudness": -3.705, "mode": 1, "speechiness": 0.0349, "acousticness": 0.334, "instrumentalness": 0.603, "liveness": 0.043, "valence": 0.364, "tempo": 127.955, "duration_ms": 184960, "time_signature": 4}, {"uri": "spotify:track:5SdMXQmfV4OZx5O05986d3", "name": "Even The Losers", "artist": "Tom Petty and the Heartbreakers", "popularity": 49, "danceability": 0.47, "energy": 0.703, "key": 2, "loudness": -8.223, "mode": 1, "speechiness": 0.0298, "acousticness": 0.0107, "instrumentalness": 0.00169, "liveness": 0.375, "valence": 0.714, "tempo": 131.336, "duration_ms": 218667, "time_signature": 4}, {"uri": "spotify:track:4SazNxh9XSYD65EHiv2ZTx", "name": "For Real", "artist": "Tom Petty and the Heartbreakers", "popularity": 41, "danceability": 0.721, "energy": 0.304, "key": 5, "loudness": -9.476, "mode": 0, "speechiness": 0.0257, "acousticness": 0.292, "instrumentalness": 0.00594, "liveness": 0.111, "valence": 0.504, "tempo": 95.15, "duration_ms": 231947, "time_signature": 4}, {"uri": "spotify:track:3BFOW7dc6oxzuEPWKsESTI", "name": "Good Enough", "artist": "Tom Petty and the Heartbreakers", "popularity": 39, "danceability": 0.398, "energy": 0.605, "key": 4, "loudness": -5.057, "mode": 0, "speechiness": 0.0257, "acousticness": 0.0453, "instrumentalness": 0.0238, "liveness": 0.11, "valence": 0.189, "tempo": 81.963, "duration_ms": 350733, "time_signature": 3}, {"uri": "spotify:track:26TpLkciA8vz3kAvSI5tHG", "name": "I Need to Know", "artist": "Tom Petty and the Heartbreakers", "popularity": 51, "danceability": 0.518, "energy": 0.919, "key": 4, "loudness": -4.721, "mode": 0, "speechiness": 0.0285, "acousticness": 0.011, "instrumentalness": 0.181, "liveness": 0.196, "valence": 0.752, "tempo": 154.097, "duration_ms": 144173, "time_signature": 4}, {"uri": "spotify:track:18N4jiKRHtC5v5bgMtFeUF", "name": "It'll All Work Out", "artist": "Tom Petty and the Heartbreakers", "popularity": 41, "danceability": 0.583, "energy": 0.268, "key": 7, "loudness": -17.829, "mode": 1, "speechiness": 0.0306, "acousticness": 0.73, "instrumentalness": 5.61e-05, "liveness": 0.335, "valence": 0.459, "tempo": 136.619, "duration_ms": 191533, "time_signature": 3}, {"uri": "spotify:track:1cCgMDoG3qn71Z2f9WwO8L", "name": "The Best Of Everything - Alternate Version / Extra Verse", "artist": "Tom Petty and the Heartbreakers", "popularity": 40, "danceability": 0.515, "energy": 0.49, "key": 7, "loudness": -6.275, "mode": 1, "speechiness": 0.0248, "acousticness": 0.232, "instrumentalness": 0, "liveness": 0.188, "valence": 0.41, "tempo": 83.003, "duration_ms": 325760, "time_signature": 4}, {"uri": "spotify:track:53DoKGKHCae8SekXxqUqys", "name": "Something Good Coming", "artist": "Tom Petty and the Heartbreakers", "popularity": 41, "danceability": 0.336, "energy": 0.28, "key": 7, "loudness": -13.741, "mode": 1, "speechiness": 0.0322, "acousticness": 0.888, "instrumentalness": 0.00228, "liveness": 0.111, "valence": 0.162, "tempo": 147.644, "duration_ms": 250520, "time_signature": 3}, {"uri": "spotify:track:061NHZijloOmBvbujB72sm", "name": "105 Degrees", "artist": "Tom Petty and the Heartbreakers", "popularity": 47, "danceability": 0.511, "energy": 0.834, "key": 7, "loudness": -8.665, "mode": 1, "speechiness": 0.033, "acousticness": 0.00187, "instrumentalness": 0.000314, "liveness": 0.221, "valence": 0.623, "tempo": 127.231, "duration_ms": 190728, "time_signature": 4}, {"uri": "spotify:track:61ydRWnQ31DWFDqEj325nf", "name": "Something In The Air", "artist": "Tom Petty and the Heartbreakers", "popularity": 43, "danceability": 0.284, "energy": 0.686, "key": 4, "loudness": -8.467, "mode": 0, "speechiness": 0.0277, "acousticness": 0.00469, "instrumentalness": 2.04e-06, "liveness": 0.132, "valence": 0.599, "tempo": 184.221, "duration_ms": 196960, "time_signature": 4}, {"uri": "spotify:track:1bYjWWpROUmKeBSWb0b6Qr", "name": "So You Want To Be A Rock & Roll Star - Live At The Wiltern/1985", "artist": "Tom Petty and the Heartbreakers", "popularity": 38, "danceability": 0.341, "energy": 0.888, "key": 2, "loudness": -12.37, "mode": 1, "speechiness": 0.0541, "acousticness": 0.00422, "instrumentalness": 0.000313, "liveness": 0.957, "valence": 0.561, "tempo": 142.78, "duration_ms": 216500, "time_signature": 4}, {"uri": "spotify:track:0qyQKbbPLaG9FIENFTL7KY", "name": "I Should Have Known It", "artist": "Tom Petty and the Heartbreakers", "popularity": 40, "danceability": 0.262, "energy": 0.816, "key": 0, "loudness": -4.154, "mode": 1, "speechiness": 0.0352, "acousticness": 0.0357, "instrumentalness": 0.000105, "liveness": 0.347, "valence": 0.64, "tempo": 154.85, "duration_ms": 215613, "time_signature": 4}, {"uri": "spotify:track:5d3uVVKg38en0klxOycXJU", "name": "Climb That Hill", "artist": "Tom Petty and the Heartbreakers", "popularity": 30, "danceability": 0.555, "energy": 0.53, "key": 7, "loudness": -9.683, "mode": 1, "speechiness": 0.0256, "acousticness": 0.000537, "instrumentalness": 1.94e-05, "liveness": 0.0997, "valence": 0.3, "tempo": 99.958, "duration_ms": 235279, "time_signature": 4}, {"uri": "spotify:track:6QUppE7S4HgcfC3jZIcYlV", "name": "Southern Accents", "artist": "Tom Petty and the Heartbreakers", "popularity": 38, "danceability": 0.431, "energy": 0.0979, "key": 5, "loudness": -19.436, "mode": 1, "speechiness": 0.029, "acousticness": 0.623, "instrumentalness": 0.000617, "liveness": 0.109, "valence": 0.178, "tempo": 80.455, "duration_ms": 284773, "time_signature": 4}, {"uri": "spotify:track:0tFF03AX223mZHNmMhnBvQ", "name": "Angel Dream (No. 4)", "artist": "Tom Petty and the Heartbreakers", "popularity": 47, "danceability": 0.622, "energy": 0.783, "key": 4, "loudness": -10.336, "mode": 1, "speechiness": 0.0372, "acousticness": 0.0486, "instrumentalness": 0.00105, "liveness": 0.615, "valence": 0.663, "tempo": 111.609, "duration_ms": 147800, "time_signature": 4}, {"uri": "spotify:track:46kCzTrwMMjUh4By11wvxc", "name": "Two Gunslingers", "artist": "Tom Petty and the Heartbreakers", "popularity": 38, "danceability": 0.615, "energy": 0.747, "key": 11, "loudness": -9.525, "mode": 1, "speechiness": 0.0303, "acousticness": 0.441, "instrumentalness": 0, "liveness": 0.168, "valence": 0.714, "tempo": 118.067, "duration_ms": 189267, "time_signature": 4}, {"uri": "spotify:track:0UWhRKpZxLEUZhmku98WcH", "name": "Mary Jane's Last Dance", "artist": "Tom Petty and the Heartbreakers", "popularity": 45, "danceability": 0.422, "energy": 0.7, "key": 2, "loudness": -7.149, "mode": 1, "speechiness": 0.0555, "acousticness": 0.0487, "instrumentalness": 0, "liveness": 0.109, "valence": 0.616, "tempo": 168.207, "duration_ms": 271653, "time_signature": 4}, {"uri": "spotify:track:4GvvOEM5lQ3jVem8FrtrJ5", "name": "Supernatural Radio - Extended Version", "artist": "Tom Petty and the Heartbreakers", "popularity": 29, "danceability": 0.369, "energy": 0.391, "key": 9, "loudness": -11.154, "mode": 0, "speechiness": 0.0269, "acousticness": 0.00477, "instrumentalness": 4.26e-05, "liveness": 0.129, "valence": 0.258, "tempo": 72.576, "duration_ms": 363228, "time_signature": 4}, {"uri": "spotify:track:5yEpB2g3CbuVk4YmAkzkOK", "name": "Walls - Circus", "artist": "Tom Petty and the Heartbreakers", "popularity": 47, "danceability": 0.538, "energy": 0.763, "key": 5, "loudness": -5.238, "mode": 1, "speechiness": 0.0264, "acousticness": 0.0742, "instrumentalness": 3.54e-06, "liveness": 0.116, "valence": 0.384, "tempo": 100.837, "duration_ms": 265307, "time_signature": 4}, {"uri": "spotify:track:0zG6crJiKpE4IIxSOtZXZs", "name": "Dreamville", "artist": "Tom Petty and the Heartbreakers", "popularity": 30, "danceability": 0.513, "energy": 0.438, "key": 7, "loudness": -7.154, "mode": 1, "speechiness": 0.026, "acousticness": 0.237, "instrumentalness": 9.38e-05, "liveness": 0.0815, "valence": 0.287, "tempo": 156.059, "duration_ms": 227360, "time_signature": 4}, {"uri": "spotify:track:1yVRnCEy5qXzwwaWaq4NB9", "name": "All Or Nothin'", "artist": "Tom Petty and the Heartbreakers", "popularity": 35, "danceability": 0.533, "energy": 0.734, "key": 5, "loudness": -8.671, "mode": 0, "speechiness": 0.0319, "acousticness": 0.145, "instrumentalness": 0, "liveness": 0.663, "valence": 0.466, "tempo": 97.625, "duration_ms": 245733, "time_signature": 4}, {"uri": "spotify:track:5khakanIneOQaelzgiG7LK", "name": "Thirteen Days", "artist": "Tom Petty and the Heartbreakers", "popularity": 32, "danceability": 0.292, "energy": 0.572, "key": 9, "loudness": -9.084, "mode": 0, "speechiness": 0.0282, "acousticness": 0.0118, "instrumentalness": 9.6e-05, "liveness": 0.325, "valence": 0.425, "tempo": 185.61, "duration_ms": 215803, "time_signature": 3}, {"uri": "spotify:track:7qqxZi3lnnNNdoeUOwzN6g", "name": "Straight Into Darkness", "artist": "Tom Petty and the Heartbreakers", "popularity": 39, "danceability": 0.522, "energy": 0.917, "key": 5, "loudness": -5.509, "mode": 0, "speechiness": 0.0535, "acousticness": 0.00989, "instrumentalness": 1.66e-06, "liveness": 0.334, "valence": 0.467, "tempo": 123.333, "duration_ms": 229000, "time_signature": 4}, {"uri": "spotify:track:58ahUnsoJHF2fc2c0nHQS2", "name": "Wooden Heart - 2015 Remaster", "artist": "Tom Petty and the Heartbreakers", "popularity": 28, "danceability": 0.546, "energy": 0.332, "key": 7, "loudness": -10.882, "mode": 1, "speechiness": 0.0309, "acousticness": 0.205, "instrumentalness": 2.65e-05, "liveness": 0.273, "valence": 0.498, "tempo": 156.438, "duration_ms": 129347, "time_signature": 4}, {"uri": "spotify:track:0ge66NW3sKKgWW7eKQHnE0", "name": "Kings Highway", "artist": "Tom Petty and the Heartbreakers", "popularity": 40, "danceability": 0.485, "energy": 0.702, "key": 7, "loudness": -8.297, "mode": 1, "speechiness": 0.0335, "acousticness": 0.0638, "instrumentalness": 0, "liveness": 0.36, "valence": 0.701, "tempo": 133.742, "duration_ms": 186733, "time_signature": 4}, {"uri": "spotify:track:3PmB1b6IIlXyJFcB7pzsE9", "name": "Asshole", "artist": "Tom Petty and the Heartbreakers", "popularity": 30, "danceability": 0.564, "energy": 0.246, "key": 2, "loudness": -15.963, "mode": 1, "speechiness": 0.0279, "acousticness": 0.234, "instrumentalness": 0.000165, "liveness": 0.355, "valence": 0.377, "tempo": 147.42, "duration_ms": 191074, "time_signature": 4}, {"uri": "spotify:track:2rlhuKi3o7oySloqWw5TUa", "name": "U Get Me High", "artist": "Tom Petty and the Heartbreakers", "popularity": 39, "danceability": 0.612, "energy": 0.559, "key": 4, "loudness": -4.915, "mode": 1, "speechiness": 0.0264, "acousticness": 0.00118, "instrumentalness": 0.00837, "liveness": 0.13, "valence": 0.775, "tempo": 101.456, "duration_ms": 251853, "time_signature": 4}, {"uri": "spotify:track:0uUy3WK0JtTqhSFikqprgz", "name": "The Last DJ", "artist": "Tom Petty and the Heartbreakers", "popularity": 44, "danceability": 0.597, "energy": 0.76, "key": 9, "loudness": -3.94, "mode": 0, "speechiness": 0.0291, "acousticness": 0.0134, "instrumentalness": 7.9e-06, "liveness": 0.41, "valence": 0.498, "tempo": 131.772, "duration_ms": 227987, "time_signature": 4}, {"uri": "spotify:track:4BhTu6NjUUBOn62QnbQZGA", "name": "Friend of the Devil - Live", "artist": "Tom Petty and the Heartbreakers", "popularity": 34, "danceability": 0.251, "energy": 0.686, "key": 7, "loudness": -7.969, "mode": 1, "speechiness": 0.0313, "acousticness": 0.146, "instrumentalness": 0.000276, "liveness": 0.989, "valence": 0.628, "tempo": 171.958, "duration_ms": 341680, "time_signature": 4}, {"uri": "spotify:track:0l1P0R2Pzbq8OmUTD0Btsj", "name": "All The Wrong Reasons", "artist": "Tom Petty and the Heartbreakers", "popularity": 37, "danceability": 0.32, "energy": 0.523, "key": 5, "loudness": -8.728, "mode": 1, "speechiness": 0.0312, "acousticness": 0.338, "instrumentalness": 0, "liveness": 0.293, "valence": 0.524, "tempo": 158.004, "duration_ms": 225293, "time_signature": 4}, {"uri": "spotify:track:6LQ9h7vlBKg2AcPt5w1t2t", "name": "Change the Locks", "artist": "Tom Petty and the Heartbreakers", "popularity": 31, "danceability": 0.522, "energy": 0.458, "key": 2, "loudness": -10.271, "mode": 1, "speechiness": 0.0281, "acousticness": 0.00382, "instrumentalness": 0, "liveness": 0.455, "valence": 0.302, "tempo": 75.938, "duration_ms": 293661, "time_signature": 4}, {"uri": "spotify:track:5BKc1D4DKDRjAg37HT7vLD", "name": "Echo", "artist": "Tom Petty and the Heartbreakers", "popularity": 38, "danceability": 0.547, "energy": 0.56, "key": 0, "loudness": -6.319, "mode": 1, "speechiness": 0.0241, "acousticness": 0.0387, "instrumentalness": 3.46e-06, "liveness": 0.0632, "valence": 0.472, "tempo": 83.32, "duration_ms": 396773, "time_signature": 4}, {"uri": "spotify:track:1QN5cKoYlEkJ4aMBfqDqXe", "name": "Rebels", "artist": "Tom Petty and the Heartbreakers", "popularity": 46, "danceability": 0.57, "energy": 0.556, "key": 0, "loudness": -13.352, "mode": 1, "speechiness": 0.0302, "acousticness": 0.105, "instrumentalness": 1.94e-05, "liveness": 0.0574, "valence": 0.608, "tempo": 139.499, "duration_ms": 321693, "time_signature": 4}, {"uri": "spotify:track:2AX3BnBmNwR2lHZhkKvmXJ", "name": "Anything That's Rock 'n' Roll", "artist": "Tom Petty and the Heartbreakers", "popularity": 44, "danceability": 0.679, "energy": 0.709, "key": 11, "loudness": -5.427, "mode": 1, "speechiness": 0.0322, "acousticness": 0.211, "instrumentalness": 8.83e-06, "liveness": 0.339, "valence": 0.95, "tempo": 126.974, "duration_ms": 144027, "time_signature": 4}, {"uri": "spotify:track:47yw82GNS8dhab1nXfZSIx", "name": "Handle With Care - Live", "artist": "Tom Petty and the Heartbreakers", "popularity": 34, "danceability": 0.486, "energy": 0.868, "key": 7, "loudness": -4.873, "mode": 1, "speechiness": 0.0417, "acousticness": 0.322, "instrumentalness": 3.78e-06, "liveness": 0.971, "valence": 0.561, "tempo": 121.691, "duration_ms": 207068, "time_signature": 4}, {"uri": "spotify:track:61SdG3F3LncuuMLAS8oN6j", "name": "Swingin'", "artist": "Tom Petty and the Heartbreakers", "popularity": 47, "danceability": 0.405, "energy": 0.6, "key": 7, "loudness": -5.599, "mode": 1, "speechiness": 0.0254, "acousticness": 0.00472, "instrumentalness": 2.27e-06, "liveness": 0.29, "valence": 0.399, "tempo": 92.815, "duration_ms": 330307, "time_signature": 4}, {"uri": "spotify:track:5dfg1Piej2rQ0jwmwxo3kF", "name": "Louisiana Rain", "artist": "Tom Petty and the Heartbreakers", "popularity": 46, "danceability": 0.429, "energy": 0.551, "key": 7, "loudness": -6.638, "mode": 1, "speechiness": 0.0372, "acousticness": 0.218, "instrumentalness": 2.18e-06, "liveness": 0.312, "valence": 0.365, "tempo": 111.513, "duration_ms": 352413, "time_signature": 4}, {"uri": "spotify:track:2JnQvMvZyV8c2fiLMKHZ80", "name": "Red River", "artist": "Tom Petty and the Heartbreakers", "popularity": 36, "danceability": 0.596, "energy": 0.728, "key": 9, "loudness": -5.275, "mode": 0, "speechiness": 0.0278, "acousticness": 0.0811, "instrumentalness": 1.53e-06, "liveness": 0.452, "valence": 0.551, "tempo": 114.945, "duration_ms": 239693, "time_signature": 4}]