[{"uri": "spotify:track:02M6vucOvmRfMxTXDUwRXu", "name": "7/11", "artist": "Beyonc\u00e9", "popularity": 72, "danceability": 0.747, "energy": 0.705, "key": 9, "loudness": -5.137, "mode": 0, "speechiness": 0.126, "acousticness": 0.0128, "instrumentalness": 0, "liveness": 0.126, "valence": 0.56, "tempo": 136.024, "duration_ms": 213507, "time_signature": 4}, {"uri": "spotify:track:5rX9fqEGsHnQeEEsc1Cc3J", "name": "All Hands On Deck REMIX (feat. Iggy Azalea)", "artist": "Tinashe", "popularity": 55, "danceability": 0.807, "energy": 0.53, "key": 7, "loudness": -4.236, "mode": 0, "speechiness": 0.0415, "acousticness": 0.493, "instrumentalness": 7.07e-05, "liveness": 0.236, "valence": 0.429, "tempo": 97.007, "duration_ms": 220645, "time_signature": 4}, {"uri": "spotify:track:7jT2PnjzkziqfxhiMgGs5r", "name": "2 On (feat. ScHoolboy Q)", "artist": "Tinashe", "popularity": 39, "danceability": 0.757, "energy": 0.587, "key": 9, "loudness": -7.597, "mode": 1, "speechiness": 0.112, "acousticness": 0.114, "instrumentalness": 0, "liveness": 0.0865, "valence": 0.436, "tempo": 100.996, "duration_ms": 230187, "time_signature": 4}, {"uri": "spotify:track:4c9VuqkKaey9u0IihbUKTt", "name": "Never Leave You (Uh Oooh, Uh Oooh)", "artist": "Lumidee", "popularity": 0, "danceability": 0.807, "energy": 0.642, "key": 0, "loudness": -6.348, "mode": 1, "speechiness": 0.375, "acousticness": 0.0406, "instrumentalness": 0.642, "liveness": 0.081, "valence": 0.836, "tempo": 199.965, "duration_ms": 184907, "time_signature": 4}, {"uri": "spotify:track:5qBVUG9VZMhsFsq0iwvQYq", "name": "Gimmie Dat", "artist": "Ciara", "popularity": 19, "danceability": 0.849, "energy": 0.643, "key": 7, "loudness": -8.618, "mode": 1, "speechiness": 0.0747, "acousticness": 0.0054, "instrumentalness": 0.211, "liveness": 0.073, "valence": 0.424, "tempo": 131.967, "duration_ms": 252360, "time_signature": 4}, {"uri": "spotify:track:5Jwo4RW7ngtmmd0qqSOqaA", "name": "Bad Thing", "artist": "Kiesza", "popularity": 27, "danceability": 0.862, "energy": 0.507, "key": 0, "loudness": -5.479, "mode": 0, "speechiness": 0.204, "acousticness": 0.515, "instrumentalness": 2.47e-05, "liveness": 0.163, "valence": 0.466, "tempo": 139.902, "duration_ms": 211507, "time_signature": 4}, {"uri": "spotify:track:3xRgqly48kUKRdZMm5QN4H", "name": "Intro/Promiscuous", "artist": "Nelly Furtado", "popularity": 5, "danceability": 0.808, "energy": 0.97, "key": 10, "loudness": -6.098, "mode": 0, "speechiness": 0.0506, "acousticness": 0.0569, "instrumentalness": 6.13e-05, "liveness": 0.154, "valence": 0.868, "tempo": 114.328, "duration_ms": 242293, "time_signature": 4}, {"uri": "spotify:track:6jMw916p6AcxnVQ9n4kbsy", "name": "Imma Be", "artist": "Black Eyed Peas", "popularity": 0, "danceability": 0.597, "energy": 0.517, "key": 0, "loudness": -6.963, "mode": 1, "speechiness": 0.365, "acousticness": 0.179, "instrumentalness": 0, "liveness": 0.307, "valence": 0.412, "tempo": 92.035, "duration_ms": 257560, "time_signature": 4}, {"uri": "spotify:track:4RZMYKoQiDH27kh6UoIrI2", "name": "L.A.LOVE (la la)", "artist": "Fergie", "popularity": 0, "danceability": 0.478, "energy": 0.386, "key": 4, "loudness": -7.999, "mode": 0, "speechiness": 0.0893, "acousticness": 0.0183, "instrumentalness": 0, "liveness": 0.264, "valence": 0.268, "tempo": 201.753, "duration_ms": 192653, "time_signature": 4}, {"uri": "spotify:track:2CumtfMx7Kp0b9SF0OA0Kp", "name": "Dough Boy", "artist": "Lil Mama", "popularity": 17, "danceability": 0.791, "energy": 0.686, "key": 8, "loudness": -7.437, "mode": 1, "speechiness": 0.236, "acousticness": 0.23, "instrumentalness": 0, "liveness": 0.0849, "valence": 0.77, "tempo": 97.526, "duration_ms": 210051, "time_signature": 4}, {"uri": "spotify:track:3W3KtDwAIg3mAruSpnfG3Q", "name": "Fancy", "artist": "Iggy Azalea", "popularity": 73, "danceability": 0.912, "energy": 0.716, "key": 10, "loudness": -4.141, "mode": 0, "speechiness": 0.0697, "acousticness": 0.0904, "instrumentalness": 0, "liveness": 0.0491, "valence": 0.377, "tempo": 94.981, "duration_ms": 199938, "time_signature": 4}, {"uri": "spotify:track:0Ih8H8YyIhGlrQwayIrNhl", "name": "Sweet Talk", "artist": "Kito & Reija Lee", "popularity": 0, "danceability": 0.772, "energy": 0.547, "key": 2, "loudness": -6.244, "mode": 1, "speechiness": 0.286, "acousticness": 0.0321, "instrumentalness": 0.00485, "liveness": 0.258, "valence": 0.322, "tempo": 139.976, "duration_ms": 251905, "time_signature": 4}, {"uri": "spotify:track:3BnTYFrWGVwYFe1E8SXqY6", "name": "Move Ya Body", "artist": "Nina Sky", "popularity": 44, "danceability": 0.864, "energy": 0.701, "key": 11, "loudness": -7.009, "mode": 0, "speechiness": 0.0433, "acousticness": 0.0198, "instrumentalness": 0.000856, "liveness": 0.0635, "valence": 0.882, "tempo": 121.055, "duration_ms": 232053, "time_signature": 4}, {"uri": "spotify:track:7DRill2AgyTf9LV7uWAK5E", "name": "", "artist": "", "popularity": 0, "danceability": 0.65, "energy": 0.944, "key": 6, "loudness": -4.849, "mode": 1, "speechiness": 0.0464, "acousticness": 0.269, "instrumentalness": 1.33e-06, "liveness": 0.279, "valence": 0.963, "tempo": 96.025, "duration_ms": 235120, "time_signature": 4}, {"uri": "spotify:track:5eqiMMbaeUZ32Q7sS00H35", "name": "Anaconda", "artist": "Nicki Minaj", "popularity": 70, "danceability": 0.964, "energy": 0.605, "key": 9, "loudness": -6.223, "mode": 1, "speechiness": 0.179, "acousticness": 0.0668, "instrumentalness": 7.78e-06, "liveness": 0.214, "valence": 0.646, "tempo": 129.994, "duration_ms": 260240, "time_signature": 4}, {"uri": "spotify:track:7uKcScNXuO3MWw6LowBjW1", "name": "One, Two Step (feat. Missy Elliott)", "artist": "Ciara", "popularity": 76, "danceability": 0.944, "energy": 0.511, "key": 5, "loudness": -10.96, "mode": 0, "speechiness": 0.161, "acousticness": 0.042, "instrumentalness": 0.00107, "liveness": 0.0379, "valence": 0.842, "tempo": 113.046, "duration_ms": 203787, "time_signature": 4}, {"uri": "spotify:track:2tvuOy8dLTdDoawHdzS3q6", "name": "Killa", "artist": "Cherish", "popularity": 33, "danceability": 0.755, "energy": 0.768, "key": 5, "loudness": -4.032, "mode": 0, "speechiness": 0.0392, "acousticness": 0.0243, "instrumentalness": 3.17e-06, "liveness": 0.135, "valence": 0.67, "tempo": 113.951, "duration_ms": 235400, "time_signature": 4}, {"uri": "spotify:track:04RfKvMBKEmBfqcdPeRzt3", "name": "Freak (feat. Kardinal Offishall)", "artist": "Estelle", "popularity": 0, "danceability": 0.801, "energy": 0.64, "key": 11, "loudness": -6.51, "mode": 0, "speechiness": 0.27, "acousticness": 0.000932, "instrumentalness": 0, "liveness": 0.0696, "valence": 0.632, "tempo": 128.077, "duration_ms": 221360, "time_signature": 4}, {"uri": "spotify:track:4PrquuUN34hswtM71OMvxS", "name": "Get Up (feat. Chamillionaire)", "artist": "Ciara", "popularity": 56, "danceability": 0.941, "energy": 0.631, "key": 1, "loudness": -5.998, "mode": 0, "speechiness": 0.114, "acousticness": 0.0366, "instrumentalness": 1.8e-06, "liveness": 0.0311, "valence": 0.63, "tempo": 128.597, "duration_ms": 263373, "time_signature": 4}, {"uri": "spotify:track:6iAQHemp1D2VSSPk74Dor3", "name": "Trouble", "artist": "Iggy Azalea", "popularity": 57, "danceability": 0.96, "energy": 0.699, "key": 7, "loudness": -3.804, "mode": 1, "speechiness": 0.132, "acousticness": 0.0948, "instrumentalness": 0, "liveness": 0.0812, "valence": 0.673, "tempo": 106.009, "duration_ms": 166317, "time_signature": 4}, {"uri": "spotify:track:3xYT6y6wIsb7VPcNnBdyD8", "name": "Mars (feat. Bodega Bamz)", "artist": "Lumidee", "popularity": 15, "danceability": 0.645, "energy": 0.806, "key": 6, "loudness": -7.148, "mode": 0, "speechiness": 0.277, "acousticness": 0.064, "instrumentalness": 2.9e-06, "liveness": 0.33, "valence": 0.648, "tempo": 131.211, "duration_ms": 198066, "time_signature": 5}, {"uri": "spotify:track:3cySlItpiPiIAzU3NyHCJf", "name": "Problem", "artist": "Ariana Grande", "popularity": 0, "danceability": 0.66, "energy": 0.798, "key": 1, "loudness": -5.326, "mode": 0, "speechiness": 0.162, "acousticness": 0.0226, "instrumentalness": 2.2e-05, "liveness": 0.103, "valence": 0.627, "tempo": 103.022, "duration_ms": 193987, "time_signature": 4}, {"uri": "spotify:track:7lkQTp7j815mtUuSO9LFzI", "name": "Is It You - Single Version", "artist": "Cassie", "popularity": 47, "danceability": 0.738, "energy": 0.583, "key": 5, "loudness": -7.996, "mode": 0, "speechiness": 0.0506, "acousticness": 0.188, "instrumentalness": 0.0215, "liveness": 0.0835, "valence": 0.493, "tempo": 95.063, "duration_ms": 237973, "time_signature": 4}]