[{"uri": "spotify:track:0CAfXk7DXMnon4gLudAp7J", "name": "Low (feat. T-Pain)", "artist": "Flo Rida", "popularity": 83, "danceability": 0.918, "energy": 0.609, "key": 10, "loudness": -5.64, "mode": 0, "speechiness": 0.0791, "acousticness": 0.0928, "instrumentalness": 0, "liveness": 0.139, "valence": 0.304, "tempo": 128.008, "duration_ms": 231400, "time_signature": 4}, {"uri": "spotify:track:6LtPIXlIzPOTF8vTecYjRe", "name": "Bleeding Love", "artist": "Leona Lewis", "popularity": 68, "danceability": 0.635, "energy": 0.647, "key": 5, "loudness": -5.864, "mode": 1, "speechiness": 0.0366, "acousticness": 0.192, "instrumentalness": 0, "liveness": 0.154, "valence": 0.201, "tempo": 104.058, "duration_ms": 262693, "time_signature": 4}, {"uri": "spotify:track:6IwKcFdiRQZOWeYNhUiWIv", "name": "No One", "artist": "Alicia Keys", "popularity": 80, "danceability": 0.644, "energy": 0.549, "key": 1, "loudness": -5.415, "mode": 0, "speechiness": 0.0285, "acousticness": 0.0209, "instrumentalness": 8.85e-06, "liveness": 0.134, "valence": 0.167, "tempo": 90.04, "duration_ms": 253813, "time_signature": 4}, {"uri": "spotify:track:1GMZUAClqLWu55Q0gnSBf1", "name": "Lollipop", "artist": "Lil Wayne", "popularity": 18, "danceability": 0.831, "energy": 0.424, "key": 0, "loudness": -9.405, "mode": 1, "speechiness": 0.0827, "acousticness": 0.0594, "instrumentalness": 0.00311, "liveness": 0.134, "valence": 0.427, "tempo": 148.073, "duration_ms": 299360, "time_signature": 4}, {"uri": "spotify:track:3cS2ehbKNtl5p56K5qo65s", "name": "Apologize", "artist": "Timbaland", "popularity": 18, "danceability": 0.662, "energy": 0.602, "key": 8, "loudness": -6.014, "mode": 1, "speechiness": 0.029, "acousticness": 0.0316, "instrumentalness": 0, "liveness": 0.1, "valence": 0.118, "tempo": 118.015, "duration_ms": 185480, "time_signature": 4}, {"uri": "spotify:track:17GwsDaOw5Tgg0R9cnAQrA", "name": "No Air (feat. Chris Brown)", "artist": "Jordin Sparks", "popularity": 46, "danceability": 0.466, "energy": 0.758, "key": 8, "loudness": -4.978, "mode": 0, "speechiness": 0.198, "acousticness": 0.0521, "instrumentalness": 0, "liveness": 0.0587, "valence": 0.328, "tempo": 160.036, "duration_ms": 264373, "time_signature": 4}, {"uri": "spotify:track:4E6cwWJWZw2zWf7VFbH7wf", "name": "Love Song", "artist": "Sara Bareilles", "popularity": 75, "danceability": 0.583, "energy": 0.786, "key": 2, "loudness": -3.142, "mode": 0, "speechiness": 0.0301, "acousticness": 0.0208, "instrumentalness": 0, "liveness": 0.188, "valence": 0.573, "tempo": 123.055, "duration_ms": 258827, "time_signature": 4}, {"uri": "spotify:track:2GOUqCrN35QcAkCCUQqEk2", "name": "Love In This Club", "artist": "Usher", "popularity": 0, "danceability": 0.579, "energy": 0.75, "key": 0, "loudness": -4.783, "mode": 1, "speechiness": 0.0823, "acousticness": 0.053, "instrumentalness": 0, "liveness": 0.137, "valence": 0.35, "tempo": 140.099, "duration_ms": 261427, "time_signature": 4}, {"uri": "spotify:track:1CdkNxTlkUWR4ZnXcKES3b", "name": "With You", "artist": "Chris Brown", "popularity": 0, "danceability": 0.662, "energy": 0.693, "key": 3, "loudness": -4.298, "mode": 1, "speechiness": 0.0698, "acousticness": 0.134, "instrumentalness": 0, "liveness": 0.145, "valence": 0.655, "tempo": 86.009, "duration_ms": 252120, "time_signature": 4}, {"uri": "spotify:track:7tAXHZdp9UpcYrHn7MZqfo", "name": "Forever", "artist": "Chris Brown", "popularity": 0, "danceability": 0.672, "energy": 0.819, "key": 11, "loudness": -4.457, "mode": 1, "speechiness": 0.0463, "acousticness": 0.0362, "instrumentalness": 0.000196, "liveness": 0.182, "valence": 0.445, "tempo": 120.009, "duration_ms": 278573, "time_signature": 4}, {"uri": "spotify:track:0DdpxWfVvUGgkJv5536tiF", "name": "Sexy Can I feat. Yung Berg", "artist": "Ray J", "popularity": 1, "danceability": 0.575, "energy": 0.684, "key": 1, "loudness": -6.007, "mode": 1, "speechiness": 0.325, "acousticness": 0.299, "instrumentalness": 0, "liveness": 0.614, "valence": 0.926, "tempo": 172.155, "duration_ms": 204040, "time_signature": 4}, {"uri": "spotify:track:27axXGUeqHViAhTNPYpbho", "name": "Take A Bow", "artist": "Rihanna", "popularity": 0, "danceability": 0.707, "energy": 0.508, "key": 9, "loudness": -5.851, "mode": 1, "speechiness": 0.0553, "acousticness": 0.272, "instrumentalness": 0, "liveness": 0.0858, "valence": 0.52, "tempo": 81.991, "duration_ms": 228933, "time_signature": 4}, {"uri": "spotify:track:68l6YZZ8TlcWVq98l5eW6l", "name": "Viva La Vida", "artist": "Coldplay", "popularity": 0, "danceability": 0.485, "energy": 0.619, "key": 5, "loudness": -7.115, "mode": 0, "speechiness": 0.0289, "acousticness": 0.0941, "instrumentalness": 3.31e-06, "liveness": 0.109, "valence": 0.416, "tempo": 138.017, "duration_ms": 242373, "time_signature": 4}, {"uri": "spotify:track:14iN3o8ptQ8cFVZTEmyQRV", "name": "I Kissed A Girl", "artist": "Katy Perry", "popularity": 76, "danceability": 0.699, "energy": 0.76, "key": 5, "loudness": -3.173, "mode": 1, "speechiness": 0.0677, "acousticness": 0.00223, "instrumentalness": 0, "liveness": 0.132, "valence": 0.696, "tempo": 129.996, "duration_ms": 179640, "time_signature": 4}, {"uri": "spotify:track:4qH6JdXlmHHo0LM6ZCUrhz", "name": "Whatever You Like", "artist": "T.I.", "popularity": 0, "danceability": 0.68, "energy": 0.687, "key": 9, "loudness": -6.162, "mode": 0, "speechiness": 0.0709, "acousticness": 0.0161, "instrumentalness": 0, "liveness": 0.261, "valence": 0.467, "tempo": 150.053, "duration_ms": 249533, "time_signature": 4}, {"uri": "spotify:track:5WUJJ9bZkLkRiF3RypS6SE", "name": "Disturbia", "artist": "Rihanna", "popularity": 0, "danceability": 0.703, "energy": 0.813, "key": 11, "loudness": -4.517, "mode": 0, "speechiness": 0.0574, "acousticness": 0.0884, "instrumentalness": 0, "liveness": 0.219, "valence": 0.717, "tempo": 124.904, "duration_ms": 238573, "time_signature": 4}, {"uri": "spotify:track:5ENbIZxVcHEuz0kj2S2uhl", "name": "Don't Stop The Music", "artist": "Rihanna", "popularity": 12, "danceability": 0.843, "energy": 0.588, "key": 6, "loudness": -8.032, "mode": 0, "speechiness": 0.0674, "acousticness": 0.0331, "instrumentalness": 7.61e-05, "liveness": 0.0939, "valence": 0.558, "tempo": 122.669, "duration_ms": 268280, "time_signature": 4}, {"uri": "spotify:track:4hjuUelurEBKlqpJPJ77Iw", "name": "Pocketful of Sunshine", "artist": "Natasha Bedingfield", "popularity": 66, "danceability": 0.726, "energy": 0.881, "key": 9, "loudness": -3.892, "mode": 0, "speechiness": 0.0391, "acousticness": 0.203, "instrumentalness": 0, "liveness": 0.108, "valence": 0.682, "tempo": 110.019, "duration_ms": 203440, "time_signature": 4}, {"uri": "spotify:track:47x1F4HyX7LafFgxtoa19P", "name": "Kiss Kiss (feat. T-Pain)", "artist": "Chris Brown", "popularity": 0, "danceability": 0.729, "energy": 0.658, "key": 10, "loudness": -3.386, "mode": 0, "speechiness": 0.225, "acousticness": 0.0506, "instrumentalness": 0, "liveness": 0.0693, "valence": 0.551, "tempo": 140.043, "duration_ms": 250667, "time_signature": 3}, {"uri": "spotify:track:2nbClS09zsIAqNkshg6jnp", "name": "Closer", "artist": "Ne-Yo", "popularity": 0, "danceability": 0.709, "energy": 0.745, "key": 4, "loudness": -6.437, "mode": 0, "speechiness": 0.0738, "acousticness": 0.0225, "instrumentalness": 5.2e-05, "liveness": 0.154, "valence": 0.576, "tempo": 126.027, "duration_ms": 234360, "time_signature": 4}, {"uri": "spotify:track:1lkvpmrCaXK8QtliFDcHBO", "name": "Bubbly", "artist": "Colbie Caillat", "popularity": 76, "danceability": 0.688, "energy": 0.477, "key": 9, "loudness": -6.684, "mode": 1, "speechiness": 0.036, "acousticness": 0.594, "instrumentalness": 0, "liveness": 0.115, "valence": 0.257, "tempo": 127.866, "duration_ms": 196227, "time_signature": 4}, {"uri": "spotify:track:3gzvhbYPlFplWwZdNlBXlZ", "name": "Touch My Body", "artist": "Mariah Carey", "popularity": 1, "danceability": 0.718, "energy": 0.665, "key": 4, "loudness": -7.719, "mode": 0, "speechiness": 0.0527, "acousticness": 0.0836, "instrumentalness": 0, "liveness": 0.139, "valence": 0.863, "tempo": 78.515, "duration_ms": 204733, "time_signature": 4}, {"uri": "spotify:track:1oHClQEgDmmbcEx12Kc5nZ", "name": "4 Minutes (feat. Justin Timberlake & Timbaland)", "artist": "Madonna", "popularity": 72, "danceability": 0.753, "energy": 0.931, "key": 2, "loudness": -4.922, "mode": 1, "speechiness": 0.0652, "acousticness": 0.00994, "instrumentalness": 0.00696, "liveness": 0.234, "valence": 0.767, "tempo": 113.029, "duration_ms": 189693, "time_signature": 4}, {"uri": "spotify:track:5ReRX3klPvCNYtm6Bd1C1K", "name": "So What", "artist": "P!nk", "popularity": 45, "danceability": 0.531, "energy": 0.862, "key": 11, "loudness": -2.996, "mode": 0, "speechiness": 0.0434, "acousticness": 9.33e-05, "instrumentalness": 4.82e-06, "liveness": 0.363, "valence": 0.396, "tempo": 126.016, "duration_ms": 214507, "time_signature": 4}, {"uri": "spotify:track:57paCKftbvFgAeG023x354", "name": "Paralyzer", "artist": "Finger Eleven", "popularity": 0, "danceability": 0.644, "energy": 0.939, "key": 11, "loudness": -3.479, "mode": 0, "speechiness": 0.0447, "acousticness": 0.149, "instrumentalness": 0, "liveness": 0.227, "valence": 0.882, "tempo": 106.013, "duration_ms": 208107, "time_signature": 4}, {"uri": "spotify:track:2TdNwvK0SMzuQFT8ofM8dD", "name": "Clumsy", "artist": "Fergie", "popularity": 0, "danceability": 0.731, "energy": 0.563, "key": 2, "loudness": -4.046, "mode": 1, "speechiness": 0.131, "acousticness": 0.191, "instrumentalness": 0.00042, "liveness": 0.296, "valence": 0.452, "tempo": 184.009, "duration_ms": 240427, "time_signature": 4}, {"uri": "spotify:track:1EzrEOXmMH3G43AXT1y7pA", "name": "I'm Yours", "artist": "Jason Mraz", "popularity": 82, "danceability": 0.686, "energy": 0.457, "key": 11, "loudness": -8.322, "mode": 1, "speechiness": 0.0468, "acousticness": 0.595, "instrumentalness": 0, "liveness": 0.105, "valence": 0.718, "tempo": 150.953, "duration_ms": 242187, "time_signature": 4}, {"uri": "spotify:track:068HsG1SFKk4E27Iio2tyE", "name": "Leavin'", "artist": "Jesse McCartney", "popularity": 22, "danceability": 0.678, "energy": 0.716, "key": 9, "loudness": -5.877, "mode": 1, "speechiness": 0.0534, "acousticness": 0.0329, "instrumentalness": 2.25e-06, "liveness": 0.0669, "valence": 0.88, "tempo": 79.247, "duration_ms": 218267, "time_signature": 4}, {"uri": "spotify:track:4JFM7KpVxgPXargA4rzB60", "name": "Dangerous", "artist": "Kardinal Offishall", "popularity": 0, "danceability": 0.949, "energy": 0.79, "key": 8, "loudness": -5.957, "mode": 1, "speechiness": 0.0756, "acousticness": 0.00437, "instrumentalness": 0, "liveness": 0.0816, "valence": 0.807, "tempo": 117.002, "duration_ms": 246053, "time_signature": 4}, {"uri": "spotify:track:0eIfBjs1pMiRNkbngEATQi", "name": "Tattoo", "artist": "Jordin Sparks", "popularity": 37, "danceability": 0.564, "energy": 0.838, "key": 2, "loudness": -2.393, "mode": 1, "speechiness": 0.0404, "acousticness": 0.453, "instrumentalness": 0, "liveness": 0.133, "valence": 0.553, "tempo": 167.954, "duration_ms": 232920, "time_signature": 4}, {"uri": "spotify:track:2TUN6qyhaEpmBzQIojXJGK", "name": "See You Again", "artist": "Miley Cyrus", "popularity": 0, "danceability": 0.692, "energy": 0.906, "key": 9, "loudness": -5.077, "mode": 0, "speechiness": 0.154, "acousticness": 0.0104, "instrumentalness": 8.23e-05, "liveness": 0.117, "valence": 0.81, "tempo": 138.992, "duration_ms": 190453, "time_signature": 4}, {"uri": "spotify:track:46SFeuNs1K5D76D9vCwFuR", "name": "Shake It", "artist": "Metro Station", "popularity": 53, "danceability": 0.619, "energy": 0.958, "key": 4, "loudness": -3.83, "mode": 1, "speechiness": 0.0776, "acousticness": 0.00212, "instrumentalness": 2.23e-06, "liveness": 0.622, "valence": 0.819, "tempo": 150.025, "duration_ms": 179947, "time_signature": 4}, {"uri": "spotify:track:5jOK1nlVScTUWie5lZ8SL9", "name": "Stop And Stare", "artist": "OneRepublic", "popularity": 0, "danceability": 0.494, "energy": 0.861, "key": 4, "loudness": -4.301, "mode": 1, "speechiness": 0.0323, "acousticness": 0.0633, "instrumentalness": 0, "liveness": 0.0837, "valence": 0.313, "tempo": 92.467, "duration_ms": 223760, "time_signature": 4}, {"uri": "spotify:track:7eXaMgFwtyLLrfhzyUbQxh", "name": "Take You There", "artist": "Sean Kingston", "popularity": 0, "danceability": 0.752, "energy": 0.921, "key": 5, "loudness": -4.321, "mode": 0, "speechiness": 0.0696, "acousticness": 0.0182, "instrumentalness": 0, "liveness": 0.256, "valence": 0.634, "tempo": 115.033, "duration_ms": 236693, "time_signature": 4}, {"uri": "spotify:track:3ZlFUr0RBrUYYsmlcFvD0e", "name": "Paper Planes", "artist": "M.I.A.", "popularity": 0, "danceability": 0.447, "energy": 0.848, "key": 2, "loudness": -6.175, "mode": 1, "speechiness": 0.222, "acousticness": 0.033, "instrumentalness": 7.46e-05, "liveness": 0.65, "valence": 0.485, "tempo": 172.253, "duration_ms": 205200, "time_signature": 4}, {"uri": "spotify:track:22Lg6vvMS2JC07aAjsGvtU", "name": "Hot N Cold", "artist": "Katy Perry", "popularity": 57, "danceability": 0.702, "energy": 0.839, "key": 7, "loudness": -3.992, "mode": 1, "speechiness": 0.0439, "acousticness": 8.1e-05, "instrumentalness": 0, "liveness": 0.072, "valence": 0.856, "tempo": 132.007, "duration_ms": 223227, "time_signature": 4}, {"uri": "spotify:track:3KzBxXbF2tc01LeKu1uIMM", "name": "Live Your Life - feat. Rihanna", "artist": "T.I.", "popularity": 0, "danceability": 0.375, "energy": 0.862, "key": 11, "loudness": -3.363, "mode": 0, "speechiness": 0.255, "acousticness": 0.071, "instrumentalness": 0, "liveness": 0.211, "valence": 0.478, "tempo": 159.841, "duration_ms": 338853, "time_signature": 4}, {"uri": "spotify:track:5nwbhVgBofo4eQJJ9ej1bw", "name": "Bust It Baby, Pt. 2 (feat. Ne-Yo)", "artist": "Plies", "popularity": 35, "danceability": 0.648, "energy": 0.801, "key": 5, "loudness": -7.24, "mode": 0, "speechiness": 0.167, "acousticness": 0.154, "instrumentalness": 0, "liveness": 0.339, "valence": 0.807, "tempo": 78.946, "duration_ms": 240760, "time_signature": 4}, {"uri": "spotify:track:5qm85spREm4P8Q46RxsEV8", "name": "American Boy (feat. Kanye West)", "artist": "Estelle", "popularity": 0, "danceability": 0.728, "energy": 0.723, "key": 4, "loudness": -2.975, "mode": 0, "speechiness": 0.324, "acousticness": 0.19, "instrumentalness": 0, "liveness": 0.0597, "valence": 0.521, "tempo": 117.95, "duration_ms": 284733, "time_signature": 4}, {"uri": "spotify:track:7kMOzDgfcS6qXQHvfXfByU", "name": "Got Money", "artist": "Lil Wayne", "popularity": 11, "danceability": 0.691, "energy": 0.653, "key": 7, "loudness": -4.876, "mode": 1, "speechiness": 0.091, "acousticness": 0.00137, "instrumentalness": 0, "liveness": 0.712, "valence": 0.702, "tempo": 82.512, "duration_ms": 244640, "time_signature": 4}, {"uri": "spotify:track:5QWTRnyZO44Gtl9sru49VQ", "name": "Our Song", "artist": "Taylor Swift", "popularity": 0, "danceability": 0.668, "energy": 0.672, "key": 2, "loudness": -4.931, "mode": 1, "speechiness": 0.0303, "acousticness": 0.111, "instrumentalness": 0, "liveness": 0.329, "valence": 0.539, "tempo": 89.011, "duration_ms": 201107, "time_signature": 4}, {"uri": "spotify:track:4yHFxB8kzzeuNvoouR8N0N", "name": "Damaged", "artist": "Danity Kane", "popularity": 59, "danceability": 0.774, "energy": 0.653, "key": 8, "loudness": -5.158, "mode": 0, "speechiness": 0.05, "acousticness": 0.0912, "instrumentalness": 0, "liveness": 0.151, "valence": 0.818, "tempo": 120.01, "duration_ms": 244267, "time_signature": 4}, {"uri": "spotify:track:5wHWmhNmpAMBmUniY37xUq", "name": "A Milli", "artist": "Lil Wayne", "popularity": 30, "danceability": 0.664, "energy": 0.692, "key": 6, "loudness": -8.65, "mode": 0, "speechiness": 0.29, "acousticness": 0.0374, "instrumentalness": 0.00114, "liveness": 0.279, "valence": 0.758, "tempo": 151.562, "duration_ms": 221760, "time_signature": 4}, {"uri": "spotify:track:3lHhzXu0SPfUYu6N3pPyPc", "name": "Sorry", "artist": "Buckcherry", "popularity": 0, "danceability": 0.538, "energy": 0.782, "key": 2, "loudness": -3.648, "mode": 1, "speechiness": 0.0303, "acousticness": 0.0266, "instrumentalness": 0, "liveness": 0.197, "valence": 0.389, "tempo": 131.035, "duration_ms": 226147, "time_signature": 4}, {"uri": "spotify:track:3u0U15DxIJQEdqWBNoxSWM", "name": "Can't Believe It (feat. Lil' Wayne)", "artist": "T-Pain", "popularity": 0, "danceability": 0.648, "energy": 0.516, "key": 10, "loudness": -8.869, "mode": 0, "speechiness": 0.049, "acousticness": 0.00179, "instrumentalness": 0, "liveness": 0.0772, "valence": 0.0756, "tempo": 89.828, "duration_ms": 273827, "time_signature": 4}, {"uri": "spotify:track:3JHDtmFdX9kdx9wz0md98U", "name": "Like You'll Never See Me Again", "artist": "Alicia Keys", "popularity": 58, "danceability": 0.562, "energy": 0.657, "key": 7, "loudness": -8.074, "mode": 1, "speechiness": 0.0315, "acousticness": 0.173, "instrumentalness": 0.000272, "liveness": 0.102, "valence": 0.266, "tempo": 127.808, "duration_ms": 315360, "time_signature": 4}, {"uri": "spotify:track:5ru8NxVD4U5zH7wJtt1cE5", "name": "Teardrops On My Guitar", "artist": "Taylor Swift", "popularity": 0, "danceability": 0.514, "energy": 0.557, "key": 10, "loudness": -6.307, "mode": 1, "speechiness": 0.0264, "acousticness": 0.0178, "instrumentalness": 0.00755, "liveness": 0.114, "valence": 0.152, "tempo": 99.974, "duration_ms": 193640, "time_signature": 4}, {"uri": "spotify:track:2XXRWwynXmGfvyx3WHPRiM", "name": "When I Grow Up", "artist": "The Pussycat Dolls", "popularity": 0, "danceability": 0.684, "energy": 0.68, "key": 11, "loudness": -5.978, "mode": 0, "speechiness": 0.0438, "acousticness": 0.00174, "instrumentalness": 0, "liveness": 0.397, "valence": 0.354, "tempo": 118.443, "duration_ms": 245200, "time_signature": 4}, {"uri": "spotify:track:5kgUdstBZzJFe0YAR0f5rn", "name": "Sexual Eruption - Album Version (Explicit) FINAL", "artist": "Snoop Dogg", "popularity": 0, "danceability": 0.765, "energy": 0.819, "key": 11, "loudness": -3.821, "mode": 1, "speechiness": 0.0813, "acousticness": 0.00684, "instrumentalness": 3.33e-06, "liveness": 0.0639, "valence": 0.514, "tempo": 120.16, "duration_ms": 240320, "time_signature": 4}, {"uri": "spotify:track:3HrvYuNSbihekRPHkNDeGe", "name": "What You Got", "artist": "Colby O'Donis", "popularity": 5, "danceability": 0.773, "energy": 0.637, "key": 1, "loudness": -6.709, "mode": 1, "speechiness": 0.0386, "acousticness": 0.0361, "instrumentalness": 0, "liveness": 0.269, "valence": 0.323, "tempo": 119.978, "duration_ms": 243240, "time_signature": 4}]