[{"uri": "spotify:track:6FQzLqwvsgBZ96JGGMQRGi", "name": "01 - Intro", "artist": "Various Artists", "popularity": 0, "danceability": 0, "energy": 0.147, "key": 1, "loudness": -21.743, "mode": 1, "speechiness": 0, "acousticness": 0.527, "instrumentalness": 0, "liveness": 0.126, "valence": 0, "tempo": 0, "duration_ms": 9220, "time_signature": 0}, {"uri": "spotify:track:5it9RIRXDwiLpJKdce6Z7e", "name": "Valerie - BBC Radio 1 Live Lounge", "artist": "Amy Winehouse", "popularity": 49, "danceability": 0.758, "energy": 0.304, "key": 5, "loudness": -8.092, "mode": 0, "speechiness": 0.0373, "acousticness": 0.734, "instrumentalness": 3.72e-06, "liveness": 0.167, "valence": 0.647, "tempo": 96.117, "duration_ms": 232120, "time_signature": 4}, {"uri": "spotify:track:6SFWPeH72Ye47N7k644scz", "name": "02 - First Impressions", "artist": "Various Artists", "popularity": 0, "danceability": 0.687, "energy": 0.137, "key": 9, "loudness": -18.302, "mode": 1, "speechiness": 0.519, "acousticness": 0.775, "instrumentalness": 0, "liveness": 0.12, "valence": 0.971, "tempo": 69.833, "duration_ms": 21815, "time_signature": 3}, {"uri": "spotify:track:30FURVTCpbKyykjSEQzGkH", "name": "Back To Black", "artist": "Amy Winehouse", "popularity": 71, "danceability": 0.49, "energy": 0.725, "key": 10, "loudness": -3.304, "mode": 1, "speechiness": 0.0392, "acousticness": 0.123, "instrumentalness": 2.68e-05, "liveness": 0.0983, "valence": 0.335, "tempo": 123.28, "duration_ms": 240440, "time_signature": 4}, {"uri": "spotify:track:2PMLZ2iG2E3dspst9dnHsg", "name": "03 - Surprising Traits", "artist": "Various Artists", "popularity": 0, "danceability": 0.753, "energy": 0.12, "key": 8, "loudness": -21.641, "mode": 1, "speechiness": 0.476, "acousticness": 0.54, "instrumentalness": 0, "liveness": 0.142, "valence": 0.943, "tempo": 84.702, "duration_ms": 30412, "time_signature": 3}, {"uri": "spotify:track:11DpzO37X3lrvDLS5dYta1", "name": "Best Friend - Acoustic", "artist": "Amy Winehouse", "popularity": 32, "danceability": 0.637, "energy": 0.168, "key": 11, "loudness": -10.806, "mode": 1, "speechiness": 0.0549, "acousticness": 0.829, "instrumentalness": 0, "liveness": 0.196, "valence": 0.3, "tempo": 78.827, "duration_ms": 206813, "time_signature": 4}, {"uri": "spotify:track:0eF22oiCFSEqbB7bfOqqSy", "name": "05 - Demystifying Her", "artist": "Various Artists", "popularity": 0, "danceability": 0.676, "energy": 0.174, "key": 0, "loudness": -22.198, "mode": 1, "speechiness": 0.885, "acousticness": 0.686, "instrumentalness": 0, "liveness": 0.47, "valence": 0.923, "tempo": 92.472, "duration_ms": 52369, "time_signature": 3}, {"uri": "spotify:track:1EAyndbNvetFfGqHYwLnPI", "name": "You Know I'm No Good", "artist": "Amy Winehouse", "popularity": 23, "danceability": 0.699, "energy": 0.808, "key": 2, "loudness": -3.593, "mode": 1, "speechiness": 0.0299, "acousticness": 0.0167, "instrumentalness": 0.00253, "liveness": 0.0734, "valence": 0.765, "tempo": 103.393, "duration_ms": 257187, "time_signature": 4}, {"uri": "spotify:track:0tW00QQJV3R7gWM3DXZFxZ", "name": "04 - Creative Freedom", "artist": "Various Artists", "popularity": 0, "danceability": 0.718, "energy": 0.118, "key": 8, "loudness": -25.348, "mode": 1, "speechiness": 0.876, "acousticness": 0.571, "instrumentalness": 0, "liveness": 0.246, "valence": 0.841, "tempo": 114.63, "duration_ms": 48396, "time_signature": 5}, {"uri": "spotify:track:0PDUFCDs3wO0Jk9jpKtmkf", "name": "06 - Finding His Stars", "artist": "Various Artists", "popularity": 0, "danceability": 0.728, "energy": 0.147, "key": 10, "loudness": -22.667, "mode": 1, "speechiness": 0.927, "acousticness": 0.756, "instrumentalness": 0, "liveness": 0.188, "valence": 0.866, "tempo": 120.984, "duration_ms": 78884, "time_signature": 5}, {"uri": "spotify:track:5PQnJgquZD2FJFs1pF1Io4", "name": "07 - No Soundtrack", "artist": "Various Artists", "popularity": 0, "danceability": 0.794, "energy": 0.218, "key": 2, "loudness": -19.969, "mode": 1, "speechiness": 0.802, "acousticness": 0.663, "instrumentalness": 0, "liveness": 0.233, "valence": 0.894, "tempo": 77.236, "duration_ms": 47148, "time_signature": 4}, {"uri": "spotify:track:4WySuN5hNT0LjIXc1ddUY7", "name": "To Know Him Is To Love Him - Live", "artist": "Amy Winehouse", "popularity": 0, "danceability": 0.48, "energy": 0.204, "key": 0, "loudness": -8.601, "mode": 1, "speechiness": 0.0492, "acousticness": 0.935, "instrumentalness": 4.81e-05, "liveness": 0.0876, "valence": 0.385, "tempo": 169.142, "duration_ms": 143560, "time_signature": 3}, {"uri": "spotify:track:7o1Nwicw0K2eGgKP3j9x9T", "name": "08 - So Many Docs", "artist": "Various Artists", "popularity": 0, "danceability": 0.723, "energy": 0.287, "key": 9, "loudness": -20.737, "mode": 1, "speechiness": 0.598, "acousticness": 0.814, "instrumentalness": 0, "liveness": 0.113, "valence": 0.962, "tempo": 132.008, "duration_ms": 30685, "time_signature": 5}, {"uri": "spotify:track:7E4dtl5gWROiMKibvedh0i", "name": "Rehab - Live On Jools Holland", "artist": "Amy Winehouse", "popularity": 41, "danceability": 0.422, "energy": 0.773, "key": 0, "loudness": -5.508, "mode": 1, "speechiness": 0.0951, "acousticness": 0.0413, "instrumentalness": 1.44e-05, "liveness": 0.223, "valence": 0.425, "tempo": 144.974, "duration_ms": 221267, "time_signature": 4}, {"uri": "spotify:track:1u7uo6JSfpaZT6TjKU9DRE", "name": "09 - New Perceptions", "artist": "Various Artists", "popularity": 0, "danceability": 0.726, "energy": 0.184, "key": 9, "loudness": -22.057, "mode": 1, "speechiness": 0.918, "acousticness": 0.639, "instrumentalness": 0, "liveness": 0.248, "valence": 0.752, "tempo": 70.476, "duration_ms": 50863, "time_signature": 4}, {"uri": "spotify:track:4NDpn6yfD5aqafYWFEaJDz", "name": "Our Day Will Come", "artist": "Amy Winehouse", "popularity": 65, "danceability": 0.705, "energy": 0.634, "key": 5, "loudness": -6.083, "mode": 0, "speechiness": 0.0282, "acousticness": 0.0405, "instrumentalness": 3.53e-05, "liveness": 0.349, "valence": 0.639, "tempo": 98.008, "duration_ms": 169373, "time_signature": 4}, {"uri": "spotify:track:4rjWlY2dUcS4l7qOOFTUYw", "name": "10 - About The Playlist", "artist": "Various Artists", "popularity": 0, "danceability": 0.668, "energy": 0.152, "key": 1, "loudness": -23.204, "mode": 0, "speechiness": 0.904, "acousticness": 0.695, "instrumentalness": 0, "liveness": 0.148, "valence": 0.914, "tempo": 161.879, "duration_ms": 22530, "time_signature": 3}, {"uri": "spotify:track:1irwMHD7nuvuZulBpzATv1", "name": "Tears Dry On Their Own", "artist": "Amy Winehouse", "popularity": 0, "danceability": 0.625, "energy": 0.875, "key": 1, "loudness": -2.841, "mode": 0, "speechiness": 0.148, "acousticness": 0.489, "instrumentalness": 0, "liveness": 0.274, "valence": 0.498, "tempo": 121.568, "duration_ms": 185187, "time_signature": 4}, {"uri": "spotify:track:3gRlmtdCyNoKiyozn2pqc9", "name": "Mathematics", "artist": "Mos Def", "popularity": 64, "danceability": 0.753, "energy": 0.749, "key": 1, "loudness": -6.132, "mode": 0, "speechiness": 0.316, "acousticness": 0.0285, "instrumentalness": 0, "liveness": 0.0845, "valence": 0.832, "tempo": 93.79, "duration_ms": 246440, "time_signature": 4}, {"uri": "spotify:track:2Uu8IiLkLY0UXhCHka4Dlr", "name": "Doo Wop (That Thing)", "artist": "Ms. Lauryn Hill", "popularity": 0, "danceability": 0.535, "energy": 0.505, "key": 2, "loudness": -8.926, "mode": 0, "speechiness": 0.245, "acousticness": 0.0393, "instrumentalness": 0, "liveness": 0.0923, "valence": 0.495, "tempo": 99.935, "duration_ms": 320267, "time_signature": 4}, {"uri": "spotify:track:5LC7nItIEFp4nzdFdEGbf9", "name": "Stronger Than Me", "artist": "Amy Winehouse", "popularity": 65, "danceability": 0.883, "energy": 0.458, "key": 9, "loudness": -6.801, "mode": 0, "speechiness": 0.0411, "acousticness": 0.0401, "instrumentalness": 0.000419, "liveness": 0.0603, "valence": 0.816, "tempo": 91.426, "duration_ms": 214493, "time_signature": 4}, {"uri": "spotify:track:3qvuhGBr6BSdGPQsdf2gLr", "name": "Living For The City", "artist": "Stevie Wonder", "popularity": 52, "danceability": 0.589, "energy": 0.585, "key": 11, "loudness": -9.958, "mode": 1, "speechiness": 0.0747, "acousticness": 0.0915, "instrumentalness": 0, "liveness": 0.234, "valence": 0.456, "tempo": 99.298, "duration_ms": 442867, "time_signature": 4}, {"uri": "spotify:track:7nWsh14AHpnTzq1Xejz90U", "name": "No More Drama", "artist": "Mary J. Blige", "popularity": 55, "danceability": 0.653, "energy": 0.837, "key": 6, "loudness": -6.818, "mode": 0, "speechiness": 0.124, "acousticness": 0.534, "instrumentalness": 7.12e-05, "liveness": 0.0784, "valence": 0.64, "tempo": 97.914, "duration_ms": 326240, "time_signature": 4}, {"uri": "spotify:track:0QnGI4OgY8ReggLWvEXdgD", "name": "Street Dreams", "artist": "Nas", "popularity": 62, "danceability": 0.752, "energy": 0.611, "key": 11, "loudness": -8.681, "mode": 0, "speechiness": 0.315, "acousticness": 0.21, "instrumentalness": 0, "liveness": 0.778, "valence": 0.746, "tempo": 90.993, "duration_ms": 279933, "time_signature": 4}, {"uri": "spotify:track:3Lg2RXcqpLcKKwExdCm5L8", "name": "Mister Magic", "artist": "Grover Washington, Jr.", "popularity": 10, "danceability": 0.722, "energy": 0.644, "key": 7, "loudness": -9.655, "mode": 0, "speechiness": 0.0584, "acousticness": 0.031, "instrumentalness": 0.212, "liveness": 0.0554, "valence": 0.892, "tempo": 103.53, "duration_ms": 542333, "time_signature": 4}, {"uri": "spotify:track:119c93MHjrDLJTApCVGpvx", "name": "C.R.E.A.M. (Cash Rules Everything Around Me) (feat. Method Man, Raekwon, Inspectah Deck & Buddha Monk)", "artist": "Wu-Tang Clan", "popularity": 76, "danceability": 0.479, "energy": 0.549, "key": 11, "loudness": -10.551, "mode": 0, "speechiness": 0.373, "acousticness": 0.57, "instrumentalness": 0.0235, "liveness": 0.127, "valence": 0.576, "tempo": 180.985, "duration_ms": 252187, "time_signature": 4}, {"uri": "spotify:track:40GTKaedGtzka8dlV4NuqI", "name": "What Is It About Men - Live At North Sea Jazz Festival", "artist": "Amy Winehouse", "popularity": 43, "danceability": 0.578, "energy": 0.333, "key": 11, "loudness": -10.182, "mode": 0, "speechiness": 0.0971, "acousticness": 0.871, "instrumentalness": 0.0017, "liveness": 0.932, "valence": 0.496, "tempo": 130.486, "duration_ms": 285453, "time_signature": 4}, {"uri": "spotify:track:5UCdt8HN1nri8jYwP8Ugcd", "name": "Ooh Wee (feat. Ghostface Killah, Nate Dogg, Trife & Saigon)(Radio Edit)", "artist": "Mark Ronson", "popularity": 42, "danceability": 0.73, "energy": 0.956, "key": 4, "loudness": -3.307, "mode": 0, "speechiness": 0.0686, "acousticness": 0.0193, "instrumentalness": 0.000103, "liveness": 0.281, "valence": 0.834, "tempo": 105.047, "duration_ms": 168787, "time_signature": 4}, {"uri": "spotify:track:3vZO25GdYuqFrR1kzZADnp", "name": "Ready or Not", "artist": "Fugees", "popularity": 73, "danceability": 0.607, "energy": 0.422, "key": 10, "loudness": -13.364, "mode": 0, "speechiness": 0.499, "acousticness": 0.209, "instrumentalness": 0, "liveness": 0.0839, "valence": 0.563, "tempo": 130.47, "duration_ms": 226987, "time_signature": 3}, {"uri": "spotify:track:79Mp01ueJ7rvao6jSYI4vW", "name": "Unchain My Heart", "artist": "Ray Charles", "popularity": 0, "danceability": 0.439, "energy": 0.685, "key": 8, "loudness": -5.798, "mode": 1, "speechiness": 0.113, "acousticness": 0.578, "instrumentalness": 0, "liveness": 0.452, "valence": 0.728, "tempo": 75.602, "duration_ms": 165053, "time_signature": 4}, {"uri": "spotify:track:6YYu8qFzcY1ZyzzsJIQM12", "name": "Straight, No Chaser", "artist": "Thelonious Monk", "popularity": 54, "danceability": 0.465, "energy": 0.35, "key": 3, "loudness": -12.977, "mode": 1, "speechiness": 0.0403, "acousticness": 0.41, "instrumentalness": 0.279, "liveness": 0.135, "valence": 0.62, "tempo": 93.336, "duration_ms": 688133, "time_signature": 4}, {"uri": "spotify:track:2CxOJwC4jqWfPQdahEX9oH", "name": "Reunited (feat. GZA, Ol' Dirty Bastard, RZA & Method Man)", "artist": "Wu-Tang Clan", "popularity": 57, "danceability": 0.611, "energy": 0.721, "key": 8, "loudness": -7.607, "mode": 1, "speechiness": 0.443, "acousticness": 0.037, "instrumentalness": 0.000116, "liveness": 0.184, "valence": 0.832, "tempo": 180.072, "duration_ms": 321733, "time_signature": 4}, {"uri": "spotify:track:3peN8JI1cmaioZOqItFsrA", "name": "Some Unholy War", "artist": "Amy Winehouse", "popularity": 0, "danceability": 0.467, "energy": 0.727, "key": 9, "loudness": -5.021, "mode": 0, "speechiness": 0.198, "acousticness": 0.0756, "instrumentalness": 4.76e-05, "liveness": 0.118, "valence": 0.441, "tempo": 176.061, "duration_ms": 141267, "time_signature": 4}, {"uri": "spotify:track:2PRsh2LNPxoxC9OnErnelg", "name": "Halftime", "artist": "Nas", "popularity": 61, "danceability": 0.766, "energy": 0.793, "key": 4, "loudness": -6.638, "mode": 0, "speechiness": 0.166, "acousticness": 0.0303, "instrumentalness": 8.09e-06, "liveness": 0.173, "valence": 0.652, "tempo": 91.925, "duration_ms": 260800, "time_signature": 4}, {"uri": "spotify:track:7k0lw3bHc5JpqhMRGchjRg", "name": "Jealous Guy - Live", "artist": "Donny Hathaway", "popularity": 50, "danceability": 0.649, "energy": 0.232, "key": 0, "loudness": -16.551, "mode": 1, "speechiness": 0.0799, "acousticness": 0.762, "instrumentalness": 7.82e-06, "liveness": 0.684, "valence": 0.648, "tempo": 61.059, "duration_ms": 189400, "time_signature": 4}, {"uri": "spotify:track:4gQdwwPXSXnDkUh4jYqLoC", "name": "Hip Hop", "artist": "Mos Def", "popularity": 56, "danceability": 0.592, "energy": 0.861, "key": 1, "loudness": -5.177, "mode": 1, "speechiness": 0.249, "acousticness": 0.024, "instrumentalness": 0, "liveness": 0.492, "valence": 0.794, "tempo": 90.238, "duration_ms": 196440, "time_signature": 4}, {"uri": "spotify:track:1YkV2y6QU4zya9sonV0m8R", "name": "Back To Black", "artist": "Amy Winehouse", "popularity": 0, "danceability": 0.289, "energy": 0.731, "key": 10, "loudness": -3.454, "mode": 1, "speechiness": 0.0373, "acousticness": 0.142, "instrumentalness": 1.82e-05, "liveness": 0.0662, "valence": 0.321, "tempo": 60.696, "duration_ms": 240440, "time_signature": 4}, {"uri": "spotify:track:1MdMYZN0VnpjTy6nBCM2Qf", "name": "We're Still Friends - Live At The Union Chapel", "artist": "Amy Winehouse", "popularity": 46, "danceability": 0.559, "energy": 0.13, "key": 9, "loudness": -9.121, "mode": 0, "speechiness": 0.0452, "acousticness": 0.95, "instrumentalness": 0.000155, "liveness": 0.89, "valence": 0.287, "tempo": 132.742, "duration_ms": 175987, "time_signature": 3}, {"uri": "spotify:track:7rwrdW73btzcApiyGwgMMu", "name": "Teach Me Tonight", "artist": "Dinah Washington", "popularity": 0, "danceability": 0.597, "energy": 0.307, "key": 5, "loudness": -12.992, "mode": 1, "speechiness": 0.0686, "acousticness": 0.813, "instrumentalness": 4.95e-05, "liveness": 0.101, "valence": 0.517, "tempo": 80.547, "duration_ms": 167333, "time_signature": 4}, {"uri": "spotify:track:5PQmSHzWnlgG4EBuIqjac2", "name": "If I Ruled the World (Imagine That) (feat. Lauryn Hill)", "artist": "Nas", "popularity": 71, "danceability": 0.879, "energy": 0.564, "key": 10, "loudness": -7.682, "mode": 0, "speechiness": 0.247, "acousticness": 0.0474, "instrumentalness": 9.43e-06, "liveness": 0.0519, "valence": 0.523, "tempo": 93.908, "duration_ms": 282373, "time_signature": 4}, {"uri": "spotify:track:7pE3ToBcXgKoPdz8E2yIvc", "name": "You Know I'm No Good - Ghostface UK Version", "artist": "Amy Winehouse", "popularity": 0, "danceability": 0.67, "energy": 0.821, "key": 2, "loudness": -3.631, "mode": 1, "speechiness": 0.0488, "acousticness": 0.0285, "instrumentalness": 4.83e-06, "liveness": 0.0941, "valence": 0.807, "tempo": 102.829, "duration_ms": 202733, "time_signature": 4}, {"uri": "spotify:track:2tT6mzIeQG2tAFIMTwR6DV", "name": "Pain in My Heart", "artist": "Otis Redding", "popularity": 46, "danceability": 0.476, "energy": 0.227, "key": 10, "loudness": -13.947, "mode": 1, "speechiness": 0.0389, "acousticness": 0.666, "instrumentalness": 0.000397, "liveness": 0.115, "valence": 0.651, "tempo": 164.179, "duration_ms": 143600, "time_signature": 3}, {"uri": "spotify:track:3KThwzM2sBkCeiFhg9CB0L", "name": "Don't Look Back In Anger - Live", "artist": "Carleen Anderson", "popularity": 29, "danceability": 0.409, "energy": 0.197, "key": 5, "loudness": -11.342, "mode": 1, "speechiness": 0.0354, "acousticness": 0.938, "instrumentalness": 0.00043, "liveness": 0.669, "valence": 0.223, "tempo": 125.995, "duration_ms": 312973, "time_signature": 4}, {"uri": "spotify:track:1AHfovSnGPVYKaahRtA0U6", "name": "The Message", "artist": "Nas", "popularity": 66, "danceability": 0.614, "energy": 0.543, "key": 5, "loudness": -7.178, "mode": 1, "speechiness": 0.374, "acousticness": 0.00776, "instrumentalness": 3.28e-05, "liveness": 0.383, "valence": 0.485, "tempo": 178.422, "duration_ms": 234093, "time_signature": 4}, {"uri": "spotify:track:5EOWwimfDmSsjY00DbOwrk", "name": "Love Is A Losing Game", "artist": "Amy Winehouse", "popularity": 0, "danceability": 0.481, "energy": 0.552, "key": 0, "loudness": -5.965, "mode": 1, "speechiness": 0.0275, "acousticness": 0.363, "instrumentalness": 0.0115, "liveness": 0.173, "valence": 0.527, "tempo": 164.812, "duration_ms": 154160, "time_signature": 4}, {"uri": "spotify:track:2GMHqFwYnY3OGSvACE1pkE", "name": "I'm On The Outside (Looking In)", "artist": "Little Anthony & The Imperials", "popularity": 41, "danceability": 0.383, "energy": 0.282, "key": 7, "loudness": -11.764, "mode": 1, "speechiness": 0.0467, "acousticness": 0.82, "instrumentalness": 1.76e-05, "liveness": 0.212, "valence": 0.246, "tempo": 187.09, "duration_ms": 187733, "time_signature": 3}, {"uri": "spotify:track:3glqlA5qY3bbo8UaUDGPnw", "name": "Triumph (feat. Ol' Dirty Bastard, Inspectah Deck, Method Man, Cappadonna, U-God, RZA, GZA, Masta Killa, Ghostface Killah & Raekwon)", "artist": "Wu-Tang Clan", "popularity": 66, "danceability": 0.739, "energy": 0.639, "key": 2, "loudness": -6.959, "mode": 1, "speechiness": 0.358, "acousticness": 0.000918, "instrumentalness": 2.74e-05, "liveness": 0.352, "valence": 0.323, "tempo": 91.121, "duration_ms": 338187, "time_signature": 4}, {"uri": "spotify:track:3tZm76otWH20xzJC7icHCk", "name": "Wish I Didn't Miss You", "artist": "Angie Stone", "popularity": 67, "danceability": 0.856, "energy": 0.755, "key": 10, "loudness": -5.691, "mode": 1, "speechiness": 0.0331, "acousticness": 0.355, "instrumentalness": 0.000621, "liveness": 0.145, "valence": 0.842, "tempo": 123.883, "duration_ms": 270893, "time_signature": 4}, {"uri": "spotify:track:2qdyq2N1XfaA8QhtiOWWFG", "name": "I Love You More Than You'll Ever Know", "artist": "Donny Hathaway", "popularity": 46, "danceability": 0.306, "energy": 0.22, "key": 0, "loudness": -15.601, "mode": 0, "speechiness": 0.0407, "acousticness": 0.742, "instrumentalness": 0.000564, "liveness": 0.112, "valence": 0.199, "tempo": 86.814, "duration_ms": 322867, "time_signature": 3}, {"uri": "spotify:track:3E0dHzJ1WIkm58RhJAe13n", "name": "Across 110th Street", "artist": "Bobby Womack", "popularity": 50, "danceability": 0.547, "energy": 0.8, "key": 11, "loudness": -7.397, "mode": 0, "speechiness": 0.0326, "acousticness": 0.0765, "instrumentalness": 0, "liveness": 0.0973, "valence": 0.517, "tempo": 112.248, "duration_ms": 224547, "time_signature": 4}, {"uri": "spotify:track:3JtAonvsas1Ombmk0VKAK7", "name": "There Is No Greater Love", "artist": "Dinah Washington", "popularity": 0, "danceability": 0.47, "energy": 0.161, "key": 3, "loudness": -14.118, "mode": 1, "speechiness": 0.0427, "acousticness": 0.931, "instrumentalness": 0.000264, "liveness": 0.664, "valence": 0.332, "tempo": 63.111, "duration_ms": 135293, "time_signature": 4}, {"uri": "spotify:track:3QK5Dl9t5YnPjnyHWYwz0h", "name": "Mama Said", "artist": "Carleen Anderson", "popularity": 18, "danceability": 0.71, "energy": 0.628, "key": 7, "loudness": -8.348, "mode": 1, "speechiness": 0.074, "acousticness": 0.0246, "instrumentalness": 0.000171, "liveness": 0.116, "valence": 0.696, "tempo": 103.404, "duration_ms": 249373, "time_signature": 4}, {"uri": "spotify:track:631U6DaszJisq3TiaQ0vTM", "name": "Valerie (feat. Amy Winehouse) - Version Revisited", "artist": "Mark Ronson", "popularity": 1, "danceability": 0.698, "energy": 0.844, "key": 1, "loudness": -4.789, "mode": 1, "speechiness": 0.0544, "acousticness": 0.00253, "instrumentalness": 0.000426, "liveness": 0.124, "valence": 0.896, "tempo": 105.828, "duration_ms": 219413, "time_signature": 4}]