[{"uri": "spotify:track:4ktZEbOKEnx5svwITaKwqK", "name": "Don't Tell Our Friends About Me", "artist": "Blake Mills", "popularity": 49, "danceability": 0.738, "energy": 0.553, "key": 10, "loudness": -8.056, "mode": 1, "speechiness": 0.0351, "acousticness": 0.654, "instrumentalness": 0.00195, "liveness": 0.106, "valence": 0.66, "tempo": 124.882, "duration_ms": 319707, "time_signature": 4}, {"uri": "spotify:track:0LTcZEDrtmOr9NwWUryM9F", "name": "Feather Lighter", "artist": "She Keeps Bees", "popularity": 0, "danceability": 0.878, "energy": 0.141, "key": 4, "loudness": -14.2, "mode": 0, "speechiness": 0.0641, "acousticness": 0.895, "instrumentalness": 0.0225, "liveness": 0.103, "valence": 0.377, "tempo": 131.93, "duration_ms": 165369, "time_signature": 4}, {"uri": "spotify:track:3G9ETaH55bMQx8hwNhAgbU", "name": "The Stable Song", "artist": "Gregory Alan Isakov", "popularity": 65, "danceability": 0.626, "energy": 0.432, "key": 2, "loudness": -11.948, "mode": 1, "speechiness": 0.0283, "acousticness": 0.633, "instrumentalness": 0.00239, "liveness": 0.127, "valence": 0.361, "tempo": 137.93, "duration_ms": 360933, "time_signature": 4}, {"uri": "spotify:track:7MEMfaSEImSB9HgZCTptJ5", "name": "One Last Time (feat. Melaena Cadiz)", "artist": "L\u00e9o Vincent", "popularity": 15, "danceability": 0.682, "energy": 0.415, "key": 0, "loudness": -10.74, "mode": 1, "speechiness": 0.0291, "acousticness": 0.224, "instrumentalness": 0.51, "liveness": 0.11, "valence": 0.427, "tempo": 120.051, "duration_ms": 201849, "time_signature": 4}, {"uri": "spotify:track:0xqxbqXuWFZGgD34zIuzKO", "name": "Another Is Waiting", "artist": "The Avett Brothers", "popularity": 0, "danceability": 0.453, "energy": 0.812, "key": 7, "loudness": -3.099, "mode": 1, "speechiness": 0.0344, "acousticness": 0.0097, "instrumentalness": 0, "liveness": 0.369, "valence": 0.806, "tempo": 164.622, "duration_ms": 129240, "time_signature": 4}, {"uri": "spotify:track:0MmrCvB4W72wEmBoBAebdN", "name": "Way Out Weather", "artist": "Steve Gunn", "popularity": 0, "danceability": 0.442, "energy": 0.334, "key": 11, "loudness": -13.691, "mode": 1, "speechiness": 0.03, "acousticness": 0.686, "instrumentalness": 0.787, "liveness": 0.0915, "valence": 0.329, "tempo": 140.262, "duration_ms": 377567, "time_signature": 4}, {"uri": "spotify:track:3fGz5pzMwkTzfE59w3ByEW", "name": "You Can Make Me Feel Bad", "artist": "Phosphorescent", "popularity": 0, "danceability": 0.729, "energy": 0.152, "key": 4, "loudness": -12.387, "mode": 1, "speechiness": 0.0451, "acousticness": 0.695, "instrumentalness": 1.54e-06, "liveness": 0.113, "valence": 0.241, "tempo": 129.923, "duration_ms": 183907, "time_signature": 4}, {"uri": "spotify:track:6UfKha2TAX95dHfOx6muVV", "name": "If I Go", "artist": "Jake McMullen", "popularity": 31, "danceability": 0.59, "energy": 0.179, "key": 4, "loudness": -13.391, "mode": 1, "speechiness": 0.0346, "acousticness": 0.858, "instrumentalness": 0.0393, "liveness": 0.0979, "valence": 0.146, "tempo": 58.07, "duration_ms": 237203, "time_signature": 4}, {"uri": "spotify:track:3yaFjAn6FwqgbuPMpV7Tix", "name": "What's the Matter", "artist": "Milo Greene", "popularity": 42, "danceability": 0.543, "energy": 0.596, "key": 11, "loudness": -10.248, "mode": 0, "speechiness": 0.0293, "acousticness": 0.723, "instrumentalness": 0.595, "liveness": 0.313, "valence": 0.47, "tempo": 126.0, "duration_ms": 268227, "time_signature": 4}, {"uri": "spotify:track:4PXb4gyyo85e3IYXa0eWkk", "name": "Old Pine", "artist": "Ben Howard", "popularity": 4, "danceability": 0.401, "energy": 0.364, "key": 5, "loudness": -10.836, "mode": 1, "speechiness": 0.033, "acousticness": 0.45, "instrumentalness": 0.0503, "liveness": 0.162, "valence": 0.224, "tempo": 129.568, "duration_ms": 328507, "time_signature": 4}, {"uri": "spotify:track:0ULgyTPopGxfp50DJ4hsTy", "name": "Ivy & Gold", "artist": "Bombay Bicycle Club", "popularity": 2, "danceability": 0.615, "energy": 0.681, "key": 6, "loudness": -7.361, "mode": 1, "speechiness": 0.0307, "acousticness": 0.745, "instrumentalness": 0.031, "liveness": 0.0756, "valence": 0.888, "tempo": 128.994, "duration_ms": 176072, "time_signature": 4}, {"uri": "spotify:track:6pwZZQHeID4FmGCwmI3gYu", "name": "Wolves", "artist": "The Barr Brothers", "popularity": 0, "danceability": 0.71, "energy": 0.558, "key": 7, "loudness": -9.346, "mode": 1, "speechiness": 0.0256, "acousticness": 0.389, "instrumentalness": 0.732, "liveness": 0.0992, "valence": 0.575, "tempo": 101.486, "duration_ms": 304160, "time_signature": 4}, {"uri": "spotify:track:3rAmRMmztGxIY2rIs4oBKF", "name": "Submarines", "artist": "Goodnight, Texas", "popularity": 0, "danceability": 0.575, "energy": 0.295, "key": 9, "loudness": -11.701, "mode": 1, "speechiness": 0.0449, "acousticness": 0.582, "instrumentalness": 0.00222, "liveness": 0.0616, "valence": 0.61, "tempo": 146.73, "duration_ms": 164680, "time_signature": 4}, {"uri": "spotify:track:3zohwge6UksxW1zbbw7BQQ", "name": "Think That You Might Be Wrong", "artist": "Great Lake Swimmers", "popularity": 30, "danceability": 0.466, "energy": 0.382, "key": 7, "loudness": -9.842, "mode": 1, "speechiness": 0.032, "acousticness": 0.681, "instrumentalness": 0.00817, "liveness": 0.089, "valence": 0.348, "tempo": 170.73, "duration_ms": 254920, "time_signature": 3}, {"uri": "spotify:track:1UTJHcxqphjjlOjsGbC6uN", "name": "Rain Plans", "artist": "Israel Nash", "popularity": 38, "danceability": 0.266, "energy": 0.547, "key": 4, "loudness": -8.917, "mode": 0, "speechiness": 0.0281, "acousticness": 0.0282, "instrumentalness": 0.786, "liveness": 0.111, "valence": 0.423, "tempo": 146.718, "duration_ms": 438707, "time_signature": 4}, {"uri": "spotify:track:5aSOq5UQi3zpQ4VwqpQa4n", "name": "Follow You Anywhere", "artist": "Monica Heldal", "popularity": 30, "danceability": 0.465, "energy": 0.424, "key": 4, "loudness": -10.479, "mode": 1, "speechiness": 0.0248, "acousticness": 0.755, "instrumentalness": 0.101, "liveness": 0.104, "valence": 0.223, "tempo": 88.707, "duration_ms": 232080, "time_signature": 4}, {"uri": "spotify:track:4pCvaD8i0KBlJnwuvvx4pM", "name": "Like Real People Do", "artist": "Hozier", "popularity": 38, "danceability": 0.584, "energy": 0.168, "key": 7, "loudness": -13.406, "mode": 1, "speechiness": 0.0283, "acousticness": 0.889, "instrumentalness": 2.79e-05, "liveness": 0.121, "valence": 0.157, "tempo": 140.052, "duration_ms": 197800, "time_signature": 3}, {"uri": "spotify:track:6Jd28erLO94j6yxbJU6EeT", "name": "Saltwater", "artist": "The Daydream Club", "popularity": 23, "danceability": 0.403, "energy": 0.426, "key": 4, "loudness": -6.273, "mode": 0, "speechiness": 0.0267, "acousticness": 0.58, "instrumentalness": 0.0126, "liveness": 0.102, "valence": 0.235, "tempo": 172.964, "duration_ms": 206000, "time_signature": 3}, {"uri": "spotify:track:3jDF66ZATb0FcHNnOqeyDK", "name": "Boardwalks", "artist": "Little May", "popularity": 0, "danceability": 0.65, "energy": 0.377, "key": 6, "loudness": -12.626, "mode": 1, "speechiness": 0.0275, "acousticness": 0.807, "instrumentalness": 0.0487, "liveness": 0.11, "valence": 0.288, "tempo": 129.028, "duration_ms": 195735, "time_signature": 4}, {"uri": "spotify:track:30IcgCt5Zf0o8nwvpUHQPy", "name": "When I Go", "artist": "Slow Club", "popularity": 31, "danceability": 0.685, "energy": 0.192, "key": 4, "loudness": -14.747, "mode": 1, "speechiness": 0.0524, "acousticness": 0.758, "instrumentalness": 0, "liveness": 0.0993, "valence": 0.618, "tempo": 115.331, "duration_ms": 186627, "time_signature": 4}, {"uri": "spotify:track:6udmR0EdjBR2gQ4RIzEqs3", "name": "Lucky Cloud", "artist": "Sam Amidon", "popularity": 0, "danceability": 0.859, "energy": 0.184, "key": 7, "loudness": -11.428, "mode": 1, "speechiness": 0.0817, "acousticness": 0.416, "instrumentalness": 1.84e-05, "liveness": 0.048, "valence": 0.196, "tempo": 119.403, "duration_ms": 224693, "time_signature": 4}, {"uri": "spotify:track:2ECHw3T5AkBXCrVzm346Sf", "name": "This Is How We Walk On The Moon", "artist": "Jos\u00e9 Gonz\u00e1lez", "popularity": 0, "danceability": 0.798, "energy": 0.404, "key": 6, "loudness": -12.159, "mode": 0, "speechiness": 0.0738, "acousticness": 0.739, "instrumentalness": 0.39, "liveness": 0.107, "valence": 0.239, "tempo": 113.955, "duration_ms": 309480, "time_signature": 4}, {"uri": "spotify:track:60i7EJiLEZtxp48pAhoJ2G", "name": "Fit Against the Country", "artist": "Horse Feathers", "popularity": 0, "danceability": 0.554, "energy": 0.285, "key": 2, "loudness": -12.193, "mode": 0, "speechiness": 0.0326, "acousticness": 0.889, "instrumentalness": 0.00312, "liveness": 0.0828, "valence": 0.664, "tempo": 89.017, "duration_ms": 211387, "time_signature": 4}, {"uri": "spotify:track:3IrAdZnAT5c0vwTODhMT4l", "name": "The Water (feat. Laura Marling)", "artist": "Johnny Flynn", "popularity": 0, "danceability": 0.47, "energy": 0.28, "key": 0, "loudness": -11.548, "mode": 1, "speechiness": 0.0305, "acousticness": 0.867, "instrumentalness": 0.000276, "liveness": 0.11, "valence": 0.257, "tempo": 124.87, "duration_ms": 252853, "time_signature": 3}, {"uri": "spotify:track:3SCDpe3QWlLSg5oJjqN25Q", "name": "Still Trying", "artist": "Nathaniel Rateliff", "popularity": 52, "danceability": 0.515, "energy": 0.146, "key": 11, "loudness": -15.018, "mode": 1, "speechiness": 0.0381, "acousticness": 0.813, "instrumentalness": 0.00175, "liveness": 0.14, "valence": 0.243, "tempo": 80.99, "duration_ms": 249580, "time_signature": 4}, {"uri": "spotify:track:0xaUz4XHsNAZ7v6uMQH8Jb", "name": "Yours to Shake", "artist": "Greylag", "popularity": 0, "danceability": 0.712, "energy": 0.491, "key": 7, "loudness": -7.665, "mode": 0, "speechiness": 0.0377, "acousticness": 0.461, "instrumentalness": 0, "liveness": 0.0833, "valence": 0.405, "tempo": 117.985, "duration_ms": 222480, "time_signature": 4}, {"uri": "spotify:track:5CkawHrHRyC1TMbM6RqB0f", "name": "Sorry With A Song - Single Version", "artist": "Josh T. Pearson", "popularity": 11, "danceability": 0.422, "energy": 0.29, "key": 10, "loudness": -12.015, "mode": 1, "speechiness": 0.0376, "acousticness": 0.86, "instrumentalness": 0.312, "liveness": 0.122, "valence": 0.459, "tempo": 82.085, "duration_ms": 186021, "time_signature": 4}, {"uri": "spotify:track:7IM9VrOBABAqmCGA8dh0Ub", "name": "Cucurucu - Single Version", "artist": "Nick Mulvey", "popularity": 17, "danceability": 0.556, "energy": 0.62, "key": 6, "loudness": -7.938, "mode": 0, "speechiness": 0.0573, "acousticness": 0.197, "instrumentalness": 4.01e-05, "liveness": 0.0962, "valence": 0.487, "tempo": 97.034, "duration_ms": 266021, "time_signature": 4}, {"uri": "spotify:track:6TB9KEgHO5sXKGYUs3joF3", "name": "Country Moon, Pt. 1", "artist": "New Madrid", "popularity": 38, "danceability": 0.39, "energy": 0.837, "key": 0, "loudness": -7.883, "mode": 1, "speechiness": 0.0315, "acousticness": 0.0621, "instrumentalness": 0.129, "liveness": 0.116, "valence": 0.803, "tempo": 163.057, "duration_ms": 262920, "time_signature": 4}, {"uri": "spotify:track:6WJAZ2TUnaKUv9aKkOGokD", "name": "Ben's My Friend", "artist": "Sun Kil Moon", "popularity": 0, "danceability": 0.681, "energy": 0.576, "key": 3, "loudness": -6.782, "mode": 1, "speechiness": 0.0392, "acousticness": 0.854, "instrumentalness": 4.33e-05, "liveness": 0.103, "valence": 0.612, "tempo": 93.073, "duration_ms": 316627, "time_signature": 4}, {"uri": "spotify:track:5YelQnkvmzcB3QXhQxBAi2", "name": "Porcelain", "artist": "Courtney Barnett", "popularity": 0, "danceability": 0.474, "energy": 0.537, "key": 7, "loudness": -8.381, "mode": 1, "speechiness": 0.0302, "acousticness": 0.539, "instrumentalness": 0.498, "liveness": 0.128, "valence": 0.274, "tempo": 117.558, "duration_ms": 427267, "time_signature": 3}, {"uri": "spotify:track:3sNSMzopoEApXHYdgl5FAm", "name": "Head For The Hills", "artist": "Night Beds", "popularity": 0, "danceability": 0.418, "energy": 0.624, "key": 8, "loudness": -6.893, "mode": 1, "speechiness": 0.0349, "acousticness": 0.539, "instrumentalness": 0.000101, "liveness": 0.105, "valence": 0.217, "tempo": 112.989, "duration_ms": 241227, "time_signature": 4}, {"uri": "spotify:track:4JKHACLkotsxdKNF9vJYOS", "name": "Nothing Arrived - Live from Spotify London", "artist": "Villagers", "popularity": 0, "danceability": 0.579, "energy": 0.415, "key": 7, "loudness": -11.599, "mode": 1, "speechiness": 0.0397, "acousticness": 0.929, "instrumentalness": 0.0018, "liveness": 0.671, "valence": 0.42, "tempo": 102.713, "duration_ms": 219093, "time_signature": 4}, {"uri": "spotify:track:0aJhLmZV80gfqL8x9yDIpn", "name": "Fine and Mellow", "artist": "Hurray For The Riff Raff", "popularity": 30, "danceability": 0.71, "energy": 0.302, "key": 9, "loudness": -4.695, "mode": 1, "speechiness": 0.0422, "acousticness": 0.862, "instrumentalness": 1.03e-05, "liveness": 0.113, "valence": 0.524, "tempo": 112.582, "duration_ms": 217467, "time_signature": 4}, {"uri": "spotify:track:3FZp9Dzst1a9cnVJuxxtvH", "name": "Reunite", "artist": "Isbells", "popularity": 0, "danceability": 0.59, "energy": 0.476, "key": 1, "loudness": -12.784, "mode": 0, "speechiness": 0.0294, "acousticness": 0.756, "instrumentalness": 0.208, "liveness": 0.106, "valence": 0.6, "tempo": 68.161, "duration_ms": 235720, "time_signature": 4}, {"uri": "spotify:track:0NemNX2znA1VVuUFBUpTra", "name": "The Great Escape", "artist": "Patrick Watson", "popularity": 0, "danceability": 0.479, "energy": 0.0681, "key": 6, "loudness": -16.898, "mode": 1, "speechiness": 0.0357, "acousticness": 0.99, "instrumentalness": 0.127, "liveness": 0.11, "valence": 0.253, "tempo": 105.111, "duration_ms": 187373, "time_signature": 4}, {"uri": "spotify:track:3BH8wVYFjXvtzX1WovGsKA", "name": "Lights Out", "artist": "Angel Olsen", "popularity": 0, "danceability": 0.46, "energy": 0.438, "key": 4, "loudness": -8.317, "mode": 1, "speechiness": 0.034, "acousticness": 0.038, "instrumentalness": 6.29e-05, "liveness": 0.112, "valence": 0.246, "tempo": 127.365, "duration_ms": 267467, "time_signature": 4}, {"uri": "spotify:track:3SUnB496wZdR3cpSoI9KK0", "name": "Young", "artist": "Air Review", "popularity": 36, "danceability": 0.54, "energy": 0.675, "key": 8, "loudness": -9.126, "mode": 1, "speechiness": 0.0305, "acousticness": 0.248, "instrumentalness": 0.899, "liveness": 0.111, "valence": 0.472, "tempo": 139.987, "duration_ms": 231387, "time_signature": 4}, {"uri": "spotify:track:7EDbWDfK1rji9tpRDyIWmA", "name": "Drive-In Movies", "artist": "Ray LaMontagne", "popularity": 37, "danceability": 0.375, "energy": 0.59, "key": 0, "loudness": -7.982, "mode": 1, "speechiness": 0.0351, "acousticness": 0.101, "instrumentalness": 0, "liveness": 0.185, "valence": 0.422, "tempo": 168.448, "duration_ms": 303027, "time_signature": 4}, {"uri": "spotify:track:28PGJmnt28fVnqbQXQ2cUU", "name": "Riding To New York", "artist": "Passenger", "popularity": 8, "danceability": 0.447, "energy": 0.323, "key": 2, "loudness": -11.575, "mode": 0, "speechiness": 0.0432, "acousticness": 0.622, "instrumentalness": 0.000697, "liveness": 0.101, "valence": 0.202, "tempo": 133.966, "duration_ms": 302533, "time_signature": 4}, {"uri": "spotify:track:7hZGXLeI80nRjPS6WeAjnv", "name": "Lion's Home", "artist": "Feathership", "popularity": 9, "danceability": 0.292, "energy": 0.282, "key": 4, "loudness": -15.061, "mode": 1, "speechiness": 0.0331, "acousticness": 0.926, "instrumentalness": 0.0551, "liveness": 0.0934, "valence": 0.539, "tempo": 168.228, "duration_ms": 252173, "time_signature": 3}, {"uri": "spotify:track:4XCPgWNgeIQdA1swy6fLwC", "name": "No Cigarettes", "artist": "Withered Hand", "popularity": 0, "danceability": 0.423, "energy": 0.401, "key": 7, "loudness": -10.888, "mode": 0, "speechiness": 0.031, "acousticness": 0.823, "instrumentalness": 0.00308, "liveness": 0.0896, "valence": 0.535, "tempo": 168.575, "duration_ms": 266107, "time_signature": 4}, {"uri": "spotify:track:0td8kBKqsmF2sl5CKTfLXW", "name": "Icarus", "artist": "Silver Firs", "popularity": 0, "danceability": 0.749, "energy": 0.615, "key": 2, "loudness": -6.695, "mode": 1, "speechiness": 0.0301, "acousticness": 0.667, "instrumentalness": 0.785, "liveness": 0.104, "valence": 0.77, "tempo": 106.958, "duration_ms": 231827, "time_signature": 4}, {"uri": "spotify:track:6uT4E6OeVm0W0kIHOm3Hjo", "name": "Desert Wine", "artist": "Joshua Burnside", "popularity": 10, "danceability": 0.569, "energy": 0.446, "key": 0, "loudness": -10.222, "mode": 1, "speechiness": 0.0268, "acousticness": 0.267, "instrumentalness": 4.56e-05, "liveness": 0.568, "valence": 0.417, "tempo": 81.763, "duration_ms": 114466, "time_signature": 4}, {"uri": "spotify:track:6RxXF14G5pBPC1e5que9QC", "name": "What The Devil Has Made - From The Film 'Spirit of Akasha'", "artist": "Matt Corby", "popularity": 32, "danceability": 0.525, "energy": 0.507, "key": 7, "loudness": -8.503, "mode": 1, "speechiness": 0.0367, "acousticness": 0.207, "instrumentalness": 0.00293, "liveness": 0.149, "valence": 0.162, "tempo": 77.532, "duration_ms": 287128, "time_signature": 4}, {"uri": "spotify:track:5AOrp8sjqkLT2A0nq17IeW", "name": "Throw Me A Line", "artist": "Hudson Taylor", "popularity": 0, "danceability": 0.477, "energy": 0.408, "key": 4, "loudness": -8.473, "mode": 1, "speechiness": 0.0295, "acousticness": 0.46, "instrumentalness": 0, "liveness": 0.505, "valence": 0.31, "tempo": 127.844, "duration_ms": 175500, "time_signature": 4}, {"uri": "spotify:track:51jy98I9q9Nk1xyA0W4ZBg", "name": "If You've Gotta Go, Go Now - Bonus Track", "artist": "J. Tillman", "popularity": 40, "danceability": 0.548, "energy": 0.217, "key": 7, "loudness": -10.308, "mode": 1, "speechiness": 0.0266, "acousticness": 0.722, "instrumentalness": 2.15e-05, "liveness": 0.0788, "valence": 0.325, "tempo": 87.01, "duration_ms": 225947, "time_signature": 4}, {"uri": "spotify:track:5xoVToV1muvqMkM2dHHTlW", "name": "My Father's Father", "artist": "The Civil Wars", "popularity": 0, "danceability": 0.523, "energy": 0.182, "key": 4, "loudness": -14.639, "mode": 1, "speechiness": 0.03, "acousticness": 0.934, "instrumentalness": 0.00232, "liveness": 0.109, "valence": 0.191, "tempo": 92.586, "duration_ms": 200440, "time_signature": 4}, {"uri": "spotify:track:0NjYR71Mw5V1dvV0UEe3q3", "name": "Mexico", "artist": "The Staves", "popularity": 33, "danceability": 0.558, "energy": 0.117, "key": 5, "loudness": -16.958, "mode": 1, "speechiness": 0.0345, "acousticness": 0.964, "instrumentalness": 0.000686, "liveness": 0.0847, "valence": 0.174, "tempo": 131.847, "duration_ms": 246414, "time_signature": 4}, {"uri": "spotify:track:6SEF3Xvj4tIomwr6mJ0NMI", "name": "Gold", "artist": "James Vincent McMorrow", "popularity": 0, "danceability": 0.387, "energy": 0.492, "key": 5, "loudness": -5.672, "mode": 1, "speechiness": 0.0318, "acousticness": 0.66, "instrumentalness": 0.000517, "liveness": 0.0534, "valence": 0.437, "tempo": 129.738, "duration_ms": 180400, "time_signature": 5}, {"uri": "spotify:track:4RoOGOBrRCPTD9BXs8jVdN", "name": "Make a Shadow", "artist": "Meg Myers", "popularity": 32, "danceability": 0.727, "energy": 0.431, "key": 6, "loudness": -7.835, "mode": 0, "speechiness": 0.0306, "acousticness": 0.196, "instrumentalness": 0.000424, "liveness": 0.154, "valence": 0.321, "tempo": 133.999, "duration_ms": 262640, "time_signature": 4}, {"uri": "spotify:track:4o6yITU7yM1HF9pnv6ArA3", "name": "Sarah Minor", "artist": "Keaton Henson", "popularity": 35, "danceability": 0.513, "energy": 0.232, "key": 5, "loudness": -9.747, "mode": 1, "speechiness": 0.0424, "acousticness": 0.913, "instrumentalness": 0.000141, "liveness": 0.102, "valence": 0.38, "tempo": 139.634, "duration_ms": 205533, "time_signature": 3}, {"uri": "spotify:track:37z3ghNvcoPvHypKWTb2Sz", "name": "Left for America", "artist": "Ciaran Lavery", "popularity": 0, "danceability": 0.498, "energy": 0.384, "key": 4, "loudness": -10.752, "mode": 1, "speechiness": 0.0976, "acousticness": 0.818, "instrumentalness": 0.000937, "liveness": 0.13, "valence": 0.25, "tempo": 79.856, "duration_ms": 170787, "time_signature": 4}, {"uri": "spotify:track:5fz0CgnnAQ83evL6slk8x8", "name": "Love Ain't Enough", "artist": "The Barr Brothers", "popularity": 0, "danceability": 0.598, "energy": 0.609, "key": 10, "loudness": -8.721, "mode": 1, "speechiness": 0.0268, "acousticness": 0.0988, "instrumentalness": 0.341, "liveness": 0.445, "valence": 0.613, "tempo": 81.045, "duration_ms": 288520, "time_signature": 4}, {"uri": "spotify:track:5TrwDZi9w4gyxRMrAJ3R2C", "name": "To Be Alone With You", "artist": "Joshua James", "popularity": 30, "danceability": 0.645, "energy": 0.305, "key": 2, "loudness": -15.052, "mode": 0, "speechiness": 0.0289, "acousticness": 0.672, "instrumentalness": 0.222, "liveness": 0.122, "valence": 0.386, "tempo": 114.772, "duration_ms": 212267, "time_signature": 3}, {"uri": "spotify:track:686Vrg8BINJLpqN218ne2K", "name": "Guess It Was", "artist": "The Sea The Sea", "popularity": 23, "danceability": 0.392, "energy": 0.219, "key": 3, "loudness": -9.888, "mode": 1, "speechiness": 0.0299, "acousticness": 0.894, "instrumentalness": 0.000507, "liveness": 0.117, "valence": 0.2, "tempo": 78.264, "duration_ms": 202235, "time_signature": 4}]