[{"uri": "spotify:track:6invZZ1AIuGp22kxeeLr3I", "name": "Wildflowers", "artist": "Ana Egge", "popularity": 14, "danceability": 0.441, "energy": 0.361, "key": 10, "loudness": -8.656, "mode": 1, "speechiness": 0.041, "acousticness": 0.899, "instrumentalness": 0.000114, "liveness": 0.106, "valence": 0.573, "tempo": 171.857, "duration_ms": 187907, "time_signature": 4}, {"uri": "spotify:track:1Bx9I2NyzUpTfmpAQ4BSsR", "name": "Dream in Blue", "artist": "The Stray Birds", "popularity": 52, "danceability": 0.45, "energy": 0.324, "key": 2, "loudness": -11.234, "mode": 1, "speechiness": 0.037, "acousticness": 0.71, "instrumentalness": 0.000679, "liveness": 0.176, "valence": 0.354, "tempo": 179.133, "duration_ms": 212027, "time_signature": 4}, {"uri": "spotify:track:5ThoiwUqwVYkS411dbEhIV", "name": "Forgotten", "artist": "Punch Brothers", "popularity": 30, "danceability": 0.497, "energy": 0.319, "key": 5, "loudness": -14.208, "mode": 1, "speechiness": 0.0287, "acousticness": 0.745, "instrumentalness": 0.00165, "liveness": 0.111, "valence": 0.186, "tempo": 140.013, "duration_ms": 257320, "time_signature": 4}, {"uri": "spotify:track:1I9dSqB5XSdwOfn9M8zpRg", "name": "Build Me Up From Bones", "artist": "Sarah Jarosz", "popularity": 55, "danceability": 0.53, "energy": 0.283, "key": 5, "loudness": -11.962, "mode": 1, "speechiness": 0.0367, "acousticness": 0.876, "instrumentalness": 0.000141, "liveness": 0.106, "valence": 0.282, "tempo": 114.982, "duration_ms": 216173, "time_signature": 4}, {"uri": "spotify:track:3mvvQc9wfuShJU2AH69PyP", "name": "Sweetgrass", "artist": "Lauren Shera", "popularity": 0, "danceability": 0.317, "energy": 0.161, "key": 0, "loudness": -11.347, "mode": 1, "speechiness": 0.0337, "acousticness": 0.826, "instrumentalness": 1.84e-05, "liveness": 0.117, "valence": 0.172, "tempo": 141.724, "duration_ms": 254480, "time_signature": 4}, {"uri": "spotify:track:0KY35FGGCjF65VHzrcDy6F", "name": "Crossing Muddy Waters", "artist": "I'm With Her", "popularity": 0, "danceability": 0.595, "energy": 0.256, "key": 2, "loudness": -9.948, "mode": 1, "speechiness": 0.0294, "acousticness": 0.907, "instrumentalness": 8.3e-06, "liveness": 0.115, "valence": 0.34, "tempo": 115.205, "duration_ms": 228320, "time_signature": 1}, {"uri": "spotify:track:38Bl6aL5xfsp3uNCDO7hPU", "name": "Briar Rose", "artist": "Aoife O'Donovan", "popularity": 0, "danceability": 0.609, "energy": 0.534, "key": 1, "loudness": -9.474, "mode": 1, "speechiness": 0.0288, "acousticness": 0.474, "instrumentalness": 0.00252, "liveness": 0.138, "valence": 0.618, "tempo": 95.985, "duration_ms": 196773, "time_signature": 4}, {"uri": "spotify:track:5CQHTuNbYlEA4fZdxQ4PMi", "name": "Gone Tomorrow", "artist": "The Staves", "popularity": 34, "danceability": 0.585, "energy": 0.239, "key": 9, "loudness": -15.167, "mode": 1, "speechiness": 0.0309, "acousticness": 0.697, "instrumentalness": 0.00133, "liveness": 0.159, "valence": 0.0933, "tempo": 101.182, "duration_ms": 207520, "time_signature": 4}, {"uri": "spotify:track:4dpsLtTDaixmqh3lWZBeUP", "name": "Still Here", "artist": "Caitlin Canty", "popularity": 0, "danceability": 0.706, "energy": 0.187, "key": 8, "loudness": -14.379, "mode": 0, "speechiness": 0.04, "acousticness": 0.881, "instrumentalness": 0.0022, "liveness": 0.111, "valence": 0.172, "tempo": 123.053, "duration_ms": 287107, "time_signature": 4}, {"uri": "spotify:track:3JvXStoiT3lg5Mwlsvp0aH", "name": "Hard Times", "artist": "Ayleen O'Hanlon", "popularity": 1, "danceability": 0.647, "energy": 0.0983, "key": 1, "loudness": -10.285, "mode": 1, "speechiness": 0.0407, "acousticness": 0.906, "instrumentalness": 1.69e-05, "liveness": 0.103, "valence": 0.446, "tempo": 121.412, "duration_ms": 346208, "time_signature": 4}, {"uri": "spotify:track:3tksIvyjytNUqZicWMKyrn", "name": "Sweet Pea", "artist": "Bearfoot", "popularity": 12, "danceability": 0.719, "energy": 0.226, "key": 3, "loudness": -10.921, "mode": 1, "speechiness": 0.0359, "acousticness": 0.916, "instrumentalness": 1.76e-05, "liveness": 0.0997, "valence": 0.245, "tempo": 110.006, "duration_ms": 359573, "time_signature": 4}, {"uri": "spotify:track:3DHrrsDGmPol9L9v2QMn9N", "name": "Lone Pilgrim", "artist": "Crooked Still", "popularity": 0, "danceability": 0.548, "energy": 0.141, "key": 8, "loudness": -15.945, "mode": 1, "speechiness": 0.0354, "acousticness": 0.447, "instrumentalness": 0.0658, "liveness": 0.108, "valence": 0.196, "tempo": 119.323, "duration_ms": 197330, "time_signature": 4}, {"uri": "spotify:track:2AhbZP2oChiLpq5HHKg1xP", "name": "Long Time Traveller", "artist": "The Wailin' Jennys", "popularity": 0, "danceability": 0.447, "energy": 0.0467, "key": 8, "loudness": -16.974, "mode": 1, "speechiness": 0.0481, "acousticness": 0.985, "instrumentalness": 0, "liveness": 0.19, "valence": 0.267, "tempo": 72.934, "duration_ms": 128280, "time_signature": 4}, {"uri": "spotify:track:1AKFvLirpQFURUG2u5kfBl", "name": "Black Widow", "artist": "Mandolin Orange", "popularity": 0, "danceability": 0.482, "energy": 0.222, "key": 7, "loudness": -12.786, "mode": 1, "speechiness": 0.0291, "acousticness": 0.964, "instrumentalness": 0.00197, "liveness": 0.083, "valence": 0.215, "tempo": 86.483, "duration_ms": 194267, "time_signature": 4}, {"uri": "spotify:track:53a2CxT0YQLtkg0q369xc1", "name": "Maya's Waltz", "artist": "Zoe & Cloyd", "popularity": 8, "danceability": 0.402, "energy": 0.238, "key": 9, "loudness": -7.621, "mode": 1, "speechiness": 0.0298, "acousticness": 0.937, "instrumentalness": 4.7e-05, "liveness": 0.13, "valence": 0.309, "tempo": 94.565, "duration_ms": 197440, "time_signature": 3}, {"uri": "spotify:track:6u5YgLV7ZEgm0XYqZeVys8", "name": "Same Same Stars", "artist": "Sleepy Man", "popularity": 25, "danceability": 0.605, "energy": 0.412, "key": 1, "loudness": -9.139, "mode": 1, "speechiness": 0.031, "acousticness": 0.725, "instrumentalness": 0.00759, "liveness": 0.129, "valence": 0.178, "tempo": 146.038, "duration_ms": 261643, "time_signature": 4}, {"uri": "spotify:track:65BtFxiMYr6hSYhaIzFxn1", "name": "Small Town Heroes", "artist": "Hurray For The Riff Raff", "popularity": 0, "danceability": 0.601, "energy": 0.0747, "key": 8, "loudness": -16.668, "mode": 1, "speechiness": 0.0373, "acousticness": 0.894, "instrumentalness": 3.23e-05, "liveness": 0.109, "valence": 0.436, "tempo": 136.002, "duration_ms": 268747, "time_signature": 4}, {"uri": "spotify:track:264bH2jUIFmlclwJfpmEk9", "name": "A Heart Arcane", "artist": "Horse Feathers", "popularity": 0, "danceability": 0.636, "energy": 0.126, "key": 5, "loudness": -15.782, "mode": 1, "speechiness": 0.0355, "acousticness": 0.923, "instrumentalness": 0.000207, "liveness": 0.207, "valence": 0.485, "tempo": 116.854, "duration_ms": 169733, "time_signature": 4}, {"uri": "spotify:track:4tO2OXTXh8ccL4yW5d6ZFm", "name": "My Friend", "artist": "Sara Watkins", "popularity": 12, "danceability": 0.521, "energy": 0.109, "key": 3, "loudness": -17.508, "mode": 1, "speechiness": 0.035, "acousticness": 0.946, "instrumentalness": 0.000234, "liveness": 0.142, "valence": 0.281, "tempo": 122.674, "duration_ms": 194760, "time_signature": 4}, {"uri": "spotify:track:5uwQpxx1PCXLuVrMOx6Axo", "name": "Ain't No Ash Will Burn", "artist": "Della Mae", "popularity": 28, "danceability": 0.574, "energy": 0.247, "key": 0, "loudness": -9.251, "mode": 1, "speechiness": 0.0265, "acousticness": 0.83, "instrumentalness": 0.00198, "liveness": 0.137, "valence": 0.342, "tempo": 102.846, "duration_ms": 257533, "time_signature": 3}, {"uri": "spotify:track:6lg1rLyW6bDMxZVesz0WAO", "name": "Louise", "artist": "Mipso", "popularity": 0, "danceability": 0.639, "energy": 0.381, "key": 10, "loudness": -9.428, "mode": 1, "speechiness": 0.0321, "acousticness": 0.768, "instrumentalness": 2.25e-06, "liveness": 0.214, "valence": 0.489, "tempo": 89.897, "duration_ms": 266998, "time_signature": 4}, {"uri": "spotify:track:2Ay9FNFYXSUTCMl7MHJY3u", "name": "No One but You", "artist": "Yo-Yo Ma", "popularity": 0, "danceability": 0.303, "energy": 0.0329, "key": 9, "loudness": -23.031, "mode": 0, "speechiness": 0.033, "acousticness": 0.969, "instrumentalness": 0.00652, "liveness": 0.202, "valence": 0.0694, "tempo": 73.947, "duration_ms": 234173, "time_signature": 4}, {"uri": "spotify:track:354b4pFZzbBx9wL0DaCGYW", "name": "How To Grow A Woman From The Ground", "artist": "Chris Thile", "popularity": 25, "danceability": 0.591, "energy": 0.177, "key": 9, "loudness": -15.729, "mode": 1, "speechiness": 0.0373, "acousticness": 0.927, "instrumentalness": 0.000331, "liveness": 0.0949, "valence": 0.279, "tempo": 111.766, "duration_ms": 308640, "time_signature": 4}, {"uri": "spotify:track:5OSq4WAjtWIeA1ugFqPA3X", "name": "Breath of Love", "artist": "The David Mayfield Parade", "popularity": 15, "danceability": 0.561, "energy": 0.326, "key": 5, "loudness": -8.094, "mode": 1, "speechiness": 0.032, "acousticness": 0.897, "instrumentalness": 0, "liveness": 0.0959, "valence": 0.384, "tempo": 119.791, "duration_ms": 259161, "time_signature": 3}, {"uri": "spotify:track:4pgaL1i2BzFH4A7IIcGP8i", "name": "Love of Mine", "artist": "Nickel Creek", "popularity": 32, "danceability": 0.534, "energy": 0.343, "key": 6, "loudness": -11.189, "mode": 0, "speechiness": 0.0278, "acousticness": 0.706, "instrumentalness": 5.08e-05, "liveness": 0.0847, "valence": 0.251, "tempo": 132.118, "duration_ms": 282320, "time_signature": 4}, {"uri": "spotify:track:24iNTcDw03qMYCS3mJaq5f", "name": "Winners", "artist": "Trampled by Turtles", "popularity": 38, "danceability": 0.485, "energy": 0.388, "key": 7, "loudness": -8.598, "mode": 1, "speechiness": 0.0339, "acousticness": 0.432, "instrumentalness": 0.00071, "liveness": 0.0709, "valence": 0.225, "tempo": 127.33, "duration_ms": 314213, "time_signature": 4}, {"uri": "spotify:track:6IjyIcYlq7v9XxaBaWnk01", "name": "Listen With Your Heart", "artist": "Nora Jane Struthers", "popularity": 12, "danceability": 0.491, "energy": 0.28, "key": 9, "loudness": -9.518, "mode": 1, "speechiness": 0.0283, "acousticness": 0.745, "instrumentalness": 2.22e-06, "liveness": 0.117, "valence": 0.286, "tempo": 149.936, "duration_ms": 266520, "time_signature": 4}, {"uri": "spotify:track:46LI9mnlQ8fJHH47ioBubg", "name": "When You Say Nothing At All", "artist": "Alison Krauss & Union Station", "popularity": 61, "danceability": 0.509, "energy": 0.242, "key": 3, "loudness": -13.353, "mode": 1, "speechiness": 0.0291, "acousticness": 0.714, "instrumentalness": 0.000365, "liveness": 0.127, "valence": 0.448, "tempo": 169.642, "duration_ms": 261120, "time_signature": 4}, {"uri": "spotify:track:26wNjnmHPKFEGVYxaCxNL2", "name": "Silver Lining", "artist": "The Honey Dewdrops", "popularity": 11, "danceability": 0.713, "energy": 0.273, "key": 10, "loudness": -13.293, "mode": 1, "speechiness": 0.0332, "acousticness": 0.935, "instrumentalness": 1.53e-06, "liveness": 0.263, "valence": 0.486, "tempo": 90.052, "duration_ms": 217480, "time_signature": 4}]