[{"uri": "spotify:track:1cRNEme8Bp7V8eNIAeyiAk", "name": "Hanging By A Moment", "artist": "Lifehouse", "popularity": 0, "danceability": 0.54, "energy": 0.866, "key": 1, "loudness": -4.901, "mode": 1, "speechiness": 0.0364, "acousticness": 0.00103, "instrumentalness": 0, "liveness": 0.0971, "valence": 0.441, "tempo": 124.595, "duration_ms": 216067, "time_signature": 4}, {"uri": "spotify:track:0KQx6HOpJueiSkztcS0r7D", "name": "Fallin'", "artist": "Alicia Keys", "popularity": 70, "danceability": 0.652, "energy": 0.609, "key": 11, "loudness": -7.519, "mode": 0, "speechiness": 0.037, "acousticness": 0.263, "instrumentalness": 0.00101, "liveness": 0.233, "valence": 0.482, "tempo": 95.986, "duration_ms": 210200, "time_signature": 3}, {"uri": "spotify:track:4ZLTYdp2atzyhNTxxAGAy5", "name": "All For You", "artist": "Janet Jackson", "popularity": 0, "danceability": 0.753, "energy": 0.933, "key": 2, "loudness": -2.975, "mode": 1, "speechiness": 0.0726, "acousticness": 0.0169, "instrumentalness": 0.115, "liveness": 0.131, "valence": 0.724, "tempo": 113.527, "duration_ms": 329933, "time_signature": 3}, {"uri": "spotify:track:5vDztni2RoBwHp6njeiIep", "name": "Drops of Jupiter (Tell Me)", "artist": "Train", "popularity": 32, "danceability": 0.529, "energy": 0.596, "key": 0, "loudness": -7.236, "mode": 1, "speechiness": 0.0271, "acousticness": 0.0925, "instrumentalness": 0, "liveness": 0.163, "valence": 0.513, "tempo": 79.707, "duration_ms": 259427, "time_signature": 4}, {"uri": "spotify:track:1gaUODQzPR6eNcJtNe0cyZ", "name": "I'm Real - Murder Remix", "artist": "Jennifer Lopez", "popularity": 0, "danceability": 0.735, "energy": 0.58, "key": 4, "loudness": -7.555, "mode": 0, "speechiness": 0.115, "acousticness": 0.368, "instrumentalness": 0, "liveness": 0.0671, "valence": 0.525, "tempo": 83.447, "duration_ms": 261550, "time_signature": 4}, {"uri": "spotify:track:2f5N826udWfjT9iomeaBJt", "name": "If You're Gone", "artist": "Matchbox Twenty", "popularity": 66, "danceability": 0.544, "energy": 0.659, "key": 9, "loudness": -7.191, "mode": 1, "speechiness": 0.0298, "acousticness": 0.427, "instrumentalness": 1.33e-06, "liveness": 0.126, "valence": 0.361, "tempo": 109.933, "duration_ms": 274933, "time_signature": 4}, {"uri": "spotify:track:5DCA1FOUDBURlRTNg4ganf", "name": "Let Me Blow Ya Mind", "artist": "Eve", "popularity": 1, "danceability": 0.905, "energy": 0.559, "key": 1, "loudness": -4.237, "mode": 0, "speechiness": 0.11, "acousticness": 0.249, "instrumentalness": 0, "liveness": 0.0646, "valence": 0.887, "tempo": 90.031, "duration_ms": 229933, "time_signature": 4}, {"uri": "spotify:track:3yUcJwYu7fXAfqMj9krY6l", "name": "Thank You", "artist": "Dido", "popularity": 75, "danceability": 0.725, "energy": 0.583, "key": 1, "loudness": -9.942, "mode": 0, "speechiness": 0.0427, "acousticness": 0.3, "instrumentalness": 0.000238, "liveness": 0.0665, "valence": 0.762, "tempo": 79.984, "duration_ms": 218360, "time_signature": 4}, {"uri": "spotify:track:16gvJsVyauI16RqmOrwJJk", "name": "Again", "artist": "Lenny Kravitz", "popularity": 54, "danceability": 0.554, "energy": 0.82, "key": 2, "loudness": -5.035, "mode": 1, "speechiness": 0.0296, "acousticness": 0.0186, "instrumentalness": 4.91e-05, "liveness": 0.161, "valence": 0.752, "tempo": 79.147, "duration_ms": 228933, "time_signature": 4}, {"uri": "spotify:track:69XUpOpjzDKcfdxqZebGiI", "name": "Independent Women, Pt. 1", "artist": "Destiny's Child", "popularity": 67, "danceability": 0.73, "energy": 0.602, "key": 6, "loudness": -3.782, "mode": 0, "speechiness": 0.206, "acousticness": 0.362, "instrumentalness": 3.69e-06, "liveness": 0.169, "valence": 0.927, "tempo": 97.954, "duration_ms": 221133, "time_signature": 4}, {"uri": "spotify:track:0ho4ac5tM9CNcmeIElhadF", "name": "Hit 'Em Up Style (Oops!)", "artist": "Blu Cantrell", "popularity": 51, "danceability": 0.696, "energy": 0.722, "key": 5, "loudness": -5.319, "mode": 0, "speechiness": 0.0801, "acousticness": 0.169, "instrumentalness": 0, "liveness": 0.289, "valence": 0.67, "tempo": 90.116, "duration_ms": 250493, "time_signature": 4}, {"uri": "spotify:track:0ec2YqaLnasKAES0iWMmhy", "name": "It Wasn't Me", "artist": "Shaggy", "popularity": 52, "danceability": 0.852, "energy": 0.604, "key": 0, "loudness": -4.569, "mode": 1, "speechiness": 0.0642, "acousticness": 0.0503, "instrumentalness": 0, "liveness": 0.327, "valence": 0.667, "tempo": 94.762, "duration_ms": 227547, "time_signature": 4}, {"uri": "spotify:track:7C5XOHS3FXH8PWbAB9WdWS", "name": "Stutter (feat. Mystikal) - Double Take Remix", "artist": "Joe", "popularity": 41, "danceability": 0.764, "energy": 0.732, "key": 1, "loudness": -7.232, "mode": 1, "speechiness": 0.139, "acousticness": 0.0544, "instrumentalness": 0, "liveness": 0.31, "valence": 0.652, "tempo": 89.976, "duration_ms": 213133, "time_signature": 4}, {"uri": "spotify:track:1BExV8JprNJLvLeDE9qdEW", "name": "It's Been Awhile", "artist": "Staind", "popularity": 67, "danceability": 0.509, "energy": 0.774, "key": 6, "loudness": -4.054, "mode": 1, "speechiness": 0.0338, "acousticness": 0.00189, "instrumentalness": 0.000549, "liveness": 0.143, "valence": 0.0824, "tempo": 116.529, "duration_ms": 264707, "time_signature": 4}, {"uri": "spotify:track:2QsZVnbWVSjKMXK6K3uRBL", "name": "U Remind Me", "artist": "Usher", "popularity": 73, "danceability": 0.657, "energy": 0.629, "key": 6, "loudness": -4.938, "mode": 1, "speechiness": 0.0782, "acousticness": 0.194, "instrumentalness": 0, "liveness": 0.254, "valence": 0.726, "tempo": 93.985, "duration_ms": 266893, "time_signature": 4}, {"uri": "spotify:track:5mNV8Mz59bzyuQ53gTw0c0", "name": "Where the Party At (feat. Nelly)", "artist": "Jagged Edge", "popularity": 69, "danceability": 0.596, "energy": 0.661, "key": 5, "loudness": -6.239, "mode": 0, "speechiness": 0.226, "acousticness": 0.31, "instrumentalness": 0, "liveness": 0.0847, "valence": 0.86, "tempo": 129.491, "duration_ms": 232573, "time_signature": 5}, {"uri": "spotify:track:3njcsRzRNdtYGd9jvRp6bJ", "name": "Angel", "artist": "Shaggy", "popularity": 48, "danceability": 0.805, "energy": 0.763, "key": 6, "loudness": -2.955, "mode": 1, "speechiness": 0.0942, "acousticness": 0.121, "instrumentalness": 0, "liveness": 0.047, "valence": 0.82, "tempo": 85.289, "duration_ms": 235147, "time_signature": 4}, {"uri": "spotify:track:6R9bdvExOZiLrwmBkXsPGr", "name": "Ride Wit Me", "artist": "Nelly", "popularity": 0, "danceability": 0.85, "energy": 0.7, "key": 7, "loudness": -6.49, "mode": 1, "speechiness": 0.0478, "acousticness": 0.0616, "instrumentalness": 1.8e-06, "liveness": 0.244, "valence": 0.722, "tempo": 101.875, "duration_ms": 291782, "time_signature": 4}, {"uri": "spotify:track:4KoecuyOpZaNFZ0UqVsllc", "name": "Follow Me", "artist": "Uncle Kracker", "popularity": 73, "danceability": 0.817, "energy": 0.585, "key": 5, "loudness": -4.688, "mode": 1, "speechiness": 0.0301, "acousticness": 0.439, "instrumentalness": 0, "liveness": 0.147, "valence": 0.916, "tempo": 105.014, "duration_ms": 218440, "time_signature": 4}, {"uri": "spotify:track:6iajHa34cSiD5s42Cq9miJ", "name": "Peaches & Cream (feat. P. Diddy)", "artist": "112", "popularity": 55, "danceability": 0.706, "energy": 0.537, "key": 7, "loudness": -6.347, "mode": 1, "speechiness": 0.348, "acousticness": 0.00887, "instrumentalness": 0, "liveness": 0.129, "valence": 0.775, "tempo": 203.746, "duration_ms": 225947, "time_signature": 4}, {"uri": "spotify:track:7nnWIPM5hwE3DaUBkvOIpy", "name": "Drive", "artist": "Incubus", "popularity": 76, "danceability": 0.645, "energy": 0.792, "key": 4, "loudness": -7.34, "mode": 0, "speechiness": 0.036, "acousticness": 0.0562, "instrumentalness": 0.0121, "liveness": 0.119, "valence": 0.666, "tempo": 90.565, "duration_ms": 232453, "time_signature": 4}, {"uri": "spotify:track:030ghrX2A1pMyZK95TAoP0", "name": "What Would You Do?", "artist": "City High", "popularity": 0, "danceability": 0.732, "energy": 0.795, "key": 7, "loudness": -6.924, "mode": 1, "speechiness": 0.233, "acousticness": 0.244, "instrumentalness": 0, "liveness": 0.633, "valence": 0.828, "tempo": 95.868, "duration_ms": 174533, "time_signature": 4}, {"uri": "spotify:track:2Mpj1Ul5OFPyyP4wB62Rvi", "name": "Survivor", "artist": "Destiny's Child", "popularity": 72, "danceability": 0.514, "energy": 0.911, "key": 1, "loudness": -2.027, "mode": 0, "speechiness": 0.41, "acousticness": 0.0559, "instrumentalness": 0, "liveness": 0.775, "valence": 0.619, "tempo": 161.109, "duration_ms": 254027, "time_signature": 4}, {"uri": "spotify:track:7GbqE3MlkKosIaCvf50JRK", "name": "Lady Marmalade - From \"Moulin Rouge\" Soundtrack", "artist": "Christina Aguilera", "popularity": 69, "danceability": 0.76, "energy": 0.801, "key": 5, "loudness": -3.769, "mode": 1, "speechiness": 0.0534, "acousticness": 0.0144, "instrumentalness": 1.49e-05, "liveness": 0.665, "valence": 0.653, "tempo": 109.919, "duration_ms": 264893, "time_signature": 4}, {"uri": "spotify:track:0I3q5fE6wg7LIfHGngUTnV", "name": "Ms. Jackson", "artist": "Outkast", "popularity": 84, "danceability": 0.843, "energy": 0.806, "key": 4, "loudness": -5.946, "mode": 0, "speechiness": 0.269, "acousticness": 0.143, "instrumentalness": 0, "liveness": 0.0771, "valence": 0.613, "tempo": 94.948, "duration_ms": 270507, "time_signature": 4}, {"uri": "spotify:track:7an3wvwzGIaYyMh203yITt", "name": "Love Don't Cost a Thing", "artist": "Jennifer Lopez", "popularity": 44, "danceability": 0.77, "energy": 0.859, "key": 4, "loudness": -4.013, "mode": 0, "speechiness": 0.0836, "acousticness": 0.00306, "instrumentalness": 2.55e-06, "liveness": 0.553, "valence": 0.679, "tempo": 97.55, "duration_ms": 222973, "time_signature": 4}, {"uri": "spotify:track:6vgN6KGstss0GnBbKlMNK9", "name": "The Way You Love Me", "artist": "Faith Hill", "popularity": 59, "danceability": 0.627, "energy": 0.716, "key": 2, "loudness": -7.175, "mode": 1, "speechiness": 0.0352, "acousticness": 0.127, "instrumentalness": 0, "liveness": 0.0344, "valence": 0.734, "tempo": 101.99, "duration_ms": 186067, "time_signature": 4}, {"uri": "spotify:track:2aQoeR07EpGhR0Kp32JSfA", "name": "He Loves U Not", "artist": "Dream", "popularity": 0, "danceability": 0.722, "energy": 0.926, "key": 8, "loudness": -5.868, "mode": 1, "speechiness": 0.237, "acousticness": 0.0945, "instrumentalness": 1.2e-06, "liveness": 0.165, "valence": 0.595, "tempo": 155.961, "duration_ms": 226560, "time_signature": 4}, {"uri": "spotify:track:1GakyY5lyvZGZXZYkk3FjS", "name": "Butterfly", "artist": "Crazy Town", "popularity": 50, "danceability": 0.739, "energy": 0.791, "key": 9, "loudness": -4.796, "mode": 0, "speechiness": 0.0831, "acousticness": 0.00144, "instrumentalness": 0.000157, "liveness": 0.115, "valence": 0.631, "tempo": 103.494, "duration_ms": 215800, "time_signature": 4}, {"uri": "spotify:track:0VGHoMRGfUf2CMFokyuhaC", "name": "Put It On Me", "artist": "Ja Rule", "popularity": 0, "danceability": 0.831, "energy": 0.79, "key": 1, "loudness": -4.714, "mode": 0, "speechiness": 0.165, "acousticness": 0.0024, "instrumentalness": 0, "liveness": 0.0515, "valence": 0.791, "tempo": 93.14, "duration_ms": 262827, "time_signature": 4}, {"uri": "spotify:track:0Mw6qRvvKyhqVc8BmP9aln", "name": "Family Affair", "artist": "Mary J. Blige", "popularity": 0, "danceability": 0.911, "energy": 0.555, "key": 8, "loudness": -3.835, "mode": 0, "speechiness": 0.0443, "acousticness": 0.126, "instrumentalness": 2.96e-05, "liveness": 0.0812, "valence": 0.967, "tempo": 92.898, "duration_ms": 267973, "time_signature": 4}, {"uri": "spotify:track:09k2b6shEz5Xd6cuo8DHWu", "name": "I Hope You Dance", "artist": "Lee Ann Womack", "popularity": 35, "danceability": 0.381, "energy": 0.451, "key": 7, "loudness": -9.592, "mode": 0, "speechiness": 0.0307, "acousticness": 0.0569, "instrumentalness": 0, "liveness": 0.112, "valence": 0.244, "tempo": 151.109, "duration_ms": 294440, "time_signature": 4}, {"uri": "spotify:track:0RpyQc6cgdn3UhPxcd3LZz", "name": "South Side", "artist": "Moby", "popularity": 0, "danceability": 0.612, "energy": 0.719, "key": 4, "loudness": -7.553, "mode": 1, "speechiness": 0.0421, "acousticness": 0.00982, "instrumentalness": 0.056, "liveness": 0.0814, "valence": 0.409, "tempo": 97.101, "duration_ms": 229733, "time_signature": 4}, {"uri": "spotify:track:5sC4GlhZ9zCb6gPxSIbX5j", "name": "Don't Tell Me", "artist": "Madonna", "popularity": 40, "danceability": 0.711, "energy": 0.696, "key": 7, "loudness": -5.605, "mode": 1, "speechiness": 0.0511, "acousticness": 0.0273, "instrumentalness": 0.000911, "liveness": 0.105, "valence": 0.724, "tempo": 100.124, "duration_ms": 249733, "time_signature": 4}, {"uri": "spotify:track:6zsk6uF3MxfIeHPlubKBvR", "name": "Get Ur Freak On", "artist": "Missy Elliott", "popularity": 71, "danceability": 0.797, "energy": 0.75, "key": 0, "loudness": -9.369, "mode": 1, "speechiness": 0.247, "acousticness": 0.533, "instrumentalness": 0.108, "liveness": 0.095, "valence": 0.74, "tempo": 177.87, "duration_ms": 211120, "time_signature": 4}, {"uri": "spotify:track:4YOnfHpTFC9e2E5JI8lUA2", "name": "Crazy", "artist": "K-Ci & JoJo", "popularity": 38, "danceability": 0.678, "energy": 0.649, "key": 0, "loudness": -4.366, "mode": 1, "speechiness": 0.0261, "acousticness": 0.0768, "instrumentalness": 0, "liveness": 0.492, "valence": 0.405, "tempo": 116.116, "duration_ms": 258693, "time_signature": 4}, {"uri": "spotify:track:3zw4iQplV08y8lVC2nWzyO", "name": "Fill Me In - Radio Edit", "artist": "Craig David", "popularity": 0, "danceability": 0.676, "energy": 0.736, "key": 8, "loudness": -7.008, "mode": 1, "speechiness": 0.0383, "acousticness": 0.42, "instrumentalness": 0.013, "liveness": 0.0823, "valence": 0.85, "tempo": 132.485, "duration_ms": 233200, "time_signature": 4}, {"uri": "spotify:track:47Y83Em4wJ08Owm7vKHfIN", "name": "Someone To Call My Lover", "artist": "Janet Jackson", "popularity": 0, "danceability": 0.737, "energy": 0.915, "key": 2, "loudness": -4.155, "mode": 1, "speechiness": 0.0404, "acousticness": 0.139, "instrumentalness": 0.00078, "liveness": 0.182, "valence": 0.917, "tempo": 127.913, "duration_ms": 272360, "time_signature": 4}, {"uri": "spotify:track:2eY1BRbRcK6SRb0rD90suw", "name": "With Arms Wide Open", "artist": "Creed", "popularity": 0, "danceability": 0.414, "energy": 0.525, "key": 0, "loudness": -8.436, "mode": 1, "speechiness": 0.0302, "acousticness": 0.00312, "instrumentalness": 0.0011, "liveness": 0.149, "valence": 0.145, "tempo": 138.869, "duration_ms": 278440, "time_signature": 4}, {"uri": "spotify:track:3G6hxSp260RzGw4sOiDOQ3", "name": "Case Of The Ex (Whatcha Gonna Do)", "artist": "M\u00fda", "popularity": 62, "danceability": 0.772, "energy": 0.688, "key": 1, "loudness": -4.715, "mode": 0, "speechiness": 0.0405, "acousticness": 0.0548, "instrumentalness": 9.79e-05, "liveness": 0.0725, "valence": 0.348, "tempo": 98.0, "duration_ms": 236907, "time_signature": 4}, {"uri": "spotify:track:7pbNNVcFePJV3Wani6zH8q", "name": "All or Nothing", "artist": "O-Town", "popularity": 61, "danceability": 0.652, "energy": 0.447, "key": 0, "loudness": -5.507, "mode": 1, "speechiness": 0.0287, "acousticness": 0.257, "instrumentalness": 0, "liveness": 0.253, "valence": 0.234, "tempo": 126.905, "duration_ms": 250800, "time_signature": 4}, {"uri": "spotify:track:2jZESuj23z92RqbooSsMqV", "name": "Bootylicious", "artist": "Destiny's Child", "popularity": 48, "danceability": 0.808, "energy": 0.835, "key": 1, "loudness": -4.586, "mode": 0, "speechiness": 0.273, "acousticness": 0.00344, "instrumentalness": 0, "liveness": 0.174, "valence": 0.639, "tempo": 103.382, "duration_ms": 207960, "time_signature": 4}, {"uri": "spotify:track:11eg9aN1TQjFpaVhHFDnO0", "name": "I'm Like A Bird", "artist": "Nelly Furtado", "popularity": 0, "danceability": 0.624, "energy": 0.632, "key": 10, "loudness": -5.066, "mode": 1, "speechiness": 0.0378, "acousticness": 0.131, "instrumentalness": 0, "liveness": 0.23, "valence": 0.661, "tempo": 89.653, "duration_ms": 244093, "time_signature": 4}, {"uri": "spotify:track:5ZPp1V3PufN6qhAe3rLNmb", "name": "Kryptonite", "artist": "3 Doors Down", "popularity": 0, "danceability": 0.544, "energy": 0.878, "key": 11, "loudness": -5.145, "mode": 0, "speechiness": 0.0288, "acousticness": 0.00657, "instrumentalness": 1.43e-05, "liveness": 0.17, "valence": 0.527, "tempo": 99.024, "duration_ms": 233827, "time_signature": 4}, {"uri": "spotify:track:50aYYSNIEfwUjCvjDgkrQe", "name": "Fiesta - Remix", "artist": "R. Kelly", "popularity": 0, "danceability": 0.92, "energy": 0.487, "key": 10, "loudness": -5.578, "mode": 0, "speechiness": 0.182, "acousticness": 0.0103, "instrumentalness": 0, "liveness": 0.0411, "valence": 0.806, "tempo": 92.836, "duration_ms": 241400, "time_signature": 4}, {"uri": "spotify:track:3eWxADd1CLwJVhyPzrCpl8", "name": "When It's Over - Remastered", "artist": "Sugar Ray", "popularity": 51, "danceability": 0.677, "energy": 0.771, "key": 4, "loudness": -5.852, "mode": 1, "speechiness": 0.0471, "acousticness": 0.0465, "instrumentalness": 0, "liveness": 0.165, "valence": 0.936, "tempo": 99.91, "duration_ms": 218333, "time_signature": 4}, {"uri": "spotify:track:1sP9rpx5OradxxSxnzu0cJ", "name": "Jaded", "artist": "Aerosmith", "popularity": 0, "danceability": 0.526, "energy": 0.891, "key": 9, "loudness": -4.126, "mode": 1, "speechiness": 0.0505, "acousticness": 0.00446, "instrumentalness": 2.66e-05, "liveness": 0.0908, "valence": 0.667, "tempo": 118.038, "duration_ms": 214067, "time_signature": 4}, {"uri": "spotify:track:1X1KDnhTnb28tpJlgOV3lD", "name": "Promise", "artist": "Jagged Edge", "popularity": 58, "danceability": 0.751, "energy": 0.568, "key": 5, "loudness": -5.431, "mode": 0, "speechiness": 0.0872, "acousticness": 0.136, "instrumentalness": 0, "liveness": 0.0288, "valence": 0.646, "tempo": 128.002, "duration_ms": 246720, "time_signature": 4}, {"uri": "spotify:track:10b8G4LwhvNOPgwF68fW5p", "name": "Missing You", "artist": "Case", "popularity": 0, "danceability": 0.615, "energy": 0.589, "key": 1, "loudness": -6.488, "mode": 0, "speechiness": 0.0467, "acousticness": 0.263, "instrumentalness": 0, "liveness": 0.0593, "valence": 0.76, "tempo": 86.305, "duration_ms": 284352, "time_signature": 4}, {"uri": "spotify:track:0Uyh92tLyb9JawG8lmWCzJ", "name": "Differences", "artist": "Ginuwine", "popularity": 68, "danceability": 0.562, "energy": 0.594, "key": 3, "loudness": -4.578, "mode": 0, "speechiness": 0.0558, "acousticness": 0.318, "instrumentalness": 0, "liveness": 0.311, "valence": 0.423, "tempo": 62.876, "duration_ms": 265533, "time_signature": 4}]