[{"uri": "spotify:track:104pmtTQOlmW8Zt2BipGKH", "name": "Diane Young", "artist": "Vampire Weekend", "popularity": 0, "danceability": 0.419, "energy": 0.803, "key": 11, "loudness": -5.498, "mode": 1, "speechiness": 0.246, "acousticness": 0.032, "instrumentalness": 3.7e-05, "liveness": 0.206, "valence": 0.764, "tempo": 86.958, "duration_ms": 160067, "time_signature": 4}, {"uri": "spotify:track:5XgUwP0KHtV0ERDTDD0mEt", "name": "A More Perfect Union", "artist": "Titus Andronicus", "popularity": 30, "danceability": 0.206, "energy": 0.85, "key": 0, "loudness": -5.067, "mode": 1, "speechiness": 0.0493, "acousticness": 0.142, "instrumentalness": 0.00141, "liveness": 0.221, "valence": 0.226, "tempo": 146.581, "duration_ms": 429587, "time_signature": 4}, {"uri": "spotify:track:0QEHU0ZccfSXYUpF2iVUab", "name": "Don't Swallow the Cap", "artist": "The National", "popularity": 0, "danceability": 0.454, "energy": 0.663, "key": 5, "loudness": -8.54, "mode": 1, "speechiness": 0.0415, "acousticness": 0.407, "instrumentalness": 0.0466, "liveness": 0.0913, "valence": 0.463, "tempo": 173.988, "duration_ms": 285533, "time_signature": 4}, {"uri": "spotify:track:3bNkoKG0ciA4qc1oTINlWe", "name": "Easy", "artist": "Real Estate", "popularity": 0, "danceability": 0.43, "energy": 0.892, "key": 0, "loudness": -4.021, "mode": 1, "speechiness": 0.0322, "acousticness": 0.0128, "instrumentalness": 0.417, "liveness": 0.142, "valence": 0.5, "tempo": 140.042, "duration_ms": 233440, "time_signature": 4}, {"uri": "spotify:track:3WJdV2n1kRcq7r6CawLD87", "name": "Dreamers", "artist": "Mon Khmer", "popularity": 0, "danceability": 0.613, "energy": 0.642, "key": 4, "loudness": -8.725, "mode": 0, "speechiness": 0.0308, "acousticness": 0.052, "instrumentalness": 0.127, "liveness": 0.11, "valence": 0.342, "tempo": 139.927, "duration_ms": 299933, "time_signature": 4}, {"uri": "spotify:track:3NPLGXmxIdRl0RXnMdPqUp", "name": "Gun Has No Trigger", "artist": "Dirty Projectors", "popularity": 0, "danceability": 0.681, "energy": 0.662, "key": 9, "loudness": -5.931, "mode": 0, "speechiness": 0.0447, "acousticness": 0.655, "instrumentalness": 3.7e-06, "liveness": 0.0939, "valence": 0.345, "tempo": 101.118, "duration_ms": 204027, "time_signature": 4}, {"uri": "spotify:track:0rmGeXHRPFO050ddZqwlDq", "name": "You - Ha Ha Ha", "artist": "Charli XCX", "popularity": 16, "danceability": 0.5, "energy": 0.902, "key": 1, "loudness": -4.67, "mode": 0, "speechiness": 0.0718, "acousticness": 0.000742, "instrumentalness": 0.137, "liveness": 0.164, "valence": 0.619, "tempo": 91.059, "duration_ms": 186579, "time_signature": 4}, {"uri": "spotify:track:2ZBQ1dP7SzmiHzWAGRAupW", "name": "Sparxxx", "artist": "The Love Language", "popularity": 5, "danceability": 0.362, "energy": 0.924, "key": 4, "loudness": -2.09, "mode": 1, "speechiness": 0.0387, "acousticness": 0.0697, "instrumentalness": 0, "liveness": 0.36, "valence": 0.67, "tempo": 140.332, "duration_ms": 161653, "time_signature": 4}, {"uri": "spotify:track:6zGfhp3gNqllNAGF9973s0", "name": "Letter of Intent", "artist": "Ducktails", "popularity": 0, "danceability": 0.589, "energy": 0.779, "key": 0, "loudness": -7.056, "mode": 1, "speechiness": 0.0398, "acousticness": 0.000312, "instrumentalness": 0.304, "liveness": 0.0492, "valence": 0.826, "tempo": 80.61, "duration_ms": 319000, "time_signature": 4}, {"uri": "spotify:track:1fb6b2Mas9q2mWxJazzeRI", "name": "Waves", "artist": "Joey Bada$$", "popularity": 0, "danceability": 0.591, "energy": 0.892, "key": 8, "loudness": -6.114, "mode": 0, "speechiness": 0.293, "acousticness": 0.0944, "instrumentalness": 0, "liveness": 0.113, "valence": 0.712, "tempo": 89.849, "duration_ms": 213333, "time_signature": 4}, {"uri": "spotify:track:5vvYMFTofMtcyMS9CmBYRO", "name": "Hand Pistol", "artist": "GRMLN", "popularity": 0, "danceability": 0.441, "energy": 0.811, "key": 9, "loudness": -4.468, "mode": 1, "speechiness": 0.0371, "acousticness": 0.000166, "instrumentalness": 0.000179, "liveness": 0.105, "valence": 0.596, "tempo": 124.65, "duration_ms": 147773, "time_signature": 4}, {"uri": "spotify:track:1R8pRYzLvpRtgDglBWotVD", "name": "Rich Blood", "artist": "Spanish Prisoners", "popularity": 1, "danceability": 0.587, "energy": 0.69, "key": 11, "loudness": -6.694, "mode": 0, "speechiness": 0.0284, "acousticness": 0.419, "instrumentalness": 0.182, "liveness": 0.331, "valence": 0.376, "tempo": 121.945, "duration_ms": 221933, "time_signature": 4}, {"uri": "spotify:track:6xSGgrkVzYGu9iCxaOKbTa", "name": "Cheaters (John Talabot's Classic Vocal Refix)", "artist": "Teengirl Fantasy", "popularity": 0, "danceability": 0.731, "energy": 0.722, "key": 7, "loudness": -8.103, "mode": 1, "speechiness": 0.0963, "acousticness": 0.0517, "instrumentalness": 0.427, "liveness": 0.0665, "valence": 0.634, "tempo": 113.996, "duration_ms": 421830, "time_signature": 4}, {"uri": "spotify:track:1ImdBUOBB4DvOOUTXgnzDJ", "name": "Where Do You Run To", "artist": "Vivian Girls", "popularity": 0, "danceability": 0.43, "energy": 0.569, "key": 11, "loudness": -11.931, "mode": 0, "speechiness": 0.0299, "acousticness": 0.000455, "instrumentalness": 0.0182, "liveness": 0.141, "valence": 0.633, "tempo": 140.953, "duration_ms": 195573, "time_signature": 4}, {"uri": "spotify:track:3cSlU4ZH4wzb5pM7wI1k3f", "name": "Wakin on a Pretty Day", "artist": "Kurt Vile", "popularity": 0, "danceability": 0.379, "energy": 0.782, "key": 11, "loudness": -8.163, "mode": 1, "speechiness": 0.0358, "acousticness": 0.0472, "instrumentalness": 0.748, "liveness": 0.265, "valence": 0.549, "tempo": 101.698, "duration_ms": 570733, "time_signature": 4}, {"uri": "spotify:track:1NyTUDcWBYPCUxeY3UKbpD", "name": "Stoned and Starving", "artist": "Parquet Courts", "popularity": 0, "danceability": 0.234, "energy": 0.882, "key": 5, "loudness": -7.427, "mode": 1, "speechiness": 0.0566, "acousticness": 0.252, "instrumentalness": 0.88, "liveness": 0.117, "valence": 0.277, "tempo": 169.724, "duration_ms": 311680, "time_signature": 4}, {"uri": "spotify:track:0ykDCKXBs5onPLJ5gaHqly", "name": "Family (Blended Babies Remix) [feat. Vic Mensa]", "artist": "Chance the Rapper", "popularity": 0, "danceability": 0.658, "energy": 0.633, "key": 9, "loudness": -7.594, "mode": 1, "speechiness": 0.316, "acousticness": 0.0299, "instrumentalness": 0, "liveness": 0.355, "valence": 0.758, "tempo": 93.102, "duration_ms": 185897, "time_signature": 4}, {"uri": "spotify:track:54rfgRNB2J6O9PYqCS4SYc", "name": "Millions", "artist": "Eternal Summers", "popularity": 0, "danceability": 0.396, "energy": 0.961, "key": 10, "loudness": -3.92, "mode": 1, "speechiness": 0.079, "acousticness": 0.00497, "instrumentalness": 0.132, "liveness": 0.106, "valence": 0.472, "tempo": 159.961, "duration_ms": 153973, "time_signature": 4}, {"uri": "spotify:track:7e7KneZN3eFpHyfo9DOJyf", "name": "Wolf Like Me", "artist": "TV On The Radio", "popularity": 0, "danceability": 0.357, "energy": 0.787, "key": 7, "loudness": -4.979, "mode": 1, "speechiness": 0.0419, "acousticness": 0.00175, "instrumentalness": 0.00611, "liveness": 0.115, "valence": 0.191, "tempo": 175.882, "duration_ms": 277467, "time_signature": 4}, {"uri": "spotify:track:5ic68M3jaJTEUcEIh5PcqX", "name": "Grown Up", "artist": "Danny Brown", "popularity": 0, "danceability": 0.635, "energy": 0.766, "key": 11, "loudness": -6.449, "mode": 1, "speechiness": 0.26, "acousticness": 0.132, "instrumentalness": 0, "liveness": 0.122, "valence": 0.686, "tempo": 93.603, "duration_ms": 139931, "time_signature": 4}, {"uri": "spotify:track:4vBO3iPTa7yH88pqdMyOhw", "name": "Me and Mia", "artist": "Ted Leo and the Pharmacists", "popularity": 40, "danceability": 0.431, "energy": 0.95, "key": 7, "loudness": -3.542, "mode": 1, "speechiness": 0.258, "acousticness": 0.00241, "instrumentalness": 0, "liveness": 0.103, "valence": 0.625, "tempo": 172.081, "duration_ms": 211162, "time_signature": 4}, {"uri": "spotify:track:5F4Fsu0NeruGbxy5jHiDtH", "name": "Party Animal", "artist": "Mean Jeans", "popularity": 0, "danceability": 0.512, "energy": 0.776, "key": 11, "loudness": -3.652, "mode": 1, "speechiness": 0.0471, "acousticness": 0.000624, "instrumentalness": 0, "liveness": 0.23, "valence": 0.913, "tempo": 118.308, "duration_ms": 95320, "time_signature": 4}, {"uri": "spotify:track:4xONa2vsxsDJr4xZxc18I8", "name": "Shuggie", "artist": "Foxygen", "popularity": 0, "danceability": 0.467, "energy": 0.645, "key": 1, "loudness": -7.614, "mode": 0, "speechiness": 0.0364, "acousticness": 0.101, "instrumentalness": 0.00524, "liveness": 0.144, "valence": 0.71, "tempo": 127.947, "duration_ms": 201707, "time_signature": 3}, {"uri": "spotify:track:5BdSApBxtLlGjrarGKS7Aj", "name": "Bank Head", "artist": "Kingdom", "popularity": 0, "danceability": 0.712, "energy": 0.788, "key": 9, "loudness": -6.911, "mode": 1, "speechiness": 0.0773, "acousticness": 0.115, "instrumentalness": 0.0248, "liveness": 0.0856, "valence": 0.604, "tempo": 134.978, "duration_ms": 260085, "time_signature": 4}, {"uri": "spotify:track:3nvMVJAHo9snRFYI5swjZx", "name": "Dark Allies", "artist": "Light Asylum", "popularity": 0, "danceability": 0.505, "energy": 0.921, "key": 0, "loudness": -5.96, "mode": 0, "speechiness": 0.0415, "acousticness": 0.000933, "instrumentalness": 0.00476, "liveness": 0.607, "valence": 0.207, "tempo": 140.105, "duration_ms": 361680, "time_signature": 4}, {"uri": "spotify:track:4i3g8H5DlmwCp4zA7u5aWr", "name": "Tibetan Pop Stars", "artist": "Hop Along", "popularity": 0, "danceability": 0.561, "energy": 0.707, "key": 4, "loudness": -7.038, "mode": 1, "speechiness": 0.0397, "acousticness": 0.0719, "instrumentalness": 0, "liveness": 0.0782, "valence": 0.559, "tempo": 122.816, "duration_ms": 261122, "time_signature": 4}, {"uri": "spotify:track:4IUMNDQmNL70HXudrew4OQ", "name": "Never", "artist": "Koreless", "popularity": 0, "danceability": 0.442, "energy": 0.278, "key": 11, "loudness": -10.714, "mode": 0, "speechiness": 0.0376, "acousticness": 0.975, "instrumentalness": 0.939, "liveness": 0.11, "valence": 0.0608, "tempo": 120.039, "duration_ms": 288992, "time_signature": 4}, {"uri": "spotify:track:3EAUSlUzVTLhxLn8Fhpz5V", "name": "Irresistible", "artist": "Deafheaven", "popularity": 40, "danceability": 0.648, "energy": 0.243, "key": 7, "loudness": -14.204, "mode": 1, "speechiness": 0.0389, "acousticness": 0.973, "instrumentalness": 0.909, "liveness": 0.104, "valence": 0.0392, "tempo": 102.945, "duration_ms": 193120, "time_signature": 4}]