[{"uri": "spotify:track:0gmbgwZ8iqyMPmXefof8Yf", "name": "How You Remind Me", "artist": "Nickelback", "popularity": 81, "danceability": 0.446, "energy": 0.764, "key": 10, "loudness": -5.042, "mode": 1, "speechiness": 0.033, "acousticness": 0.00135, "instrumentalness": 0, "liveness": 0.099, "valence": 0.543, "tempo": 172.094, "duration_ms": 223840, "time_signature": 4}, {"uri": "spotify:track:2FbD2sqUmAdjqqCBp0mn2g", "name": "Foolish", "artist": "Ashanti", "popularity": 0, "danceability": 0.665, "energy": 0.696, "key": 0, "loudness": -5.763, "mode": 1, "speechiness": 0.0521, "acousticness": 0.337, "instrumentalness": 0, "liveness": 0.106, "valence": 0.711, "tempo": 90.116, "duration_ms": 227387, "time_signature": 4}, {"uri": "spotify:track:0oXuKhuNkXiZtuoxrdt3Ca", "name": "Hot In Herre", "artist": "Nelly", "popularity": 0, "danceability": 0.955, "energy": 0.728, "key": 9, "loudness": -4.862, "mode": 0, "speechiness": 0.122, "acousticness": 0.219, "instrumentalness": 0, "liveness": 0.0612, "valence": 0.922, "tempo": 107.082, "duration_ms": 228227, "time_signature": 4}, {"uri": "spotify:track:4nthV2eZAXnt4yiJMocLkG", "name": "Dilemma", "artist": "Nelly", "popularity": 1, "danceability": 0.73, "energy": 0.552, "key": 2, "loudness": -8.177, "mode": 0, "speechiness": 0.146, "acousticness": 0.18, "instrumentalness": 6.14e-05, "liveness": 0.224, "valence": 0.613, "tempo": 168.091, "duration_ms": 289173, "time_signature": 4}, {"uri": "spotify:track:37qI0mchgzUSeUhPiwUWPY", "name": "Wherever You Will Go", "artist": "The Calling", "popularity": 61, "danceability": 0.551, "energy": 0.696, "key": 2, "loudness": -6.192, "mode": 1, "speechiness": 0.0265, "acousticness": 0.0392, "instrumentalness": 0, "liveness": 0.127, "valence": 0.354, "tempo": 112.024, "duration_ms": 209360, "time_signature": 4}, {"uri": "spotify:track:6t6rudGjkLftasgUiSGcPN", "name": "A Thousand Miles - Single Version", "artist": "Vanessa Carlton", "popularity": 0, "danceability": 0.566, "energy": 0.825, "key": 11, "loudness": -4.504, "mode": 1, "speechiness": 0.0383, "acousticness": 0.264, "instrumentalness": 0, "liveness": 0.218, "valence": 0.278, "tempo": 94.991, "duration_ms": 237920, "time_signature": 4}, {"uri": "spotify:track:60a0Rd6pjrkxjPbaKzXjfq", "name": "In the End", "artist": "Linkin Park", "popularity": 85, "danceability": 0.556, "energy": 0.864, "key": 3, "loudness": -5.87, "mode": 0, "speechiness": 0.0584, "acousticness": 0.00958, "instrumentalness": 0, "liveness": 0.209, "valence": 0.4, "tempo": 105.143, "duration_ms": 216880, "time_signature": 4}, {"uri": "spotify:track:2mKouqwAIdQnMP43zxR89r", "name": "What's Luv? (feat. Ja-Rule & Ashanti)", "artist": "Fat Joe", "popularity": 75, "danceability": 0.835, "energy": 0.707, "key": 8, "loudness": -5.074, "mode": 1, "speechiness": 0.0598, "acousticness": 0.0219, "instrumentalness": 2.19e-05, "liveness": 0.108, "valence": 0.919, "tempo": 93.955, "duration_ms": 267093, "time_signature": 4}, {"uri": "spotify:track:7J41dYQolQJEtj3UmKLu5r", "name": "U Got It Bad", "artist": "Usher", "popularity": 71, "danceability": 0.816, "energy": 0.5, "key": 1, "loudness": -4.551, "mode": 1, "speechiness": 0.03, "acousticness": 0.0227, "instrumentalness": 1.53e-06, "liveness": 0.0733, "valence": 0.649, "tempo": 124.037, "duration_ms": 247840, "time_signature": 4}, {"uri": "spotify:track:1YrJCGCuGZQFBwTb6gwIEM", "name": "Blurry", "artist": "Puddle Of Mudd", "popularity": 0, "danceability": 0.44, "energy": 0.932, "key": 3, "loudness": -4.488, "mode": 0, "speechiness": 0.0584, "acousticness": 0.0102, "instrumentalness": 0, "liveness": 0.142, "valence": 0.495, "tempo": 157.438, "duration_ms": 303920, "time_signature": 4}, {"uri": "spotify:track:5o4cq6gKFAbR1V7wITwB7n", "name": "Complicated", "artist": "Avril Lavigne", "popularity": 0, "danceability": 0.585, "energy": 0.776, "key": 5, "loudness": -5.898, "mode": 1, "speechiness": 0.0459, "acousticness": 0.0572, "instrumentalness": 7.74e-06, "liveness": 0.3, "valence": 0.427, "tempo": 77.987, "duration_ms": 244507, "time_signature": 4}, {"uri": "spotify:track:0zaWQBwkfh9OmK77CiDmRI", "name": "Always On Time", "artist": "Ja Rule", "popularity": 0, "danceability": 0.838, "energy": 0.705, "key": 5, "loudness": -6.131, "mode": 0, "speechiness": 0.29, "acousticness": 0.195, "instrumentalness": 0, "liveness": 0.336, "valence": 0.837, "tempo": 96.643, "duration_ms": 245093, "time_signature": 4}, {"uri": "spotify:track:28pCepAdwvCSfqdoVWDw67", "name": "Ain't It Funny - Murder Remix", "artist": "Jennifer Lopez", "popularity": 0, "danceability": 0.789, "energy": 0.744, "key": 8, "loudness": -2.673, "mode": 1, "speechiness": 0.139, "acousticness": 0.37, "instrumentalness": 0, "liveness": 0.112, "valence": 0.77, "tempo": 89.399, "duration_ms": 229827, "time_signature": 4}, {"uri": "spotify:track:5kD9T7GForh8LnRz5ClbL8", "name": "The Middle", "artist": "Jimmy Eat World", "popularity": 0, "danceability": 0.634, "energy": 0.886, "key": 2, "loudness": -3.466, "mode": 1, "speechiness": 0.0517, "acousticness": 0.0291, "instrumentalness": 0, "liveness": 0.342, "valence": 0.922, "tempo": 161.933, "duration_ms": 168253, "time_signature": 4}, {"uri": "spotify:track:7lVNTXkI3cHFvcXiI8damb", "name": "I Need a Girl (Pt. 1) [feat. Usher & Loon]", "artist": "Diddy", "popularity": 66, "danceability": 0.66, "energy": 0.707, "key": 6, "loudness": -5.758, "mode": 1, "speechiness": 0.208, "acousticness": 0.397, "instrumentalness": 0, "liveness": 0.211, "valence": 0.761, "tempo": 89.279, "duration_ms": 268800, "time_signature": 4}, {"uri": "spotify:track:5PCJldueshnwqQVjS16543", "name": "U Don't Have to Call", "artist": "Usher", "popularity": 61, "danceability": 0.793, "energy": 0.568, "key": 1, "loudness": -4.958, "mode": 1, "speechiness": 0.0459, "acousticness": 0.0478, "instrumentalness": 3.57e-05, "liveness": 0.0304, "valence": 0.806, "tempo": 100.005, "duration_ms": 269400, "time_signature": 4}, {"uri": "spotify:track:0Mw6qRvvKyhqVc8BmP9aln", "name": "Family Affair", "artist": "Mary J. Blige", "popularity": 0, "danceability": 0.911, "energy": 0.555, "key": 8, "loudness": -3.835, "mode": 0, "speechiness": 0.0443, "acousticness": 0.126, "instrumentalness": 2.96e-05, "liveness": 0.0812, "valence": 0.967, "tempo": 92.898, "duration_ms": 267973, "time_signature": 4}, {"uri": "spotify:track:6Wt5QBzHp9vdSLAFlvdnDQ", "name": "I Need a Girl (Pt. 2) [feat. Loon, Ginuwine & Mario Winans]", "artist": "Diddy", "popularity": 71, "danceability": 0.713, "energy": 0.471, "key": 1, "loudness": -7.392, "mode": 0, "speechiness": 0.483, "acousticness": 0.421, "instrumentalness": 0, "liveness": 0.0308, "valence": 0.781, "tempo": 199.765, "duration_ms": 285587, "time_signature": 4}, {"uri": "spotify:track:0kTmKrd9K5XfzcikZohAhf", "name": "Gangsta Lovin'", "artist": "Eve", "popularity": 1, "danceability": 0.726, "energy": 0.845, "key": 1, "loudness": -3.543, "mode": 0, "speechiness": 0.059, "acousticness": 0.0546, "instrumentalness": 0, "liveness": 0.0874, "valence": 0.793, "tempo": 94.34, "duration_ms": 239267, "time_signature": 4}, {"uri": "spotify:track:0I4j0zbGVEHp1aUNeAacrO", "name": "My Sacrifice", "artist": "Creed", "popularity": 0, "danceability": 0.314, "energy": 0.87, "key": 2, "loudness": -6.037, "mode": 1, "speechiness": 0.0479, "acousticness": 9.64e-05, "instrumentalness": 1.32e-06, "liveness": 0.108, "valence": 0.269, "tempo": 146.284, "duration_ms": 295800, "time_signature": 4}, {"uri": "spotify:track:5pBvNeOAJ54zgd5lEOmM3b", "name": "Without Me", "artist": "Eminem", "popularity": 0, "danceability": 0.919, "energy": 0.657, "key": 7, "loudness": -2.823, "mode": 1, "speechiness": 0.0907, "acousticness": 0.00293, "instrumentalness": 0, "liveness": 0.356, "valence": 0.659, "tempo": 112.23, "duration_ms": 291213, "time_signature": 4}, {"uri": "spotify:track:3Y8WRvVlQHMvtBwaV4TGlJ", "name": "Hero", "artist": "Enrique Iglesias", "popularity": 0, "danceability": 0.555, "energy": 0.638, "key": 7, "loudness": -5.555, "mode": 1, "speechiness": 0.0418, "acousticness": 0.147, "instrumentalness": 2.31e-05, "liveness": 0.107, "valence": 0.149, "tempo": 151.933, "duration_ms": 264240, "time_signature": 4}, {"uri": "spotify:track:0kr6d8wHDQPlzuET33NVn6", "name": "All You Wanted", "artist": "Michelle Branch", "popularity": 62, "danceability": 0.499, "energy": 0.72, "key": 8, "loudness": -9.101, "mode": 1, "speechiness": 0.0286, "acousticness": 0.00466, "instrumentalness": 0.00303, "liveness": 0.122, "valence": 0.652, "tempo": 96.103, "duration_ms": 217680, "time_signature": 4}, {"uri": "spotify:track:4bk78jvK8Fe9YHqruOJW0v", "name": "Get the Party Started", "artist": "P!nk", "popularity": 0, "danceability": 0.806, "energy": 0.902, "key": 11, "loudness": -3.387, "mode": 0, "speechiness": 0.0475, "acousticness": 0.00127, "instrumentalness": 0, "liveness": 0.212, "valence": 0.961, "tempo": 128.943, "duration_ms": 191667, "time_signature": 4}, {"uri": "spotify:track:779ooI3rBd0CLqCiiJmtVo", "name": "Hero (feat. Josey Scott)", "artist": "Chad Kroeger", "popularity": 68, "danceability": 0.427, "energy": 0.843, "key": 4, "loudness": -4.54, "mode": 1, "speechiness": 0.0364, "acousticness": 0.00216, "instrumentalness": 0, "liveness": 0.179, "valence": 0.304, "tempo": 147.387, "duration_ms": 200480, "time_signature": 3}, {"uri": "spotify:track:5dpAN1mjFPL38kh9kWsCiw", "name": "Wasting My Time", "artist": "Default", "popularity": 62, "danceability": 0.449, "energy": 0.776, "key": 2, "loudness": -5.594, "mode": 1, "speechiness": 0.0322, "acousticness": 0.00171, "instrumentalness": 0, "liveness": 0.0698, "valence": 0.198, "tempo": 148.11, "duration_ms": 269307, "time_signature": 4}, {"uri": "spotify:track:62JJdyTCVsG7J0X2QqmThr", "name": "One Last Breath", "artist": "Creed", "popularity": 0, "danceability": 0.387, "energy": 0.7, "key": 2, "loudness": -5.812, "mode": 1, "speechiness": 0.034, "acousticness": 0.00886, "instrumentalness": 0.00132, "liveness": 0.308, "valence": 0.217, "tempo": 126.276, "duration_ms": 238240, "time_signature": 4}, {"uri": "spotify:track:0RJWhctsc1G1Hg3Ov2th7x", "name": "Whenever, Wherever", "artist": "Shakira", "popularity": 49, "danceability": 0.793, "energy": 0.831, "key": 1, "loudness": -4.861, "mode": 0, "speechiness": 0.0405, "acousticness": 0.264, "instrumentalness": 7.03e-06, "liveness": 0.207, "valence": 0.865, "tempo": 107.645, "duration_ms": 197027, "time_signature": 4}, {"uri": "spotify:track:3YVJju1dVl2JHSrU1sVBqJ", "name": "I'm Gonna Be Alright", "artist": "Jennifer Lopez", "popularity": 0, "danceability": 0.829, "energy": 0.604, "key": 10, "loudness": -4.714, "mode": 0, "speechiness": 0.232, "acousticness": 0.0599, "instrumentalness": 0.000414, "liveness": 0.156, "valence": 0.803, "tempo": 94.035, "duration_ms": 200187, "time_signature": 4}, {"uri": "spotify:track:3sgTiqsN5eNNGTBl1VsO44", "name": "Oh Boy", "artist": "Cam\u2019ron", "popularity": 0, "danceability": 0.762, "energy": 0.776, "key": 11, "loudness": -5.623, "mode": 1, "speechiness": 0.196, "acousticness": 0.0266, "instrumentalness": 0, "liveness": 0.0959, "valence": 0.796, "tempo": 83.02, "duration_ms": 204707, "time_signature": 4}, {"uri": "spotify:track:0KT6DLAELYSbgfUemzwGPX", "name": "Heaven", "artist": "DJ Sammy", "popularity": 0, "danceability": 0.565, "energy": 0.942, "key": 8, "loudness": -6.821, "mode": 1, "speechiness": 0.0518, "acousticness": 0.00107, "instrumentalness": 0.000406, "liveness": 0.152, "valence": 0.568, "tempo": 137.973, "duration_ms": 235000, "time_signature": 4}, {"uri": "spotify:track:4Kjssb0NSAWhcikMCYyV4e", "name": "Hey Baby", "artist": "No Doubt", "popularity": 35, "danceability": 0.597, "energy": 0.86, "key": 11, "loudness": -3.959, "mode": 0, "speechiness": 0.205, "acousticness": 0.0588, "instrumentalness": 0, "liveness": 0.266, "valence": 0.759, "tempo": 187.338, "duration_ms": 206760, "time_signature": 4}, {"uri": "spotify:track:2mHNLanyznatvwMwGCfU2i", "name": "Girlfriend", "artist": "*NSYNC", "popularity": 31, "danceability": 0.753, "energy": 0.81, "key": 0, "loudness": -6.069, "mode": 0, "speechiness": 0.0964, "acousticness": 0.0589, "instrumentalness": 2.34e-06, "liveness": 0.0387, "valence": 0.862, "tempo": 93.977, "duration_ms": 254347, "time_signature": 4}, {"uri": "spotify:track:2cxbxpHrND6i4uvUGVvC9J", "name": "Just a Friend 2002 - Radio Edit", "artist": "Mario", "popularity": 62, "danceability": 0.538, "energy": 0.677, "key": 0, "loudness": -6.099, "mode": 1, "speechiness": 0.187, "acousticness": 0.00541, "instrumentalness": 0, "liveness": 0.236, "valence": 0.913, "tempo": 132.346, "duration_ms": 214200, "time_signature": 5}, {"uri": "spotify:track:7F1BUnd7mjogQZHZ2FcME1", "name": "Soak Up The Sun", "artist": "Sheryl Crow", "popularity": 0, "danceability": 0.711, "energy": 0.715, "key": 4, "loudness": -5.774, "mode": 1, "speechiness": 0.0426, "acousticness": 0.0478, "instrumentalness": 0, "liveness": 0.143, "valence": 0.761, "tempo": 120.002, "duration_ms": 291413, "time_signature": 4}, {"uri": "spotify:track:0aWVhnjyPm8xxBqNBCsHHw", "name": "Don't Let Me Get Me - Radio Edit", "artist": "P!nk", "popularity": 36, "danceability": 0.595, "energy": 0.884, "key": 8, "loudness": -3.792, "mode": 1, "speechiness": 0.0937, "acousticness": 0.00137, "instrumentalness": 0, "liveness": 0.0748, "valence": 0.549, "tempo": 98.476, "duration_ms": 211480, "time_signature": 4}, {"uri": "spotify:track:3khOI72jIQ7MQO20UKPsg9", "name": "Nothin'", "artist": "N.O.R.E.", "popularity": 0, "danceability": 0.792, "energy": 0.832, "key": 0, "loudness": -7.423, "mode": 1, "speechiness": 0.153, "acousticness": 0.317, "instrumentalness": 2.34e-06, "liveness": 0.145, "valence": 0.754, "tempo": 97.006, "duration_ms": 263787, "time_signature": 4}, {"uri": "spotify:track:64afZKCOK6u3iVMOLaRGLI", "name": "Oops (Oh My) (feat. Missy Elliott) - 2012 Collection Remaster", "artist": "Tweet", "popularity": 0, "danceability": 0.707, "energy": 0.51, "key": 10, "loudness": -8.967, "mode": 0, "speechiness": 0.239, "acousticness": 0.426, "instrumentalness": 0.0531, "liveness": 0.114, "valence": 0.719, "tempo": 160.116, "duration_ms": 237867, "time_signature": 4}, {"uri": "spotify:track:5PtJgQvGfvb0Sjo6McDyAt", "name": "A Moment Like This", "artist": "Kelly Clarkson", "popularity": 28, "danceability": 0.412, "energy": 0.571, "key": 8, "loudness": -3.886, "mode": 1, "speechiness": 0.03, "acousticness": 0.154, "instrumentalness": 0, "liveness": 0.101, "valence": 0.177, "tempo": 145.543, "duration_ms": 228920, "time_signature": 4}, {"uri": "spotify:track:3WMqynA1mERIDvAItkiNdo", "name": "Addictive", "artist": "Truth Hurts", "popularity": 0, "danceability": 0.7, "energy": 0.673, "key": 11, "loudness": -6.67, "mode": 0, "speechiness": 0.17, "acousticness": 0.0892, "instrumentalness": 0.000145, "liveness": 0.179, "valence": 0.338, "tempo": 99.274, "duration_ms": 226147, "time_signature": 4}, {"uri": "spotify:track:2Nu0P68oruhup6YcAi8On3", "name": "Happy", "artist": "Ashanti", "popularity": 0, "danceability": 0.727, "energy": 0.515, "key": 2, "loudness": -6.553, "mode": 0, "speechiness": 0.0289, "acousticness": 0.24, "instrumentalness": 3.65e-06, "liveness": 0.13, "valence": 0.696, "tempo": 89.488, "duration_ms": 262227, "time_signature": 4}, {"uri": "spotify:track:6Vecwo7AHst9V2CE3kmwr0", "name": "No Such Thing", "artist": "John Mayer", "popularity": 64, "danceability": 0.668, "energy": 0.739, "key": 4, "loudness": -4.919, "mode": 1, "speechiness": 0.0308, "acousticness": 0.0383, "instrumentalness": 0, "liveness": 0.13, "valence": 0.571, "tempo": 131.918, "duration_ms": 231467, "time_signature": 4}, {"uri": "spotify:track:7uz2Rk1sow6wLj3PCXfDeb", "name": "Just Like a Pill", "artist": "P!nk", "popularity": 45, "danceability": 0.67, "energy": 0.813, "key": 9, "loudness": -3.509, "mode": 1, "speechiness": 0.0276, "acousticness": 7.81e-05, "instrumentalness": 0, "liveness": 0.0774, "valence": 0.24, "tempo": 102.051, "duration_ms": 237480, "time_signature": 4}, {"uri": "spotify:track:2J2JIGPDrPip1reebfz2BL", "name": "Down 4 U", "artist": "Charli Baltimore", "popularity": 35, "danceability": 0.651, "energy": 0.616, "key": 9, "loudness": -7.424, "mode": 0, "speechiness": 0.299, "acousticness": 0.228, "instrumentalness": 0, "liveness": 0.708, "valence": 0.518, "tempo": 83.083, "duration_ms": 318427, "time_signature": 4}, {"uri": "spotify:track:7MoKXLQeI0Bh2QodCjDO4K", "name": "Can't Get You out of My Head", "artist": "Kylie Minogue", "popularity": 48, "danceability": 0.766, "energy": 0.563, "key": 9, "loudness": -7.516, "mode": 0, "speechiness": 0.0339, "acousticness": 0.0263, "instrumentalness": 0.683, "liveness": 0.115, "valence": 0.964, "tempo": 126.007, "duration_ms": 230640, "time_signature": 4}, {"uri": "spotify:track:1GVj2x3lXqvK4TaYF41rxc", "name": "Superman (It's Not Easy)", "artist": "Five For Fighting", "popularity": 41, "danceability": 0.529, "energy": 0.471, "key": 0, "loudness": -7.586, "mode": 1, "speechiness": 0.0267, "acousticness": 0.0589, "instrumentalness": 0, "liveness": 0.0567, "valence": 0.17, "tempo": 107.464, "duration_ms": 220773, "time_signature": 4}, {"uri": "spotify:track:7wFmQutRb7XUDo2mlftXa2", "name": "Cleanin' Out My Closet", "artist": "Eminem", "popularity": 0, "danceability": 0.905, "energy": 0.767, "key": 9, "loudness": -4.798, "mode": 0, "speechiness": 0.189, "acousticness": 0.0772, "instrumentalness": 0, "liveness": 0.12, "valence": 0.871, "tempo": 147.983, "duration_ms": 298960, "time_signature": 4}, {"uri": "spotify:track:2SHBcf88T7crQvNsY6qbJe", "name": "Halfcrazy - Album Version (Edited)", "artist": "Musiq Soulchild", "popularity": 0, "danceability": 0.412, "energy": 0.769, "key": 11, "loudness": -6.057, "mode": 0, "speechiness": 0.182, "acousticness": 0.462, "instrumentalness": 1.16e-06, "liveness": 0.0485, "valence": 0.414, "tempo": 101.954, "duration_ms": 254493, "time_signature": 3}, {"uri": "spotify:track:2NL3vdMLaGf3eL470EgK7B", "name": "Lights, Camera, Action!", "artist": "Mr. Cheeks", "popularity": 0, "danceability": 0.792, "energy": 0.93, "key": 1, "loudness": -6.32, "mode": 1, "speechiness": 0.0693, "acousticness": 0.115, "instrumentalness": 0, "liveness": 0.292, "valence": 0.812, "tempo": 105.505, "duration_ms": 261027, "time_signature": 4}, {"uri": "spotify:track:3R9qiUjvIuLYm1KWzh6E0L", "name": "Still Fly", "artist": "Big Tymers", "popularity": 0, "danceability": 0.675, "energy": 0.607, "key": 11, "loudness": -3.538, "mode": 1, "speechiness": 0.161, "acousticness": 0.0302, "instrumentalness": 8.67e-06, "liveness": 0.339, "valence": 0.56, "tempo": 177.928, "duration_ms": 335613, "time_signature": 4}]