[{"uri": "spotify:track:02rXNLZXLnqR9ybPa5KXGe", "name": "English Country Garden Spring 1", "artist": "Nature Sounds", "popularity": 15, "danceability": 0.425, "energy": 0.0314, "key": 1, "loudness": -38.837, "mode": 1, "speechiness": 0.156, "acousticness": 0.0111, "instrumentalness": 0.872, "liveness": 0.12, "valence": 0.215, "tempo": 114.617, "duration_ms": 45000, "time_signature": 5}, {"uri": "spotify:track:1gT7DIomhJDMyyswnocgMi", "name": "English Country Garden Spring 2", "artist": "Nature Sounds", "popularity": 12, "danceability": 0.381, "energy": 0.0343, "key": 2, "loudness": -38.16, "mode": 1, "speechiness": 0.22, "acousticness": 0.0128, "instrumentalness": 0.397, "liveness": 0.185, "valence": 0.191, "tempo": 125.137, "duration_ms": 46000, "time_signature": 5}, {"uri": "spotify:track:7IkqiIBHaAqMkuOb2WBAmt", "name": "English Country Garden Spring 3", "artist": "Nature Sounds", "popularity": 13, "danceability": 0.4, "energy": 0.0393, "key": 2, "loudness": -37.786, "mode": 1, "speechiness": 0.315, "acousticness": 0.0277, "instrumentalness": 0.735, "liveness": 0.178, "valence": 0.197, "tempo": 123.207, "duration_ms": 44000, "time_signature": 5}, {"uri": "spotify:track:3nX4mKA6JAEjZyc8RDG5hm", "name": "English Country Garden Spring 4", "artist": "Nature Sounds", "popularity": 13, "danceability": 0.363, "energy": 0.0376, "key": 1, "loudness": -38.738, "mode": 1, "speechiness": 0.104, "acousticness": 0.0077, "instrumentalness": 0.844, "liveness": 0.149, "valence": 0.123, "tempo": 98.967, "duration_ms": 45000, "time_signature": 4}, {"uri": "spotify:track:4Otwn26YNemiwFt3NyLEeD", "name": "English Country Garden Spring 6", "artist": "Nature Sounds", "popularity": 13, "danceability": 0.389, "energy": 0.0313, "key": 1, "loudness": -37.521, "mode": 1, "speechiness": 0.196, "acousticness": 0.0124, "instrumentalness": 0.263, "liveness": 0.0987, "valence": 0.229, "tempo": 108.789, "duration_ms": 45000, "time_signature": 4}, {"uri": "spotify:track:60KDOdj9i2A1v3ABF7rcGL", "name": "Afternoon Forest Birds for Calm and Peaceful", "artist": "Sounds of Nature Relaxation", "popularity": 39, "danceability": 0.314, "energy": 0.821, "key": 1, "loudness": -22.514, "mode": 1, "speechiness": 0.252, "acousticness": 0.89, "instrumentalness": 0.861, "liveness": 0.355, "valence": 0.0341, "tempo": 107.206, "duration_ms": 300069, "time_signature": 5}, {"uri": "spotify:track:34YlgInYTX9UT7xn8avh6M", "name": "Ringing Copper Wind Chimes for Deep Relaxation and Complete Rest", "artist": "Sounds of Nature Relaxation", "popularity": 6, "danceability": 0.458, "energy": 0.175, "key": 7, "loudness": -17.573, "mode": 1, "speechiness": 0.0398, "acousticness": 0.962, "instrumentalness": 0.9, "liveness": 0.14, "valence": 0.291, "tempo": 70.409, "duration_ms": 300069, "time_signature": 3}, {"uri": "spotify:track:2Tcy6667yHLgHIUWaeGXJl", "name": "Gentle Wind Chimes for Relaxation and Restful Sleep", "artist": "Sounds of Nature Relaxation", "popularity": 14, "danceability": 0.346, "energy": 0.588, "key": 11, "loudness": -28.66, "mode": 0, "speechiness": 0.0497, "acousticness": 0.96, "instrumentalness": 0.883, "liveness": 0.15, "valence": 0.0335, "tempo": 131.135, "duration_ms": 300069, "time_signature": 4}, {"uri": "spotify:track:71XBDnvX1xIRqhnmd04xpU", "name": "Wind Sounds (Nature Moods)", "artist": "Robbins Island Music Group", "popularity": 7, "danceability": 0.161, "energy": 0.0898, "key": 4, "loudness": -39.25, "mode": 0, "speechiness": 0.0715, "acousticness": 0.969, "instrumentalness": 0.995, "liveness": 0.247, "valence": 1e-05, "tempo": 127.564, "duration_ms": 250000, "time_signature": 4}, {"uri": "spotify:track:1bpcVFaRNM4Y0bpVwREKfN", "name": "Birds Singing In The Woods In Spring (V\u00f6gelstimmen In Fr\u00fchjahr)", "artist": "Life Sounds Nature", "popularity": 29, "danceability": 0.278, "energy": 0.489, "key": 1, "loudness": -32.738, "mode": 1, "speechiness": 0.549, "acousticness": 0.0981, "instrumentalness": 0.47, "liveness": 0.259, "valence": 0.031, "tempo": 134.783, "duration_ms": 791040, "time_signature": 4}, {"uri": "spotify:track:4swXaHpMom9NZrKhhDvKEQ", "name": "Relaxing Wind - Natural Ambient Recording", "artist": "Harmonic Convergence", "popularity": 0, "danceability": 0.216, "energy": 0.996, "key": 9, "loudness": -17.281, "mode": 1, "speechiness": 0.0606, "acousticness": 0.369, "instrumentalness": 0.91, "liveness": 0.531, "valence": 0.0105, "tempo": 97.441, "duration_ms": 300984, "time_signature": 3}, {"uri": "spotify:track:54Hy1ueDArdKDflGYtyXoU", "name": "Steady Light Breeze Through the Trees with Birdsong", "artist": "Nature Sound Collection", "popularity": 1, "danceability": 0.241, "energy": 0.773, "key": 11, "loudness": -32.656, "mode": 1, "speechiness": 0.711, "acousticness": 0.841, "instrumentalness": 0.00826, "liveness": 0.459, "valence": 0.0225, "tempo": 82.448, "duration_ms": 300069, "time_signature": 4}, {"uri": "spotify:track:1YbjfXGLKLtothWKMJjQfB", "name": "Forest Ambience with Many Birds & Steady Light Breeze Through Trees", "artist": "Sound Ideas", "popularity": 9, "danceability": 0.354, "energy": 0.63, "key": 8, "loudness": -30.144, "mode": 0, "speechiness": 0.675, "acousticness": 0.853, "instrumentalness": 0, "liveness": 0.411, "valence": 0.0298, "tempo": 142.253, "duration_ms": 60012, "time_signature": 3}, {"uri": "spotify:track:1Q2FizQBM9Ohe4rJaqN7vJ", "name": "Australia Bush Ambience with Various Active Birds, Distant Creek & Gentle Breeze", "artist": "Sound Ideas", "popularity": 0, "danceability": 0.29, "energy": 0.801, "key": 0, "loudness": -30.5, "mode": 1, "speechiness": 0.139, "acousticness": 0.706, "instrumentalness": 0.896, "liveness": 0.805, "valence": 0.0153, "tempo": 125.109, "duration_ms": 180001, "time_signature": 3}, {"uri": "spotify:track:60KDOdj9i2A1v3ABF7rcGL", "name": "Afternoon Forest Birds for Calm and Peaceful", "artist": "Sounds of Nature Relaxation", "popularity": 39, "danceability": 0.314, "energy": 0.821, "key": 1, "loudness": -22.514, "mode": 1, "speechiness": 0.252, "acousticness": 0.89, "instrumentalness": 0.861, "liveness": 0.355, "valence": 0.0341, "tempo": 107.206, "duration_ms": 300069, "time_signature": 5}, {"uri": "spotify:track:0bgPj0CiU7P6ht6N5Fhhwg", "name": "An Afternoon on Condale Lake - Spring Day Ambience", "artist": "White Noise Research", "popularity": 29, "danceability": 0.0814, "energy": 0.000923, "key": 10, "loudness": -27.671, "mode": 1, "speechiness": 0.393, "acousticness": 0.708, "instrumentalness": 0.94, "liveness": 0.173, "valence": 0.0135, "tempo": 82.284, "duration_ms": 598332, "time_signature": 4}, {"uri": "spotify:track:0n4jHV3EiPltlDNdH7Wnge", "name": "Sounds from a Grove: Spring, Winds and the Blackbird", "artist": "Sounds of Nature for Deep Sleep and Relaxation", "popularity": 1, "danceability": 0.164, "energy": 0.985, "key": 1, "loudness": -17.188, "mode": 1, "speechiness": 0.0863, "acousticness": 0.636, "instrumentalness": 0.00246, "liveness": 0.365, "valence": 0.0236, "tempo": 87.651, "duration_ms": 295560, "time_signature": 4}, {"uri": "spotify:track:3crB13U2NAu4iJkhll8zYU", "name": "Early Morning Meadow Beside a Spring with Insect Flight and Birdsong", "artist": "Sounds of Nature White Noise for Mindfulness", "popularity": 2, "danceability": 0.161, "energy": 0.798, "key": 1, "loudness": -29.371, "mode": 1, "speechiness": 0.302, "acousticness": 0.841, "instrumentalness": 0.9, "liveness": 0.516, "valence": 0.0219, "tempo": 80.675, "duration_ms": 352261, "time_signature": 3}, {"uri": "spotify:track:4zheMvCKOVUhYCDftdSqfJ", "name": "Fountain 4", "artist": "Nature Sounds by Brice Salek", "popularity": 0, "danceability": 0.262, "energy": 0.979, "key": 5, "loudness": -28.82, "mode": 1, "speechiness": 0.112, "acousticness": 0.843, "instrumentalness": 0.861, "liveness": 0.552, "valence": 0.00505, "tempo": 83.675, "duration_ms": 1872000, "time_signature": 4}, {"uri": "spotify:track:1SdUQmIoiy5hOyoDGjxvy2", "name": "Water Fountain At Dusk", "artist": "White Noise Research", "popularity": 7, "danceability": 0.592, "energy": 0.995, "key": 1, "loudness": -13.817, "mode": 1, "speechiness": 0.161, "acousticness": 0.427, "instrumentalness": 0.875, "liveness": 0.408, "valence": 0.106, "tempo": 93.511, "duration_ms": 598501, "time_signature": 1}, {"uri": "spotify:track:4COj2uKPYtjdaJUSpB0X5t", "name": "Marble Fountain", "artist": "Tmsoft\u2019s White Noise Sleep Sounds", "popularity": 0, "danceability": 0.123, "energy": 0.998, "key": 10, "loudness": -28.078, "mode": 0, "speechiness": 0.0474, "acousticness": 0.236, "instrumentalness": 0.952, "liveness": 0.945, "valence": 1e-05, "tempo": 78.5, "duration_ms": 590000, "time_signature": 4}]