[{"uri": "spotify:track:0dEIca2nhcxDUV8C5QkPYb", "name": "Give Life Back to Music", "artist": "Daft Punk", "popularity": 64, "danceability": 0.788, "energy": 0.616, "key": 9, "loudness": -10.671, "mode": 0, "speechiness": 0.0337, "acousticness": 0.00286, "instrumentalness": 0.549, "liveness": 0.0952, "valence": 0.696, "tempo": 119.037, "duration_ms": 275387, "time_signature": 4}, {"uri": "spotify:track:3ctALmweZBapfBdFiIVpji", "name": "The Game of Love", "artist": "Daft Punk", "popularity": 61, "danceability": 0.712, "energy": 0.5, "key": 9, "loudness": -11.948, "mode": 0, "speechiness": 0.0338, "acousticness": 0.825, "instrumentalness": 0.314, "liveness": 0.106, "valence": 0.682, "tempo": 90.039, "duration_ms": 322147, "time_signature": 4}, {"uri": "spotify:track:0oks4FnzhNp5QPTZtoet7c", "name": "Giorgio by Moroder", "artist": "Daft Punk", "popularity": 68, "danceability": 0.74, "energy": 0.682, "key": 9, "loudness": -10.42, "mode": 0, "speechiness": 0.0504, "acousticness": 0.0692, "instrumentalness": 0.53, "liveness": 0.381, "valence": 0.41, "tempo": 113.201, "duration_ms": 544627, "time_signature": 4}, {"uri": "spotify:track:7Bxv0WL7UC6WwQpk9TzdMJ", "name": "Within", "artist": "Daft Punk", "popularity": 62, "danceability": 0.702, "energy": 0.297, "key": 10, "loudness": -14.116, "mode": 0, "speechiness": 0.0317, "acousticness": 0.894, "instrumentalness": 0.485, "liveness": 0.103, "valence": 0.0676, "tempo": 110.116, "duration_ms": 228507, "time_signature": 4}, {"uri": "spotify:track:2cGxRwrMyEAp8dEbuZaVv6", "name": "Instant Crush (feat. Julian Casablancas)", "artist": "Daft Punk", "popularity": 78, "danceability": 0.775, "energy": 0.585, "key": 10, "loudness": -9.516, "mode": 0, "speechiness": 0.0271, "acousticness": 0.0422, "instrumentalness": 0.619, "liveness": 0.077, "valence": 0.518, "tempo": 109.942, "duration_ms": 337560, "time_signature": 4}, {"uri": "spotify:track:5CMjjywI0eZMixPeqNd75R", "name": "Lose Yourself to Dance (feat. Pharrell Williams)", "artist": "Daft Punk", "popularity": 72, "danceability": 0.832, "energy": 0.659, "key": 10, "loudness": -7.828, "mode": 0, "speechiness": 0.057, "acousticness": 0.0839, "instrumentalness": 0.00114, "liveness": 0.0753, "valence": 0.674, "tempo": 100.163, "duration_ms": 353893, "time_signature": 4}, {"uri": "spotify:track:7oaEjLP2dTJLJsITbAxTOz", "name": "Touch (feat. Paul Williams)", "artist": "Daft Punk", "popularity": 62, "danceability": 0.29, "energy": 0.412, "key": 6, "loudness": -12.659, "mode": 0, "speechiness": 0.0458, "acousticness": 0.477, "instrumentalness": 0.0839, "liveness": 0.079, "valence": 0.12, "tempo": 90.539, "duration_ms": 498960, "time_signature": 4}, {"uri": "spotify:track:69kOkLUCkxIZYexIgSG8rq", "name": "Get Lucky (feat. Pharrell Williams & Nile Rodgers)", "artist": "Daft Punk", "popularity": 75, "danceability": 0.81, "energy": 0.793, "key": 6, "loudness": -9.404, "mode": 0, "speechiness": 0.0403, "acousticness": 0.0378, "instrumentalness": 1.77e-06, "liveness": 0.072, "valence": 0.863, "tempo": 116.05, "duration_ms": 369627, "time_signature": 4}, {"uri": "spotify:track:0k1xMUwn9sb7bZiqdT9ygx", "name": "Beyond", "artist": "Daft Punk", "popularity": 59, "danceability": 0.716, "energy": 0.648, "key": 8, "loudness": -11.33, "mode": 0, "speechiness": 0.0337, "acousticness": 0.367, "instrumentalness": 0.485, "liveness": 0.368, "valence": 0.789, "tempo": 104.022, "duration_ms": 290240, "time_signature": 4}, {"uri": "spotify:track:79koEJRtKOOGJ0VSAF3FMk", "name": "Motherboard", "artist": "Daft Punk", "popularity": 56, "danceability": 0.548, "energy": 0.707, "key": 4, "loudness": -14.902, "mode": 0, "speechiness": 0.0352, "acousticness": 0.512, "instrumentalness": 0.922, "liveness": 0.105, "valence": 0.284, "tempo": 103.009, "duration_ms": 341653, "time_signature": 4}, {"uri": "spotify:track:0IedgQjjJ8Ad4B3UDQ5Lyn", "name": "Fragments of Time (feat. Todd Edwards)", "artist": "Daft Punk", "popularity": 62, "danceability": 0.807, "energy": 0.51, "key": 0, "loudness": -9.729, "mode": 1, "speechiness": 0.0433, "acousticness": 0.041, "instrumentalness": 0.115, "liveness": 0.104, "valence": 0.961, "tempo": 130.118, "duration_ms": 279773, "time_signature": 4}, {"uri": "spotify:track:36c4JohayB9qd64eidQMBi", "name": "Doin' it Right (feat. Panda Bear)", "artist": "Daft Punk", "popularity": 64, "danceability": 0.804, "energy": 0.451, "key": 6, "loudness": -8.207, "mode": 1, "speechiness": 0.0949, "acousticness": 0.388, "instrumentalness": 2.17e-05, "liveness": 0.0924, "valence": 0.19, "tempo": 178.061, "duration_ms": 251293, "time_signature": 4}, {"uri": "spotify:track:2KHRENHQzTIQ001nlP9Gdc", "name": "Contact", "artist": "Daft Punk", "popularity": 57, "danceability": 0.4, "energy": 0.756, "key": 11, "loudness": -8.423, "mode": 0, "speechiness": 0.0492, "acousticness": 0.00282, "instrumentalness": 0.753, "liveness": 0.0695, "valence": 0.0924, "tempo": 123.828, "duration_ms": 383627, "time_signature": 4}, {"uri": "spotify:track:0Ohx3UwCug9Tl9MTlfTIOE", "name": "Fighting for life", "artist": "College", "popularity": 0, "danceability": 0.683, "energy": 0.522, "key": 8, "loudness": -13.682, "mode": 1, "speechiness": 0.0387, "acousticness": 0.894, "instrumentalness": 0.857, "liveness": 0.11, "valence": 0.267, "tempo": 129.965, "duration_ms": 109720, "time_signature": 4}, {"uri": "spotify:track:0EAQRC3mjDrY4tYBcjmmtf", "name": "The energy story", "artist": "College", "popularity": 0, "danceability": 0.56, "energy": 0.67, "key": 8, "loudness": -8.286, "mode": 0, "speechiness": 0.028, "acousticness": 0.781, "instrumentalness": 0.913, "liveness": 0.109, "valence": 0.76, "tempo": 140.002, "duration_ms": 208667, "time_signature": 4}, {"uri": "spotify:track:5UD9UWF7pOJa8ROioQB7aT", "name": "When you smile", "artist": "College", "popularity": 0, "danceability": 0.694, "energy": 0.715, "key": 11, "loudness": -4.805, "mode": 0, "speechiness": 0.0335, "acousticness": 0.284, "instrumentalness": 0.91, "liveness": 0.0907, "valence": 0.602, "tempo": 128.986, "duration_ms": 193307, "time_signature": 4}, {"uri": "spotify:track:1l3XSKd7cswKeKosbFDVMe", "name": "Secret diary", "artist": "College", "popularity": 0, "danceability": 0.563, "energy": 0.472, "key": 1, "loudness": -9.279, "mode": 1, "speechiness": 0.0341, "acousticness": 0.695, "instrumentalness": 0.919, "liveness": 0.108, "valence": 0.537, "tempo": 219.974, "duration_ms": 142360, "time_signature": 4}, {"uri": "spotify:track:2fp7yrQ0Kb3mgZc0cPvYqA", "name": "Desire", "artist": "College", "popularity": 0, "danceability": 0.479, "energy": 0.342, "key": 5, "loudness": -10.444, "mode": 0, "speechiness": 0.052, "acousticness": 0.551, "instrumentalness": 0.886, "liveness": 0.106, "valence": 0.31, "tempo": 215.934, "duration_ms": 223973, "time_signature": 4}, {"uri": "spotify:track:5g9fOkQM8ysv6zVHbUwp6v", "name": "Gate number 5", "artist": "College", "popularity": 0, "danceability": 0.792, "energy": 0.87, "key": 6, "loudness": -9.261, "mode": 1, "speechiness": 0.0402, "acousticness": 0.801, "instrumentalness": 0.951, "liveness": 0.0984, "valence": 0.346, "tempo": 106.963, "duration_ms": 146080, "time_signature": 4}, {"uri": "spotify:track:6Dt3DpHuFGMq6YDkDx1Fmk", "name": "Something wrong tonight", "artist": "College", "popularity": 0, "danceability": 0.561, "energy": 0.954, "key": 10, "loudness": -6.632, "mode": 0, "speechiness": 0.0546, "acousticness": 0.0743, "instrumentalness": 0.779, "liveness": 0.387, "valence": 0.757, "tempo": 113.027, "duration_ms": 146093, "time_signature": 4}, {"uri": "spotify:track:7mUTDEHA8cWJpi4w5zr8LP", "name": "Burning by the stars", "artist": "College", "popularity": 0, "danceability": 0.451, "energy": 0.302, "key": 5, "loudness": -15.42, "mode": 0, "speechiness": 0.0817, "acousticness": 0.976, "instrumentalness": 0.855, "liveness": 0.112, "valence": 0.0606, "tempo": 130.644, "duration_ms": 67973, "time_signature": 4}, {"uri": "spotify:track:4ouaSAeqPnkv5fnrF0dy2y", "name": "She never came back", "artist": "College", "popularity": 0, "danceability": 0.667, "energy": 0.658, "key": 11, "loudness": -8.357, "mode": 1, "speechiness": 0.0292, "acousticness": 0.153, "instrumentalness": 0.889, "liveness": 0.138, "valence": 0.625, "tempo": 129.984, "duration_ms": 204813, "time_signature": 4}, {"uri": "spotify:track:2ZZRrcMeYB6671HdEcwM2b", "name": "I think about it", "artist": "College", "popularity": 0, "danceability": 0.822, "energy": 0.593, "key": 4, "loudness": -6.744, "mode": 1, "speechiness": 0.0962, "acousticness": 0.95, "instrumentalness": 0.973, "liveness": 0.109, "valence": 0.789, "tempo": 123.0, "duration_ms": 92787, "time_signature": 3}, {"uri": "spotify:track:4CVfTZru0WqDbvOTAWsoHn", "name": "The golden messenger", "artist": "College", "popularity": 0, "danceability": 0.49, "energy": 0.311, "key": 3, "loudness": -17.739, "mode": 1, "speechiness": 0.0484, "acousticness": 0.916, "instrumentalness": 0.767, "liveness": 0.0994, "valence": 0.272, "tempo": 128.857, "duration_ms": 95133, "time_signature": 4}, {"uri": "spotify:track:14w0lNwDIaoi2WA5CeOHWF", "name": "Fantasy park", "artist": "College", "popularity": 0, "danceability": 0.637, "energy": 0.566, "key": 1, "loudness": -11.379, "mode": 0, "speechiness": 0.0363, "acousticness": 0.307, "instrumentalness": 0.972, "liveness": 0.111, "valence": 0.286, "tempo": 111.978, "duration_ms": 224627, "time_signature": 4}, {"uri": "spotify:track:3oZ4o2v0H4A5fmWet0fadW", "name": "I need a better engine", "artist": "College", "popularity": 0, "danceability": 0.799, "energy": 0.409, "key": 11, "loudness": -13.018, "mode": 0, "speechiness": 0.0701, "acousticness": 0.946, "instrumentalness": 0.96, "liveness": 0.122, "valence": 0.707, "tempo": 129.004, "duration_ms": 85133, "time_signature": 4}, {"uri": "spotify:track:2oOBdX3E3wtROU0HbKzOf7", "name": "End theme", "artist": "College", "popularity": 0, "danceability": 0.567, "energy": 0.705, "key": 11, "loudness": -9.2, "mode": 0, "speechiness": 0.0315, "acousticness": 0.0871, "instrumentalness": 0.965, "liveness": 0.187, "valence": 0.132, "tempo": 129.931, "duration_ms": 177720, "time_signature": 4}, {"uri": "spotify:track:2RJD6EyGDQVg1Ow2vfVrqp", "name": "Can you kiss me first", "artist": "College", "popularity": 43, "danceability": 0.402, "energy": 0.668, "key": 5, "loudness": -6.831, "mode": 1, "speechiness": 0.0375, "acousticness": 4.57e-05, "instrumentalness": 0.703, "liveness": 0.103, "valence": 0.037, "tempo": 129.018, "duration_ms": 222133, "time_signature": 4}, {"uri": "spotify:track:3hH0nFoo3ZcBzggdKXkgs0", "name": "Teenage color", "artist": "College", "popularity": 40, "danceability": 0.636, "energy": 0.863, "key": 11, "loudness": -5.828, "mode": 1, "speechiness": 0.167, "acousticness": 0.633, "instrumentalness": 0.774, "liveness": 0.12, "valence": 0.963, "tempo": 124.981, "duration_ms": 193893, "time_signature": 4}, {"uri": "spotify:track:719fqHefz9B9G10uUXSN0G", "name": "My secret romance", "artist": "College", "popularity": 28, "danceability": 0.616, "energy": 0.805, "key": 7, "loudness": -6.818, "mode": 1, "speechiness": 0.0314, "acousticness": 0.00771, "instrumentalness": 0.933, "liveness": 0.0802, "valence": 0.753, "tempo": 107.99, "duration_ms": 195587, "time_signature": 3}, {"uri": "spotify:track:276jkrLMmmBi4II9N5S8UN", "name": "The drone", "artist": "College", "popularity": 31, "danceability": 0.424, "energy": 0.846, "key": 9, "loudness": -8.103, "mode": 1, "speechiness": 0.0446, "acousticness": 2.77e-06, "instrumentalness": 0.819, "liveness": 0.103, "valence": 0.0724, "tempo": 128.947, "duration_ms": 342867, "time_signature": 4}, {"uri": "spotify:track:46A9awz7xtpDGNeNtaqWMh", "name": "The scarlett empress", "artist": "College", "popularity": 38, "danceability": 0.429, "energy": 0.839, "key": 6, "loudness": -9.123, "mode": 1, "speechiness": 0.0466, "acousticness": 0.916, "instrumentalness": 0.767, "liveness": 0.12, "valence": 0.808, "tempo": 109.997, "duration_ms": 86773, "time_signature": 3}, {"uri": "spotify:track:5OulqVddWLrYzYUsfMvAwq", "name": "The Wearing of the Horns (Weyhill On My Mind)", "artist": "The Memory Band", "popularity": 2, "danceability": 0.484, "energy": 0.361, "key": 3, "loudness": -17.898, "mode": 0, "speechiness": 0.0836, "acousticness": 0.817, "instrumentalness": 0.932, "liveness": 0.68, "valence": 0.551, "tempo": 67.426, "duration_ms": 187653, "time_signature": 3}, {"uri": "spotify:track:6hQTMhqRXHZ2QLxESjdV9r", "name": "I See Cuckoo", "artist": "The Memory Band", "popularity": 2, "danceability": 0.751, "energy": 0.386, "key": 0, "loudness": -16.314, "mode": 1, "speechiness": 0.0313, "acousticness": 0.901, "instrumentalness": 0.939, "liveness": 0.103, "valence": 0.671, "tempo": 111.792, "duration_ms": 216800, "time_signature": 4}, {"uri": "spotify:track:1iZSiRfWtCSgTr2MCuxgXQ", "name": "When I Was On Horseback", "artist": "The Memory Band", "popularity": 5, "danceability": 0.659, "energy": 0.325, "key": 5, "loudness": -13.37, "mode": 0, "speechiness": 0.0312, "acousticness": 0.472, "instrumentalness": 0.939, "liveness": 0.141, "valence": 0.297, "tempo": 123.14, "duration_ms": 202573, "time_signature": 3}, {"uri": "spotify:track:61DmfZfAxGmhGq08cuaomy", "name": "Follow the Sarsen Stones", "artist": "The Memory Band", "popularity": 1, "danceability": 0.743, "energy": 0.489, "key": 2, "loudness": -16.834, "mode": 0, "speechiness": 0.0336, "acousticness": 0.755, "instrumentalness": 0.909, "liveness": 0.112, "valence": 0.415, "tempo": 106.021, "duration_ms": 173960, "time_signature": 4}, {"uri": "spotify:track:7BCmtam7tustgimiSwYsPK", "name": "On Dancing Hill", "artist": "The Memory Band", "popularity": 1, "danceability": 0.698, "energy": 0.409, "key": 9, "loudness": -11.442, "mode": 0, "speechiness": 0.0347, "acousticness": 0.683, "instrumentalness": 0.926, "liveness": 0.113, "valence": 0.766, "tempo": 136.04, "duration_ms": 127053, "time_signature": 4}, {"uri": "spotify:track:1DMq6M5LaxMHzJDfiH8Qs5", "name": "What Blood Is This", "artist": "The Memory Band", "popularity": 1, "danceability": 0.684, "energy": 0.211, "key": 0, "loudness": -16.834, "mode": 1, "speechiness": 0.0358, "acousticness": 0.817, "instrumentalness": 0.938, "liveness": 0.129, "valence": 0.222, "tempo": 115.983, "duration_ms": 202533, "time_signature": 4}, {"uri": "spotify:track:2hH3fnjobQIq6FcYSDlRMl", "name": "Along the Sunken Lanes", "artist": "The Memory Band", "popularity": 1, "danceability": 0.648, "energy": 0.671, "key": 4, "loudness": -12.699, "mode": 1, "speechiness": 0.0408, "acousticness": 0.396, "instrumentalness": 0.572, "liveness": 0.584, "valence": 0.439, "tempo": 174.01, "duration_ms": 246453, "time_signature": 4}, {"uri": "spotify:track:0dA4uE6Tm4mBWsRh7T8q5o", "name": "As I Walked Over Salisbury Plain", "artist": "The Memory Band", "popularity": 1, "danceability": 0.774, "energy": 0.297, "key": 5, "loudness": -14.217, "mode": 1, "speechiness": 0.0393, "acousticness": 0.675, "instrumentalness": 0.872, "liveness": 0.152, "valence": 0.287, "tempo": 115.01, "duration_ms": 177880, "time_signature": 4}, {"uri": "spotify:track:0pIFFvMf7f5NmYsiy1EuiW", "name": "The Highest Song In the Sky (For Chris Yates)", "artist": "The Memory Band", "popularity": 1, "danceability": 0.65, "energy": 0.383, "key": 6, "loudness": -19.079, "mode": 1, "speechiness": 0.034, "acousticness": 0.773, "instrumentalness": 0.387, "liveness": 0.111, "valence": 0.472, "tempo": 112.47, "duration_ms": 165853, "time_signature": 3}, {"uri": "spotify:track:6gY2oQJb80CTIz92mW7UDB", "name": "Facing the Granite Country", "artist": "The Memory Band", "popularity": 0, "danceability": 0.764, "energy": 0.359, "key": 10, "loudness": -14.319, "mode": 0, "speechiness": 0.0706, "acousticness": 0.0942, "instrumentalness": 0.891, "liveness": 0.0986, "valence": 0.385, "tempo": 119.99, "duration_ms": 219600, "time_signature": 4}, {"uri": "spotify:track:0zoayQp1PK3TIhrJZjGWAX", "name": "Where the River Meets the Sea", "artist": "The Memory Band", "popularity": 3, "danceability": 0.275, "energy": 0.293, "key": 7, "loudness": -16.238, "mode": 1, "speechiness": 0.0338, "acousticness": 0.967, "instrumentalness": 0.929, "liveness": 0.4, "valence": 0.189, "tempo": 138.073, "duration_ms": 187533, "time_signature": 4}, {"uri": "spotify:track:2Ubo2lZJbhdAReX1xrcbSs", "name": "Love And Respect", "artist": "When Saints Go Machine", "popularity": 0, "danceability": 0.635, "energy": 0.813, "key": 0, "loudness": -6.711, "mode": 1, "speechiness": 0.085, "acousticness": 0.101, "instrumentalness": 0.0466, "liveness": 0.148, "valence": 0.483, "tempo": 100.006, "duration_ms": 204014, "time_signature": 4}, {"uri": "spotify:track:48iKT1gnuOJd0NIM3NnLtU", "name": "Infinity Killer", "artist": "When Saints Go Machine", "popularity": 0, "danceability": 0.29, "energy": 0.276, "key": 8, "loudness": -11.299, "mode": 0, "speechiness": 0.0315, "acousticness": 0.793, "instrumentalness": 0.346, "liveness": 0.215, "valence": 0.0565, "tempo": 108.529, "duration_ms": 246638, "time_signature": 1}, {"uri": "spotify:track:6AABV28lVv0FR6r2Y7tLPx", "name": "Iodine", "artist": "When Saints Go Machine", "popularity": 0, "danceability": 0.628, "energy": 0.781, "key": 0, "loudness": -7.214, "mode": 0, "speechiness": 0.0308, "acousticness": 0.00362, "instrumentalness": 0.0223, "liveness": 0.164, "valence": 0.559, "tempo": 99.987, "duration_ms": 233903, "time_signature": 4}, {"uri": "spotify:track:4rYKk1PCNHNCoWpHb0uXum", "name": "Yard Heads", "artist": "When Saints Go Machine", "popularity": 0, "danceability": 0.318, "energy": 0.31, "key": 4, "loudness": -13.151, "mode": 0, "speechiness": 0.0463, "acousticness": 0.73, "instrumentalness": 0.00934, "liveness": 0.121, "valence": 0.0799, "tempo": 78.02, "duration_ms": 177432, "time_signature": 1}, {"uri": "spotify:track:6rzfzIV9OGhb4sawb17nyS", "name": "System Of Unlimited Love", "artist": "When Saints Go Machine", "popularity": 0, "danceability": 0.283, "energy": 0.647, "key": 10, "loudness": -8.367, "mode": 0, "speechiness": 0.0695, "acousticness": 0.0373, "instrumentalness": 0.386, "liveness": 0.394, "valence": 0.0992, "tempo": 89.997, "duration_ms": 311825, "time_signature": 4}, {"uri": "spotify:track:0SnbZj1vLIkNsgMKaSeWxY", "name": "Mental Shopping Spree", "artist": "When Saints Go Machine", "popularity": 0, "danceability": 0.636, "energy": 0.576, "key": 9, "loudness": -10.411, "mode": 0, "speechiness": 0.042, "acousticness": 0.0556, "instrumentalness": 0.0858, "liveness": 0.129, "valence": 0.231, "tempo": 82.516, "duration_ms": 218988, "time_signature": 3}, {"uri": "spotify:track:3aiogw2fDBiS44nozu9CVa", "name": "Degeneration", "artist": "When Saints Go Machine", "popularity": 0, "danceability": 0.331, "energy": 0.129, "key": 9, "loudness": -17.749, "mode": 1, "speechiness": 0.0614, "acousticness": 0.836, "instrumentalness": 0.827, "liveness": 0.17, "valence": 0.425, "tempo": 90.985, "duration_ms": 265423, "time_signature": 4}, {"uri": "spotify:track:1QI6x8JtzwW8ipGBVh387U", "name": "Mannequin", "artist": "When Saints Go Machine", "popularity": 0, "danceability": 0.535, "energy": 0.541, "key": 5, "loudness": -8.16, "mode": 1, "speechiness": 0.0304, "acousticness": 0.459, "instrumentalness": 0.00262, "liveness": 0.104, "valence": 0.187, "tempo": 81.213, "duration_ms": 229151, "time_signature": 4}, {"uri": "spotify:track:2oILxNjIHSzSZFbzsJQClX", "name": "Order", "artist": "When Saints Go Machine", "popularity": 0, "danceability": 0.532, "energy": 0.522, "key": 0, "loudness": -10.738, "mode": 0, "speechiness": 0.0809, "acousticness": 0.578, "instrumentalness": 0.0204, "liveness": 0.204, "valence": 0.306, "tempo": 160.031, "duration_ms": 247083, "time_signature": 4}, {"uri": "spotify:track:5XEu11lMNGVixeMoIoZaOr", "name": "Webs", "artist": "When Saints Go Machine", "popularity": 0, "danceability": 0.43, "energy": 0.533, "key": 11, "loudness": -9.469, "mode": 0, "speechiness": 0.0311, "acousticness": 0.107, "instrumentalness": 0.42, "liveness": 0.0841, "valence": 0.288, "tempo": 79.905, "duration_ms": 178338, "time_signature": 4}, {"uri": "spotify:track:1udYX9T6KpUVbpmZrgx96D", "name": "Dead Boy", "artist": "When Saints Go Machine", "popularity": 0, "danceability": 0.194, "energy": 0.167, "key": 0, "loudness": -16.608, "mode": 1, "speechiness": 0.0327, "acousticness": 0.584, "instrumentalness": 0.017, "liveness": 0.349, "valence": 0.0781, "tempo": 56.275, "duration_ms": 143302, "time_signature": 3}, {"uri": "spotify:track:1ooq8WmY9K5sbhy6sjm72K", "name": "Slave To The Take In Your Heaven", "artist": "When Saints Go Machine", "popularity": 0, "danceability": 0.303, "energy": 0.579, "key": 4, "loudness": -8.096, "mode": 0, "speechiness": 0.0636, "acousticness": 0.226, "instrumentalness": 0.0734, "liveness": 0.313, "valence": 0.27, "tempo": 95.103, "duration_ms": 302187, "time_signature": 4}, {"uri": "spotify:track:1b0QTDxd8GGCy55NlLMhYw", "name": "Lilli's Theme", "artist": "Paul Dunlap", "popularity": 0, "danceability": 0.392, "energy": 0.536, "key": 1, "loudness": -8.308, "mode": 1, "speechiness": 0.0306, "acousticness": 0.143, "instrumentalness": 0.763, "liveness": 0.278, "valence": 0.417, "tempo": 89.305, "duration_ms": 136484, "time_signature": 4}]